index,utc_iso,celestial_body,observer_latitude_deg,observer_longitude_deg,observer_elevation_m,azimuth_deg,elevation_deg,range_km,unit_east,unit_north,unit_up
0,2026-07-27T18:00:00Z,moon,39.759062,-104.62011683333333,1672.4,19.28107192055223,-76.21709769480307,409917.49960768386,0.07866866856266023,0.22488058437723793,-0.9712054176932552
1,2026-07-27T18:01:30.023444Z,moon,39.759062,-104.62011683333333,1672.4,20.557109760075015,-76.1216131546461,409913.1558594409,0.0842252914426665,0.22458808486348625,-0.9708070315045876
2,2026-07-27T18:03:00.046887Z,moon,39.759062,-104.62011683333333,1672.4,21.816730676127463,-76.02045365184364,409908.6387425085,0.08977886358040545,0.22427322204291533,-0.970382026589889
3,2026-07-27T18:04:30.070331Z,moon,39.759062,-104.62011683333333,1672.4,23.059370305296788,-75.91374204792231,409903.9483514805,0.09532916991892136,0.22393600776622877,-0.9699304169827302
4,2026-07-27T18:06:00.093774Z,moon,39.759062,-104.62011683333333,1672.4,24.284534088993933,-75.80160419100689,409899.0847880159,0.10087599525911105,0.22357645473709079,-0.9694522177331265
5,2026-07-27T18:07:30.117218Z,moon,39.759062,-104.62011683333333,1672.4,25.49179586058461,-75.68416831289444,409894.0481600831,0.10641912476093125,0.2231945764815831,-0.9689474448670187
6,2026-07-27T18:09:00.140662Z,moon,39.759062,-104.62011683333333,1672.4,26.68079575402454,-75.56156446883304,409888.83858259703,0.11195834351920564,0.22279038737538298,-0.9684161154222716
7,2026-07-27T18:10:30.164105Z,moon,39.759062,-104.62011683333333,1672.4,27.851237845984162,-75.43392399363438,409883.4561770583,0.11749343675667774,0.22236390263237804,-0.967858247433581
8,2026-07-27T18:12:00.187549Z,moon,39.759062,-104.62011683333333,1672.4,29.002887457515765,-75.30137898810264,409877.90107154526,0.12302419001474084,0.22191513828896753,-0.9672738599121788
9,2026-07-27T18:13:30.210992Z,moon,39.759062,-104.62011683333333,1672.4,30.135568057135192,-75.16406185347036,409872.17340097605,0.12855038873205848,0.22144411123751467,-0.9666629728892402
10,2026-07-27T18:15:00.234436Z,moon,39.759062,-104.62011683333333,1672.4,31.24915814873904,-75.02210483907534,409866.2733067246,0.13407181874230725,0.2209508391858424,-0.9660256073635947
11,2026-07-27T18:16:30.257880Z,moon,39.759062,-104.62011683333333,1672.4,32.34358782059685,-74.875639648112,409860.20093689975,0.13958826585294495,0.2204353406926379,-0.9653617853477982
12,2026-07-27T18:18:00.281323Z,moon,39.759062,-104.62011683333333,1672.4,33.41883532706285,-74.7247970646106,409853.9564463829,0.14509951603620722,0.21989763515277694,-0.9646715298485151
13,2026-07-27T18:19:30.304767Z,moon,39.759062,-104.62011683333333,1672.4,34.474923621807534,-74.56970661536283,409847.53999643377,0.1506053556204651,0.21933774277736715,-0.9639548648415872
14,2026-07-27T18:21:00.328210Z,moon,39.759062,-104.62011683333333,1672.4,35.51191677159633,-74.41049628408373,409840.951755281,0.15610557086955804,0.2187556846359189,-0.9632118153256634
15,2026-07-27T18:22:30.351654Z,moon,39.759062,-104.62011683333333,1672.4,36.52991658369393,-74.24729223413324,409834.19189740147,0.1615999484792378,0.2181514826054817,-0.9624424072579812
16,2026-07-27T18:24:00.375098Z,moon,39.759062,-104.62011683333333,1672.4,37.52905912737211,-74.08021859000239,409827.26060418744,0.1670882751565854,0.21752515941531225,-0.9616466676105836
17,2026-07-27T18:25:30.398541Z,moon,39.759062,-104.62011683333333,1672.4,38.50951146881553,-73.9093972326452,409820.1580636674,0.17257033781175882,0.21687673862763057,-0.9608246243460759
18,2026-07-27T18:27:00.421985Z,moon,39.759062,-104.62011683333333,1672.4,39.47146852071534,-73.73494762352713,409812.88447017636,0.1780459237474466,0.21620624461407745,-0.9599763063882338
19,2026-07-27T18:28:30.445428Z,moon,39.759062,-104.62011683333333,1672.4,40.415149920606446,-73.55698667549066,409805.4400250335,0.18351482024038948,0.21551370260642758,-0.959101743685729
20,2026-07-27T18:30:00.468872Z,moon,39.759062,-104.62011683333333,1672.4,41.34079721987205,-73.37562862043237,409797.8249358069,0.18897681503523217,0.21479913863606076,-0.9582009671359897
21,2026-07-27T18:31:30.492316Z,moon,39.759062,-104.62011683333333,1672.4,42.24867107225129,-73.19098492985835,409790.0394169346,0.19443169592688284,0.21406257958647384,-0.9572740086515358
22,2026-07-27T18:33:00.515759Z,moon,39.759062,-104.62011683333333,1672.4,43.139048693364415,-73.00316423764946,409782.0836893701,0.19987925095050232,0.21330405317052206,-0.9563209011312538
23,2026-07-27T18:34:30.539203Z,moon,39.759062,-104.62011683333333,1672.4,44.01222148457698,-72.81227228191665,409773.9579805271,0.20531926857002875,0.21252358790346054,-0.9553416784263672
24,2026-07-27T18:36:00.562647Z,moon,39.759062,-104.62011683333333,1672.4,44.868492737319,-72.61841188367734,409765.66252446163,0.21075153732268287,0.2117212131523303,-0.95433637540305
25,2026-07-27T18:37:30.586090Z,moon,39.759062,-104.62011683333333,1672.4,45.708175594021334,-72.42168292292139,409757.1975619732,0.21617584600831713,0.2108969591112569,-0.953305027910906
26,2026-07-27T18:39:00.609534Z,moon,39.759062,-104.62011683333333,1672.4,46.53159116927997,-72.22218232841458,409748.5633399904,0.22159198387723236,0.21005085677180846,-0.9522476727463195
27,2026-07-27T18:40:30.632977Z,moon,39.759062,-104.62011683333333,1672.4,47.33906673779026,-72.02000410222742,409739.7601125083,0.22699974021625088,0.20918293798691953,-0.9511643477322492
28,2026-07-27T18:42:00.656421Z,moon,39.759062,-104.62011683333333,1672.4,48.13093421316031,-71.81523932232668,409730.78813955386,0.23239890483714087,0.2082932353947694,-0.9500550916232577
29,2026-07-27T18:43:30.679865Z,moon,39.759062,-104.62011683333333,1672.4,48.90752863655542,-71.60797618820888,409721.64768802555,0.23778926766364888,0.2073817824847499,-0.9489199441878294
30,2026-07-27T18:45:00.703308Z,moon,39.759062,-104.62011683333333,1672.4,49.66918689507783,-71.3983000526829,409712.3390313512,0.2431706189194627,0.20644861356842845,-0.9477589461724955
31,2026-07-27T18:46:30.726752Z,moon,39.759062,-104.62011683333333,1672.4,50.41624656812357,-71.18629346029348,409702.86244914855,0.24854274931430312,0.20549376374678474,-0.9465721392606419
32,2026-07-27T18:48:00.750195Z,moon,39.759062,-104.62011683333333,1672.4,51.149044813681286,-70.9720362152656,409693.21822797833,0.2539054496337847,0.20451726898198863,-0.9453595661622166
33,2026-07-27T18:49:30.773639Z,moon,39.759062,-104.62011683333333,1672.4,51.86791749477803,-70.75560541931792,409683.4066604468,0.259258511223588,0.20351916601168407,-0.9441212705071511
34,2026-07-27T18:51:00.797083Z,moon,39.759062,-104.62011683333333,1672.4,52.57319828942241,-70.53707554899708,409673.42804591055,0.26460172557992495,0.20249949242322282,-0.9428572969375923
35,2026-07-27T18:52:30.820526Z,moon,39.759062,-104.62011683333333,1672.4,53.26521798227014,-70.31651851268825,409663.2826902762,0.2699348845362201,0.20145828662113285,-0.9415676910674532
36,2026-07-27T18:54:00.843970Z,moon,39.759062,-104.62011683333333,1672.4,53.94430384517432,-70.09400370979675,409652.97090559744,0.27525778044736693,0.20039558779011096,-0.9402524994369571
37,2026-07-27T18:55:30.867413Z,moon,39.759062,-104.62011683333333,1672.4,54.61077902621146,-69.86959811643872,409642.4930107476,0.2805702057833214,0.19931143597563014,-0.938911769612053
38,2026-07-27T18:57:00.890857Z,moon,39.759062,-104.62011683333333,1672.4,55.26496212965965,-69.64336633555496,409631.8493306245,0.28587195360902473,0.19820587198807402,-0.9375455500663458
39,2026-07-27T18:58:30.914301Z,moon,39.759062,-104.62011683333333,1672.4,55.90716675388758,-69.41537068496486,409621.0401968868,0.29116281717845716,0.1970789374855323,-0.936153890283151
40,2026-07-27T19:00:00.937744Z,moon,39.759062,-104.62011683333333,1672.4,56.537701168449196,-69.18567126100714,409610.0659476384,0.2964425901199572,0.19593067493725788,-0.9347368407105829
41,2026-07-27T19:01:30.961188Z,moon,39.759062,-104.62011683333333,1672.4,57.15686804677699,-68.9543260018351,409598.9269270155,0.30171106661847097,0.19476112758336667,-0.9332944527116831
42,2026-07-27T19:03:00.984631Z,moon,39.759062,-104.62011683333333,1672.4,57.764964182471275,-68.72139077597281,409587.6234860222,0.306968041013168,0.19357033952320554,-0.9318267786737023
43,2026-07-27T19:04:31.008075Z,moon,39.759062,-104.62011683333333,1672.4,58.36228035659531,-68.48691943179202,409576.1559815459,0.31221330827274946,0.19235835561015635,-0.9303338718784465
44,2026-07-27T19:06:01.031519Z,moon,39.759062,-104.62011683333333,1672.4,58.94910114485011,-68.25096388471316,409564.52477721643,0.3174466635935903,0.19112522154251874,-0.9288157866141279
45,2026-07-27T19:07:31.054962Z,moon,39.759062,-104.62011683333333,1672.4,59.52570483128781,-68.01357417754987,409552.73024308897,0.3226679025831588,0.18987098382320164,-0.9272725781260841
46,2026-07-27T19:09:01.078406Z,moon,39.759062,-104.62011683333333,1672.4,60.09236335373124,-67.77479853929175,409540.77275509224,0.3278768214405797,0.18859568971581045,-0.9257043025624543
47,2026-07-27T19:10:31.101849Z,moon,39.759062,-104.62011683333333,1672.4,60.64934221613905,-67.53468346896915,409528.652696014,0.3330732165581881,0.18729938734133042,-0.9241110170932628
48,2026-07-27T19:12:01.125293Z,moon,39.759062,-104.62011683333333,1672.4,61.196900522642856,-67.29327377826452,409516.3704544967,0.3382568849920475,0.18598212556308585,-0.9224927797693125
49,2026-07-27T19:13:31.148737Z,moon,39.759062,-104.62011683333333,1672.4,61.73529094100119,-67.05061267237105,409503.9264258349,0.3434276240645634,0.18464395408592446,-0.9208496496436777
50,2026-07-27T19:15:01.172180Z,moon,39.759062,-104.62011683333333,1672.4,62.26475974942998,-66.80674180259336,409491.3210116154,0.34858523154587734,0.18328492341209435,-0.9191816867180992
51,2026-07-27T19:16:31.195624Z,moon,39.759062,-104.62011683333333,1672.4,62.78554689941731,-66.56170131696864,409478.5546192978,0.3537295058320618,0.18190508479391745,-0.9174889518843936
52,2026-07-27T19:18:01.219067Z,moon,39.759062,-104.62011683333333,1672.4,63.29788603617032,-66.31552993630217,409465.62766317197,0.35886024555190604,0.18050449033824165,-0.9157715070530188
53,2026-07-27T19:19:31.242511Z,moon,39.759062,-104.62011683333333,1672.4,63.80200461970631,-66.06826498764096,409452.5405632153,0.36397725003149073,0.17908319288224187,-0.9140294150007512
54,2026-07-27T19:21:01.265955Z,moon,39.759062,-104.62011683333333,1672.4,64.29812397103059,-65.81994247685671,409439.2937460634,0.36908031890181664,0.1776412461003913,-0.9122627395017476
55,2026-07-27T19:22:31.289398Z,moon,39.759062,-104.62011683333333,1672.4,64.78645938572038,-65.57059713216415,409425.8876445445,0.37416925227791115,0.1761787044569424,-0.9104715452696269
56,2026-07-27T19:24:01.312842Z,moon,39.759062,-104.62011683333333,1672.4,65.26722025402101,-65.32026244565073,409412.32269725186,0.3792438509348523,0.17469562315475354,-0.9086558978946188
57,2026-07-27T19:25:31.336285Z,moon,39.759062,-104.62011683333333,1672.4,65.74061013416262,-65.06897074080675,409398.5993496438,0.38430391592005797,0.17319205824781694,-0.9068158639814335
58,2026-07-27T19:27:01.359729Z,moon,39.759062,-104.62011683333333,1672.4,66.20682691162875,-64.81675319670525,409384.71805265994,0.38934924901095674,0.17166806650784827,-0.9049515109861196
59,2026-07-27T19:28:31.383173Z,moon,39.759062,-104.62011683333333,1672.4,66.66606288312849,-64.56363991219855,409370.67926387134,0.39437965232851013,0.17012370553894313,-0.9030629073563715
60,2026-07-27T19:30:01.406616Z,moon,39.759062,-104.62011683333333,1672.4,67.11850489716592,-64.3096599405963,409356.4834470152,0.39939492851420577,0.16855903372647413,-0.901150122469242
61,2026-07-27T19:31:31.430060Z,moon,39.759062,-104.62011683333333,1672.4,67.56433449556035,-64.05484132257524,409342.13107151876,0.4043948809029255,0.16697411018285996,-0.8992132265642843
62,2026-07-27T19:33:01.453504Z,moon,39.759062,-104.62011683333333,1672.4,68.00372801209366,-63.799211142899026,409327.6226132449,0.4093793131964716,0.16536899484917525,-0.8972522908688273
63,2026-07-27T19:34:31.476947Z,moon,39.759062,-104.62011683333333,1672.4,68.43685671751129,-63.542795560251335,409312.9585543554,0.41434802963835893,0.16374374844300618,-0.8952673875332683
64,2026-07-27T19:36:01.500391Z,moon,39.759062,-104.62011683333333,1672.4,68.8638869638507,-63.2856198354214,409298.13938250835,0.4193008351857449,0.16209843240101576,-0.893258589561651
65,2026-07-27T19:37:31.523834Z,moon,39.759062,-104.62011683333333,1672.4,69.28498028102665,-63.02770838655588,409283.16559196665,0.42423753513083734,0.16043310900402216,-0.8912259709643874
66,2026-07-27T19:39:01.547278Z,moon,39.759062,-104.62011683333333,1672.4,69.70029354431051,-62.769084800188345,409268.0376825957,0.42915793554825277,0.1587478412291749,-0.889169606577417
67,2026-07-27T19:40:31.570722Z,moon,39.759062,-104.62011683333333,1672.4,70.10997907004165,-62.509771883842255,409252.75616062246,0.43406184291731853,0.15704269287674708,-0.8870895722176204
68,2026-07-27T19:42:01.594165Z,moon,39.759062,-104.62011683333333,1672.4,70.51418475731153,-62.2497916886435,409237.3215383174,0.43894906429527436,0.15531772851367984,-0.8849859446136159
69,2026-07-27T19:43:31.617609Z,moon,39.759062,-104.62011683333333,1672.4,70.91305422685127,-61.98916553060417,409221.7343334393,0.4438194074857677,0.15357301341344165,-0.8828588013324083
70,2026-07-27T19:45:01.641052Z,moon,39.759062,-104.62011683333333,1672.4,71.30672691375045,-61.72791403956835,409205.9950704282,0.44867268066678034,0.15180861368831988,-0.8807082209411445
71,2026-07-27T19:46:31.664496Z,moon,39.759062,-104.62011683333333,1672.4,71.69533822476558,-61.46605716360226,409190.1042789752,0.4535086928303782,0.15002459613274283,-0.8785342828156959
72,2026-07-27T19:48:01.687940Z,moon,39.759062,-104.62011683333333,1672.4,72.07901962729947,-61.20361421570817,409174.062495193,0.45832725341204633,0.1482210283575831,-0.8763370673048073
73,2026-07-27T19:49:31.711383Z,moon,39.759062,-104.62011683333333,1672.4,72.45789878006929,-60.94060389049015,409157.8702611562,0.4631281724600541,0.14639797873052837,-0.8741166556572562
74,2026-07-27T19:51:01.734827Z,moon,39.759062,-104.62011683333333,1672.4,72.8320996603962,-60.677044279623765,409141.5281242502,0.4679112608019999,0.14455551631207092,-0.8718731299440494
75,2026-07-27T19:52:31.758270Z,moon,39.759062,-104.62011683333333,1672.4,73.20174264716701,-60.41295291561258,409125.0366385222,0.47267632967881673,0.14269371099580316,-0.8696065732293016
76,2026-07-27T19:54:01.781714Z,moon,39.759062,-104.62011683333333,1672.4,73.56694466376993,-60.14834677068446,409108.3963631181,0.47742319117679594,0.14081263334261707,-0.8673170693683379
77,2026-07-27T19:55:31.805158Z,moon,39.759062,-104.62011683333333,1672.4,73.92781925626359,-59.88324229869304,409091.60786351765,0.48215165786380215,0.13891235472252927,-0.8650047031806413
78,2026-07-27T19:57:01.828601Z,moon,39.759062,-104.62011683333333,1672.4,74.28447671016455,-59.61765544685668,409074.6717111489,0.48686154295573497,0.13699294725167072,-0.8626695603729518
79,2026-07-27T19:58:31.852045Z,moon,39.759062,-104.62011683333333,1672.4,74.63702416369897,-59.351601666530684,409057.58848257316,0.49155266047970614,0.13505448372497433,-0.8603117274576138
80,2026-07-27T20:00:01.875488Z,moon,39.759062,-104.62011683333333,1672.4,74.98556567897221,-59.08509595272216,409040.3587609261,0.49622482491507497,0.13309703776393525,-0.8579312919322087
81,2026-07-27T20:01:31.898932Z,moon,39.759062,-104.62011683333333,1672.4,75.33020236944184,-58.81815283849252,409022.9831342943,0.500877851617619,0.13112068364170645,-0.8555283420671989
82,2026-07-27T20:03:01.922376Z,moon,39.759062,-104.62011683333333,1672.4,75.67103246603637,-58.55078643298751,409005.462197119,0.5055115564624668,0.12912549643276633,-0.8531029670877285
83,2026-07-27T20:04:31.945819Z,moon,39.759062,-104.62011683333333,1672.4,76.00815141961412,-58.283010429180585,408987.796549574,0.5101257560075647,0.12711155194647536,-0.8506552570927126
84,2026-07-27T20:06:01.969263Z,moon,39.759062,-104.62011683333333,1672.4,76.34165200007064,-58.0148381108367,408969.9867969147,0.5147202676535789,0.12507892665622472,-0.8481853029693187
85,2026-07-27T20:07:31.992706Z,moon,39.759062,-104.62011683333333,1672.4,76.67162435556051,-57.74628238860338,408952.03355088783,0.5192949092924354,0.1230276978545961,-0.8456931965811003
86,2026-07-27T20:09:02.016150Z,moon,39.759062,-104.62011683333333,1672.4,76.99815612497335,-57.4773557908106,408933.93742800044,0.5238494997225759,0.12095794346999808,-0.843179030545658
87,2026-07-27T20:10:32.039594Z,moon,39.759062,-104.62011683333333,1672.4,77.32133249239625,-57.20807049837959,408915.69905114,0.5283838582993838,0.1188697422235422,-0.8406428984249883
88,2026-07-27T20:12:02.063037Z,moon,39.759062,-104.62011683333333,1672.4,77.64123627606578,-56.938438349329715,408897.3190486786,0.5328978050958053,0.11676317355902038,-0.838084894640453
89,2026-07-27T20:13:32.086481Z,moon,39.759062,-104.62011683333333,1672.4,77.95794801418775,-56.66847084270283,408878.79805400944,0.5373911610583045,0.11463831756924499,-0.8355051143836885
90,2026-07-27T20:15:02.109924Z,moon,39.759062,-104.62011683333333,1672.4,78.27154601307704,-56.39817917191916,408860.1367069369,0.5418637476632482,0.11249525515803067,-0.8329036538131341
91,2026-07-27T20:16:32.133368Z,moon,39.759062,-104.62011683333333,1672.4,78.58210644594408,-56.12757421265007,408841.33565195114,0.5463153873232822,0.11033406784870066,-0.8302806098216257
92,2026-07-27T20:18:02.156812Z,moon,39.759062,-104.62011683333333,1672.4,78.88970339674947,-55.85666655524432,408822.3955396769,0.5507459030454478,0.10815483794780968,-0.8276360802352307
93,2026-07-27T20:19:32.180255Z,moon,39.759062,-104.62011683333333,1672.4,79.19440893697465,-55.58546650665489,408803.317026241,0.5551551185884085,0.10595764847176542,-0.824970163724376
94,2026-07-27T20:21:02.203699Z,moon,39.759062,-104.62011683333333,1672.4,79.4962931995517,-55.313984091909745,408784.1007726389,0.5595428586146243,0.10374258307061314,-0.8222829597110787
95,2026-07-27T20:22:32.227142Z,moon,39.759062,-104.62011683333333,1672.4,79.79542441718631,-55.04222908526999,408764.74744611484,0.5639089483551535,0.10150972619635053,-0.8195745685735538
96,2026-07-27T20:24:02.250586Z,moon,39.759062,-104.62011683333333,1672.4,80.09186900903777,-54.7702109957757,408745.2577185244,0.5682532140063414,0.09925916290352581,-0.8168450914042114
97,2026-07-27T20:25:32.274030Z,moon,39.759062,-104.62011683333333,1672.4,80.38569161525845,-54.497939097687855,408725.63226771913,0.5725754823960305,0.09699097901968906,-0.8140946302167551
98,2026-07-27T20:27:02.297473Z,moon,39.759062,-104.62011683333333,1672.4,80.67695516306348,-54.22542243033178,408705.87177699694,0.576875581137357,0.09470526106922343,-0.8113232878533975
99,2026-07-27T20:28:32.320917Z,moon,39.759062,-104.62011683333333,1672.4,80.96572093040268,-53.95266979759748,408685.97693431017,0.5811533387772677,0.09240209619363102,-0.8085311678884477
100,2026-07-27T20:30:02.344361Z,moon,39.759062,-104.62011683333333,1672.4,81.25204857887019,-53.679689794338316,408665.94843362796,0.585408584516569,0.0900815723009963,-0.805718374809764
101,2026-07-27T20:31:32.367804Z,moon,39.759062,-104.62011683333333,1672.4,81.53599621410353,-53.40649080521292,408645.7869741395,0.5896411483609901,0.0877437779878315,-0.8028850139241328
102,2026-07-27T20:33:02.391248Z,moon,39.759062,-104.62011683333333,1672.4,81.81762044397976,-53.13308100314639,408625.49325976585,0.593850861268056,0.08538880245774759,-0.8000311912582033
103,2026-07-27T20:34:32.414691Z,moon,39.759062,-104.62011683333333,1672.4,82.09697640384877,-52.85946837792786,408605.0680004911,0.5980375548246577,0.08301673570071094,-0.7971570137764221
104,2026-07-27T20:36:02.438135Z,moon,39.759062,-104.62011683333333,1672.4,82.37411782721932,-52.58566071890812,408584.5119106689,0.6022010616281579,0.08062766828099406,-0.7942625891237037
105,2026-07-27T20:37:32.461579Z,moon,39.759062,-104.62011683333333,1672.4,82.6490970681116,-52.311665643044975,408563.82571047987,0.6063412149664986,0.07822169151811406,-0.7913480258451367
106,2026-07-27T20:39:02.485022Z,moon,39.759062,-104.62011683333333,1672.4,82.92196515310347,-52.03749059227895,408543.01012536476,0.6104578489655693,0.07579889740594767,-0.7884134332876203
107,2026-07-27T20:40:32.508466Z,moon,39.759062,-104.62011683333333,1672.4,83.19277183153982,-51.763142830648334,408522.06588515785,0.6145507987315884,0.0733593785281247,-0.7854589214977026
108,2026-07-27T20:42:02.531909Z,moon,39.759062,-104.62011683333333,1672.4,83.46156559421313,-51.488629471618275,408500.9937257968,0.6186199000382648,0.07090322824387917,-0.7824846014467273
109,2026-07-27T20:43:32.555353Z,moon,39.759062,-104.62011683333333,1672.4,83.72839373593118,-51.213957459481655,408479.7943873282,0.6226649896970503,0.0684305404682887,-0.7794905847646848
110,2026-07-27T20:45:02.578797Z,moon,39.759062,-104.62011683333333,1672.4,83.99330237175987,-50.93913359628246,408458.46861558966,0.6266859052463207,0.06594140985987788,-0.7764769839675167
111,2026-07-27T20:46:32.602240Z,moon,39.759062,-104.62011683333333,1672.4,84.25633648205387,-50.66416453802185,408437.017161462,0.6306824850948194,0.06343593173643389,-0.7734439123552228
112,2026-07-27T20:48:02.625684Z,moon,39.759062,-104.62011683333333,1672.4,84.51753995586851,-50.3890567906483,408415.44078026124,0.6346545686600207,0.06091420198783452,-0.7703914839061685
113,2026-07-27T20:49:32.649127Z,moon,39.759062,-104.62011683333333,1672.4,84.77695560418084,-50.11381673642958,408393.7402329812,0.6386019960642315,0.05837631726795122,-0.7673198135099932
114,2026-07-27T20:51:02.672571Z,moon,39.759062,-104.62011683333333,1672.4,85.03462521556634,-49.83845061427142,408371.9162848618,0.6425246084941997,0.05582237476764745,-0.7642290166924282
115,2026-07-27T20:52:32.696015Z,moon,39.759062,-104.62011683333333,1672.4,85.29058956736634,-49.562964545745004,408349.96970667614,0.6464222478995987,0.05325247240859387,-0.7611192098500745
116,2026-07-27T20:54:02.719458Z,moon,39.759062,-104.62011683333333,1672.4,85.54488846479536,-49.28736453033846,408327.9012741754,0.6502947571325197,0.05066670875606842,-0.7579905101449391
117,2026-07-27T20:55:32.742902Z,moon,39.759062,-104.62011683333333,1672.4,85.7975607786503,-49.0116564405803,408305.7117672177,0.6541419800811484,0.04806518292902482,-0.7548430353957793
118,2026-07-27T20:57:02.766345Z,moon,39.759062,-104.62011683333333,1672.4,86.04864445396026,-48.73584604759024,408283.4019714321,0.6579637613757885,0.04544799479830016,-0.7516769043179643
119,2026-07-27T20:58:32.789789Z,moon,39.759062,-104.62011683333333,1672.4,86.29817655985454,-48.45993900055249,408260.9726764652,0.6617599467370753,0.042815244752426,-0.7484922362398511
120,2026-07-27T21:00:02.813233Z,moon,39.759062,-104.62011683333333,1672.4,86.54619329656781,-48.183940851990734,408238.4246773312,0.6655303826844715,0.0401670338968931,-0.7452891513444877
121,2026-07-27T21:01:32.836676Z,moon,39.759062,-104.62011683333333,1672.4,86.7927300294829,-47.907857052322285,408215.7587738974,0.6692749166705992,0.03750346396498375,-0.7420677705615503
122,2026-07-27T21:03:02.860120Z,moon,39.759062,-104.62011683333333,1672.4,87.0378213221026,-47.6316929441815,408192.9757699397,0.6729933972115287,0.034824637224691014,-0.7388282154546172
123,2026-07-27T21:04:32.883563Z,moon,39.759062,-104.62011683333333,1672.4,87.28150094092419,-47.35545378735682,408170.07647503243,0.6766856736022585,0.03213065668278101,-0.7355706084684127
124,2026-07-27T21:06:02.907007Z,moon,39.759062,-104.62011683333333,1672.4,87.52380190039854,-47.07914473758843,408147.06170241575,0.6803515962531389,0.029421625843757217,-0.7322950726370592
125,2026-07-27T21:07:32.930451Z,moon,39.759062,-104.62011683333333,1672.4,87.76475646643313,-46.80277087123225,408123.93227066926,0.6839910164085266,0.026697648915097846,-0.7290017318325361
126,2026-07-27T21:09:02.953894Z,moon,39.759062,-104.62011683333333,1672.4,88.00439618627348,-46.52633717918946,408100.6890030944,0.6876037862768593,0.023958830715130646,-0.7256907106532996
127,2026-07-27T21:10:32.977338Z,moon,39.759062,-104.62011683333333,1672.4,88.24275191745228,-46.24984856067008,408077.33272668964,0.6911897591560338,0.021205276577426182,-0.7223621343087544
128,2026-07-27T21:12:03.000781Z,moon,39.759062,-104.62011683333333,1672.4,88.47985382951823,-45.97330984758471,408053.8642741364,0.6947487891592676,0.018437092560821444,-0.7190161288730839
129,2026-07-27T21:13:33.024225Z,moon,39.759062,-104.62011683333333,1672.4,88.71573144491707,-45.69672578277201,408030.2844815875,0.6982807315397878,0.015654385201032434,-0.715652820985313
130,2026-07-27T21:15:03.047669Z,moon,39.759062,-104.62011683333333,1672.4,88.95041363955626,-45.42010104421506,408006.5941904492,0.7017854424191953,0.012857261722112129,-0.7122723381049579
131,2026-07-27T21:16:33.071112Z,moon,39.759062,-104.62011683333333,1672.4,89.18392866918106,-45.14344023843204,407982.79424667155,0.705262778913519,0.010045829941653013,-0.7088748083970571
132,2026-07-27T21:18:03.094556Z,moon,39.759062,-104.62011683333333,1672.4,89.41630419499046,-44.86674789377637,407958.8854997526,0.708712599253762,0.007220198172240027,-0.7054603606137841
133,2026-07-27T21:19:33.117999Z,moon,39.759062,-104.62011683333333,1672.4,89.64756728274585,-44.59002848441078,407934.86880473257,0.7121347625219852,0.004380475437395663,-0.7020291243550356
134,2026-07-27T21:21:03.141443Z,moon,39.759062,-104.62011683333333,1672.4,89.87774444018802,-44.31328640806529,407910.7450199112,0.7155291289640002,0.0015267712164272207,-0.6985812297604852
135,2026-07-27T21:22:33.164887Z,moon,39.759062,-104.62011683333333,1672.4,90.10686161518846,-44.03652600985853,407886.51500874915,0.7188955597281578,-0.001340804338367113,-0.6951168077718053
136,2026-07-27T21:24:03.188330Z,moon,39.759062,-104.62011683333333,1672.4,90.3349442192208,-43.759751575275736,407862.1796390612,0.7222339169868258,-0.004222140499591117,-0.6916359900145946
137,2026-07-27T21:25:33.211774Z,moon,39.759062,-104.62011683333333,1672.4,90.56201715009588,-43.482967323103956,407837.7397820712,0.7255440640518657,-0.007117126065063253,-0.6881389086773659
138,2026-07-27T21:27:03.235218Z,moon,39.759062,-104.62011683333333,1672.4,90.78810479146877,-43.206177425937916,407813.19631415117,0.7288258651581241,-0.010025649169360268,-0.6846256967389149
139,2026-07-27T21:28:33.258661Z,moon,39.759062,-104.62011683333333,1672.4,91.01323103477787,-42.92938600298622,407788.5501157681,0.7320791855816308,-0.012947597383287508,-0.6810964878489217
140,2026-07-27T21:30:03.282105Z,moon,39.759062,-104.62011683333333,1672.4,91.23741930047098,-42.652597112778416,407763.8020708543,0.7353038917525331,-0.01588285781516661,-0.6775514162048533
141,2026-07-27T21:31:33.305548Z,moon,39.759062,-104.62011683333333,1672.4,91.46069253393934,-42.37581477657837,407738.95306860335,0.73849985100858,-0.018831316887401903,-0.6739906168223646
142,2026-07-27T21:33:03.328992Z,moon,39.759062,-104.62011683333333,1672.4,91.68307323841378,-42.09904295562721,407714.0040010949,0.7416669318872326,-0.021792860601132356,-0.6704142252158726
143,2026-07-27T21:34:33.352436Z,moon,39.759062,-104.62011683333333,1672.4,91.90458347012857,-41.82228557443145,407688.9557654513,0.7448050038821017,-0.024767374310891405,-0.6668223776703408
144,2026-07-27T21:36:03.375879Z,moon,39.759062,-104.62011683333333,1672.4,92.12524485801994,-41.54554651324049,407663.8092628059,0.7479139375567192,-0.02775474282644522,-0.6632152111185644
145,2026-07-27T21:37:33.399323Z,moon,39.759062,-104.62011683333333,1672.4,92.3450786228258,-41.26882960053522,407638.56539752043,0.750993604651803,-0.0307548505165541,-0.6595928630161154
146,2026-07-27T21:39:03.422766Z,moon,39.759062,-104.62011683333333,1672.4,92.56410557141729,-40.99213863613228,407613.22507897444,0.7540438778502596,-0.033767581080418364,-0.6559554716171823
147,2026-07-27T21:40:33.446210Z,moon,39.759062,-104.62011683333333,1672.4,92.78234612743739,-40.7154773681639,407587.7892194434,0.7570646310563903,-0.0367928178181599,-0.6523031756479891
148,2026-07-27T21:42:03.469654Z,moon,39.759062,-104.62011683333333,1672.4,92.99982032502231,-40.438849516126965,407562.2587359803,0.7600557391632874,-0.03983044340092922,-0.6486361145846216
149,2026-07-27T21:43:33.493097Z,moon,39.759062,-104.62011683333333,1672.4,93.21654782657758,-40.1622587631531,407536.63454946363,0.763017078161308,-0.04288033997456991,-0.644954428527974
150,2026-07-27T21:45:03.516541Z,moon,39.759062,-104.62011683333333,1672.4,93.4325479400945,-39.88570874820666,407510.91758382815,0.7659485252409942,-0.045942389265899414,-0.6412582580752365
151,2026-07-27T21:46:33.539984Z,moon,39.759062,-104.62011683333333,1672.4,93.64783961216094,-39.60920308899172,407485.1087679365,0.7688499585689833,-0.049016472349436464,-0.6375477446018373
152,2026-07-27T21:48:03.563428Z,moon,39.759062,-104.62011683333333,1672.4,93.86244145667536,-39.332745358753,407459.2090332968,0.7717212575536854,-0.05210246992330589,-0.6338230299284252
153,2026-07-27T21:49:33.586872Z,moon,39.759062,-104.62011683333333,1672.4,94.07637174733544,-39.05633910907864,407433.2193160697,0.7745623026243992,-0.05520026207457299,-0.6300842566038982
154,2026-07-27T21:51:03.610315Z,moon,39.759062,-104.62011683333333,1672.4,94.28964843384847,-38.77998786197637,407407.14055605914,0.7773729753346931,-0.05830972838549848,-0.6263315677777196
155,2026-07-27T21:52:33.633759Z,moon,39.759062,-104.62011683333333,1672.4,94.50228915771439,-38.50369510189489,407380.9736958992,0.7801531584600561,-0.06143074804181625,-0.6225651070689888
156,2026-07-27T21:54:03.657202Z,moon,39.759062,-104.62011683333333,1672.4,94.71431124410584,-38.22746429844187,407354.7196830832,0.7829027357852643,-0.06456319959458849,-0.6187850188539296
157,2026-07-27T21:55:33.680646Z,moon,39.759062,-104.62011683333333,1672.4,94.92573172897634,-37.95129888302046,407328.3794675011,0.7856215923565719,-0.06770696124169627,-0.614991447926343
158,2026-07-27T21:57:03.704090Z,moon,39.759062,-104.62011683333333,1672.4,95.1365673505608,-37.67520227142486,407301.9540035357,0.788309614272583,-0.07086191058924106,-0.6111845397856966
159,2026-07-27T21:58:33.727533Z,moon,39.759062,-104.62011683333333,1672.4,95.34683456416053,-37.39917785578811,407275.4442490454,0.7909666887822326,-0.07402792475885218,-0.6073644405073189
160,2026-07-27T22:00:03.750977Z,moon,39.759062,-104.62011683333333,1672.4,95.5565495567022,-37.12322899644402,407248.85116453876,0.7935927043771861,-0.07720488049889376,-0.6035312966089296
161,2026-07-27T22:01:33.774420Z,moon,39.759062,-104.62011683333333,1672.4,95.76572823764327,-36.847359044476434,407222.1757151691,0.7961875505909741,-0.08039265394137093,-0.599685255343341
162,2026-07-27T22:03:03.797864Z,moon,39.759062,-104.62011683333333,1672.4,95.97438626474596,-36.57157131821992,407195.41886837693,0.7987511182374698,-0.08359112088915639,-0.5958264643525714
163,2026-07-27T22:04:33.821308Z,moon,39.759062,-104.62011683333333,1672.4,96.1825390346717,-36.295869125697195,407168.5815958579,0.8012832992135405,-0.08680015657254839,-0.591955071961078
164,2026-07-27T22:06:03.844751Z,moon,39.759062,-104.62011683333333,1672.4,96.39020169665689,-36.020255756461694,407141.6648726853,0.8037839865915054,-0.0900196357590474,-0.5880712270438633
165,2026-07-27T22:07:33.868195Z,moon,39.759062,-104.62011683333333,1672.4,96.59738916595289,-35.744734473310764,407114.66967630904,0.806253074706463,-0.09324943286617299,-0.5841750788903199
166,2026-07-27T22:09:03.891638Z,moon,39.759062,-104.62011683333333,1672.4,96.80411611396538,-35.46930853469375,407087.5969886639,0.8086904589672521,-0.09648942171451198,-0.5802667775019815
167,2026-07-27T22:10:33.915082Z,moon,39.759062,-104.62011683333333,1672.4,97.01039699283793,-35.19398117112092,407060.4477938484,0.8110960360809034,-0.09973947581954686,-0.5763464732407823
168,2026-07-27T22:12:03.938526Z,moon,39.759062,-104.62011683333333,1672.4,97.2162460253408,-34.91875560747298,407033.22307992884,0.8134697038670722,-0.10299946814451136,-0.5724143171273459
169,2026-07-27T22:13:33.961969Z,moon,39.759062,-104.62011683333333,1672.4,97.42167721755625,-34.64363505470122,407005.9238382309,0.8158113613455841,-0.10626927121187534,-0.5684704607062374
170,2026-07-27T22:15:03.985413Z,moon,39.759062,-104.62011683333333,1672.4,97.62670437138877,-34.36862270148927,406978.5510622644,0.8181209088178172,-0.10954875721791799,-0.5645150559082712
171,2026-07-27T22:16:34.008856Z,moon,39.759062,-104.62011683333333,1672.4,97.83134107404541,-34.09372173649758,406951.1057499534,0.8203982476900877,-0.11283779778204728,-0.5605482553524996
172,2026-07-27T22:18:04.032300Z,moon,39.759062,-104.62011683333333,1672.4,98.0356007216316,-33.81893532471538,406923.5889009182,0.8226432806837112,-0.11613626424333552,-0.5565702119890562
173,2026-07-27T22:19:34.055744Z,moon,39.759062,-104.62011683333333,1672.4,98.23949650839556,-33.544266629645726,406896.0015188175,0.8248559116616043,-0.11944402740925315,-0.552581079402074
174,2026-07-27T22:21:04.079187Z,moon,39.759062,-104.62011683333333,1672.4,98.44304143860687,-33.26971880490166,406868.34461031883,0.82703604571056,-0.12276095766929998,-0.5485810116724392
175,2026-07-27T22:22:34.102631Z,moon,39.759062,-104.62011683333333,1672.4,98.64624833826427,-32.99529498583269,406840.61918405513,0.829183589216694,-0.12608692511105835,-0.5445701632386403
176,2026-07-27T22:24:04.126074Z,moon,39.759062,-104.62011683333333,1672.4,98.84912984401328,-32.720998311605264,406812.826252805,0.8312984497015313,-0.12942179926605657,-0.5405486892025243
177,2026-07-27T22:25:34.149518Z,moon,39.759062,-104.62011683333333,1672.4,99.05169842588496,-32.44683190153976,406784.9668310347,0.8333805360173159,-0.13276544941043955,-0.5365167449673266
178,2026-07-27T22:27:04.172962Z,moon,39.759062,-104.62011683333333,1672.4,99.25396637601406,-32.17279887716833,406757.04193694977,0.8354297581860444,-0.1361177443102624,-0.5324744865447484
179,2026-07-27T22:28:34.196405Z,moon,39.759062,-104.62011683333333,1672.4,99.45594581982598,-31.898902353751442,406729.05259152845,0.8374460274763043,-0.13947855233707354,-0.5284220704154126
180,2026-07-27T22:30:04.219849Z,moon,39.759062,-104.62011683333333,1672.4,99.6576487270355,-31.625145431872767,406700.9998175821,0.8394292564729147,-0.14284774158499688,-0.5243596533882021
181,2026-07-27T22:31:34.243293Z,moon,39.759062,-104.62011683333333,1672.4,99.8590869023346,-31.351531216358314,406672.8846416508,0.8413793589470017,-0.14622517965118512,-0.5202873928646659
182,2026-07-27T22:33:04.266736Z,moon,39.759062,-104.62011683333333,1672.4,100.06027199622984,-31.07806280777454,406644.708092872,0.8432962499292878,-0.14961073375270326,-0.5162054466984806
183,2026-07-27T22:34:34.290180Z,moon,39.759062,-104.62011683333333,1672.4,100.26121551566095,-30.804743293979357,406616.471202065,0.8451798457765279,-0.15300427084417276,-0.5121139730534674
184,2026-07-27T22:36:04.313623Z,moon,39.759062,-104.62011683333333,1672.4,100.46192881220293,-30.531575772025654,406588.17500401253,0.8470300640275356,-0.15640565735896236,-0.508013130715752
185,2026-07-27T22:37:34.337067Z,moon,39.759062,-104.62011683333333,1672.4,100.66242310368925,-30.258563324466596,406559.82053472206,0.848846823574939,-0.1598147595159019,-0.5039030787240844
186,2026-07-27T22:39:04.360511Z,moon,39.759062,-104.62011683333333,1672.4,100.86270946224089,-29.985709041227835,406531.4088336306,0.8506300445243882,-0.16323144305975318,-0.49978397668299435
187,2026-07-27T22:40:34.383954Z,moon,39.759062,-104.62011683333333,1672.4,101.06279882450681,-29.7130160110743,406502.9409427921,0.8523796482622034,-0.16665557337891157,-0.4956559846205316
188,2026-07-27T22:42:04.407398Z,moon,39.759062,-104.62011683333333,1672.4,101.26270200178436,-29.440487313141695,406474.4179056927,0.854095557515863,-0.1700870156247797,-0.4915192628448282
189,2026-07-27T22:43:34.430841Z,moon,39.759062,-104.62011683333333,1672.4,101.46242966784767,-29.168126038685475,406445.8407694,0.8557776962231235,-0.17352563445043426,-0.4873739722591038
190,2026-07-27T22:45:04.454285Z,moon,39.759062,-104.62011683333333,1672.4,101.66199237998332,-28.895935267443928,406417.2105822405,0.857425989688403,-0.17697129432027253,-0.4832202739884472
191,2026-07-27T22:46:34.477729Z,moon,39.759062,-104.62011683333333,1672.4,101.86140056664624,-28.62391808937417,406388.52839569445,0.8590403644550513,-0.1804238592476787,-0.47905832969598433
192,2026-07-27T22:48:04.501172Z,moon,39.759062,-104.62011683333333,1672.4,102.06066453727077,-28.352077596110888,406359.79526355764,0.8606207483669462,-0.18388319291471275,-0.47488830143919936
193,2026-07-27T22:49:34.524616Z,moon,39.759062,-104.62011683333333,1672.4,102.25979449189308,-28.080416872450137,406331.01224097173,0.8621670706235148,-0.18734915879203615,-0.47071035152456947
194,2026-07-27T22:51:04.548059Z,moon,39.759062,-104.62011683333333,1672.4,102.45880050866081,-27.80893901803699,406302.18038641324,0.8636792616612858,-0.1908216198753286,-0.4665246428264766
195,2026-07-27T22:52:34.571503Z,moon,39.759062,-104.62011683333333,1672.4,102.65769256438351,-27.537647123703564,406273.3007594616,0.8651572532955231,-0.19430043899795177,-0.46233133840931573
196,2026-07-27T22:54:04.594947Z,moon,39.759062,-104.62011683333333,1672.4,102.85648052188618,-27.2665442931337,406244.3744225774,0.8666009786050691,-0.1977854785664295,-0.4581306018473171
197,2026-07-27T22:55:34.618390Z,moon,39.759062,-104.62011683333333,1672.4,103.05517413936252,-26.995633634285177,406215.4024404366,0.8680103719884432,-0.20127660068063363,-0.45392259707898813
198,2026-07-27T22:57:04.641834Z,moon,39.759062,-104.62011683333333,1672.4,103.25378307968462,-26.724918250897606,406186.385878668,0.869385369212448,-0.20477366725584356,-0.4497074882609013
199,2026-07-27T22:58:34.665277Z,moon,39.759062,-104.62011683333333,1672.4,103.45231689752646,-26.45440126402448,406157.3258063448,0.8707259073074046,-0.20827653975579571,-0.4454854400887301
200,2026-07-27T23:00:04.688721Z,moon,39.759062,-104.62011683333333,1672.4,103.65078505958644,-26.18408578844966,406128.2232930539,0.8720319246928556,-0.2117850795091445,-0.4412566174164182
201,2026-07-27T23:01:34.712165Z,moon,39.759062,-104.62011683333333,1672.4,103.84919693158817,-25.913974954242683,406099.07941135217,0.8733033610757259,-0.21529914744184156,-0.43702118557875014
202,2026-07-27T23:03:04.735608Z,moon,39.759062,-104.62011683333333,1672.4,104.04756178732656,-25.644071898168832,406069.895235696,0.8745401575004154,-0.218818604199079,-0.4327793102442808
203,2026-07-27T23:04:34.759052Z,moon,39.759062,-104.62011683333333,1672.4,104.2458888176222,-25.374379755178527,406040.67184132565,0.8757422563916617,-0.22234331026797197,-0.42853115726761515
204,2026-07-27T23:06:04.782495Z,moon,39.759062,-104.62011683333333,1672.4,104.44418711718373,-25.104901679861616,406011.4103066477,0.8769096014626399,-0.2258731257088429,-0.42427689301345595
205,2026-07-27T23:07:34.805939Z,moon,39.759062,-104.62011683333333,1672.4,104.64246570447682,-24.835640822922176,405982.1117104334,0.8780421378251764,-0.2294079104738421,-0.420016683972696
206,2026-07-27T23:09:04.829383Z,moon,39.759062,-104.62011683333333,1672.4,104.84073350847332,-24.566600352589614,405952.7771342723,0.8791398119013198,-0.2329475241377166,-0.415750697086872
207,2026-07-27T23:10:34.852826Z,moon,39.759062,-104.62011683333333,1672.4,105.03899937738737,-24.297783446057437,405923.4076612864,0.880202571467304,-0.23649182602053703,-0.4114790996002322
208,2026-07-27T23:12:04.876270Z,moon,39.759062,-104.62011683333333,1672.4,105.23727208735947,-24.029193281002318,405894.0043752824,0.8812303656901923,-0.24004067531137585,-0.4072020589112837
209,2026-07-27T23:13:34.899713Z,moon,39.759062,-104.62011683333333,1672.4,105.43556032903346,-23.76083305688253,405864.5683630014,0.8822231450496829,-0.24359393079754654,-0.4029197428983177
210,2026-07-27T23:15:04.923157Z,moon,39.759062,-104.62011683333333,1672.4,105.63387272718852,-23.492705971509288,405835.100711398,0.8831808614322819,-0.24715145118591783,-0.39863231953321004
211,2026-07-27T23:16:34.946601Z,moon,39.759062,-104.62011683333333,1672.4,105.83221782719902,-23.224815242354268,405805.6025098905,0.8841034680562987,-0.2507130948314057,-0.39433995720809706
212,2026-07-27T23:18:04.970044Z,moon,39.759062,-104.62011683333333,1672.4,106.03060410353265,-22.957164097989594,405776.0748493834,0.8849909195097714,-0.25427871986087436,-0.3900428245861785
213,2026-07-27T23:19:34.993488Z,moon,39.759062,-104.62011683333333,1672.4,106.22903996820926,-22.689755769603853,405746.5188211418,0.8858431717810917,-0.2578481842978291,-0.38574109045203886
214,2026-07-27T23:21:05.016931Z,moon,39.759062,-104.62011683333333,1672.4,106.42753375709897,-22.422593512235256,405716.9355192204,0.8866601821940163,-0.2614213457895645,-0.38143492403979823
215,2026-07-27T23:22:35.040375Z,moon,39.759062,-104.62011683333333,1672.4,106.62609374935126,-22.155680581378096,405687.3260375974,0.8874419094862392,-0.2649980619307369,-0.3771244946438387
216,2026-07-27T23:24:05.063819Z,moon,39.759062,-104.62011683333333,1672.4,106.82472815362644,-21.889020254196797,405657.6914725643,0.8881883137476227,-0.2685781899905521,-0.3728099719475773
217,2026-07-27T23:25:35.087262Z,moon,39.759062,-104.62011683333333,1672.4,107.02344511634487,-21.622615821000128,405628.0329217036,0.8888993564520695,-0.27216158703693555,-0.3684915258735719
218,2026-07-27T23:27:05.110706Z,moon,39.759062,-104.62011683333333,1672.4,107.22225272995377,-21.356470576749896,405598.3514826977,0.8895750004821481,-0.27574811006210787,-0.3641693264325837
219,2026-07-27T23:28:35.134150Z,moon,39.759062,-104.62011683333333,1672.4,107.42115902123537,-21.090587839244442,405568.6482554579,0.8902152100842167,-0.27933761574890387,-0.359843544005491
220,2026-07-27T23:30:05.157593Z,moon,39.759062,-104.62011683333333,1672.4,107.62017195943257,-20.824970940583732,405538.9243410192,0.8908199508968032,-0.28292996059526365,-0.3555143491925179
221,2026-07-27T23:31:35.181037Z,moon,39.759062,-104.62011683333333,1672.4,107.81929946443597,-20.559623218722567,405509.1808404143,0.8913891899712173,-0.2865250010405118,-0.3511819126623577
222,2026-07-27T23:33:05.204480Z,moon,39.759062,-104.62011683333333,1672.4,108.01854939268019,-20.29454803851888,405479.41885709943,0.891922895728292,-0.2901225931902126,-0.34684640548266443
223,2026-07-27T23:34:35.227924Z,moon,39.759062,-104.62011683333333,1672.4,108.21792955631857,-20.029748768494205,405449.6394942064,0.8924210380113453,-0.29372259314222104,-0.34250799872785753
224,2026-07-27T23:36:05.251368Z,moon,39.759062,-104.62011683333333,1672.4,108.4174477090919,-19.7652288018594,405419.84385670663,0.8928835880460285,-0.2973248567121774,-0.33816686381006233
225,2026-07-27T23:37:35.274811Z,moon,39.759062,-104.62011683333333,1672.4,108.61711155429899,-19.50099154802605,405390.0330506031,0.8933105184623669,-0.3009292395587689,-0.33382317232792347
226,2026-07-27T23:39:05.298255Z,moon,39.759062,-104.62011683333333,1672.4,108.81692875277739,-19.23704042419273,405360.20818162337,0.8937018033094217,-0.30453559730968466,-0.3294770959152112
227,2026-07-27T23:40:35.321698Z,moon,39.759062,-104.62011683333333,1672.4,109.0169069086464,-18.973378876233923,405330.3703577136,0.8940574180254492,-0.3081437852868732,-0.32512880657171
228,2026-07-27T23:42:05.345142Z,moon,39.759062,-104.62011683333333,1672.4,109.21705358830565,-18.710010355625446,405300.5206862236,0.8943773394747917,-0.3117536588325744,-0.3207784762706127
229,2026-07-27T23:43:35.368586Z,moon,39.759062,-104.62011683333333,1672.4,109.4173763061043,-18.446938340304257,405270.6602762956,0.8946615459214285,-0.31536507303452904,-0.31642627728968054
230,2026-07-27T23:45:05.392029Z,moon,39.759062,-104.62011683333333,1672.4,109.61788253217533,-18.184166326229892,405240.79023762944,0.8949100170446919,-0.3189778828517893,-0.31207238205977106
231,2026-07-27T23:46:35.415473Z,moon,39.759062,-104.62011683333333,1672.4,109.81857970016684,-17.921697710465445,405210.91167969245,0.8951227344967819,-0.32259194343681996,-0.3077169612105567
232,2026-07-27T23:48:05.438916Z,moon,39.759062,-104.62011683333333,1672.4,110.01947519317442,-17.65953624664037,405181.02571373584,0.895299679679439,-0.3262071090742456,-0.3033601911182766
233,2026-07-27T23:49:35.462360Z,moon,39.759062,-104.62011683333333,1672.4,110.2205763620458,-17.397685369145325,405151.1334503641,0.8954408370920496,-0.32982323468944974,-0.29900224267867576
234,2026-07-27T23:51:05.485804Z,moon,39.759062,-104.62011683333333,1672.4,110.42189051124937,-17.136148649626946,405121.23600161856,0.8955461920893109,-0.33344017478382426,-0.29464328886717867
235,2026-07-27T23:52:35.509247Z,moon,39.759062,-104.62011683333333,1672.4,110.62342490644434,-16.874929679531355,405091.33447997866,0.8956157314510456,-0.33705778375813833,-0.2902835027786812
236,2026-07-27T23:54:05.532691Z,moon,39.759062,-104.62011683333333,1672.4,110.82518678224902,-16.614032061739046,405061.4299973696,0.8956494433843681,-0.3406759160395731,-0.28592305747502966
237,2026-07-27T23:55:35.556134Z,moon,39.759062,-104.62011683333333,1672.4,111.0271833275048,-16.353459431213434,405031.5236674278,0.8956473175211572,-0.3442944258056926,-0.28156212631723676
238,2026-07-27T23:57:05.579578Z,moon,39.759062,-104.62011683333333,1672.4,111.22942170417437,-16.0932154321747,405001.61660274403,0.8956093449224931,-0.34791316731208716,-0.2772008825714201
239,2026-07-27T23:58:35.603022Z,moon,39.759062,-104.62011683333333,1672.4,111.43190903253141,-15.8333037386901,404971.70991725754,0.8955355180796892,-0.35153199461642215,-0.27283949974067573
240,2026-07-28T00:00:05.626465Z,moon,39.759062,-104.62011683333333,1672.4,111.6346523987929,-15.57372804632371,404941.8047250833,0.8954258309173693,-0.35515076170516613,-0.2684781514130691
241,2026-07-28T00:01:35.649909Z,moon,39.759062,-104.62011683333333,1672.4,111.83765886272687,-15.314492063848707,404911.9021395181,0.8952802787896255,-0.3587693226196025,-0.26411701110954966
242,2026-07-28T00:03:05.673352Z,moon,39.759062,-104.62011683333333,1672.4,112.04093544273914,-15.055599533726465,404882.00327544735,0.895098858490981,-0.3623875311806622,-0.2597562526156541
243,2026-07-28T00:04:35.696796Z,moon,39.759062,-104.62011683333333,1672.4,112.24448913471295,-14.797054209435853,404852.1092464115,0.894881568244771,-0.3660052413160643,-0.2553960495875936
244,2026-07-28T00:06:05.720240Z,moon,39.759062,-104.62011683333333,1672.4,112.4483268969976,-14.53885987592539,404822.2211670817,0.8946284077176588,-0.36962230678486335,-0.2510365758840787
245,2026-07-28T00:07:35.743683Z,moon,39.759062,-104.62011683333333,1672.4,112.65245565793036,-14.281020341302163,404792.34015207307,0.8943393780166267,-0.3732385813039205,-0.24667800541408227
246,2026-07-28T00:09:05.767127Z,moon,39.759062,-104.62011683333333,1672.4,112.8568823233892,-14.023539428583849,404762.46731503855,0.894014481678772,-0.3768539186742478,-0.2423205119846444
247,2026-07-28T00:10:35.790570Z,moon,39.759062,-104.62011683333333,1672.4,113.06161376161712,-13.76642099607536,404732.60377085215,0.893653722695933,-0.38046817250559756,-0.23796426963296682
248,2026-07-28T00:12:05.814014Z,moon,39.759062,-104.62011683333333,1672.4,113.2666568220928,-13.50966891477951,404702.75063300325,0.893257106486939,-0.3840811965439267,-0.23360945223163987
249,2026-07-28T00:13:35.837458Z,moon,39.759062,-104.62011683333333,1672.4,113.47201832026857,-13.253287088767992,404672.9090157036,0.8928246399256298,-0.38769284439592755,-0.2292562338211649
250,2026-07-28T00:15:05.860901Z,moon,39.759062,-104.62011683333333,1672.4,113.67770504501856,-12.997279446879231,404643.0800330334,0.8923563313317432,-0.3913029696555273,-0.22490478845706605
251,2026-07-28T00:16:35.884345Z,moon,39.759062,-104.62011683333333,1672.4,113.88372376613351,-12.741649934538271,404613.2647978184,0.8918521904543389,-0.39491142603014495,-0.22055529005815006
252,2026-07-28T00:18:05.907788Z,moon,39.759062,-104.62011683333333,1672.4,114.09008121889498,-12.486402533983316,404583.4644239169,0.8913122285101468,-0.3985180670656757,-0.21620791273797907
253,2026-07-28T00:19:35.931232Z,moon,39.759062,-104.62011683333333,1672.4,114.29678412298507,-12.231541241834355,404553.68002345687,0.8907364581394714,-0.402122746473619,-0.21186283041077095
254,2026-07-28T00:21:05.954676Z,moon,39.759062,-104.62011683333333,1672.4,114.50383916695986,-11.977070089299438,404523.91270926344,0.8901248934480823,-0.40572531785588845,-0.20752021712300306
255,2026-07-28T00:22:35.978119Z,moon,39.759062,-104.62011683333333,1672.4,114.71125301566751,-11.722993133943172,404494.1635936577,0.8894775499915311,-0.4093256348316185,-0.2031802469010111
256,2026-07-28T00:24:06.001563Z,moon,39.759062,-104.62011683333333,1672.4,114.91903231765941,-11.46931445154401,404464.43378747837,0.8887944447525918,-0.4129235511626807,-0.19884309359928243
257,2026-07-28T00:25:36.025007Z,moon,39.759062,-104.62011683333333,1672.4,115.12718369184503,-11.216038153360042,404434.7244021489,0.8880755961849237,-0.4165189205196366,-0.19450893118298898
258,2026-07-28T00:27:06.048450Z,moon,39.759062,-104.62011683333333,1672.4,115.3357137348722,-10.963168377927714,404405.0365483881,0.887321024193665,-0.4201115966082991,-0.19017793357572052
259,2026-07-28T00:28:36.071894Z,moon,39.759062,-104.62011683333333,1672.4,115.54462902849818,-10.710709282979044,404375.3713353823,0.8865307501091377,-0.4237014332947796,-0.1858502745084846
260,2026-07-28T00:30:06.095337Z,moon,39.759062,-104.62011683333333,1672.4,115.75393612379578,-10.458665065386295,404345.72987296194,0.8857047967468202,-0.4272882843324866,-0.18152612784906175
261,2026-07-28T00:31:36.118781Z,moon,39.759062,-104.62011683333333,1672.4,115.96364156010931,-10.207039939026954,404316.11326894327,0.8848431883374804,-0.4308720036870994,-0.17720566721024023
262,2026-07-28T00:33:06.142225Z,moon,39.759062,-104.62011683333333,1672.4,116.17375184915926,-9.955838154717682,404286.52263138304,0.8839459505906339,-0.43445244526352916,-0.1728890662793948
263,2026-07-28T00:34:36.165668Z,moon,39.759062,-104.62011683333333,1672.4,116.38427348236196,-9.705063992041318,404256.9590675436,0.8830131106690425,-0.43802946303193363,-0.16857649866614546
264,2026-07-28T00:36:06.189112Z,moon,39.759062,-104.62011683333333,1672.4,116.59521293816688,-9.454721751382642,404227.42368284246,0.8820446971559981,-0.44160291115227396,-0.16426813775294433
265,2026-07-28T00:37:36.212555Z,moon,39.759062,-104.62011683333333,1672.4,116.80657666601549,-9.204815773633435,404197.9175831294,0.8810407401288906,-0.44517264370292237,-0.15996415702177688
266,2026-07-28T00:39:06.235999Z,moon,39.759062,-104.62011683333333,1672.4,117.01837110533155,-8.955350418305361,404168.4418720915,0.8800012710733216,-0.44873851500353795,-0.1556647296652581
267,2026-07-28T00:40:36.259443Z,moon,39.759062,-104.62011683333333,1672.4,117.23060266940699,-8.706330083216828,404138.99765332084,0.8789263229599281,-0.4523003793441918,-0.1513700289133888
268,2026-07-28T00:42:06.282886Z,moon,39.759062,-104.62011683333333,1672.4,117.4432777526376,-8.457759196458747,404109.586029423,0.8778159302127624,-0.4558580911100992,-0.14708022788314987
269,2026-07-28T00:43:36.306330Z,moon,39.759062,-104.62011683333333,1672.4,117.6564027378674,-8.209642208415078,404080.20810095425,0.8766701286702681,-0.4594115049062505,-0.14279549942848224
270,2026-07-28T00:45:06.329773Z,moon,39.759062,-104.62011683333333,1672.4,117.86998398003162,-7.961983611356007,404050.864968739,0.8754889556724679,-0.46296047528684503,-0.1385160164663648
271,2026-07-28T00:46:36.353217Z,moon,39.759062,-104.62011683333333,1672.4,118.08402782527483,-7.714787917683444,404021.55773103883,0.8742724499588467,-0.4665048570770974,-0.13424195158903557
272,2026-07-28T00:48:06.376661Z,moon,39.759062,-104.62011683333333,1672.4,118.29854059454195,-7.468059679461409,403992.28748595755,0.8730206517586894,-0.4700445051036773,-0.12997347738932166
273,2026-07-28T00:49:36.400104Z,moon,39.759062,-104.62011683333333,1672.4,118.51352859076695,-7.2218034804505695,403963.0553303004,0.8717336027533515,-0.4735792743186113,-0.1257107663110819
274,2026-07-28T00:51:06.423548Z,moon,39.759062,-104.62011683333333,1672.4,118.72899810620513,-6.976023928164898,403933.8623587059,0.8704113460309801,-0.4771090199234006,-0.12145399049956944
275,2026-07-28T00:52:36.446991Z,moon,39.759062,-104.62011683333333,1672.4,118.94495540580272,-6.730725673298777,403904.70966568595,0.8690539261869497,-0.4806335971004551,-0.11720332212580445
276,2026-07-28T00:54:06.470435Z,moon,39.759062,-104.62011683333333,1672.4,119.16140674638811,-6.485913388169293,403875.59834311606,0.8676613892059982,-0.48415286133238045,-0.11295893300127301
277,2026-07-28T00:55:36.493879Z,moon,39.759062,-104.62011683333333,1672.4,119.37835835997977,-6.241591786037636,403846.52948239696,0.8662337825659124,-0.4876666681344304,-0.1087209949007775
278,2026-07-28T00:57:06.517322Z,moon,39.759062,-104.62011683333333,1672.4,119.59581646097767,-5.997765613199461,403817.5041734794,0.8647711551933704,-0.4911748731781407,-0.10448967941362028
279,2026-07-28T00:58:36.540766Z,moon,39.759062,-104.62011683333333,1672.4,119.81378725342392,-5.754439641152641,403788.5235037752,0.8632735574128259,-0.49467733241376144,-0.10026515779576381
280,2026-07-28T01:00:06.564209Z,moon,39.759062,-104.62011683333333,1672.4,120.03227691409877,-5.511618685772381,403759.58856059983,0.8617410410601402,-0.4981739018042346,-0.09604760129087327
281,2026-07-28T01:01:36.587653Z,moon,39.759062,-104.62011683333333,1672.4,120.25129161185157,-5.269307585971583,403730.7004281484,0.8601736593485897,-0.5016644376424303,-0.09183718074810768
282,2026-07-28T01:03:06.611097Z,moon,39.759062,-104.62011683333333,1672.4,120.47083749055028,-5.027511222840861,403701.86019006965,0.8585714669862721,-0.5051487962849153,-0.08763406694283808
283,2026-07-28T01:04:36.634540Z,moon,39.759062,-104.62011683333333,1672.4,120.69092067628162,-4.786234511781394,403673.0689283138,0.8569345201255375,-0.5086268342752367,-0.08343843042846352
284,2026-07-28T01:06:06.657984Z,moon,39.759062,-104.62011683333333,1672.4,120.91154728459767,-4.54548239473795,403644.327722037,0.8552628763057247,-0.5120984084654013,-0.0792504413896959
285,2026-07-28T01:07:36.681427Z,moon,39.759062,-104.62011683333333,1672.4,121.13272340328945,-4.305259859182562,403615.63765002135,0.8535565945800438,-0.5155633757520709,-0.07507026996120075
286,2026-07-28T01:09:06.704871Z,moon,39.759062,-104.62011683333333,1672.4,121.3544551118301,-4.065571916962213,403586.9997878452,0.8518157353659702,-0.5190215933908662,-0.0708980858481935
287,2026-07-28T01:10:36.728315Z,moon,39.759062,-104.62011683333333,1672.4,121.57674846403248,-3.8264236232453603,403558.41521020513,0.850040360575594,-0.5224729187329425,-0.06673405864470061
288,2026-07-28T01:12:06.751758Z,moon,39.759062,-104.62011683333333,1672.4,121.79960949521126,-3.58782006868941,403529.88498992677,0.8482305335590935,-0.5259172093470406,-0.06257835768599757
289,2026-07-28T01:13:36.775202Z,moon,39.759062,-104.62011683333333,1672.4,122.02304422942714,-3.34976637178344,403501.41019683774,0.8463863190412383,-0.529354323139997,-0.05843115190391781
290,2026-07-28T01:15:06.798645Z,moon,39.759062,-104.62011683333333,1672.4,122.24705866190725,-3.112267697571281,403472.99190005625,0.844507783261638,-0.5327841180952247,-0.05429261014178467
291,2026-07-28T01:16:36.822089Z,moon,39.759062,-104.62011683333333,1672.4,122.47165877865135,-2.875329236759818,403444.6311653974,0.842594993809216,-0.53620645258431,-0.05016290077933352
292,2026-07-28T01:18:06.845533Z,moon,39.759062,-104.62011683333333,1672.4,122.69685053874878,-2.6389562243718716,403416.3290575594,0.8406480197657684,-0.5396211851062087,-0.04604219204667358
293,2026-07-28T01:19:36.868976Z,moon,39.759062,-104.62011683333333,1672.4,122.92263988152321,-2.4031539320524553,403388.0866390226,0.8386669316432631,-0.543028174408153,-0.04193065187929549
294,2026-07-28T01:21:06.892420Z,moon,39.759062,-104.62011683333333,1672.4,123.14903273374854,-2.167927660431826,403359.904969195,0.8366518013145081,-0.5464272796047065,-0.037828447773979534
295,2026-07-28T01:22:36.915864Z,moon,39.759062,-104.62011683333333,1672.4,123.37603499427473,-1.9332827550301128,403331.7851061988,0.8346027021431801,-0.5498183599571063,-0.033735747055312564
296,2026-07-28T01:24:06.939307Z,moon,39.759062,-104.62011683333333,1672.4,123.60365254114402,-1.6992245985968655,403303.7281058294,0.832519708917676,-0.5532012749931742,-0.029652716731433548
297,2026-07-28T01:25:36.962751Z,moon,39.759062,-104.62011683333333,1672.4,123.83189123880572,-1.4657586035094385,403275.73502072797,0.830402897778136,-0.5565758846256473,-0.025579523350769018
298,2026-07-28T01:27:06.986194Z,moon,39.759062,-104.62011683333333,1672.4,124.06075691999565,-1.2328902301555564,403247.8069022873,0.8282523463772105,-0.559942048895637,-0.02151633331218932
299,2026-07-28T01:28:37.009638Z,moon,39.759062,-104.62011683333333,1672.4,124.29025540558638,-1.000624966356197,403219.944798382,0.8260681336897947,-0.5632996282787176,-0.017463312495576214
300,2026-07-28T01:30:07.033082Z,moon,39.759062,-104.62011683333333,1672.4,124.52039248633193,-0.7689683456733342,403192.14975528157,0.8238503401772802,-0.5666484834288569,-0.013420626570918028
301,2026-07-28T01:31:37.056525Z,moon,39.759062,-104.62011683333333,1672.4,124.75117392997694,-0.5379259397933908,403164.42281680513,0.8215990477153277,-0.5699884752971548,-0.00938844085519727
302,2026-07-28T01:33:07.079969Z,moon,39.759062,-104.62011683333333,1672.4,124.98260548847422,-0.30750335102101906,403136.7650232559,0.8193143395148099,-0.5733194652489013,-0.005366920171254083
303,2026-07-28T01:34:37.103412Z,moon,39.759062,-104.62011683333333,1672.4,125.21469287948752,-0.07770623036410515,403109.1774136937,0.8169963002954211,-0.5766413148102358,-0.001356229153401435
304,2026-07-28T01:36:07.126856Z,moon,39.759062,-104.62011683333333,1672.4,125.44744180639019,0.15145974274209442,403081.66102318646,0.8146450160802954,-0.5799538859701288,0.0026434681163378755
305,2026-07-28T01:37:37.150300Z,moon,39.759062,-104.62011683333333,1672.4,125.6808579396648,0.37998884246337006,403054.21688516135,0.812260574372708,-0.5832570409280984,0.006632007804349283
306,2026-07-28T01:39:07.173743Z,moon,39.759062,-104.62011683333333,1672.4,125.91494692397438,0.6078753040742939,403026.8460303149,0.8098430640781249,-0.5865506422111776,0.010609226466116166
307,2026-07-28T01:40:37.197187Z,moon,39.759062,-104.62011683333333,1672.4,126.14971438539303,0.8351133313953074,402999.5494855778,0.8073925754190439,-0.5898345527897154,0.014574961185541312
308,2026-07-28T01:42:07.220630Z,moon,39.759062,-104.62011683333333,1672.4,126.38516591249096,1.0616970789899922,402972.3282764349,0.8049092001215404,-0.5931086358271281,0.018529049273643194
309,2026-07-28T01:43:37.244074Z,moon,39.759062,-104.62011683333333,1672.4,126.62130707653925,1.2876206722147823,402945.1834242482,0.8023930311944787,-0.5963727549781608,0.02247132862771916
310,2026-07-28T01:45:07.267518Z,moon,39.759062,-104.62011683333333,1672.4,126.85814341249556,1.5128781894807914,402918.11594840453,0.7998441631190222,-0.5996267741398791,0.026401637430914043
311,2026-07-28T01:46:37.290961Z,moon,39.759062,-104.62011683333333,1672.4,127.09568042609635,1.7374636697448853,402891.12686535646,0.7972626917644384,-0.6028705575675629,0.0303198142919415
312,2026-07-28T01:48:07.314405Z,moon,39.759062,-104.62011683333333,1672.4,127.33392360102083,1.9613711198461443,402864.21718770807,0.794648714297746,-0.6061039699879974,0.0342256983818904
313,2026-07-28T01:49:37.337848Z,moon,39.759062,-104.62011683333333,1672.4,127.57287837963297,2.1845944969916786,402837.3879261904,0.792002329382105,-0.609326876353841,0.038119129137358786
314,2026-07-28T01:51:07.361292Z,moon,39.759062,-104.62011683333333,1672.4,127.81255018335214,2.407127728588978,402810.64008737024,0.7893236369412958,-0.6125391421371441,0.04199994661493136
315,2026-07-28T01:52:37.384736Z,moon,39.759062,-104.62011683333333,1672.4,128.05294439321233,2.62896469475851,402783.9746755279,0.7866127383618792,-0.6157406330839357,0.04586799119451234
316,2026-07-28T01:54:07.408179Z,moon,39.759062,-104.62011683333333,1672.4,128.29406635695875,2.8500992357892536,402757.39269187493,0.7838697364029873,-0.618931215328651,0.04972310371758932
317,2026-07-28T01:55:37.431623Z,moon,39.759062,-104.62011683333333,1672.4,128.53592139622702,3.0705251594083074,402730.8951334629,0.781094735100006,-0.6221107555059271,0.053565125621958136
318,2026-07-28T01:57:07.455066Z,moon,39.759062,-104.62011683333333,1672.4,128.77851478682652,3.2902362235515823,402704.482995366,0.7782878399757035,-0.6252791205084302,0.057393898649227254
319,2026-07-28T01:58:37.478510Z,moon,39.759062,-104.62011683333333,1672.4,129.0218517793113,3.5092261559363362,402678.15726812335,0.7754491577899336,-0.6284361777757055,0.06120926519363227
320,2026-07-28T02:00:07.501954Z,moon,39.759062,-104.62011683333333,1672.4,129.26593757916245,3.7274886369342908,402651.91893998074,0.7725787967535326,-0.6315817950534421,0.06501106801103688
321,2026-07-28T02:01:37.525397Z,moon,39.759062,-104.62011683333333,1672.4,129.51077735383922,3.9450173069135857,402625.7689957055,0.7696768664327593,-0.6347158405056444,0.06879915035421395
322,2026-07-28T02:03:07.548841Z,moon,39.759062,-104.62011683333333,1672.4,129.75637623993933,4.161805773451638,402599.7084158965,0.766743477647482,-0.6378381828243187,0.07257335610550451
323,2026-07-28T02:04:37.572284Z,moon,39.759062,-104.62011683333333,1672.4,130.00273932308127,4.3778475944411595,402573.73817873094,0.763778742694065,-0.6409486909919868,0.0763335294895484
324,2026-07-28T02:06:07.595728Z,moon,39.759062,-104.62011683333333,1672.4,130.24987165867466,4.593136297398191,402547.8592578526,0.7607827750806266,-0.6440472345654004,0.08007951541612013
325,2026-07-28T02:07:37.619172Z,moon,39.759062,-104.62011683333333,1672.4,130.4977782516601,4.807665362659167,402522.07262429356,0.7577556897530653,-0.6471336834390499,0.08381115919412988
326,2026-07-28T02:09:07.642615Z,moon,39.759062,-104.62011683333333,1672.4,130.74646406354324,5.021428230659618,402496.37924536364,0.7546976029939425,-0.6502079079553092,0.08752830666463063
327,2026-07-28T02:10:37.666059Z,moon,39.759062,-104.62011683333333,1672.4,130.99593401956704,5.234418309084531,402470.7800840643,0.7516086323149435,-0.6532697790122795,0.09123080433114594
328,2026-07-28T02:12:07.689502Z,moon,39.759062,-104.62011683333333,1672.4,131.24619298816614,5.446628956330937,402445.276100787,0.7484888966914551,-0.6563191678310158,0.09491849907795202
329,2026-07-28T02:13:37.712946Z,moon,39.759062,-104.62011683333333,1672.4,131.49724580190198,5.658053500519857,402419.86825117416,0.7453385162841581,-0.6593559462332558,0.09859123850615621
330,2026-07-28T02:15:07.736390Z,moon,39.759062,-104.62011683333333,1672.4,131.7490972368138,5.868685223056734,402394.5574879098,0.7421576126762177,-0.6623799864102591,0.10224887065333381
331,2026-07-28T02:16:37.759833Z,moon,39.759062,-104.62011683333333,1672.4,132.0017520194057,6.078517365863926,402369.3447600247,0.7389463087670567,-0.665391161030361,0.10589124412438461
332,2026-07-28T02:18:07.783277Z,moon,39.759062,-104.62011683333333,1672.4,132.25521483384722,6.287543138433353,402344.2310117059,0.73570472865907,-0.6683893433450587,0.10951820821874948
333,2026-07-28T02:19:37.806721Z,moon,39.759062,-104.62011683333333,1672.4,132.50949030376836,6.495755703995365,402319.21718435007,0.732432997867713,-0.6713744069936016,0.11312961269492815
334,2026-07-28T02:21:07.830164Z,moon,39.759062,-104.62011683333333,1672.4,132.76458299932838,6.703148186688099,402294.3042152863,0.729131243211057,-0.6743462261103722,0.11672530789934632
335,2026-07-28T02:22:37.853608Z,moon,39.759062,-104.62011683333333,1672.4,133.02049744433717,6.909713678585902,402269.4930371821,0.7257995926942067,-0.6773046754285585,0.12030514489222195
336,2026-07-28T02:24:07.877051Z,moon,39.759062,-104.62011683333333,1672.4,133.27723809501768,7.1154452237816885,402244.7845797322,0.7224381757619386,-0.6802496300555755,0.1238689751754444
337,2026-07-28T02:25:37.900495Z,moon,39.759062,-104.62011683333333,1672.4,133.5348093612891,7.320335836930491,402220.1797676585,0.7190471229982798,-0.6831809657414266,0.12741665101747238
338,2026-07-28T02:27:07.923939Z,moon,39.759062,-104.62011683333333,1672.4,133.7932155853899,7.524378487432143,402195.6795223815,0.7156265663820475,-0.6860985586554111,0.13094802518254448
339,2026-07-28T02:28:37.947382Z,moon,39.759062,-104.62011683333333,1672.4,134.05246104887465,7.727566106549119,402171.2847611505,0.7121766391718676,-0.6890022854903314,0.1344629510570234
340,2026-07-28T02:30:07.970826Z,moon,39.759062,-104.62011683333333,1672.4,134.31254997980201,7.929891594386262,402146.9963963945,0.7086974757845961,-0.6918920235645479,0.13796128277272934
341,2026-07-28T02:31:37.994269Z,moon,39.759062,-104.62011683333333,1672.4,134.5734865309951,8.131347804359898,402122.8153373932,0.705189212059682,-0.6947676506020966,0.1414428749406906
342,2026-07-28T02:33:08.017713Z,moon,39.759062,-104.62011683333333,1672.4,134.8352748016121,8.331927561447314,402098.742488077,0.7016519849447047,-0.697629044995483,0.144907582968754
343,2026-07-28T02:34:38.041157Z,moon,39.759062,-104.62011683333333,1672.4,135.0979188152351,8.531623646782318,402074.7787491221,0.6980859327629316,-0.7004760855867384,0.14835526279707162
344,2026-07-28T02:36:08.064600Z,moon,39.759062,-104.62011683333333,1672.4,135.36142252695328,8.730428804726644,402050.92501669796,0.6944911950921057,-0.7033086517702214,0.15178577102183355
345,2026-07-28T02:37:38.088044Z,moon,39.759062,-104.62011683333333,1672.4,135.62578983052447,8.92833574977224,402027.182181905,0.6908679126382292,-0.7061266235917212,0.15519896501540145
346,2026-07-28T02:39:08.111487Z,moon,39.759062,-104.62011683333333,1672.4,135.89102453617443,9.12533715144249,402003.55113260617,0.6872162275108381,-0.7089298815340359,0.158594702666608
347,2026-07-28T02:40:38.134931Z,moon,39.759062,-104.62011683333333,1672.4,136.15713039240126,9.321425652235213,401980.0327511962,0.6835362828956274,-0.7117183067730762,0.16197284269066317
348,2026-07-28T02:42:08.158375Z,moon,39.759062,-104.62011683333333,1672.4,136.42411106365915,9.516593852665443,401956.6279163563,0.6798282233321581,-0.7144917809650921,0.16533324437139785
349,2026-07-28T02:43:38.181818Z,moon,39.759062,-104.62011683333333,1672.4,136.69197013742502,9.710834318268855,401933.337502236,0.6760921945879226,-0.717250186346597,0.16867576768184075
350,2026-07-28T02:45:08.205262Z,moon,39.759062,-104.62011683333333,1672.4,136.96071113134496,9.904139586430594,401910.16237783304,0.672328343527635,-0.7199934058304619,0.17200027340105656
351,2026-07-28T02:46:38.228705Z,moon,39.759062,-104.62011683333333,1672.4,137.23033747065142,10.096502151772238,401887.10340848955,0.668536818398093,-0.722721322798039,0.17530662286179574
352,2026-07-28T02:48:08.252149Z,moon,39.759062,-104.62011683333333,1672.4,137.50085251018325,10.287914483751953,401864.16145397007,0.6647177684887123,-0.7254338213479525,0.17859467825188302
353,2026-07-28T02:49:38.275593Z,moon,39.759062,-104.62011683333333,1672.4,137.77225951161722,10.47836901217667,401841.337370226,0.6608713444196952,-0.7281307860891142,0.1818643023634744
354,2026-07-28T02:51:08.299036Z,moon,39.759062,-104.62011683333333,1672.4,138.04456165057425,10.667858134143,401818.632008406,0.6569976980109735,-0.730812102238187,0.18511535871040805
355,2026-07-28T02:52:38.322480Z,moon,39.759062,-104.62011683333333,1672.4,138.31776202380854,10.856374220838626,401796.04621431604,0.6530969821464859,-0.733477655712996,0.18834771164237774
356,2026-07-28T02:54:08.345923Z,moon,39.759062,-104.62011683333333,1672.4,138.59186362613477,11.043909603338628,401773.58082993224,0.6491693510699444,-0.7361273329302959,0.19156122609848927
357,2026-07-28T02:55:38.369367Z,moon,39.759062,-104.62011683333333,1672.4,138.86686937278458,11.230456589953812,401751.2366915017,0.6452149600321387,-0.7387610210479528,0.194755767901523
358,2026-07-28T02:57:08.392811Z,moon,39.759062,-104.62011683333333,1672.4,139.14278207615695,11.416007452183027,401729.0146311959,0.6412339655898349,-0.7413786077636744,0.19793120351357008
359,2026-07-28T02:58:38.416254Z,moon,39.759062,-104.62011683333333,1672.4,139.41960445295717,11.600554431621006,401706.91547631595,0.6372265254699622,-0.7439799814095743,0.2010874001505047
360,2026-07-28T03:00:08.439698Z,moon,39.759062,-104.62011683333333,1672.4,139.69733913147508,11.784089746666835,401684.94004852435,0.6331927984287675,-0.7465650310432905,0.2042242258922207
361,2026-07-28T03:01:38.463141Z,moon,39.759062,-104.62011683333333,1672.4,139.9759886280475,11.966605578875665,401663.0891654854,0.6291329445577374,-0.7491336462515086,0.2073415494444627
362,2026-07-28T03:03:08.486585Z,moon,39.759062,-104.62011683333333,1672.4,140.25555536970631,12.148094089921829,401641.3636390117,0.6250471249191427,-0.7516857173847887,0.21043924042352205
363,2026-07-28T03:04:38.510029Z,moon,39.759062,-104.62011683333333,1672.4,140.53604167052956,12.328547408083631,401619.76427662827,0.6209355018543168,-0.7542211353628572,0.2135171691196997
364,2026-07-28T03:06:08.533472Z,moon,39.759062,-104.62011683333333,1672.4,140.81744973881445,12.507957635090891,401598.2918807917,0.6167982388435266,-0.7567397917660341,0.21657520660828944
365,2026-07-28T03:07:38.556916Z,moon,39.759062,-104.62011683333333,1672.4,141.0997816844355,12.686316852777624,401576.94724817685,0.6126355003604514,-0.7592415789235205,0.21961322485637988
366,2026-07-28T03:09:08.580359Z,moon,39.759062,-104.62011683333333,1672.4,141.383039494877,12.863617109958513,401555.7311712697,0.60844745218781,-0.7617263897232401,0.2226310964922943
367,2026-07-28T03:10:38.603803Z,moon,39.759062,-104.62011683333333,1672.4,141.66722505823603,13.039850439044928,401534.64443655586,0.6042342610409172,-0.7641941178393551,0.2256286950812479
368,2026-07-28T03:12:08.627247Z,moon,39.759062,-104.62011683333333,1672.4,141.95234013911332,13.21500884304358,401513.6878259061,0.5999960948861358,-0.766644657543573,0.22860589489618324
369,2026-07-28T03:13:38.650690Z,moon,39.759062,-104.62011683333333,1672.4,142.2383863858964,13.389084302378993,401492.86211616074,0.5957331227958311,-0.7690779037938072,0.2315625710257395
370,2026-07-28T03:15:08.674134Z,moon,39.759062,-104.62011683333333,1672.4,142.52536533822695,13.562068781473124,401472.16807807435,0.5914455147982879,-0.7714937523196254,0.23449859947721005
371,2026-07-28T03:16:38.697577Z,moon,39.759062,-104.62011683333333,1672.4,142.81327840262483,13.733954216175896,401451.606478154,0.5871334422026951,-0.7738920994385853,0.2374138569539553
372,2026-07-28T03:18:08.721021Z,moon,39.759062,-104.62011683333333,1672.4,143.1021268758033,13.904732529989676,401431.17807654897,0.5827970772121432,-0.7762728422755507,0.24030822112117003
373,2026-07-28T03:19:38.744465Z,moon,39.759062,-104.62011683333333,1672.4,143.39191192023185,14.074395621671258,401410.88362885354,0.5784365932503112,-0.7786358785811409,0.24318157038548155
374,2026-07-28T03:21:08.767908Z,moon,39.759062,-104.62011683333333,1672.4,143.68263457150948,14.242935371965961,401390.7238852103,0.5740521648124415,-0.7809811068171989,0.24603378399872752
375,2026-07-28T03:22:38.791352Z,moon,39.759062,-104.62011683333333,1672.4,143.97429574595435,14.410343650140142,401370.6995896947,0.5696439673110131,-0.7833084262390457,0.24886474215742
376,2026-07-28T03:24:08.814796Z,moon,39.759062,-104.62011683333333,1672.4,144.26689621906937,14.576612303794832,401350.811481669,0.565212177360916,-0.7856177367438525,0.25167432581890264
377,2026-07-28T03:25:38.838239Z,moon,39.759062,-104.62011683333333,1672.4,144.56043663306787,14.74173316556859,401331.0602949208,0.5607569726269459,-0.7879089389549183,0.2544624168029487
378,2026-07-28T03:27:08.861683Z,moon,39.759062,-104.62011683333333,1672.4,144.85491750453068,14.905698059669419,401311.4467570962,0.5562785316672261,-0.7901819343016365,0.25722889788956294
379,2026-07-28T03:28:38.885126Z,moon,39.759062,-104.62011683333333,1672.4,145.15033919941715,15.068498790148421,401291.9715911501,0.5517770342729462,-0.792436624846756,0.2599736526081701
380,2026-07-28T03:30:08.908570Z,moon,39.759062,-104.62011683333333,1672.4,145.44670195708937,15.230127156614072,401272.63551367185,0.5472526610630626,-0.7946729134930071,0.2626965654894114
381,2026-07-28T03:31:38.932014Z,moon,39.759062,-104.62011683333333,1672.4,145.7440058652491,15.390574942676487,401253.4392362163,0.5427055938260884,-0.7968907038122175,0.2653975218564439
382,2026-07-28T03:33:08.955457Z,moon,39.759062,-104.62011683333333,1672.4,146.04225086759138,15.549833922628492,401234.38346471183,0.5381360153639445,-0.7990899001258343,0.26807640792337667
383,2026-07-28T03:34:38.978901Z,moon,39.759062,-104.62011683333333,1672.4,146.341436771672,15.707895867885012,401215.46889876697,0.5335441093310686,-0.8012704075820017,0.27073311088873026
384,2026-07-28T03:36:09.002344Z,moon,39.759062,-104.62011683333333,1672.4,146.64156322359773,15.864752535872402,401196.69623315765,0.5289300605825534,-0.8034321319898174,0.27336751873335835
385,2026-07-28T03:37:39.025788Z,moon,39.759062,-104.62011683333333,1672.4,146.9426297325067,16.02039568533124,401178.0661560867,0.5242940547586363,-0.8055749800175933,0.2759795204619401
386,2026-07-28T03:39:09.049232Z,moon,39.759062,-104.62011683333333,1672.4,147.24463564519118,16.17481706538581,401159.5793505303,0.5196362786349297,-0.807698859028891,0.2785690059031501
387,2026-07-28T03:40:39.072675Z,moon,39.759062,-104.62011683333333,1672.4,147.54758015396325,16.32800842213217,401141.23649384733,0.5149569199623776,-0.8098036771598742,0.28113586580372046
388,2026-07-28T03:42:09.096119Z,moon,39.759062,-104.62011683333333,1672.4,147.85146230477946,16.4799615050196,401123.03825675393,0.5102561673020286,-0.8118893433932776,0.2836799919181414
389,2026-07-28T03:43:39.119562Z,moon,39.759062,-104.62011683333333,1672.4,148.15628097160254,16.630668056360577,401104.98530502064,0.5055342103819807,-0.8139557673993961,0.286201276815334
390,2026-07-28T03:45:09.143006Z,moon,39.759062,-104.62011683333333,1672.4,148.46203488141407,16.78011982620952,401087.0782978042,0.5007912396716035,-0.816002859726055,0.2886996141096812
391,2026-07-28T03:46:39.166450Z,moon,39.759062,-104.62011683333333,1672.4,148.76872258857568,16.928308562040936,401069.3178887669,0.49602744673985155,-0.8180305316419124,0.29117489826974075
392,2026-07-28T03:48:09.189893Z,moon,39.759062,-104.62011683333333,1672.4,149.07634248294605,17.075226015279586,401051.704725789,0.49124302409147724,-0.8200386952103306,0.29362702470855595
393,2026-07-28T03:49:39.213337Z,moon,39.759062,-104.62011683333333,1672.4,149.38489279828562,17.22086394760177,401034.2394500839,0.4864381649979891,-0.8220272633599829,0.29605588986927195
394,2026-07-28T03:51:09.236780Z,moon,39.759062,-104.62011683333333,1672.4,149.69437158639118,17.36521412106047,401016.9226976692,0.481613063862379,-0.8239961497332977,0.29846139104043745
395,2026-07-28T03:52:39.260224Z,moon,39.759062,-104.62011683333333,1672.4,150.0047767426525,17.508268312536433,400999.7550977829,0.47676791578395267,-0.8259452688675326,0.30084342657662494
396,2026-07-28T03:54:09.283668Z,moon,39.759062,-104.62011683333333,1672.4,150.31610598019137,17.650018304046704,400982.737274157,0.47190291692452374,-0.8278745360453644,0.30320189571603684
397,2026-07-28T03:55:39.307111Z,moon,39.759062,-104.62011683333333,1672.4,150.62835683830738,17.79045588917253,400965.86984442524,0.4670182643407442,-0.829783867365587,0.3055366986664102
398,2026-07-28T03:57:09.330555Z,moon,39.759062,-104.62011683333333,1672.4,150.9415266912113,17.92957287931279,400949.15341956314,0.4621141558113226,-0.8316731798100544,0.3078477366871838
399,2026-07-28T03:58:39.353998Z,moon,39.759062,-104.62011683333333,1672.4,151.2556127219565,18.067361094387973,400932.5886051423,0.4571907902097492,-0.8335423910996962,0.31013491191284215
400,2026-07-28T04:00:09.377442Z,moon,39.759062,-104.62011683333333,1672.4,151.57061194862928,18.203812376879487,400916.17599981045,0.4522483670594769,-0.8353914198666528,0.3123981275635537
401,2026-07-28T04:01:39.400886Z,moon,39.759062,-104.62011683333333,1672.4,151.88652119829365,18.338918582746643,400899.91619661317,0.44728708690814656,-0.8372201855122215,0.31463728777134076
402,2026-07-28T04:03:09.424329Z,moon,39.759062,-104.62011683333333,1672.4,152.20333711586633,18.472671587786138,400883.8097822907,0.44230715115538066,-0.8390286082744399,0.3168522976622823
403,2026-07-28T04:04:39.447773Z,moon,39.759062,-104.62011683333333,1672.4,152.52105617313902,18.605063293738958,400867.85733686783,0.43730876187800344,-0.8408166092909541,0.31904306343374794
404,2026-07-28T04:06:09.471216Z,moon,39.759062,-104.62011683333333,1672.4,152.83967464266772,18.736085619672668,400852.05943480623,0.43229212220868607,-0.8425841104631383,0.3212094921875011
405,2026-07-28T04:07:39.494660Z,moon,39.759062,-104.62011683333333,1672.4,153.1591886245874,18.86573051552659,400836.4166434359,0.42725743588293075,-0.8443310346188583,0.32335149212921804
406,2026-07-28T04:09:09.518104Z,moon,39.759062,-104.62011683333333,1672.4,153.47959402045595,18.99398995365283,400820.92952444084,0.42220490762047197,-0.8460573053781609,0.3254689724035676
407,2026-07-28T04:10:39.541547Z,moon,39.759062,-104.62011683333333,1672.4,153.8008865425433,19.12085593508342,400805.59863308567,0.41713474294973596,-0.8477628472171223,0.32756184317251574
408,2026-07-28T04:12:09.564991Z,moon,39.759062,-104.62011683333333,1672.4,154.1230617233245,19.246320495507206,400790.4245177669,0.41204714802928655,-0.8494475855274297,0.3296300156881218
409,2026-07-28T04:13:39.588434Z,moon,39.759062,-104.62011683333333,1672.4,154.44611488927552,19.370375697291134,400775.40772105847,0.4069423300338059,-0.8511114464880273,0.3316734021348638
410,2026-07-28T04:15:09.611878Z,moon,39.759062,-104.62011683333333,1672.4,154.77004118839503,19.49301364251273,400760.54877859034,0.4018204966928238,-0.8527543572185509,0.333691915818032
411,2026-07-28T04:16:39.635322Z,moon,39.759062,-104.62011683333333,1672.4,155.09483556403984,19.614226465154186,400745.84821987984,0.3966818566784389,-0.8543762456529654,0.3356854710083388
412,2026-07-28T04:18:09.658765Z,moon,39.759062,-104.62011683333333,1672.4,155.42049276465877,19.73400633720822,400731.3065680911,0.3915266194271018,-0.8559770405996792,0.33765398301545413
413,2026-07-28T04:19:39.682209Z,moon,39.759062,-104.62011683333333,1672.4,155.74700735381242,19.852345474537184,400716.92433931405,0.38635499495733766,-0.8575566717975782,0.33959736825684644
414,2026-07-28T04:21:09.705653Z,moon,39.759062,-104.62011683333333,1672.4,156.07437368757763,19.969236130822598,400702.7020436745,0.3811671942050525,-0.8591150698125307,0.34151554413065627
415,2026-07-28T04:22:39.729096Z,moon,39.759062,-104.62011683333333,1672.4,156.4025859246489,20.084670603578953,400688.64018467814,0.3759634288426319,-0.8606521660956667,0.34340842908660246
416,2026-07-28T04:24:09.752540Z,moon,39.759062,-104.62011683333333,1672.4,156.73163803657545,20.19864123990313,400674.7392588477,0.37074391109643917,-0.8621678930365513,0.3452759426919712
417,2026-07-28T04:25:39.775983Z,moon,39.759062,-104.62011683333333,1672.4,157.06152378168977,20.31114042953446,400660.9997566641,0.3655088541415335,-0.863662183848079,0.347118005489358
418,2026-07-28T04:27:09.799427Z,moon,39.759062,-104.62011683333333,1672.4,157.39223673377813,20.42216061696165,400647.42216148967,0.3602584716294216,-0.8651349727042726,0.34893453916631795
419,2026-07-28T04:28:39.822871Z,moon,39.759062,-104.62011683333333,1672.4,157.72377025603768,20.531694294651018,400634.00695034256,0.3549929780851147,-0.8665861946268811,0.35072546641548924
420,2026-07-28T04:30:09.846314Z,moon,39.759062,-104.62011683333333,1672.4,158.05611751169818,20.639734008896397,400620.75459373865,0.3497125887238635,-0.8680157855395757,0.35249071100125073
421,2026-07-28T04:31:39.869758Z,moon,39.759062,-104.62011683333333,1672.4,158.3892714748542,20.746272365366586,400607.66555501847,0.3444175192655184,-0.8694236823176095,0.35423019782095766
422,2026-07-28T04:33:09.893201Z,moon,39.759062,-104.62011683333333,1672.4,158.72322490448033,20.851302022800542,400594.74029136566,0.339107986335419,-0.8708098226806239,0.35594385277242485
423,2026-07-28T04:34:39.916645Z,moon,39.759062,-104.62011683333333,1672.4,159.05797037393066,20.954815704500596,400581.97925271053,0.3337842069849971,-0.8721741453208024,0.35763160291188567
424,2026-07-28T04:36:09.940089Z,moon,39.759062,-104.62011683333333,1672.4,159.39350024504256,21.056806192197485,400569.3828826119,0.3284463990943385,-0.8735165897976113,0.3592933763240207
425,2026-07-28T04:37:39.963532Z,moon,39.759062,-104.62011683333333,1672.4,159.729806679345,21.15726633167783,400556.95161796024,0.3230947811865005,-0.8748370965881661,0.3609291021838434
426,2026-07-28T04:39:09.986976Z,moon,39.759062,-104.62011683333333,1672.4,160.0668816495258,21.256189038132323,400544.68588835857,0.3177295722388913,-0.8761356071330801,0.36253871081367317
427,2026-07-28T04:40:40.010419Z,moon,39.759062,-104.62011683333333,1672.4,160.40471691359454,21.353567290435638,400532.5861171688,0.31235099209003236,-0.8774120637375471,0.3641221335598692
428,2026-07-28T04:42:10.033863Z,moon,39.759062,-104.62011683333333,1672.4,160.7433040452376,21.449394142039374,400520.6527204532,0.3069592609534408,-0.878666409689335,0.36567930293984524
429,2026-07-28T04:43:40.057307Z,moon,39.759062,-104.62011683333333,1672.4,161.0826344081483,21.543662715398458,400508.8861077273,0.301554599825114,-0.8798985891622535,0.36721015252112943
430,2026-07-28T04:45:10.080750Z,moon,39.759062,-104.62011683333333,1672.4,161.42269916783226,21.636366207392214,400497.28668175143,0.29613723029593475,-0.8811085472622051,0.3687146169792282
431,2026-07-28T04:46:40.104194Z,moon,39.759062,-104.62011683333333,1672.4,161.7634893037479,21.727497894388346,400485.8548379671,0.2907073743603235,-0.8822962300694619,0.37019263214945547
432,2026-07-28T04:48:10.127637Z,moon,39.759062,-104.62011683333333,1672.4,162.1049955836998,21.817051127164262,400474.5909653796,0.28526525482789605,-0.8834615845478704,0.3716441349142233
433,2026-07-28T04:49:40.151081Z,moon,39.759062,-104.62011683333333,1672.4,162.44720859506492,21.90501934106099,400463.49544573657,0.2798110948313951,-0.8846045586530636,0.37306906333743955
434,2026-07-28T04:51:10.174525Z,moon,39.759062,-104.62011683333333,1672.4,162.7901187193421,21.991396051034645,400452.5686540186,0.27434511823942387,-0.8857251012439618,0.3744673565540398
435,2026-07-28T04:52:40.197968Z,moon,39.759062,-104.62011683333333,1672.4,163.1337161446712,22.076174856783364,400441.81095837004,0.2688675494658745,-0.8868231621252421,0.3758389548229426
436,2026-07-28T04:54:10.221412Z,moon,39.759062,-104.62011683333333,1672.4,163.47799087861574,22.159349447531966,400431.22271963896,0.2633786132768135,-0.8878986920854375,0.3771837995743618
437,2026-07-28T04:55:40.244855Z,moon,39.759062,-104.62011683333333,1672.4,163.82293272284326,22.24091359752501,400420.8042921131,0.25787853520658754,-0.8889516428147145,0.37850183330695397
438,2026-07-28T04:57:10.268299Z,moon,39.759062,-104.62011683333333,1672.4,164.16853130522313,22.320861175436935,400410.5560226179,0.2523675410603211,-0.8899819670028905,0.3797929997101488
439,2026-07-28T04:58:40.291743Z,moon,39.759062,-104.62011683333333,1672.4,164.51477605467042,22.399186140012304,400400.4782512735,0.24684585733102812,-0.8909896182593312,0.3810572435640097
440,2026-07-28T05:00:10.315186Z,moon,39.759062,-104.62011683333333,1672.4,164.86165621435808,22.4758825448565,400390.57131121797,0.2413137110068149,-0.891974551151608,0.382294510787177
441,2026-07-28T05:01:40.338630Z,moon,39.759062,-104.62011683333333,1672.4,165.20916085517771,22.550944542899245,400380.8355282164,0.23577132937582657,-0.8929367212395168,0.38350474847956795
442,2026-07-28T05:03:10.362073Z,moon,39.759062,-104.62011683333333,1672.4,165.55727885071173,22.624366382447956,400371.2712213984,0.23021894044685615,-0.893876085001322,0.38468790482966364
443,2026-07-28T05:04:40.385517Z,moon,39.759062,-104.62011683333333,1672.4,165.90599891024715,22.696142415809963,400361.8787023584,0.22465677244609225,-0.8947925999216472,0.38584392922471106
444,2026-07-28T05:06:10.408961Z,moon,39.759062,-104.62011683333333,1672.4,166.25530955390522,22.766267095466645,400352.65827591636,0.2190850542388765,-0.8956862244198939,0.38697277216050235
445,2026-07-28T05:07:40.432404Z,moon,39.759062,-104.62011683333333,1672.4,166.60519912653766,22.834734978520352,400343.61023984355,0.21350401513496003,-0.8965569178847964,0.38807438528478694
446,2026-07-28T05:09:10.455848Z,moon,39.759062,-104.62011683333333,1672.4,166.95565581188214,22.9015407307891,400334.7348844446,0.20791388469142022,-0.8974046407044481,0.38914872143519025
447,2026-07-28T05:10:40.479291Z,moon,39.759062,-104.62011683333333,1672.4,167.30666760789865,22.966679123388552,400326.0324932649,0.20231489313659845,-0.8982293542013341,0.39019573455662104
448,2026-07-28T05:12:10.502735Z,moon,39.759062,-104.62011683333333,1672.4,167.65822236054836,23.030145040515478,400317.5033423636,0.19670727086358952,-0.8990310207095058,0.39121537979918763
449,2026-07-28T05:13:40.526179Z,moon,39.759062,-104.62011683333333,1672.4,168.01030773933573,23.091933476140913,400309.14770092734,0.1910912488544962,-0.8998096035119748,0.3922076134381531
450,2026-07-28T05:15:10.549622Z,moon,39.759062,-104.62011683333333,1672.4,168.36291125186904,23.152039538083375,400300.9658309283,0.18546705848399617,-0.9005650668710208,0.3931723929129405
451,2026-07-28T05:16:40.573066Z,moon,39.759062,-104.62011683333333,1672.4,168.7160202586415,23.210458451653118,400292.9579868737,0.17983493132125553,-0.9012973760542796,0.3941096768595639
452,2026-07-28T05:18:10.596510Z,moon,39.759062,-104.62011683333333,1672.4,169.0696219526425,23.26718555739361,400285.1244164332,0.17419509949448103,-0.9020064972860489,0.3950194250487702
453,2026-07-28T05:19:40.619953Z,moon,39.759062,-104.62011683333333,1672.4,169.4237033743357,23.32221631487324,400277.465360029,0.16854779549309676,-0.9026923977754033,0.39590159842176714
454,2026-07-28T05:21:10.643397Z,moon,39.759062,-104.62011683333333,1672.4,169.77825142680476,23.37554630607303,400269.98105049063,0.16289325196900706,-0.9033550457397196,0.39675615911986883
455,2026-07-28T05:22:40.666840Z,moon,39.759062,-104.62011683333333,1672.4,170.13325285166258,23.427171232813247,400262.67171393294,0.1572317021652564,-0.9039944103534764,0.39758307041910945
456,2026-07-28T05:24:10.690284Z,moon,39.759062,-104.62011683333333,1672.4,170.4886942640837,23.477086923063673,400255.53756880166,0.1515633794034552,-0.9046104618088318,0.39838229680774756
457,2026-07-28T05:25:40.713728Z,moon,39.759062,-104.62011683333333,1672.4,170.84456212890188,23.525289328453617,400248.578826571,0.14588851751271495,-0.9052031712668122,0.39915380392331057
458,2026-07-28T05:27:10.737171Z,moon,39.759062,-104.62011683333333,1672.4,171.20084277614325,23.57177452757735,400241.795691412,0.14020735063126893,-0.9057725108813328,0.39989755858305287
459,2026-07-28T05:28:40.760615Z,moon,39.759062,-104.62011683333333,1672.4,171.5575224168015,23.61653872895126,400235.1883600115,0.13452011300582062,-0.90631845381842,0.4006135288093622
460,2026-07-28T05:30:10.784058Z,moon,39.759062,-104.62011683333333,1672.4,171.91458711902317,23.659578268875364,400228.75702213787,0.12882703942370763,-0.9068409742139283,0.40130168377425973
461,2026-07-28T05:31:40.807502Z,moon,39.759062,-104.62011683333333,1672.4,172.2720228439258,23.700889616803977,400222.50185988436,0.12312836469571281,-0.9073400472235993,0.40196199386463893
462,2026-07-28T05:33:10.830946Z,moon,39.759062,-104.62011683333333,1672.4,172.62981542191946,23.74046937330575,400216.4230483185,0.11742432408896342,-0.9078156489829065,0.4025944306296281
463,2026-07-28T05:34:40.854389Z,moon,39.759062,-104.62011683333333,1672.4,172.98795056881937,23.77831427287461,400210.52075521206,0.11171515312681209,-0.9082677566270181,0.4031989668061871
464,2026-07-28T05:36:10.877833Z,moon,39.759062,-104.62011683333333,1672.4,173.3464139021584,23.81442118638645,400204.7951407578,0.10600108738694186,-0.9086963483058266,0.4037755763396814
465,2026-07-28T05:37:40.901276Z,moon,39.759062,-104.62011683333333,1672.4,173.70519091768713,23.84878711939581,400199.24635819334,0.10028236293546965,-0.9091014031506572,0.4043242343387112
466,2026-07-28T05:39:10.924720Z,moon,39.759062,-104.62011683333333,1672.4,174.06426702572622,23.881409216505908,400193.87455305236,0.09455921580823157,-0.9094829013135085,0.40484491712765186
467,2026-07-28T05:40:40.948164Z,moon,39.759062,-104.62011683333333,1672.4,174.42362752781668,23.9122847597892,400188.67986380454,0.08883188244493975,-0.909840823935735,0.40533760220491694
468,2026-07-28T05:42:10.971607Z,moon,39.759062,-104.62011683333333,1672.4,174.78325763333365,23.941411171045416,400183.6624215612,0.08310059948755433,-0.9101751531640582,0.405802268263242
469,2026-07-28T05:43:40.995051Z,moon,39.759062,-104.62011683333333,1672.4,175.14314247615303,23.96878601372295,400178.82234988984,0.0773656035789643,-0.9104858721612415,0.40623889520532847
470,2026-07-28T05:45:11.018494Z,moon,39.759062,-104.62011683333333,1672.4,175.50326709148737,23.99440699165599,400174.15976525756,0.07162713179751601,-0.9107729650817473,0.4066474641094711
471,2026-07-28T05:46:41.041938Z,moon,39.759062,-104.62011683333333,1672.4,175.86361645266675,24.018271952397114,400169.67477650876,0.0658854211372856,-0.9110364171001969,0.40702795726927465
472,2026-07-28T05:48:11.065382Z,moon,39.759062,-104.62011683333333,1672.4,176.22417544808954,24.04037888603978,400165.3674853546,0.06014070894272895,-0.9112762143891789,0.40738035816223755
473,2026-07-28T05:49:41.088825Z,moon,39.759062,-104.62011683333333,1672.4,176.584928898137,24.060725926947104,400161.23798606073,0.05439323270741726,-0.9114923441307842,0.40770465146550017
474,2026-07-28T05:51:11.112269Z,moon,39.759062,-104.62011683333333,1672.4,176.9458615722392,24.079311355096557,400157.2863653938,0.0486432298712719,-0.9116847945232661,0.4080008230662786
475,2026-07-28T05:52:41.135712Z,moon,39.759062,-104.62011683333333,1672.4,177.30695816587038,24.09613359521617,400153.5127029968,0.04289093825697843,-0.9118535547656524,0.4082688600379404
476,2026-07-28T05:54:11.159156Z,moon,39.759062,-104.62011683333333,1672.4,177.66820333775738,24.111191219089815,400149.9170708143,0.03713659554784719,-0.9119986150752933,0.40850875066742764
477,2026-07-28T05:55:41.182600Z,moon,39.759062,-104.62011683333333,1672.4,178.02958168690955,24.124482944742567,400146.49953365966,0.03138043972505258,-0.9121199666748051,0.40872048443381775
478,2026-07-28T05:57:11.206043Z,moon,39.759062,-104.62011683333333,1672.4,178.391077769896,24.136007637631618,400143.2601489148,0.025622708864287417,-0.9122176017992216,0.4089040520197038
479,2026-07-28T05:58:41.229487Z,moon,39.759062,-104.62011683333333,1672.4,178.7526761180895,24.145764311380923,400140.1989664198,0.01986364093356877,-0.9122915136986036,0.4090594453161701
480,2026-07-28T06:00:11.252930Z,moon,39.759062,-104.62011683333333,1672.4,179.11436121480196,24.153752127337917,400137.3160287942,0.014103474230319346,-0.9123416966314543,0.4091866574098843
481,2026-07-28T06:01:41.276374Z,moon,39.759062,-104.62011683333333,1672.4,179.47611753273927,24.159970395767886,400134.6113711066,0.008342446858153149,-0.9123681458717201,0.4092856825971545
482,2026-07-28T06:03:11.299818Z,moon,39.759062,-104.62011683333333,1672.4,179.83792951114788,24.16441857548307,400132.0850211668,0.00258079716450574,-0.9123708577043573,0.40935651637394405
483,2026-07-28T06:04:41.323261Z,moon,39.759062,-104.62011683333333,1672.4,180.19978157320023,24.167096274403026,400129.73699935037,-0.0031812364623186504,-0.9123498294285304,0.40939915544160865
484,2026-07-28T06:06:11.346705Z,moon,39.759062,-104.62011683333333,1672.4,180.56165814339673,24.168003249698465,400127.56731850526,-0.008943415796102663,-0.9123050593560225,0.40941359770689406
485,2026-07-28T06:07:41.370148Z,moon,39.759062,-104.62011683333333,1672.4,180.92354362476206,24.167139407761702,400125.5759842683,-0.01470550233532661,-0.9122365468134457,0.4093998422800695
486,2026-07-28T06:09:11.393592Z,moon,39.759062,-104.62011683333333,1672.4,181.28542243635388,24.164504804306688,400123.76299467275,-0.02046725782607373,-0.9121442921384847,0.4093578894760227
487,2026-07-28T06:10:41.417036Z,moon,39.759062,-104.62011683333333,1672.4,181.64727899046892,24.16009964436545,400122.12834055326,-0.026228443824739472,-0.9120282966845986,0.4092877408146037
488,2026-07-28T06:12:11.440479Z,moon,39.759062,-104.62011683333333,1672.4,182.00909771008173,24.153924282270477,400120.67200518673,-0.03198882190142321,-0.9118885628198576,0.4091893990216431
489,2026-07-28T06:13:41.463923Z,moon,39.759062,-104.62011683333333,1672.4,182.37086304617935,24.145979221210343,400119.3939644728,-0.03774815384174958,-0.9117250939211122,0.4090628680240713
490,2026-07-28T06:15:11.487367Z,moon,39.759062,-104.62011683333333,1672.4,182.7325594590258,24.136265113450413,400118.2941869358,-0.04350620127463632,-0.911537894383078,0.4089081529565234
491,2026-07-28T06:16:41.510810Z,moon,39.759062,-104.62011683333333,1672.4,183.09417143549214,24.12478275994697,400117.37263374194,-0.04926272587452819,-0.9113269696147612,0.4087252601591774
492,2026-07-28T06:18:11.534254Z,moon,39.759062,-104.62011683333333,1672.4,183.45568350642998,24.11153310954824,400116.6292585352,-0.05501748956461722,-0.9110923260310346,0.40851419716989784
493,2026-07-28T06:19:41.557697Z,moon,39.759062,-104.62011683333333,1672.4,183.81708022375958,24.096517259565086,400116.0640076543,-0.06077025407916791,-0.9108339710694016,0.40827497273908153
494,2026-07-28T06:21:11.581141Z,moon,39.759062,-104.62011683333333,1672.4,184.17834619788803,24.07973645415336,400115.6768200543,-0.06652078148668812,-0.9105519131687688,0.4080075968105194
495,2026-07-28T06:22:41.604585Z,moon,39.759062,-104.62011683333333,1672.4,184.53946607477766,24.06119208491673,400115.4676271998,-0.0722688337529631,-0.91024616178864,0.4077120805385039
496,2026-07-28T06:24:11.628028Z,moon,39.759062,-104.62011683333333,1672.4,184.90042455314114,24.040885689964615,400115.4363532277,-0.07801417294341982,-0.9099167274010966,0.40738843628118937
497,2026-07-28T06:25:41.651472Z,moon,39.759062,-104.62011683333333,1672.4,185.26120640160698,24.018818952510046,400115.582914911,-0.08375656142567506,-0.9095636214782898,0.4070366775874692
498,2026-07-28T06:27:11.674915Z,moon,39.759062,-104.62011683333333,1672.4,185.62179643572316,23.994993701842787,400115.90722156217,-0.08949576143353666,-0.9091868565180768,0.4066568192225595
499,2026-07-28T06:28:41.698359Z,moon,39.759062,-104.62011683333333,1672.4,185.9821795550195,23.96941191062729,400116.40917516686,-0.09523153558775059,-0.9087864460121923,0.40624887713583613
500,2026-07-28T06:30:11.721803Z,moon,39.759062,-104.62011683333333,1672.4,186.3423407199855,23.942075695942737,400117.0886703533,-0.10096364646122265,-0.9083624044740393,0.40581286848915354
501,2026-07-28T06:31:41.745246Z,moon,39.759062,-104.62011683333333,1672.4,186.70226496894702,23.912987317704115,400117.9455942606,-0.10669185678024547,-0.9079147474269794,0.40534881164422804
502,2026-07-28T06:33:11.768690Z,moon,39.759062,-104.62011683333333,1672.4,187.06193743495794,23.88214917676073,400118.9798268143,-0.11241592962682097,-0.9074434913870694,0.40485672614566187
503,2026-07-28T06:34:41.792133Z,moon,39.759062,-104.62011683333333,1672.4,187.42134332255975,23.84956381622359,400120.1912404635,-0.11813562800337964,-0.9069486538980938,0.40433663275627535
504,2026-07-28T06:36:11.815577Z,moon,39.759062,-104.62011683333333,1672.4,187.78046794451427,23.81523391774019,400121.5797003484,-0.12385071535298606,-0.906430253488661,0.403788553412594
505,2026-07-28T06:37:41.839021Z,moon,39.759062,-104.62011683333333,1672.4,188.1392966984353,23.779162302930942,400123.1450642087,-0.12956095512420265,-0.9058883097092661,0.40321251126346896
506,2026-07-28T06:39:11.862464Z,moon,39.759062,-104.62011683333333,1672.4,188.4978150834253,23.7413519312998,400124.88718250825,-0.1352661109737716,-0.9053228431158237,0.40260853065318053
507,2026-07-28T06:40:41.885908Z,moon,39.759062,-104.62011683333333,1672.4,188.8560087164489,23.701805897712802,400126.80589829345,-0.14096594696635167,-0.9047338752489529,0.4019766370983416
508,2026-07-28T06:42:11.909351Z,moon,39.759062,-104.62011683333333,1672.4,189.21386330889385,23.660527434222548,400128.90104735625,-0.1466602271419309,-0.9041214286772968,0.4013168573349504
509,2026-07-28T06:43:41.932795Z,moon,39.759062,-104.62011683333333,1672.4,189.57136470275174,23.617519905275824,400131.17245811794,-0.15234871603334807,-0.9034855269442762,0.4006292192604202
510,2026-07-28T06:45:11.956239Z,moon,39.759062,-104.62011683333333,1672.4,189.92849884700416,23.572786809609685,400133.6199516356,-0.1580311782336327,-0.902826194613798,0.39991375198317247
511,2026-07-28T06:46:41.979682Z,moon,39.759062,-104.62011683333333,1672.4,190.2852518137443,23.526331777610036,400136.24334175966,-0.16370737859708506,-0.902143457249874,0.39917048580038506
512,2026-07-28T06:48:12.003126Z,moon,39.759062,-104.62011683333333,1672.4,190.64160981407218,23.478158568305528,400139.0424349888,-0.16937708243814545,-0.9014373413915043,0.3983994521705046
513,2026-07-28T06:49:42.026569Z,moon,39.759062,-104.62011683333333,1672.4,190.99755917439154,23.42827107158961,400142.01703041757,-0.1750400551017426,-0.9007078746050609,0.397600683770052
514,2026-07-28T06:51:12.050013Z,moon,39.759062,-104.62011683333333,1672.4,191.35308637190337,23.37667330250268,400145.16692008806,-0.1806960624769547,-0.8999550854201401,0.3967742144239625
515,2026-07-28T06:52:42.073457Z,moon,39.759062,-104.62011683333333,1672.4,191.70817801071706,23.3233694035261,400148.4918885694,-0.18634487056752674,-0.8991790033843879,0.3959200791647611
516,2026-07-28T06:54:12.096900Z,moon,39.759062,-104.62011683333333,1672.4,192.0628208373778,23.268363641485013,400151.99171315075,-0.1919862456910226,-0.8983796590388397,0.3950383142060078
517,2026-07-28T06:55:42.120344Z,moon,39.759062,-104.62011683333333,1672.4,192.41700175627406,23.21166040403731,400155.66616407316,-0.1976199546776636,-0.8975570838885716,0.3941289569095906
518,2026-07-28T06:57:12.143787Z,moon,39.759062,-104.62011683333333,1672.4,192.7707078055064,23.153264202383202,400159.5150041113,-0.20324576444188405,-0.8967113104640428,0.39319204585328665
519,2026-07-28T06:58:42.167231Z,moon,39.759062,-104.62011683333333,1672.4,193.12392619174165,23.09317966456669,400163.5379889124,-0.20886344249380778,-0.8958423722463831,0.3922276207479639
520,2026-07-28T07:00:12.190675Z,moon,39.759062,-104.62011683333333,1672.4,193.47664426593255,23.031411538292748,400167.7348668406,-0.21447275651181474,-0.8949503037308573,0.3912357225078891
521,2026-07-28T07:01:42.214118Z,moon,39.759062,-104.62011683333333,1672.4,193.82884953828344,22.967964687337734,400172.10537906154,-0.2200734745410915,-0.8940351403981671,0.3902163932187384
522,2026-07-28T07:03:12.237562Z,moon,39.759062,-104.62011683333333,1672.4,194.18052969298495,22.902844087613552,400176.64925961976,-0.22566536519013436,-0.893096918681011,0.38916967610039577
523,2026-07-28T07:04:42.261005Z,moon,39.759062,-104.62011683333333,1672.4,194.53167256377378,22.836054830348072,400181.3662351351,-0.2312481972061301,-0.8921356760341889,0.3880956155845304
524,2026-07-28T07:06:12.284449Z,moon,39.759062,-104.62011683333333,1672.4,194.88226616799116,22.767602114511543,400186.25602540676,-0.2368217399822171,-0.8911514508492608,0.3869942572197328
525,2026-07-28T07:07:42.307893Z,moon,39.759062,-104.62011683333333,1672.4,195.23229868194852,22.69749125011606,400191.3183427411,-0.24238576313336876,-0.8901442825268977,0.3858656477518163
526,2026-07-28T07:09:12.331336Z,moon,39.759062,-104.62011683333333,1672.4,195.58175845525082,22.62572765421956,400196.55289235676,-0.2479400366934575,-0.8891142114439721,0.3847098350871871
527,2026-07-28T07:10:42.354780Z,moon,39.759062,-104.62011683333333,1672.4,195.93063402485419,22.55231684657575,400201.95937247446,-0.2534843313097803,-0.88806127891617,0.38352686825072624
528,2026-07-28T07:12:12.378223Z,moon,39.759062,-104.62011683333333,1672.4,196.27891409031457,22.477264453337398,400207.53747404023,-0.25901841782262724,-0.886985527276572,0.38231679747372393
529,2026-07-28T07:13:42.401667Z,moon,39.759062,-104.62011683333333,1672.4,196.62658754696952,22.400576198622915,400213.28688098234,-0.26454206776733247,-0.8858869997801511,0.3810796740865443
530,2026-07-28T07:15:12.425111Z,moon,39.759062,-104.62011683333333,1672.4,196.9736434609901,22.3222579083635,400219.2072700531,-0.2700550529543743,-0.8847657406845232,0.379815550609473
531,2026-07-28T07:16:42.448554Z,moon,39.759062,-104.62011683333333,1672.4,197.32007108302224,22.242315505894123,400225.2983108511,-0.2755571456645848,-0.8836217952132318,0.3785244807107358
532,2026-07-28T07:18:12.471998Z,moon,39.759062,-104.62011683333333,1672.4,197.66585986157958,22.16075500727014,400231.55966615304,-0.2810481188419236,-0.8824552095140532,0.37720651916016046
533,2026-07-28T07:19:42.495442Z,moon,39.759062,-104.62011683333333,1672.4,198.0109994217384,22.077582524563372,400237.99099139066,-0.286527745737148,-0.8812660307331663,0.3758617219119263
534,2026-07-28T07:21:12.518885Z,moon,39.759062,-104.62011683333333,1672.4,198.35547957837525,21.99280426129946,400244.59193505294,-0.2919958001018267,-0.8800543069756568,0.37449014606060116
535,2026-07-28T07:22:42.542329Z,moon,39.759062,-104.62011683333333,1672.4,198.69929034915523,21.906426507505365,400251.36213872023,-0.2974520563800852,-0.8788200872618306,0.373091849790862
536,2026-07-28T07:24:12.565772Z,moon,39.759062,-104.62011683333333,1672.4,199.04242192920188,21.8184556443436,400258.30123678735,-0.30289628929385365,-0.8775634216194405,0.3716668924824947
537,2026-07-28T07:25:42.589216Z,moon,39.759062,-104.62011683333333,1672.4,199.384864722968,21.72889813436542,400265.4088567928,-0.3083282743378333,-0.8762843609717414,0.370215334582727
538,2026-07-28T07:27:12.612660Z,moon,39.759062,-104.62011683333333,1672.4,199.72660931871928,21.637760526278655,400272.6846191671,-0.3137477873654588,-0.8749829572320746,0.36873723771364925
539,2026-07-28T07:28:42.636103Z,moon,39.759062,-104.62011683333333,1672.4,200.0676465011525,21.545049450047635,400280.1281374222,-0.3191546047817333,-0.8736592632602201,0.3672326646231582
540,2026-07-28T07:30:12.659547Z,moon,39.759062,-104.62011683333333,1672.4,200.40796726364968,21.450771611628692,400287.73901820945,-0.3245485037318913,-0.8723133328151106,0.3657016791298403
541,2026-07-28T07:31:42.682990Z,moon,39.759062,-104.62011683333333,1672.4,200.74756278270067,21.354933798192697,400295.5168610577,-0.3299292616918764,-0.8709452206552712,0.364144346238129
542,2026-07-28T07:33:12.706434Z,moon,39.759062,-104.62011683333333,1672.4,201.0864244488938,21.25754286766605,400303.4612588735,-0.3352966569572921,-0.8695549824167107,0.3625607319988446
543,2026-07-28T07:34:42.729878Z,moon,39.759062,-104.62011683333333,1672.4,201.4245438411372,21.158605754073957,400311.5717974586,-0.340650468234293,-0.8681426747160068,0.36095090362637217
544,2026-07-28T07:36:12.753321Z,moon,39.759062,-104.62011683333333,1672.4,201.76191273860402,21.05812946233824,400319.8480556139,-0.3459904748299869,-0.8667083551029182,0.3593149294445111
545,2026-07-28T07:37:42.776765Z,moon,39.759062,-104.62011683333333,1672.4,202.0985231323583,20.956121062812507,400328.28960570274,-0.35131645683895985,-0.8652520820086643,0.35765287882776897
546,2026-07-28T07:39:12.800208Z,moon,39.759062,-104.62011683333333,1672.4,202.43436719949128,20.852587697050364,400336.89601281076,-0.3566281947382396,-0.863773914855319,0.35596482232554993
547,2026-07-28T07:40:42.823652Z,moon,39.759062,-104.62011683333333,1672.4,202.7694373333045,20.747536566682054,400345.66683553957,-0.3619254698706311,-0.8622739139233199,0.3542508315110666
548,2026-07-28T07:42:12.847096Z,moon,39.759062,-104.62011683333333,1672.4,203.10372611731134,20.640974939362902,400354.6016255039,-0.36720806404080675,-0.8607521404629098,0.35251097910834217
549,2026-07-28T07:43:42.870539Z,moon,39.759062,-104.62011683333333,1672.4,203.43722633650344,20.53291014335401,400363.6999274285,-0.37247575970244323,-0.8592086566430133,0.3507453389338144
550,2026-07-28T07:45:12.893983Z,moon,39.759062,-104.62011683333333,1672.4,203.7699309884004,20.423349561791607,400372.9612796776,-0.377728340142954,-0.857643525495583,0.3489539858324535
551,2026-07-28T07:46:42.917426Z,moon,39.759062,-104.62011683333333,1672.4,204.1018332569971,20.312300639104368,400382.3852134409,-0.3829655890837823,-0.8560568110330876,0.3471369958122761
552,2026-07-28T07:48:12.940870Z,moon,39.759062,-104.62011683333333,1672.4,204.43292654208093,20.1997708692265,400391.9712535626,-0.38818729115648026,-0.8544485781065324,0.34529444588107544
553,2026-07-28T07:49:42.964314Z,moon,39.759062,-104.62011683333333,1672.4,204.76320443312807,20.085767802199754,400401.71891792933,-0.3933932315051643,-0.8528188925245909,0.34342641418367126
554,2026-07-28T07:51:12.987757Z,moon,39.759062,-104.62011683333333,1672.4,205.09266071993278,19.970299038517474,400411.6277176955,-0.3985831959703816,-0.8511678209991183,0.34153297993846704
555,2026-07-28T07:52:43.011201Z,moon,39.759062,-104.62011683333333,1672.4,205.42128940309829,19.853372223214492,400421.69715771923,-0.4037569712713612,-0.8494954310854327,0.3396142233693285
556,2026-07-28T07:54:13.034644Z,moon,39.759062,-104.62011683333333,1672.4,205.74908466784447,19.734995052911962,400431.92673580407,-0.40891434461195136,-0.8478017913080653,0.3376702258497392
557,2026-07-28T07:55:43.058088Z,moon,39.759062,-104.62011683333333,1672.4,206.07604091255627,19.615175263442254,400442.315943585,-0.4140551041498074,-0.8460869710088454,0.335701069728068
558,2026-07-28T07:57:13.081532Z,moon,39.759062,-104.62011683333333,1672.4,206.4021527225422,19.493920637063123,400452.86426572147,-0.4191790386043134,-0.8443510404745165,0.33370683847407895
559,2026-07-28T07:58:43.104975Z,moon,39.759062,-104.62011683333333,1672.4,206.7274148801572,19.371238996649982,400463.571180326,-0.42428593743811693,-0.8425940708780851,0.33168761661140567
560,2026-07-28T08:00:13.128419Z,moon,39.759062,-104.62011683333333,1672.4,207.0518223747513,19.247138199611513,400474.4361593857,-0.4293755910363024,-0.8408161342154313,0.3296434896448643
561,2026-07-28T08:01:43.151862Z,moon,39.759062,-104.62011683333333,1672.4,207.37537037639393,19.12162614554875,400485.4586677822,-0.4344477903183023,-0.8390173034393835,0.32757454421375576
562,2026-07-28T08:03:13.175306Z,moon,39.759062,-104.62011683333333,1672.4,207.69805426369757,18.994710763368197,400496.63816450967,-0.43950232719964777,-0.8371976522977953,0.325480867906477
563,2026-07-28T08:04:43.198750Z,moon,39.759062,-104.62011683333333,1672.4,208.01986959751574,18.866400019108834,400507.9741016452,-0.44453899420594456,-0.8353572554694907,0.3233625494160496
564,2026-07-28T08:06:13.222193Z,moon,39.759062,-104.62011683333333,1672.4,208.34081213062285,18.736701909968104,400519.46592477354,-0.44955758465216955,-0.8334961885015914,0.3212196784679094
565,2026-07-28T08:07:43.245637Z,moon,39.759062,-104.62011683333333,1672.4,208.66087781711673,18.6056244581155,400531.1130735363,-0.45455789281763564,-0.8316145277427303,0.31905234574349506
566,2026-07-28T08:09:13.269080Z,moon,39.759062,-104.62011683333333,1672.4,208.98006278617976,18.473175718979654,400542.9149806303,-0.45953971356504847,-0.8297123504848626,0.3168606430427071
567,2026-07-28T08:10:43.292524Z,moon,39.759062,-104.62011683333333,1672.4,209.29836336921156,18.339363767819282,400554.8710728985,-0.4645028427943171,-0.827789734791921,0.31464466308698025
568,2026-07-28T08:12:13.315968Z,moon,39.759062,-104.62011683333333,1672.4,209.615776073547,18.204196708203817,400566.98077042395,-0.46944707706309274,-0.8258467596436491,0.3124044996843094
569,2026-07-28T08:13:43.339411Z,moon,39.759062,-104.62011683333333,1672.4,209.93229759168614,18.067682665937255,400579.2434869587,-0.47437221376263966,-0.8238835048692236,0.3101402476531169
570,2026-07-28T08:15:13.362855Z,moon,39.759062,-104.62011683333333,1672.4,210.24792481026861,17.929829782718773,400591.6586303482,-0.4792780512895482,-0.8219000510770478,0.30785200274099167
571,2026-07-28T08:16:43.386299Z,moon,39.759062,-104.62011683333333,1672.4,210.56265478742748,17.790646223537923,400604.2256019146,-0.48416438872637185,-0.8198964797815911,0.3055398617708882
572,2026-07-28T08:18:13.409742Z,moon,39.759062,-104.62011683333333,1672.4,210.87648476177586,17.650140170500944,400616.9437965187,-0.4890310260154952,-0.8178728733350286,0.3032039225619226
573,2026-07-28T08:19:43.433186Z,moon,39.759062,-104.62011683333333,1672.4,211.1894121611489,17.508319816448736,400629.8126033356,-0.49387776412866347,-0.8158293148548391,0.3008442838459062
574,2026-07-28T08:21:13.456629Z,moon,39.759062,-104.62011683333333,1672.4,211.50143457652595,17.365193374297885,400642.831404742,-0.4987044046976359,-0.8137658883776541,0.29846104544496976
575,2026-07-28T08:22:43.480073Z,moon,39.759062,-104.62011683333333,1672.4,211.81254978812171,17.220769062803946,400655.99957761605,-0.5035107504537913,-0.8116826786735263,0.296054308056527
576,2026-07-28T08:24:13.503517Z,moon,39.759062,-104.62011683333333,1672.4,212.12275573929054,17.075055116105318,400669.31649216695,-0.508296604860203,-0.8095797714018431,0.2936241734335411
577,2026-07-28T08:25:43.526960Z,moon,39.759062,-104.62011683333333,1672.4,212.43205054517733,16.928059777454596,400682.78151252534,-0.5130617722822488,-0.8074572530392545,0.29117074430117335
578,2026-07-28T08:27:13.550404Z,moon,39.759062,-104.62011683333333,1672.4,212.7404325011099,16.7797912927183,400696.3939971308,-0.5178060581534677,-0.8053152108039958,0.2886941242687203
579,2026-07-28T08:28:43.573847Z,moon,39.759062,-104.62011683333333,1672.4,213.04790005671913,16.630257920373403,400710.15329794,-0.5225292686141804,-0.8031537328168815,0.2861944180165631
580,2026-07-28T08:30:13.597291Z,moon,39.759062,-104.62011683333333,1672.4,213.35445184140147,16.479467916810933,400724.05876129464,-0.5272312109410084,-0.8009729079071731,0.2836717310702725
581,2026-07-28T08:31:43.620735Z,moon,39.759062,-104.62011683333333,1672.4,213.6600866384819,16.32742954651908,400738.1097272312,-0.5319116931875943,-0.7987728257753334,0.2811261699899094
582,2026-07-28T08:33:13.644178Z,moon,39.759062,-104.62011683333333,1672.4,213.96480339350802,16.174151075718925,400752.3055296702,-0.5365705243507932,-0.7965535769180255,0.27855784228237784
583,2026-07-28T08:34:43.667622Z,moon,39.759062,-104.62011683333333,1672.4,214.26860122239077,16.019640765808163,400766.6454972533,-0.5412075145331937,-0.7943152525486052,0.27596685630968126
584,2026-07-28T08:36:13.691065Z,moon,39.759062,-104.62011683333333,1672.4,214.57147938572433,15.86390688393125,400781.128951918,-0.5458224745895051,-0.7920579447658841,0.2733533214838127
585,2026-07-28T08:37:43.714509Z,moon,39.759062,-104.62011683333333,1672.4,214.87343731374187,15.706957687924715,400795.75521044864,-0.5504152165463801,-0.7897817463508298,0.27071734803154945
586,2026-07-28T08:39:13.737953Z,moon,39.759062,-104.62011683333333,1672.4,215.17447458070976,15.54880143706438,400810.5235832771,-0.5549855532511698,-0.7874867509369672,0.26805904719153206
587,2026-07-28T08:40:43.761396Z,moon,39.759062,-104.62011683333333,1672.4,215.4745909129745,15.389446385660847,400825.4333750096,-0.5595332985342688,-0.7851730529318173,0.2653785311231684
588,2026-07-28T08:42:13.784840Z,moon,39.759062,-104.62011683333333,1672.4,215.77378619687735,15.228900776403878,400840.48388497636,-0.5640582673679359,-0.7828407474340467,0.262675912810416
589,2026-07-28T08:43:43.808283Z,moon,39.759062,-104.62011683333333,1672.4,216.0720604533158,15.067172851580667,400855.67440606834,-0.5685602755204716,-0.7804899304095759,0.2599513062658865
590,2026-07-28T08:45:13.831727Z,moon,39.759062,-104.62011683333333,1672.4,216.3694138622641,14.904270837577796,400871.0042261478,-0.5730391399665473,-0.778120698479482,0.2572048262848171
591,2026-07-28T08:46:43.855171Z,moon,39.759062,-104.62011683333333,1672.4,216.66584673741357,14.740202956255958,400886.4726268392,-0.5774946785436916,-0.7757331490978999,0.2544365886510304
592,2026-07-28T08:48:13.878614Z,moon,39.759062,-104.62011683333333,1672.4,216.961359534058,14.574977418472741,400902.0788841185,-0.5819267101112858,-0.7733273804697371,0.25164671004181605
593,2026-07-28T08:49:43.902058Z,moon,39.759062,-104.62011683333333,1672.4,217.25595285677707,14.40860241736541,400917.8222689062,-0.5863350547047591,-0.7709034914649282,0.2488353079278548
594,2026-07-28T08:51:13.925501Z,moon,39.759062,-104.62011683333333,1672.4,217.54962743433518,14.241086140161196,400933.70204572426,-0.5907195331987317,-0.7684615818013777,0.24600250078565652
595,2026-07-28T08:52:43.948945Z,moon,39.759062,-104.62011683333333,1672.4,217.84238414374323,14.07243675229958,400949.7174743182,-0.5950799677063981,-0.7660017518247444,0.24314840784174316
596,2026-07-28T08:54:13.972389Z,moon,39.759062,-104.62011683333333,1672.4,218.13422398528436,13.902662409382568,400965.8678082745,-0.5994161812455256,-0.7635241026928277,0.24027314928668903
597,2026-07-28T08:55:43.995832Z,moon,39.759062,-104.62011683333333,1672.4,218.42514809016888,13.731771250635754,400982.1522957646,-0.6037279978924345,-0.7610287362907153,0.23737684617617918
598,2026-07-28T08:57:14.019276Z,moon,39.759062,-104.62011683333333,1672.4,218.71515772810417,13.559771392155088,400998.5701800326,-0.6080152429324085,-0.7585157551413899,0.23445962032753384
599,2026-07-28T08:58:44.042719Z,moon,39.759062,-104.62011683333333,1672.4,219.00425428254255,13.386670939263345,401015.1206981049,-0.6122777425318697,-0.7559852625956598,0.23152159453979398
600,2026-07-28T09:00:14.066163Z,moon,39.759062,-104.62011683333333,1672.4,219.29243927432807,13.21247797028567,401031.80308236246,-0.6165153241264346,-0.7534373626039679,0.22856289232868535
601,2026-07-28T09:01:44.089607Z,moon,39.759062,-104.62011683333333,1672.4,219.57971433710037,13.037200549052528,401048.61655924,-0.6207278160962011,-0.7508721599074965,0.22558363814845214
602,2026-07-28T09:03:14.113050Z,moon,39.759062,-104.62011683333333,1672.4,219.8660812248507,12.860846718307974,401065.5603498738,-0.62491504791583,-0.7482897599498429,0.2225839572892945
603,2026-07-28T09:04:44.136494Z,moon,39.759062,-104.62011683333333,1672.4,220.15154181931433,12.683424492895215,401082.6336706866,-0.6290768502997623,-0.7456902687852,0.2195639757701309
604,2026-07-28T09:06:14.159937Z,moon,39.759062,-104.62011683333333,1672.4,220.43609810562663,12.50494187269858,401099.8357319562,-0.633213054883994,-0.7430737932745997,0.21652382056710875
605,2026-07-28T09:07:44.183381Z,moon,39.759062,-104.62011683333333,1672.4,220.71975219565667,12.325406826009582,401117.1657396307,-0.637323494603474,-0.740440440849494,0.21346361933833738
606,2026-07-28T09:09:14.206825Z,moon,39.759062,-104.62011683333333,1672.4,221.00250630372253,12.144827302619314,401134.6228938012,-0.6414080033756282,-0.7377903197102478,0.21038350065425898
607,2026-07-28T09:10:44.230268Z,moon,39.759062,-104.62011683333333,1672.4,221.2843627541101,11.963211227159182,401152.20638944436,-0.6454664162468209,-0.7351235387341319,0.2072835938912989
608,2026-07-28T09:12:14.253712Z,moon,39.759062,-104.62011683333333,1672.4,221.56532398834287,11.780566492231964,401169.9154169084,-0.6494985695325559,-0.7324402073809254,0.2041640291210735
609,2026-07-28T09:13:44.277156Z,moon,39.759062,-104.62011683333333,1672.4,221.84539254440247,11.596900969825805,401187.74916098604,-0.6535043005539547,-0.729740435865017,0.20102493731132304
610,2026-07-28T09:15:14.300599Z,moon,39.759062,-104.62011683333333,1672.4,222.1245710641171,11.412222504599375,401205.7068012832,-0.6574834477804383,-0.7270243350626155,0.1978664502170825
611,2026-07-28T09:16:44.324043Z,moon,39.759062,-104.62011683333333,1672.4,222.40286230044993,11.22653890700408,401223.78751306684,-0.6614358509678185,-0.724292016414891,0.19468870026821983
612,2026-07-28T09:18:14.347486Z,moon,39.759062,-104.62011683333333,1672.4,222.68026909380762,11.039857967061726,401241.99046577414,-0.6653613508555962,-0.7215435921345972,0.19149182080997218
613,2026-07-28T09:19:44.370930Z,moon,39.759062,-104.62011683333333,1672.4,222.9567943948422,10.852187437183229,401260.3148247183,-0.6692597895250766,-0.7187791749577492,0.188275945813339
614,2026-07-28T09:21:14.394374Z,moon,39.759062,-104.62011683333333,1672.4,223.23244124087287,10.663535046101515,401278.7597496974,-0.6731310100990565,-0.7159988783519298,0.18504121011764463
615,2026-07-28T09:22:44.417817Z,moon,39.759062,-104.62011683333333,1672.4,223.50721276328423,10.473908492096562,401297.3243955549,-0.676974856880697,-0.7132028164198257,0.18178774931823152
616,2026-07-28T09:24:14.441261Z,moon,39.759062,-104.62011683333333,1672.4,223.7811121947182,10.283315436078276,401316.0079130541,-0.6807911754861778,-0.7103911038000799,0.17851569965090527
617,2026-07-28T09:25:44.464704Z,moon,39.759062,-104.62011683333333,1672.4,224.05414284583267,10.091763515814979,401334.8094471523,-0.6845798125524746,-0.7075638558799795,0.17522519823893587
618,2026-07-28T09:27:14.488148Z,moon,39.759062,-104.62011683333333,1672.4,224.32630812781878,9.899260328488483,401353.7281390124,-0.6883406160829828,-0.7047211885397212,0.1719163827960045
619,2026-07-28T09:28:44.511592Z,moon,39.759062,-104.62011683333333,1672.4,224.59761152926367,9.705813445081134,401372.76312439254,-0.6920734351575625,-0.7018632183668788,0.1685893918753443
620,2026-07-28T09:30:14.535035Z,moon,39.759062,-104.62011683333333,1672.4,224.86805662350906,9.51143040352216,401391.91353432555,-0.6957781200666078,-0.6989900625571857,0.16524436475377552
621,2026-07-28T09:31:44.558479Z,moon,39.759062,-104.62011683333333,1672.4,225.13764707579514,9.316118701769865,401411.17849585525,-0.699454522438438,-0.6961018388127993,0.161881441313871
622,2026-07-28T09:33:14.581922Z,moon,39.759062,-104.62011683333333,1672.4,225.40638662049628,9.119885812478445,401430.5571305703,-0.7031024949580251,-0.6931986655605754,0.15850076229733923
623,2026-07-28T09:34:44.605366Z,moon,39.759062,-104.62011683333333,1672.4,225.67427908334028,8.922739165233912,401450.04855625716,-0.706721891699495,-0.6902806616897754,0.1551024689997334
624,2026-07-28T09:36:14.628810Z,moon,39.759062,-104.62011683333333,1672.4,225.9413283587515,8.7246861614093,401469.6518856288,-0.7103125678471232,-0.6873479467719945,0.1516867035265427
625,2026-07-28T09:37:44.652253Z,moon,39.759062,-104.62011683333333,1672.4,226.2075384171347,8.52573416729483,401489.36622681085,-0.7138743798237334,-0.684400640959796,0.14825360867479875
626,2026-07-28T09:39:14.675697Z,moon,39.759062,-104.62011683333333,1672.4,226.4729133120674,8.325890507047715,401509.190684129,-0.7174071854139381,-0.6814388648817686,0.1448033278108554
627,2026-07-28T09:40:44.699140Z,moon,39.759062,-104.62011683333333,1672.4,226.73745715795272,8.125162477862457,401529.12435666705,-0.7209108434931359,-0.6784627398667605,0.14133600513140207
628,2026-07-28T09:42:14.722584Z,moon,39.759062,-104.62011683333333,1672.4,227.0011741519709,7.923557331900424,401549.16633989994,-0.7243852143467009,-0.6754723876751804,0.13785178535033507
629,2026-07-28T09:43:44.746028Z,moon,39.759062,-104.62011683333333,1672.4,227.2640685519057,7.721082291558019,401569.3157243441,-0.7278301594022657,-0.6724679307242067,0.1343508139609735
630,2026-07-28T09:45:14.769471Z,moon,39.759062,-104.62011683333333,1672.4,227.52614468342267,7.517744542543667,401589.5715962019,-0.7312455413530783,-0.6694494919837611,0.1308332371147623
631,2026-07-28T09:46:44.792915Z,moon,39.759062,-104.62011683333333,1672.4,227.7874069472248,7.313551226799995,401609.9330380905,-0.7346312242755859,-0.6664171948694542,0.12729920149663865
632,2026-07-28T09:48:14.816358Z,moon,39.759062,-104.62011683333333,1672.4,228.04785979716738,7.108509458065591,401630.3991274892,-0.73798707336969,-0.6633711634721858,0.12374885459186363
633,2026-07-28T09:49:44.839802Z,moon,39.759062,-104.62011683333333,1672.4,228.30750776200043,6.902626303513442,401650.96893854917,-0.7413129552647949,-0.6603115222827679,0.1201823443655099
634,2026-07-28T09:51:14.863246Z,moon,39.759062,-104.62011683333333,1672.4,228.56635542362258,6.6959087994566096,401671.641540644,-0.7446087377629037,-0.6572383964227848,0.1165998195313418
635,2026-07-28T09:52:44.886689Z,moon,39.759062,-104.62011683333333,1672.4,228.82440742435998,6.488363944341808,401692.4159990253,-0.7478742899568274,-0.6541519115381134,0.11300142942725874
636,2026-07-28T09:54:14.910133Z,moon,39.759062,-104.62011683333333,1672.4,229.0816684741296,6.279998691613374,401713.2913754783,-0.7511094823424649,-0.6510521936894766,0.10938732388789318
637,2026-07-28T09:55:44.933576Z,moon,39.759062,-104.62011683333333,1672.4,229.33814332901264,6.070819965701655,401734.26672694134,-0.7543141865704691,-0.6479393695870809,0.10575765351797312
638,2026-07-28T09:57:14.957020Z,moon,39.759062,-104.62011683333333,1672.4,229.59383681275986,5.860834643348755,401755.34110725723,-0.7574882757384046,-0.6448135663094319,0.10211256936425857
639,2026-07-28T09:58:44.980464Z,moon,39.759062,-104.62011683333333,1672.4,229.8487537955048,5.650049569709745,401776.5135655854,-0.7606316241453793,-0.641674911539183,0.09845222319046024
640,2026-07-28T10:00:15.003907Z,moon,39.759062,-104.62011683333333,1672.4,230.10289920104825,5.43847155130419,401797.7831472079,-0.7637441074048905,-0.6385235334542749,0.09477676735030906
641,2026-07-28T10:01:45.027351Z,moon,39.759062,-104.62011683333333,1672.4,230.3562780140324,5.226107348784211,401819.148894199,-0.766825602551694,-0.6353595606163079,0.09108635465690545
642,2026-07-28T10:03:15.050794Z,moon,39.759062,-104.62011683333333,1672.4,230.6088952589403,5.0129636933421615,401840.6098438911,-0.7698759878048259,-0.6321831222103095,0.08738113866257725
643,2026-07-28T10:04:45.074238Z,moon,39.759062,-104.62011683333333,1672.4,230.86075602142068,4.799047267734006,401862.1650308143,-0.7728951428460682,-0.6289943477574502,0.08366127332365708
644,2026-07-28T10:06:15.097682Z,moon,39.759062,-104.62011683333333,1672.4,231.11186542742087,4.584364722759499,401883.81348493195,-0.7758829485859937,-0.6257933673560611,0.0799269132812368
645,2026-07-28T10:07:45.121125Z,moon,39.759062,-104.62011683333333,1672.4,231.3622286505121,4.368922670128108,401905.5542326655,-0.7788392872717247,-0.622580311570149,0.0761782137312762
646,2026-07-28T10:09:15.144569Z,moon,39.759062,-104.62011683333333,1672.4,231.61185091903062,4.152727675208191,401927.386297283,-0.7817640425876446,-0.6193553113162854,0.07241533029221547
647,2026-07-28T10:10:45.168013Z,moon,39.759062,-104.62011683333333,1672.4,231.8607374983069,3.9357862713511493,401949.30869787827,-0.7846570994626482,-0.6161184980716159,0.0686384192478256
648,2026-07-28T10:12:15.191456Z,moon,39.759062,-104.62011683333333,1672.4,232.10889369799492,3.7181049526987326,401971.3204498677,-0.7875183441745449,-0.6128700037611662,0.06484763741549418
649,2026-07-28T10:13:45.214900Z,moon,39.759062,-104.62011683333333,1672.4,232.3563248792303,3.4996901669035854,401993.4205659185,-0.7903476644474464,-0.6096099606434419,0.061043142012578565
650,2026-07-28T10:15:15.238343Z,moon,39.759062,-104.62011683333333,1672.4,232.60303643433673,3.2805483320641056,402015.60805414827,-0.7931449492340797,-0.6063385015574102,0.05722509094430227
651,2026-07-28T10:16:45.261787Z,moon,39.759062,-104.62011683333333,1672.4,232.84903380786093,3.060685817330312,402037.88192028354,-0.7959100889714247,-0.603055759626332,0.053393642458692485
652,2026-07-28T10:18:15.285231Z,moon,39.759062,-104.62011683333333,1672.4,233.09432247635857,2.8401089599345086,402060.2411658628,-0.7986429753655723,-0.5997618685065299,0.0495489554358303
653,2026-07-28T10:19:45.308674Z,moon,39.759062,-104.62011683333333,1672.4,233.33890795575385,2.618824057956115,402082.68478904536,-0.8013435014906415,-0.5964569622724307,0.04569118925419248
654,2026-07-28T10:21:15.332118Z,moon,39.759062,-104.62011683333333,1672.4,233.5827958085366,2.3968373629582302,402105.2117853711,-0.8040115618806686,-0.5931411753000289,0.041820503654409334
655,2026-07-28T10:22:45.355561Z,moon,39.759062,-104.62011683333333,1672.4,233.8259916238804,2.174155097262138,402127.82114620524,-0.8066470523240492,-0.589814642518218,0.03793705903241989
656,2026-07-28T10:24:15.379005Z,moon,39.759062,-104.62011683333333,1672.4,234.06850103846847,1.9507834342692274,402150.51186057593,-0.8092498701041807,-0.5864774991080669,0.034041016088156635
657,2026-07-28T10:25:45.402449Z,moon,39.759062,-104.62011683333333,1672.4,234.3103297167411,1.7267285158528625,402173.2829136175,-0.8118199137970619,-0.5831298807551201,0.030132536120455293
658,2026-07-28T10:27:15.425892Z,moon,39.759062,-104.62011683333333,1672.4,234.55148335823313,1.5019964450145336,402196.13328717224,-0.8143570833641016,-0.5797719235330944,0.02621178089046028
659,2026-07-28T10:28:45.449336Z,moon,39.759062,-104.62011683333333,1672.4,234.7919677048095,1.2765932784735907,402219.06196090893,-0.8168612802383536,-0.5764037637853401,0.02227891248360062
660,2026-07-28T10:30:15.472779Z,moon,39.759062,-104.62011683333333,1672.4,235.03178852119228,1.050525044260283,402242.0679103368,-0.819332407131412,-0.5730255383801248,0.018334093607656646
661,2026-07-28T10:31:45.496223Z,moon,39.759062,-104.62011683333333,1672.4,235.27095161560385,0.8237977217647551,402265.1501089059,-0.8217703682590005,-0.5696373844054271,0.014377487235617482
662,2026-07-28T10:33:15.519667Z,moon,39.759062,-104.62011683333333,1672.4,235.50946282041474,0.5964172594351681,402288.3075263481,-0.824175069151039,-0.5662394394251954,0.010409256905306235
663,2026-07-28T10:34:45.543110Z,moon,39.759062,-104.62011683333333,1672.4,235.74732799951968,0.36838956738308115,402311.5391295022,-0.826546416738834,-0.5628318413609645,0.006429566581016237
664,2026-07-28T10:36:15.566554Z,moon,39.759062,-104.62011683333333,1672.4,235.9845530555724,0.1397205098889969,402334.8438830376,-0.828884319435182,-0.5594147283720331,0.002438580513214229
665,2026-07-28T10:37:45.589997Z,moon,39.759062,-104.62011683333333,1672.4,236.22114391089818,-0.08958407671680188,402358.2207476599,-0.8311886869538189,-0.5559882391145767,-0.001563536459017758
666,2026-07-28T10:39:15.613441Z,moon,39.759062,-104.62011683333333,1672.4,236.4571065280216,-0.3195184042283761,402381.6686824302,-0.8334594305203072,-0.5525525124314288,-0.005576619269846831
667,2026-07-28T10:40:45.636885Z,moon,39.759062,-104.62011683333333,1672.4,236.69244689064246,-0.5500767145984149,402405.1866428324,-0.8356964626941872,-0.549107687612884,-0.00960050232303001
668,2026-07-28T10:42:15.660328Z,moon,39.759062,-104.62011683333333,1672.4,236.92717101107107,-0.7812532874074424,402428.77358153183,-0.8378996974506582,-0.5456539042760733,-0.013635019632310758
669,2026-07-28T10:43:45.683772Z,moon,39.759062,-104.62011683333333,1672.4,237.16128493746703,-1.0130424474018827,402452.4284494251,-0.8400690502545144,-0.5421913022439423,-0.01768000496312519
670,2026-07-28T10:45:15.707215Z,moon,39.759062,-104.62011683333333,1672.4,237.3947947351521,-1.2454385463609967,402476.1501936248,-0.8422044378926061,-0.5387200218074882,-0.021735291526426368
671,2026-07-28T10:46:45.730659Z,moon,39.759062,-104.62011683333333,1672.4,237.62770650693977,-1.4784359834928142,402499.9377597762,-0.8443057786689302,-0.5352402034122078,-0.025800712345009413
672,2026-07-28T10:48:15.754103Z,moon,39.759062,-104.62011683333333,1672.4,237.86002637454473,-1.7120291872159077,402523.79009011376,-0.8463729922402056,-0.5317519879214095,-0.029876099946108927
673,2026-07-28T10:49:45.777546Z,moon,39.759062,-104.62011683333333,1672.4,238.0917604859812,-1.9462126226756082,402547.7061244326,-0.8484059996910356,-0.528255516494908,-0.033961286503200495
674,2026-07-28T10:51:15.800990Z,moon,39.759062,-104.62011683333333,1672.4,238.3229150228677,-2.1809807993676644,402571.6848008547,-0.8504047236021853,-0.5247509304660422,-0.03805610397969958
675,2026-07-28T10:52:45.824433Z,moon,39.759062,-104.62011683333333,1672.4,238.5534961820781,-2.4163282527324217,402595.7250539692,-0.852369087895765,-0.5212383716074619,-0.04216038381873451
676,2026-07-28T10:54:15.847877Z,moon,39.759062,-104.62011683333333,1672.4,238.78351019594993,-2.652249564812876,402619.8258170975,-0.8542990180149771,-0.5177179818135657,-0.04627395731439588
677,2026-07-28T10:55:45.871321Z,moon,39.759062,-104.62011683333333,1672.4,239.01296331402665,-2.8887393457131463,402643.9860204605,-0.8561944407724894,-0.5141899033673428,-0.05039665529940347
678,2026-07-28T10:57:15.894764Z,moon,39.759062,-104.62011683333333,1672.4,239.2418618104891,-3.1257922412567214,402668.2045919947,-0.858055284419626,-0.5106542788174834,-0.05452830828982947
679,2026-07-28T10:58:45.918208Z,moon,39.759062,-104.62011683333333,1672.4,239.47021199149376,-3.363402940648719,402692.4804580879,-0.8598814787086112,-0.5071112508540678,-0.058668746629826726
680,2026-07-28T11:00:15.941651Z,moon,39.759062,-104.62011683333333,1672.4,239.6980201771654,-3.6015661578107214,402716.8125420485,-0.8616729547508098,-0.5035609625773728,-0.06281780017764532
681,2026-07-28T11:01:45.965095Z,moon,39.759062,-104.62011683333333,1672.4,239.92529272167178,-3.840276652264562,402741.1997659818,-0.8634296451807625,-0.5000035571769693,-0.06697529868093081
682,2026-07-28T11:03:15.988539Z,moon,39.759062,-104.62011683333333,1672.4,240.15203599530383,-4.079529210396749,402765.6410491026,-0.8651514840176304,-0.49643917820148065,-0.07114107146178172
683,2026-07-28T11:04:46.011982Z,moon,39.759062,-104.62011683333333,1672.4,240.37825639194392,-4.3193186531056496,402790.1353085853,-0.866838406728458,-0.49286796943427263,-0.07531494756159055
684,2026-07-28T11:06:16.035426Z,moon,39.759062,-104.62011683333333,1672.4,240.60396033643082,-4.55963984359269,402814.6814604246,-0.8684903502841778,-0.4892900747680377,-0.07949675588823829
685,2026-07-28T11:07:46.058869Z,moon,39.759062,-104.62011683333333,1672.4,240.8291542668653,-4.800487668446539,402839.27841752925,-0.8701072530309407,-0.4857056384765557,-0.08368632489858649
686,2026-07-28T11:09:16.082313Z,moon,39.759062,-104.62011683333333,1672.4,241.05384465458928,-5.041857058734818,402863.9250919655,-0.8716890548385308,-0.4821148048903834,-0.08788348297727222
687,2026-07-28T11:10:46.105757Z,moon,39.759062,-104.62011683333333,1672.4,241.27803798658567,-5.2837429710381825,402888.62039318075,-0.8732356969750157,-0.4785177186693322,-0.09208805811860989
688,2026-07-28T11:12:16.129200Z,moon,39.759062,-104.62011683333333,1672.4,241.5017407729507,-5.526140395179869,402913.3632286413,-0.8747471221636587,-0.4749145246773498,-0.09629987807304925
689,2026-07-28T11:13:46.152644Z,moon,39.759062,-104.62011683333333,1672.4,241.72495955433217,-5.769044362077977,402938.15250498196,-0.8762232746330442,-0.47130536785550586,-0.10051877049552124
690,2026-07-28T11:15:16.176088Z,moon,39.759062,-104.62011683333333,1672.4,241.94770088699659,-6.0124499273052825,402962.9871261771,-0.8776641000173775,-0.4676903934563703,-0.1047445626718269
691,2026-07-28T11:16:46.199531Z,moon,39.759062,-104.62011683333333,1672.4,242.16997135034623,-6.256352178865941,402987.865994615,-0.8790695454098951,-0.4640697469178634,-0.10897708166596634
692,2026-07-28T11:18:16.222975Z,moon,39.759062,-104.62011683333333,1672.4,242.3917775543439,-6.500746245072063,403012.7880117768,-0.8804395594089718,-0.46044357373625006,-0.11321615446890047
693,2026-07-28T11:19:46.246418Z,moon,39.759062,-104.62011683333333,1672.4,242.6131261223164,-6.745627275290498,403037.75207643694,-0.8817740920108657,-0.4568120197416141,-0.11746160767672453
694,2026-07-28T11:21:16.269862Z,moon,39.759062,-104.62011683333333,1672.4,242.83402371077182,-6.990990461364494,403062.7570869249,-0.8830730947325338,-0.4531752307693059,-0.12171326787450738
695,2026-07-28T11:22:46.293306Z,moon,39.759062,-104.62011683333333,1672.4,243.0544769922665,-7.236831018305158,403087.80193920934,-0.8843365205075636,-0.44953335293640634,-0.12597096131381952
696,2026-07-28T11:24:16.316749Z,moon,39.759062,-104.62011683333333,1672.4,243.2744926629799,-7.48314419213739,403112.88552782417,-0.8855643237335374,-0.44588653251426136,-0.13023451406125466
697,2026-07-28T11:25:46.340193Z,moon,39.759062,-104.62011683333333,1672.4,243.49407745015085,-7.729925267809925,403138.0067466925,-0.8867564603117096,-0.44223491580114527,-0.1345037521476675
698,2026-07-28T11:27:16.363636Z,moon,39.759062,-104.62011683333333,1672.4,243.71323809520857,-7.9771695497805375,403163.16448722803,-0.8879128875534528,-0.43857864939914154,-0.13877850124466098
699,2026-07-28T11:28:46.387080Z,moon,39.759062,-104.62011683333333,1672.4,243.93198137346087,-8.22487238360475,403188.3576406372,-0.889033564286646,-0.43491787988409036,-0.14305858705058558
700,2026-07-28T11:30:16.410524Z,moon,39.759062,-104.62011683333333,1672.4,244.15031407729816,-8.47302913643299,403213.58509604266,-0.8901184507655086,-0.4312527540832279,-0.14734383496584458
701,2026-07-28T11:31:46.433967Z,moon,39.759062,-104.62011683333333,1672.4,244.36824302375456,-8.721635204922848,403238.845741242,-0.891167508711296,-0.4275834189477086,-0.15163407024244396
702,2026-07-28T11:33:16.457411Z,moon,39.759062,-104.62011683333333,1672.4,244.5857750620488,-8.97068602322433,403264.1384637141,-0.8921807013461066,-0.4239100214236803,-0.1559291181343121
703,2026-07-28T11:34:46.480854Z,moon,39.759062,-104.62011683333333,1672.4,244.80291705693878,-9.220177043342689,403289.46214867884,-0.893157993312556,-0.42023270873176083,-0.16022880357119157
704,2026-07-28T11:36:16.504298Z,moon,39.759062,-104.62011683333333,1672.4,245.01967590837964,-9.470103756940318,403314.8156813186,-0.8940993507641862,-0.41655162803448087,-0.16453295154735448
705,2026-07-28T11:37:46.527742Z,moon,39.759062,-104.62011683333333,1672.4,245.23605853498898,-9.720461675625016,403340.1979450261,-0.8950047412888501,-0.4128669267158134,-0.16884138679458238
706,2026-07-28T11:39:16.551185Z,moon,39.759062,-104.62011683333333,1672.4,245.45207188165375,-9.971246338939324,403365.60782203224,-0.8958741339430877,-0.40917875225298733,-0.17315393393281964
707,2026-07-28T11:40:46.574629Z,moon,39.759062,-104.62011683333333,1672.4,245.66772292712838,-10.222453322414564,403391.04419454985,-0.8967074992796119,-0.4054872520869279,-0.17747041762135202
708,2026-07-28T11:42:16.598072Z,moon,39.759062,-104.62011683333333,1672.4,245.88301866763933,-10.47407821770013,403416.50594270846,-0.8975048092806803,-0.4017925739035017,-0.18179066223007365
709,2026-07-28T11:43:46.621516Z,moon,39.759062,-104.62011683333333,1672.4,246.09796613652307,-10.726116654605404,403441.9919467995,-0.8982660374322583,-0.39809486529883215,-0.18611449223113535
710,2026-07-28T11:45:16.644960Z,moon,39.759062,-104.62011683333333,1672.4,246.31257238792568,-10.97856428118252,403467.50108560274,-0.8989911586609541,-0.39439427406068894,-0.1904417318698226
711,2026-07-28T11:46:46.668403Z,moon,39.759062,-104.62011683333333,1672.4,246.5268445044793,-11.23141677176141,403493.0322370414,-0.8996801493622405,-0.3906909480395053,-0.19477220531566883
712,2026-07-28T11:48:16.691847Z,moon,39.759062,-104.62011683333333,1672.4,246.74078960494714,-11.484669835070205,403518.5842790098,-0.9003329874214675,-0.3869850350186063,-0.19910573681434607
713,2026-07-28T11:49:46.715290Z,moon,39.759062,-104.62011683333333,1672.4,246.95441482811086,-11.738319194217347,403544.1560877755,-0.9009496521610912,-0.3832766829961558,-0.20344215035796548
714,2026-07-28T11:51:16.738734Z,moon,39.759062,-104.62011683333333,1672.4,247.16772735234596,-11.992360608846786,403569.7465399929,-0.9015301243984298,-0.3795660398497744,-0.20778127007724015
715,2026-07-28T11:52:46.762178Z,moon,39.759062,-104.62011683333333,1672.4,247.3807343795762,-12.2467898550985,403595.3545108392,-0.9020743863962207,-0.375853253618942,-0.212122919911869
716,2026-07-28T11:54:16.785621Z,moon,39.759062,-104.62011683333333,1672.4,247.59344314304502,-12.50160273368634,403620.9788749918,-0.9025824218847676,-0.37213847237508285,-0.2164669237619625
717,2026-07-28T11:55:46.809065Z,moon,39.759062,-104.62011683333333,1672.4,247.805860914989,-12.756795078053376,403646.61850737187,-0.9030542160763784,-0.3684218440921937,-0.2208131056400077
718,2026-07-28T11:57:16.832508Z,moon,39.759062,-104.62011683333333,1672.4,248.01799499080224,-13.01236273420583,403672.2722814476,-0.9034897556265294,-0.3647035169291571,-0.22516128934037088
719,2026-07-28T11:58:46.855952Z,moon,39.759062,-104.62011683333333,1672.4,248.22985270857848,-13.268301583041495,403697.9390712041,-0.9038890286750418,-0.3609836388937689,-0.22951129883276403
720,2026-07-28T12:00:16.879396Z,moon,39.759062,-104.62011683333333,1672.4,248.44144143333466,-13.524607520112164,403723.6177495797,-0.9042520248107164,-0.35726235812560675,-0.23386295793102854
721,2026-07-28T12:01:46.902839Z,moon,39.759062,-104.62011683333333,1672.4,248.65276856480915,-13.781276463769757,403749.3071890817,-0.9045787350867878,-0.35353982276652074,-0.23821609044521788
722,2026-07-28T12:03:16.926283Z,moon,39.759062,-104.62011683333333,1672.4,248.8638415452816,-14.03830436339995,403775.0062627778,-0.9048691520293058,-0.3498161808300486,-0.24257052033428067
723,2026-07-28T12:04:46.949726Z,moon,39.759062,-104.62011683333333,1672.4,249.0746678439185,-14.295687179047823,403800.7138423618,-0.9051232696119511,-0.346091580485283,-0.24692607137394404
724,2026-07-28T12:06:16.973170Z,moon,39.759062,-104.62011683333333,1672.4,249.28525497635144,-14.553420903924389,403826.42880053207,-0.905341083280853,-0.3423661697198822,-0.251282567551329
725,2026-07-28T12:07:46.996614Z,moon,39.759062,-104.62011683333333,1672.4,249.4956104891342,-14.811501544020546,403852.150008929,-0.9055225899330059,-0.33864009662349537,-0.2556398327331856
726,2026-07-28T12:09:17.020057Z,moon,39.759062,-104.62011683333333,1672.4,249.7057419676269,-15.06992512629837,403877.8763390938,-0.9056677879253864,-0.3349135092580879,-0.25999769081814966
727,2026-07-28T12:10:47.043501Z,moon,39.759062,-104.62011683333333,1672.4,249.91565704389683,-15.328687706938585,403903.606663315,-0.9057766770770115,-0.33118655552760495,-0.26435596588896565
728,2026-07-28T12:12:17.066945Z,moon,39.759062,-104.62011683333333,1672.4,250.12536338365172,-15.58778535374757,403929.33985311183,-0.9058492586581695,-0.32745938342021125,-0.26871448192923997
729,2026-07-28T12:13:47.090388Z,moon,39.759062,-104.62011683333333,1672.4,250.33486869418846,-15.84721415436192,403955.074779968,-0.9058855353958256,-0.3237321408785039,-0.27307306297553213
730,2026-07-28T12:15:17.113832Z,moon,39.759062,-104.62011683333333,1672.4,250.54418073234547,-16.10697022453922,403980.810316283,-0.9058855114717137,-0.3200049756693955,-0.2774315332698521
731,2026-07-28T12:16:47.137275Z,moon,39.759062,-104.62011683333333,1672.4,250.75330728925866,-16.367049687574493,404006.54533348646,-0.9058491925194583,-0.31627803566760593,-0.2817897169275097
732,2026-07-28T12:18:17.160719Z,moon,39.759062,-104.62011683333333,1672.4,250.96225620998226,-16.627448697016536,404032.2787043108,-0.9057765856229891,-0.31255146851887394,-0.2861474383318068
733,2026-07-28T12:19:47.184163Z,moon,39.759062,-104.62011683333333,1672.4,251.17103537827407,-16.88816341603103,404058.0093007456,-0.9056676993169775,-0.30882542192426204,-0.290504521801631
734,2026-07-28T12:21:17.207606Z,moon,39.759062,-104.62011683333333,1672.4,251.3796527247264,-17.14919002569225,404083.73599514755,-0.9055225435860825,-0.30510004350919934,-0.2948607917443007
735,2026-07-28T12:22:47.231050Z,moon,39.759062,-104.62011683333333,1672.4,251.58811623480946,-17.41052473325894,404109.4576610375,-0.9053411298567776,-0.3013754806941156,-0.29921607280700047
736,2026-07-28T12:24:17.254493Z,moon,39.759062,-104.62011683333333,1672.4,251.79643393380766,-17.672163751496818,404135.17317104404,-0.9051234710078669,-0.2976518809783802,-0.3035701895455205
737,2026-07-28T12:25:47.277937Z,moon,39.759062,-104.62011683333333,1672.4,252.00461390658987,-17.934103321489502,404160.88139941817,-0.9048695813530109,-0.2939293916027635,-0.3079229668180925
738,2026-07-28T12:27:17.301381Z,moon,39.759062,-104.62011683333333,1672.4,252.212664283281,-18.196339799596455,404186.58121993067,-0.9045794760992634,-0.29020815964369595,-0.3122742312394689
739,2026-07-28T12:28:47.324824Z,moon,39.759062,-104.62011683333333,1672.4,252.42059324471717,-18.45886923542688,404212.2715068562,-0.9042531735506114,-0.28648833264285745,-0.3166238041953938
740,2026-07-28T12:30:17.348268Z,moon,39.759062,-104.62011683333333,1672.4,252.6284090348295,-18.72168802490327,404237.95113584655,-0.9038906917942097,-0.2827700573396906,-0.3209715126921595
741,2026-07-28T12:31:47.371711Z,moon,39.759062,-104.62011683333333,1672.4,252.83611994304638,-18.98479246011955,404263.6189819563,-0.9034920509134224,-0.27905348071180913,-0.3253171818992683
742,2026-07-28T12:33:17.395155Z,moon,39.759062,-104.62011683333333,1672.4,253.04373432479622,-19.24817885946497,404289.27392209065,-0.9030572724092419,-0.27533874945028575,-0.32966063732258527
743,2026-07-28T12:34:47.418599Z,moon,39.759062,-104.62011683333333,1672.4,253.2512605867728,-19.511843546753,404314.9148328219,-0.9025863792283664,-0.2716260102426621,-0.33400170447331695
744,2026-07-28T12:36:17.442042Z,moon,39.759062,-104.62011683333333,1672.4,253.45870719529165,-19.775782859551917,404340.54059154866,-0.9020793957496158,-0.26791540964338306,-0.33834020901989503
745,2026-07-28T12:37:47.465486Z,moon,39.759062,-104.62011683333333,1672.4,253.66608268468556,-20.03999315754126,404366.1500771611,-0.9015363477633106,-0.26420709394437414,-0.34267597693894414
746,2026-07-28T12:39:17.488929Z,moon,39.759062,-104.62011683333333,1672.4,253.8733956426815,-20.304470801557947,404391.742168282,-0.9009572625094349,-0.2605012094579016,-0.34700883418506184
747,2026-07-28T12:40:47.512373Z,moon,39.759062,-104.62011683333333,1672.4,254.08065473036638,-20.56921217660615,404417.315745484,-0.900342168627275,-0.2567979021816362,-0.3513386070824642
748,2026-07-28T12:42:17.535817Z,moon,39.759062,-104.62011683333333,1672.4,254.2878686676973,-20.83421367088513,404442.86968938843,-0.899691096197201,-0.2530973180805115,-0.35566512199529926
749,2026-07-28T12:43:47.559260Z,moon,39.759062,-104.62011683333333,1672.4,254.4950462419912,-21.09947168411904,404468.4028814877,-0.8990040767207393,-0.2493996029583028,-0.3599882054786404
750,2026-07-28T12:45:17.582704Z,moon,39.759062,-104.62011683333333,1672.4,254.70219631655218,-21.364982635937768,404493.91420509096,-0.8982811430938592,-0.24570490232809733,-0.3643076844288764
751,2026-07-28T12:46:47.606147Z,moon,39.759062,-104.62011683333333,1672.4,254.90932781623312,-21.63074294480829,404519.4025434813,-0.897522329658639,-0.24201336169476492,-0.3686233857547949
752,2026-07-28T12:48:17.629591Z,moon,39.759062,-104.62011683333333,1672.4,255.11644974764332,-21.89674905115242,404544.8667820669,-0.8967276721368049,-0.23832512622040694,-0.3729351367679558
753,2026-07-28T12:49:47.653035Z,moon,39.759062,-104.62011683333333,1672.4,255.32357118479823,-22.16299739618422,404570.30580651556,-0.8958972076852459,-0.23464034100666697,-0.3772427648531572
754,2026-07-28T12:51:17.676478Z,moon,39.759062,-104.62011683333333,1672.4,255.5307012779187,-22.42948443033507,404595.7185036048,-0.8950309748698022,-0.23095915096508676,-0.3815460976200617
755,2026-07-28T12:52:47.699922Z,moon,39.759062,-104.62011683333333,1672.4,255.7378492621862,-22.696206621604613,404621.10376220086,-0.8941290136322042,-0.22728170068977416,-0.38584496305208577
756,2026-07-28T12:54:17.723365Z,moon,39.759062,-104.62011683333333,1672.4,255.94502444359438,-22.963160434379468,404646.46047122445,-0.8931913653556117,-0.2236081347376544,-0.39013918917909945
757,2026-07-28T12:55:47.746809Z,moon,39.759062,-104.62011683333333,1672.4,256.1522362193506,-23.23034235262428,404671.7875220295,-0.8922180727818743,-0.21993859729610998,-0.3944286044657734
758,2026-07-28T12:57:17.770253Z,moon,39.759062,-104.62011683333333,1672.4,256.35949406379615,-23.497748858627347,404697.0838065284,-0.8912091800806711,-0.21627323246336067,-0.398713037484087
759,2026-07-28T12:58:47.793696Z,moon,39.759062,-104.62011683333333,1672.4,256.5668075373923,-23.765376441381306,404722.3482177808,-0.8901647328171987,-0.212612184120397,-0.4029923170632907
760,2026-07-28T13:00:17.817140Z,moon,39.759062,-104.62011683333333,1672.4,256.77418629578773,-24.033221604999838,404747.5796513099,-0.8890847779127821,-0.20895559580344497,-0.407266272438814
761,2026-07-28T13:01:47.840583Z,moon,39.759062,-104.62011683333333,1672.4,256.9816400758635,-24.301280847363635,404772.7770028351,-0.8879693637241888,-0.2053036109834835,-0.41153473292591203
762,2026-07-28T13:03:17.864027Z,moon,39.759062,-104.62011683333333,1672.4,257.18917871644044,-24.569550683420324,404797.9391706987,-0.8868185399446378,-0.20165637273533818,-0.4157975283063708
763,2026-07-28T13:04:47.887471Z,moon,39.759062,-104.62011683333333,1672.4,257.3968121444245,-24.838027623781578,404823.06505407434,-0.8856323576866447,-0.19801402401684345,-0.4200544885024465
764,2026-07-28T13:06:17.910914Z,moon,39.759062,-104.62011683333333,1672.4,257.604550384087,-25.10670818311914,404848.1535535548,-0.8844108694434976,-0.19437670754126926,-0.4243054437261116
765,2026-07-28T13:07:47.934358Z,moon,39.759062,-104.62011683333333,1672.4,257.81240356642047,-25.375588888577074,404873.2035722234,-0.8831541290437204,-0.19074456565081171,-0.4285502246268353
766,2026-07-28T13:09:17.957802Z,moon,39.759062,-104.62011683333333,1672.4,258.02038191774045,-25.644666261291448,404898.21401404316,-0.8818621917293349,-0.18711774055413738,-0.4327886620144391
767,2026-07-28T13:10:47.981245Z,moon,39.759062,-104.62011683333333,1672.4,258.22849576917736,-25.91393682478034,404923.18378465617,-0.8805351141137417,-0.18349637419897954,-0.43702058700766927
768,2026-07-28T13:12:18.004689Z,moon,39.759062,-104.62011683333333,1672.4,258.4367555661961,-26.183397113346572,404948.11179225607,-0.8791729541324441,-0.17988060814676696,-0.44124583118119154
769,2026-07-28T13:13:48.028132Z,moon,39.759062,-104.62011683333333,1672.4,258.64517185508225,-26.45304365053477,404972.99694579735,-0.8777757711440547,-0.17627058384867414,-0.44546422624281257
770,2026-07-28T13:15:18.051576Z,moon,39.759062,-104.62011683333333,1672.4,258.8537553041894,-26.722872972515187,404997.8381570885,-0.876343625805689,-0.17266644231886377,-0.44967560441576643
771,2026-07-28T13:16:48.075020Z,moon,39.759062,-104.62011683333333,1672.4,259.0625166905286,-26.99288160647533,405022.6343390141,-0.8748765801775453,-0.16906832441029607,-0.45387979811612883
772,2026-07-28T13:18:18.098463Z,moon,39.759062,-104.62011683333333,1672.4,259.2714669095748,-27.26306607901376,405047.38440640364,-0.8733746976744273,-0.165476370688833,-0.4580766401004907
773,2026-07-28T13:19:48.121907Z,moon,39.759062,-104.62011683333333,1672.4,259.48061698519257,-27.533422924519353,405072.08727689885,-0.8718380430105825,-0.1618907213084514,-0.46226596361154154
774,2026-07-28T13:21:18.145350Z,moon,39.759062,-104.62011683333333,1672.4,259.6899780563923,-27.803948663524064,405096.74186891556,-0.8702666823139049,-0.15831151628524961,-0.4664476020581671
775,2026-07-28T13:22:48.168794Z,moon,39.759062,-104.62011683333333,1672.4,259.89956139900664,-28.07463982608172,405121.34710416425,-0.8686606829858229,-0.15473889517365327,-0.4706213893938957
776,2026-07-28T13:24:18.192238Z,moon,39.759062,-104.62011683333333,1672.4,260.10937841258857,-28.345492930073,405145.90190550353,-0.8670201138189838,-0.15117299733969874,-0.47478715979757463
777,2026-07-28T13:25:48.215681Z,moon,39.759062,-104.62011683333333,1672.4,260.31944063062696,-28.61650448956326,405170.40519798326,-0.8653450449428152,-0.14761396183621647,-0.4789447478195511
778,2026-07-28T13:27:18.239125Z,moon,39.759062,-104.62011683333333,1672.4,260.5297597308903,-28.88767102314861,405194.8559096678,-0.8636355477623868,-0.1440619272794306,-0.48309398852573016
779,2026-07-28T13:28:48.262568Z,moon,39.759062,-104.62011683333333,1672.4,260.7403475224921,-29.158989032184202,405219.2529696313,-0.8618916950858702,-0.14051703212051897,-0.4872347171805868
780,2026-07-28T13:30:18.286012Z,moon,39.759062,-104.62011683333333,1672.4,260.9512159680932,-29.430455024183082,405243.5953104231,-0.8601135609688112,-0.13697941432470567,-0.491366769622053
781,2026-07-28T13:31:48.309456Z,moon,39.759062,-104.62011683333333,1672.4,261.1623771711124,-29.7020654910088,405267.8818658768,-0.8583012208448804,-0.1334492116422073,-0.49548998194540833
782,2026-07-28T13:33:18.332899Z,moon,39.759062,-104.62011683333333,1672.4,261.37384338643307,-29.97381691715796,405292.1115724582,-0.8564547514658191,-0.12992656148436707,-0.4996041906474276
783,2026-07-28T13:34:48.356343Z,moon,39.759062,-104.62011683333333,1672.4,261.58562703121584,-30.24570578811001,405316.2833695005,-0.8545742308339416,-0.1264116008019281,-0.5037092327695324
784,2026-07-28T13:36:18.379786Z,moon,39.759062,-104.62011683333333,1672.4,261.7977406723318,-30.5177285683935,405340.3961979243,-0.8526597383430636,-0.12290446635356765,-0.5078049455835213
785,2026-07-28T13:37:48.403230Z,moon,39.759062,-104.62011683333333,1672.4,262.01019704915296,-30.789881725014315,405364.44900199486,-0.8507113546070154,-0.11940529438852263,-0.5118911669629463
786,2026-07-28T13:39:18.426674Z,moon,39.759062,-104.62011683333333,1672.4,262.2230090611384,-31.062161705468245,405388.44072782446,-0.8487291616039356,-0.11591422091464258,-0.5159677350695797
787,2026-07-28T13:40:48.450117Z,moon,39.759062,-104.62011683333333,1672.4,262.43618977907073,-31.334564946048392,405412.3703239149,-0.8467132426095946,-0.11243138157597903,-0.5200344884971213
788,2026-07-28T13:42:18.473561Z,moon,39.759062,-104.62011683333333,1672.4,262.64975245644763,-31.60708788004256,405436.236742287,-0.8446636821249192,-0.1089569115325215,-0.5240912664111738
789,2026-07-28T13:43:48.497004Z,moon,39.759062,-104.62011683333333,1672.4,262.8637105173159,-31.879726915769634,405460.0389364122,-0.8425805660289992,-0.10549094572544124,-0.5281379082400764
790,2026-07-28T13:45:18.520448Z,moon,39.759062,-104.62011683333333,1672.4,263.078077579741,-32.15247845988896,405483.7758635228,-0.8404639813931459,-0.10203361856381918,-0.5321742540404925
791,2026-07-28T13:46:48.543892Z,moon,39.759062,-104.62011683333333,1672.4,263.29286744382284,-32.42533889535165,405507.4464827652,-0.8383140166374816,-0.09858506418930521,-0.536200144188644
792,2026-07-28T13:48:18.567335Z,moon,39.759062,-104.62011683333333,1672.4,263.5080941035515,-32.69830458958292,405531.04975599586,-0.8361307614588975,-0.09514541635538265,-0.5402154195214396
793,2026-07-28T13:49:48.590779Z,moon,39.759062,-104.62011683333333,1672.4,263.72377175886777,-32.97137190265137,405554.584648639,-0.8339143067524362,-0.09171480830848272,-0.5442199214752635
794,2026-07-28T13:51:18.614222Z,moon,39.759062,-104.62011683333333,1672.4,263.9399148039285,-33.24453716512532,405578.0501279142,-0.8316647447774259,-0.0882933730502105,-0.5482134917800868
795,2026-07-28T13:52:48.637666Z,moon,39.759062,-104.62011683333333,1672.4,264.1565378514091,-33.517796701369384,405601.44516493287,-0.8293821689562146,-0.08488124302770657,-0.5521959728208423
796,2026-07-28T13:54:18.661110Z,moon,39.759062,-104.62011683333333,1672.4,264.37365572096877,-33.79114680733521,405624.76873287425,-0.8270666740436192,-0.08147855039534288,-0.5561672073323807
797,2026-07-28T13:55:48.684553Z,moon,39.759062,-104.62011683333333,1672.4,264.5912834518421,-34.0645837586373,405648.019807923,-0.824718356049317,-0.07808542689545821,-0.5601270385384604
798,2026-07-28T13:57:18.707997Z,moon,39.759062,-104.62011683333333,1672.4,264.8094363156746,-34.33810381866335,405671.19736997766,-0.8223373121532347,-0.07470200374096,-0.5640753102890422
799,2026-07-28T13:58:48.731440Z,moon,39.759062,-104.62011683333333,1672.4,265.02812980529256,-34.61170321626526,405694.3004009059,-0.8199236408844397,-0.07132841187412786,-0.5680118667583619
800,2026-07-28T14:00:18.754884Z,moon,39.759062,-104.62011683333333,1672.4,265.2473796599294,-34.885378168972416,405717.32788667065,-0.8174774419051026,-0.06796478166151682,-0.5719365528010881
801,2026-07-28T14:01:48.778328Z,moon,39.759062,-104.62011683333333,1672.4,265.46720185426113,-35.15912486062947,405740.27881557046,-0.8149988161925368,-0.06461124315168823,-0.5758492136515921
802,2026-07-28T14:03:18.801771Z,moon,39.759062,-104.62011683333333,1672.4,265.6876126118162,-35.43293944937365,405763.1521789638,-0.8124878659557657,-0.06126792595798892,-0.5797496950611117
803,2026-07-28T14:04:48.825215Z,moon,39.759062,-104.62011683333333,1672.4,265.90862841872496,-35.706818075617036,405785.94697225204,-0.8099446945454528,-0.05793495914251168,-0.5836378434327478
804,2026-07-28T14:06:18.848659Z,moon,39.759062,-104.62011683333333,1672.4,266.13026601551655,-35.98075684262145,405808.6621931783,-0.8073694066163793,-0.05461247143469721,-0.587513505567072
805,2026-07-28T14:07:48.872102Z,moon,39.759062,-104.62011683333333,1672.4,266.35254241111363,-36.254751824372676,405831.2968428058,-0.8047621080409155,-0.05130059111495339,-0.5913765287976842
806,2026-07-28T14:09:18.895546Z,moon,39.759062,-104.62011683333333,1672.4,266.5754748971686,-36.52879907351544,405853.8499261161,-0.802122905815255,-0.04799944589985905,-0.5952267611253698
807,2026-07-28T14:10:48.918989Z,moon,39.759062,-104.62011683333333,1672.4,266.79908103778257,-36.802894598720854,405876.320450574,-0.799451908258645,-0.04470916319541587,-0.5990640509227513
808,2026-07-28T14:12:18.942433Z,moon,39.759062,-104.62011683333333,1672.4,267.0233786966148,-37.07703438778593,405898.7074278408,-0.7967492247734143,-0.041429869798521646,-0.602888247282563
809,2026-07-28T14:13:48.965877Z,moon,39.759062,-104.62011683333333,1672.4,267.24838602690494,-37.35121438492017,405921.0098723035,-0.7940149660473992,-0.03816169214950203,-0.6066991997234167
810,2026-07-28T14:15:18.989320Z,moon,39.759062,-104.62011683333333,1672.4,267.47412148659606,-37.62543049854675,405943.2268017758,-0.791249243961075,-0.03490475621670929,-0.6104967583243005
811,2026-07-28T14:16:49.012764Z,moon,39.759062,-104.62011683333333,1672.4,267.70060385373546,-37.89967860899423,405965.35723831,-0.7884521714891285,-0.031659187384459615,-0.6142807738552735
812,2026-07-28T14:18:19.036207Z,moon,39.759062,-104.62011683333333,1672.4,267.9278522169825,-38.173954545750036,405987.400206323,-0.7856238629110167,-0.028425110701589984,-0.6180510974882047
813,2026-07-28T14:19:49.059651Z,moon,39.759062,-104.62011683333333,1672.4,268.15588600404465,-38.44825411029995,406009.3547349866,-0.7827644335577465,-0.02520265058867245,-0.6218075811377065
814,2026-07-28T14:21:19.083095Z,moon,39.759062,-104.62011683333333,1672.4,268.38472497257635,-38.722573053313354,406031.21985611465,-0.7798740000253374,-0.021991931085315216,-0.6255500771733777
815,2026-07-28T14:22:49.106538Z,moon,39.759062,-104.62011683333333,1672.4,268.61438922647403,-38.99690708216622,406052.9946052517,-0.7769526800774038,-0.018793075737695293,-0.6292784385507393
816,2026-07-28T14:24:19.129982Z,moon,39.759062,-104.62011683333333,1672.4,268.8448992326093,-39.2712518684955,406074.6780222457,-0.7740005925407492,-0.015606207487992057,-0.6329925189403195
817,2026-07-28T14:25:49.153425Z,moon,39.759062,-104.62011683333333,1672.4,269.07627581220663,-39.54560302517928,406096.26914978545,-0.7710178575284138,-0.012431448918738828,-0.6366921724429125
818,2026-07-28T14:27:19.176869Z,moon,39.759062,-104.62011683333333,1672.4,269.3085401708802,-39.81995612903677,406117.7670350658,-0.7680045961717501,-0.009268921965154213,-0.6403772539251148
819,2026-07-28T14:28:49.200313Z,moon,39.759062,-104.62011683333333,1672.4,269.54171389045024,-40.09430669770016,406139.1707284497,-0.764960930846614,-0.006118748158394097,-0.6440476187358011
820,2026-07-28T14:30:19.223756Z,moon,39.759062,-104.62011683333333,1672.4,269.7758189467087,-40.36865019697701,406160.4792840227,-0.7618869850698501,-0.0029810485146696784,-0.6477031228355528
821,2026-07-28T14:31:49.247200Z,moon,39.759062,-104.62011683333333,1672.4,270.0108777276224,-40.64298204810079,406181.6917605213,-0.7587828833903214,0.0001440565727416384,-0.6513436229223202
822,2026-07-28T14:33:19.270643Z,moon,39.759062,-104.62011683333333,1672.4,270.24691302577065,-40.917297604521586,406202.8072195042,-0.7556487516229591,0.003256447094122171,-0.6549689761530593
823,2026-07-28T14:34:49.294087Z,moon,39.759062,-104.62011683333333,1672.4,270.48394807018514,-41.191592174285354,406223.82472732186,-0.7524847165678208,0.006356003704974523,-0.6585790404717939
824,2026-07-28T14:36:19.317531Z,moon,39.759062,-104.62011683333333,1672.4,270.7220065193139,-41.465860996678146,406244.7433537053,-0.7492909062474701,0.009442607487964787,-0.6621736743322504
825,2026-07-28T14:37:49.340974Z,moon,39.759062,-104.62011683333333,1672.4,270.96111248043496,-41.74009924929278,406265.56217224017,-0.746067449798391,0.012516140061389786,-0.6657527368244828
826,2026-07-28T14:39:19.364418Z,moon,39.759062,-104.62011683333333,1672.4,271.2012905295814,-42.014302054992186,406286.2802612352,-0.7428144773568379,0.015576483684714676,-0.6693160877979161
827,2026-07-28T14:40:49.387861Z,moon,39.759062,-104.62011683333333,1672.4,271.44256570521554,-42.28846445838826,406306.8967021677,-0.7395321203045538,0.018623521024316518,-0.6728635875885303
828,2026-07-28T14:42:19.411305Z,moon,39.759062,-104.62011683333333,1672.4,271.6849635421868,-42.56258144793359,406327.4105813772,-0.7362205109740404,0.021657135429318703,-0.6763950973403925
829,2026-07-28T14:43:49.434749Z,moon,39.759062,-104.62011683333333,1672.4,271.9285100659809,-42.83664793222018,406347.8209888009,-0.7328797828977207,0.024677210698210772,-0.6799104787337418
830,2026-07-28T14:45:19.458192Z,moon,39.759062,-104.62011683333333,1672.4,272.17323181407846,-43.11065874672115,406368.12701836176,-0.7295100706940603,0.0276836311852249,-0.6834095941090874
831,2026-07-28T14:46:49.481636Z,moon,39.759062,-104.62011683333333,1672.4,272.4191558579011,-43.38460866040673,406388.32776888827,-0.7261115099483275,0.0306762819036499,-0.686892306587523
832,2026-07-28T14:48:19.505079Z,moon,39.759062,-104.62011683333333,1672.4,272.66630979787953,-43.658492351867764,406408.4223425886,-0.7226842374696819,0.033655048296215705,-0.6903584798038216
833,2026-07-28T14:49:49.528523Z,moon,39.759062,-104.62011683333333,1672.4,272.9147217998853,-43.93230443100873,406428.4098466972,-0.7192283909833784,0.036619816505244034,-0.6938079782206189
834,2026-07-28T14:51:19.551967Z,moon,39.759062,-104.62011683333333,1672.4,273.16442059100655,-44.206039415002756,406448.28939212125,-0.7157441093908075,0.039570473144366534,-0.6972406668629497
835,2026-07-28T14:52:49.575410Z,moon,39.759062,-104.62011683333333,1672.4,273.41543548310426,-44.4796917345959,406468.0600940158,-0.7122315326509565,0.04250690540207521,-0.700656411439165
836,2026-07-28T14:54:19.598854Z,moon,39.759062,-104.62011683333333,1672.4,273.6677963971349,-44.753255740314685,406487.7210726127,-0.7086908016560123,0.04542900114321457,-0.7040550784585595
837,2026-07-28T14:55:49.622297Z,moon,39.759062,-104.62011683333333,1672.4,273.9215338598673,-45.02672567817733,406507.271451606,-0.7051220584995209,0.04833664868435387,-0.7074365349707092
838,2026-07-28T14:57:19.645741Z,moon,39.759062,-104.62011683333333,1672.4,274.17667904312015,-45.300095710896294,406526.71035992686,-0.701525446155907,0.05122973705754031,-0.71080064887194
839,2026-07-28T14:58:49.669185Z,moon,39.759062,-104.62011683333333,1672.4,274.4332637613234,-45.57335989341516,406546.03693035315,-0.6979011087512172,0.054108155787303144,-0.7141472886464798
840,2026-07-28T15:00:19.692628Z,moon,39.759062,-104.62011683333333,1672.4,274.69132049769723,-45.84651217871561,406565.25030009774,-0.6942491914396874,0.056971794992268225,-0.7174763234844055
841,2026-07-28T15:01:49.716072Z,moon,39.759062,-104.62011683333333,1672.4,274.9508824311919,-46.11954642348885,406584.3496115588,-0.6905698402748611,0.05982054548328742,-0.7207876233959867
842,2026-07-28T15:03:19.739515Z,moon,39.759062,-104.62011683333333,1672.4,275.2119834352095,-46.392456363391624,406603.3340107283,-0.6868632024880914,0.06265429854493354,-0.7240810589579357
843,2026-07-28T15:04:49.762959Z,moon,39.759062,-104.62011683333333,1672.4,275.4746581200564,-46.6652356336526,406622.20264911203,-0.6831294261557285,0.06547294619250926,-0.7273565016118423
844,2026-07-28T15:06:19.786403Z,moon,39.759062,-104.62011683333333,1672.4,275.7389418325886,-46.93787774408111,406640.954682144,-0.6793686604806248,0.06827638095460833,-0.7306138234118642
845,2026-07-28T15:07:49.809846Z,moon,39.759062,-104.62011683333333,1672.4,276.0048706853436,-47.21037608429141,406659.5892698352,-0.6755810556637646,0.07106449597194306,-0.7338528971398064
846,2026-07-28T15:09:19.833290Z,moon,39.759062,-104.62011683333333,1672.4,276.27248158659694,-47.48272392874407,406678.10557754623,-0.6717667627707847,0.07383718509322507,-0.7370735964162392
847,2026-07-28T15:10:49.856734Z,moon,39.759062,-104.62011683333333,1672.4,276.5418122443342,-47.75491441444708,406696.5027746822,-0.6679259339781357,0.07659434269266739,-0.7402757954890281
848,2026-07-28T15:12:19.880177Z,moon,39.759062,-104.62011683333333,1672.4,276.81290119739555,-48.02694054574871,406714.78003537393,-0.6640587224420601,0.0793358637675385,-0.7434593693463535
849,2026-07-28T15:13:49.903621Z,moon,39.759062,-104.62011683333333,1672.4,277.08578784754275,-48.29879519893636,406732.93653912906,-0.6601652821625554,0.08206164403184914,-0.7466241938257986
850,2026-07-28T15:15:19.927064Z,moon,39.759062,-104.62011683333333,1672.4,277.36051246197945,-48.57047109653524,406750.9714693333,-0.6562457682781838,0.0847715797070945,-0.7497701453718599
851,2026-07-28T15:16:49.950508Z,moon,39.759062,-104.62011683333333,1672.4,277.6371162219571,-48.84196082668314,406768.88401515107,-0.6523003367143415,0.08746556776833242,-0.7528971013208378
852,2026-07-28T15:18:19.973952Z,moon,39.759062,-104.62011683333333,1672.4,277.9156412264565,-49.11325681713571,406786.6733698012,-0.6483291444805693,0.09014350573606969,-0.756004939660254
853,2026-07-28T15:19:49.997395Z,moon,39.759062,-104.62011683333333,1672.4,278.19613052698355,-49.38435133921754,406804.3387315854,-0.6443323495354445,0.09280529177086551,-0.759093539138266
854,2026-07-28T15:21:20.020839Z,moon,39.759062,-104.62011683333333,1672.4,278.47862816347407,-49.65523651161174,406821.8793040875,-0.6403101106456276,0.0954508247645441,-0.7621627793698355
855,2026-07-28T15:22:50.044282Z,moon,39.759062,-104.62011683333333,1672.4,278.7631791696562,-49.92590427386397,406839.29429514986,-0.6362625876908933,0.09808000413715638,-0.7652125406012004
856,2026-07-28T15:24:20.067726Z,moon,39.759062,-104.62011683333333,1672.4,279.0498296261169,-50.19634640480229,406856.5829184173,-0.632189941300823,0.10069273007521187,-0.7682427039862225
857,2026-07-28T15:25:50.091170Z,moon,39.759062,-104.62011683333333,1672.4,279.33862666701447,-50.46655449570793,406873.7443917215,-0.628092333161927,0.10328890333017353,-0.77125315135308
858,2026-07-28T15:27:20.114613Z,moon,39.759062,-104.62011683333333,1672.4,279.6296185190239,-50.736519953293026,406890.7779381144,-0.6239699258780836,0.1058684253102472,-0.7742437653104011
859,2026-07-28T15:28:50.138057Z,moon,39.759062,-104.62011683333333,1672.4,279.9228545415168,-51.00623400247432,406907.6827862273,-0.6198228828252736,0.10843119816857102,-0.7772144293500316
860,2026-07-28T15:30:20.161500Z,moon,39.759062,-104.62011683333333,1672.4,280.21838523509996,-51.27568765892279,406924.4581689396,-0.6156513684665942,0.11097712460637613,-0.7801650276187152
861,2026-07-28T15:31:50.184944Z,moon,39.759062,-104.62011683333333,1672.4,280.5162622997683,-51.54487174636701,406941.10332502105,-0.6114555479770931,0.11350610810400938,-0.7830954451860346
862,2026-07-28T15:33:20.208388Z,moon,39.759062,-104.62011683333333,1672.4,280.81653864492415,-51.813776868708686,406957.61749781686,-0.6072355875611635,0.11601805272553357,-0.786005567818081
863,2026-07-28T15:34:50.231831Z,moon,39.759062,-104.62011683333333,1672.4,281.1192684329558,-52.08239341186346,406973.9999358193,-0.60299165430813,0.11851286320768677,-0.7888952820806199
864,2026-07-28T15:36:20.255275Z,moon,39.759062,-104.62011683333333,1672.4,281.42450712417747,-52.350711545280255,406990.2498932449,-0.5987239160431667,0.12099044504523203,-0.7917644754380508
865,2026-07-28T15:37:50.278718Z,moon,39.759062,-104.62011683333333,1672.4,281.73231148884895,-52.61872119337531,407006.36662883003,-0.5944325416515948,0.12345070430030818,-0.7946130360328749
866,2026-07-28T15:39:20.302162Z,moon,39.759062,-104.62011683333333,1672.4,282.04273967093616,-52.88641205143777,407022.34940725524,-0.5901177006927737,0.12589354782615497,-0.7974408529444786
867,2026-07-28T15:40:50.325606Z,moon,39.759062,-104.62011683333333,1672.4,282.3558512017127,-53.15377355653373,407038.19749789155,-0.5857795637268135,0.128318883077792,-0.8002478159705854
868,2026-07-28T15:42:20.349049Z,moon,39.759062,-104.62011683333333,1672.4,282.67170704840316,-53.42079488791548,407053.9101754729,-0.5814183021661078,0.13072661819839312,-0.8030338157267676
869,2026-07-28T15:43:50.372493Z,moon,39.759062,-104.62011683333333,1672.4,282.9903696642393,-53.687464967078974,407069.4867204825,-0.5770340881220895,0.1331166621012022,-0.8057987437419737
870,2026-07-28T15:45:20.395936Z,moon,39.759062,-104.62011683333333,1672.4,283.31190300425646,-53.95377242783302,407084.92641819123,-0.5726270947385488,0.13548892428616402,-0.8085424922458109
871,2026-07-28T15:46:50.419380Z,moon,39.759062,-104.62011683333333,1672.4,283.6363725949629,-54.219705630523876,407100.22855979274,-0.5681974957952342,0.13784331505492625,-0.8112649544179097
872,2026-07-28T15:48:20.442824Z,moon,39.759062,-104.62011683333333,1672.4,283.96384555177696,-54.485252631481266,407115.39244142844,-0.5637454660432926,0.1401797453289001,-0.8139660241773949
873,2026-07-28T15:49:50.466267Z,moon,39.759062,-104.62011683333333,1672.4,284.29439063292295,-54.750401181717834,407130.4173646778,-0.559271181052962,0.14249812673216364,-0.8166455962787341
874,2026-07-28T15:51:20.489711Z,moon,39.759062,-104.62011683333333,1672.4,284.6280782948931,-55.01513872520942,407145.30263703485,-0.5547748170564228,0.14479837167058174,-0.8193035664035404
875,2026-07-28T15:52:50.513154Z,moon,39.759062,-104.62011683333333,1672.4,284.9649807119292,-55.279452367344454,407160.04757081636,-0.5502565512897385,0.1470803931549269,-0.8219398309560838
876,2026-07-28T15:54:20.536598Z,moon,39.759062,-104.62011683333333,1672.4,285.30517185190774,-55.54332888711914,407174.6514845461,-0.5457165615865657,0.149344105008105,-0.8245542873028217
877,2026-07-28T15:55:50.560042Z,moon,39.759062,-104.62011683333333,1672.4,285.6487274974014,-55.80675470485409,407189.1137016675,-0.5411550267218651,0.15158942168988176,-0.8271468335703067
878,2026-07-28T15:57:20.583485Z,moon,39.759062,-104.62011683333333,1672.4,285.99572530482203,-56.069715878825434,407203.4335512727,-0.5365721262561973,0.15381625837661564,-0.8297173687370427
879,2026-07-28T15:58:50.606929Z,moon,39.759062,-104.62011683333333,1672.4,286.34624486520414,-56.332198101450516,407217.6103684706,-0.5319680403743678,0.15602453103757996,-0.8322657927217472
880,2026-07-28T16:00:20.630372Z,moon,39.759062,-104.62011683333333,1672.4,286.70036772693294,-56.59418666576936,407231.6434933587,-0.5273429502361683,0.15821415626452304,-0.8347920061870018
881,2026-07-28T16:01:50.653816Z,moon,39.759062,-104.62011683333333,1672.4,287.05817747765485,-56.855666475265785,407245.5322722125,-0.5226970375600282,0.16038505147093027,-0.8372959107690886
882,2026-07-28T16:03:20.677260Z,moon,39.759062,-104.62011683333333,1672.4,287.4197597683349,-57.11662200945104,407259.2760565982,-0.5180304849755839,0.16253713472387335,-0.8397774088838749
883,2026-07-28T16:04:50.700703Z,moon,39.759062,-104.62011683333333,1672.4,287.7852023771124,-57.377037318150265,407272.8742036324,-0.5133434758632044,0.1646703248203118,-0.8422364038156132
884,2026-07-28T16:06:20.724147Z,moon,39.759062,-104.62011683333333,1672.4,288.1545952746011,-57.63689601508939,407286.3260766274,-0.5086361941904377,0.16678454135999396,-0.844672799800493
885,2026-07-28T16:07:50.747591Z,moon,39.759062,-104.62011683333333,1672.4,288.52803065312634,-57.89618124499716,407299.63104417536,-0.5039088248171185,0.1688797046061282,-0.8470865018660003
886,2026-07-28T16:09:20.771034Z,moon,39.759062,-104.62011683333333,1672.4,288.905602992739,-58.15487567621695,407312.78848064167,-0.4991615533331838,0.17095573555943872,-0.8494774159171828
887,2026-07-28T16:10:50.794478Z,moon,39.759062,-104.62011683333333,1672.4,289.2874091285523,-58.41296149258261,407325.7977665125,-0.4943945658930103,0.17301255602925045,-0.8518454488178517
888,2026-07-28T16:12:20.817921Z,moon,39.759062,-104.62011683333333,1672.4,289.67354827615316,-58.67042035608443,407338.658287538,-0.48960804957772186,0.17505008847504414,-0.8541905082085485
889,2026-07-28T16:13:50.841365Z,moon,39.759062,-104.62011683333333,1672.4,290.0641221206276,-58.927233411931525,407351.3694357815,-0.4848021919647277,0.17706825619162442,-0.8565125027198685
890,2026-07-28T16:15:20.864809Z,moon,39.759062,-104.62011683333333,1672.4,290.45923484187136,-59.1833812500287,407363.9306087448,-0.4799771814923556,0.1790669831527549,-0.8588113417923784
891,2026-07-28T16:16:50.888252Z,moon,39.759062,-104.62011683333333,1672.4,290.85899318234965,-59.4388438944763,407376.3412098148,-0.4751332072942686,0.18104619408221478,-0.8610869357588736
892,2026-07-28T16:18:20.911696Z,moon,39.759062,-104.62011683333333,1672.4,291.26350651558056,-59.69360079225058,407388.6006486157,-0.4702704590303995,0.18300581452145256,-0.8633391959216707
893,2026-07-28T16:19:50.935139Z,moon,39.759062,-104.62011683333333,1672.4,291.6728868694119,-59.94763077296208,407400.7083401351,-0.4653891272565304,0.18494577067822832,-0.8655680343795287
894,2026-07-28T16:21:20.958583Z,moon,39.759062,-104.62011683333333,1672.4,292.0872490159171,-60.20091205033198,407412.6637058248,-0.4604894029854733,0.18686598960370093,-0.8677733642302649
895,2026-07-28T16:22:50.982027Z,moon,39.759062,-104.62011683333333,1672.4,292.5067104926426,-60.45342218060633,407424.46617264865,-0.45557147805919884,0.18876639904250173,-0.8699550993996666
896,2026-07-28T16:24:21.005470Z,moon,39.759062,-104.62011683333333,1672.4,292.9313916680496,-60.70513804853375,407436.11517353856,-0.45063554497944913,0.19064692750155474,-0.8721131547197828
897,2026-07-28T16:25:51.028914Z,moon,39.759062,-104.62011683333333,1672.4,293.3614158063565,-60.95603585243018,407447.61014780006,-0.44568179673587904,0.19250750431326405,-0.874247446002193
898,2026-07-28T16:27:21.052357Z,moon,39.759062,-104.62011683333333,1672.4,293.7969090832903,-61.206091060639835,407458.95054018794,-0.4407104271827492,0.1943480594926881,-0.8763578898736664
899,2026-07-28T16:28:51.075801Z,moon,39.759062,-104.62011683333333,1672.4,294.2380006710285,-61.455278409064405,407470.1358020242,-0.435721630591958,0.19616852390468636,-0.8784444039683683
900,2026-07-28T16:30:21.099245Z,moon,39.759062,-104.62011683333333,1672.4,294.68482274884684,-61.703571856192994,407481.16539027216,-0.43071560203178527,0.19796882912250885,-0.88050690676579
901,2026-07-28T16:31:51.122688Z,moon,39.759062,-104.62011683333333,1672.4,295.1375105588547,-61.950944565199684,407492.038767942,-0.4256925371948614,0.19974890749249316,-0.8825453176648533
902,2026-07-28T16:33:21.146132Z,moon,39.759062,-104.62011683333333,1672.4,295.5962024594892,-62.19736888508004,407502.7554045115,-0.420652632223064,0.20150869219428189,-0.8845595570530894
903,2026-07-28T16:34:51.169575Z,moon,39.759062,-104.62011683333333,1672.4,296.06103992451835,-62.44281630363634,407513.3147750009,-0.41559608409103105,0.20324811710521568,-0.8865495461514744
904,2026-07-28T16:36:21.193019Z,moon,39.759062,-104.62011683333333,1672.4,296.53216761374813,-62.687257440764284,407523.71636112564,-0.4105230901513752,0.20496711695873956,-0.888515207195796
905,2026-07-28T16:37:51.216463Z,moon,39.759062,-104.62011683333333,1672.4,297.00973336205254,-62.93066199998538,407533.9596503531,-0.4054338485199554,0.20666562721078868,-0.8904564632837864
906,2026-07-28T16:39:21.239906Z,moon,39.759062,-104.62011683333333,1672.4,297.4938882138346,-63.17299874655092,407544.0441362146,-0.40032855790113164,0.20834358410051348,-0.892373238445076
907,2026-07-28T16:40:51.263350Z,moon,39.759062,-104.62011683333333,1672.4,297.9847864524854,-63.41423548457767,407553.9693188509,-0.395207417409683,0.21000092470745846,-0.894265457706145
908,2026-07-28T16:42:21.286793Z,moon,39.759062,-104.62011683333333,1672.4,298.48258556838545,-63.65433900664421,407563.73470410734,-0.39007062696078604,0.2116375868234794,-0.8961330469444554
909,2026-07-28T16:43:51.310237Z,moon,39.759062,-104.62011683333333,1672.4,298.987446300418,-63.89327508290476,407573.33980445354,-0.384918386807703,0.21325350910212376,-0.897975933058891
910,2026-07-28T16:45:21.333681Z,moon,39.759062,-104.62011683333333,1672.4,299.49953258640863,-64.13100840938637,407582.78413832287,-0.3797508979336475,0.2148486309326235,-0.8997940438261223
911,2026-07-28T16:46:51.357124Z,moon,39.759062,-104.62011683333333,1672.4,300.01901155846826,-64.36750258243148,407592.06723029993,-0.3745683618737219,0.21642289249730634,-0.9015873079665307
912,2026-07-28T16:48:21.380568Z,moon,39.759062,-104.62011683333333,1672.4,300.5460535288073,-64.60272007222947,407601.18861162657,-0.3693709805348674,0.21797623482511683,-0.9033556552046244
913,2026-07-28T16:49:51.404011Z,moon,39.759062,-104.62011683333333,1672.4,301.08083190524184,-64.83662216971676,407610.1478193471,-0.3641589565911972,0.21950859967147532,-0.905099016132864
914,2026-07-28T16:51:21.427455Z,moon,39.759062,-104.62011683333333,1672.4,301.62352318077194,-65.06916897218278,407618.94439717155,-0.3589324930151333,0.22101992965799647,-0.9068173223708927
915,2026-07-28T16:52:51.450899Z,moon,39.759062,-104.62011683333333,1672.4,302.1743068204144,-65.30031932932376,407627.5778949674,-0.3536917934750228,0.2225101681551085,-0.9085105064312725
916,2026-07-28T16:54:21.474342Z,moon,39.759062,-104.62011683333333,1672.4,302.73336519063156,-65.53003081508679,407636.047868784,-0.3484370621550006,0.22397925933522653,-0.9101785017810713
917,2026-07-28T16:55:51.497786Z,moon,39.759062,-104.62011683333333,1672.4,303.3008834730663,-65.75825969900131,407644.3538813661,-0.34316850357105944,0.2254271482229994,-0.9118212428984344
918,2026-07-28T16:57:21.521229Z,moon,39.759062,-104.62011683333333,1672.4,303.8770494961592,-65.98496089192092,407652.49550136906,-0.3378863229735778,0.2268537805829126,-0.9134386651454135
919,2026-07-28T16:58:51.544673Z,moon,39.759062,-104.62011683333333,1672.4,304.4620536403141,-66.21008792989903,407660.4723042863,-0.3325907258712573,0.22825910305018735,-0.915030704916045
920,2026-07-28T17:00:21.568117Z,moon,39.759062,-104.62011683333333,1672.4,305.056088625276,-66.43359292025035,407668.2838716448,-0.3272819184342321,0.2296430630203987,-0.9165972995119601
921,2026-07-28T17:01:51.591560Z,moon,39.759062,-104.62011683333333,1672.4,305.65934933643325,-66.65542651319,407675.9297914133,-0.321960107311259,0.23100560870002568,-0.918138387199475
922,2026-07-28T17:03:21.615004Z,moon,39.759062,-104.62011683333333,1672.4,306.27203262641837,-66.87553787361921,407683.4096582774,-0.31662549944431434,0.2323466891524775,-0.9196539072615961
923,2026-07-28T17:04:51.638448Z,moon,39.759062,-104.62011683333333,1672.4,306.8943370273618,-67.0938746314824,407690.72307299427,-0.31127830241598603,0.233666254208666,-0.9211437998972326
924,2026-07-28T17:06:21.661891Z,moon,39.759062,-104.62011683333333,1672.4,307.5264624923135,-67.31038285527782,407697.869642866,-0.305918724265204,0.23496425451505418,-0.9226080062757611
925,2026-07-28T17:07:51.685335Z,moon,39.759062,-104.62011683333333,1672.4,308.1686101056844,-67.52500702631848,407704.84898190084,-0.30054697330055613,0.23624064157772043,-0.9240464685863053
926,2026-07-28T17:09:21.708778Z,moon,39.759062,-104.62011683333333,1672.4,308.8209816873452,-67.73768999049233,407711.66071013355,-0.2951632585102107,0.23749536766303272,-0.9254591299264573
927,2026-07-28T17:10:51.732222Z,moon,39.759062,-104.62011683333333,1672.4,309.4837794658193,-67.94837294755261,407718.3044545488,-0.2897677890767352,0.23872838591306622,-0.9268459344318897
928,2026-07-28T17:12:21.755666Z,moon,39.759062,-104.62011683333333,1672.4,310.1572056038026,-68.1569954067473,407724.7798483518,-0.28436077478828925,0.2399396502485671,-0.9282068271675226
929,2026-07-28T17:13:51.779109Z,moon,39.759062,-104.62011683333333,1672.4,310.84146175307296,-68.36349516860746,407731.08653122647,-0.2789424258518263,0.2411291154134418,-0.9295417541777397
930,2026-07-28T17:15:21.802553Z,moon,39.759062,-104.62011683333333,1672.4,311.53674856657574,-68.56780830900667,407737.22414965683,-0.27351295270517867,0.24229673701472748,-0.9308506625310585
931,2026-07-28T17:16:51.825996Z,moon,39.759062,-104.62011683333333,1672.4,312.24326508659533,-68.76986914366039,407743.192356379,-0.26807256643051747,0.24344247143201628,-0.9321335002189481
932,2026-07-28T17:18:21.849440Z,moon,39.759062,-104.62011683333333,1672.4,312.96120819864166,-68.96961023030433,407748.9908109216,-0.26262147826477544,0.2445662759227059,-0.9333902162736242
933,2026-07-28T17:19:51.872884Z,moon,39.759062,-104.62011683333333,1672.4,313.69077191719475,-69.16696234104472,407754.61917918734,-0.25715990001481176,0.24566810853347112,-0.9346207606692453
934,2026-07-28T17:21:21.896327Z,moon,39.759062,-104.62011683333333,1672.4,314.4321466952827,-69.36185446189376,407760.0771337145,-0.25168804386906163,0.24674792814107716,-0.9358250843675068
935,2026-07-28T17:22:51.919771Z,moon,39.759062,-104.62011683333333,1672.4,315.1855186806438,-69.55421379695919,407765.364353772,-0.2462061222071163,0.2478056944883362,-0.9370031393580749
936,2026-07-28T17:24:21.943214Z,moon,39.759062,-104.62011683333333,1672.4,315.95106883132144,-69.74396575683454,407770.48052497243,-0.24071434801817987,0.24884136810224253,-0.9381548785670663
937,2026-07-28T17:25:51.966658Z,moon,39.759062,-104.62011683333333,1672.4,316.7289720975747,-69.93103398550295,407775.42533981317,-0.23521293440597293,0.2498549103889902,-0.9392802559633845
938,2026-07-28T17:27:21.990102Z,moon,39.759062,-104.62011683333333,1672.4,317.51939641797344,-70.11534036219557,407780.198497228,-0.22970209500843147,0.2508462835541832,-0.9403792264697215
939,2026-07-28T17:28:52.013545Z,moon,39.759062,-104.62011683333333,1672.4,318.3225017395394,-70.29680503217239,407784.79970277305,-0.22418204380721315,0.25181545063953664,-0.9414517460038129
940,2026-07-28T17:30:22.036989Z,moon,39.759062,-104.62011683333333,1672.4,319.1384389802575,-70.4753464451765,407789.2286688487,-0.21865299493596488,0.25276237555541103,-0.942497771514139
941,2026-07-28T17:31:52.060432Z,moon,39.759062,-104.62011683333333,1672.4,319.9673488419213,-70.65088138294183,407793.4851142992,-0.2131151631022808,0.2536870230070359,-0.9435172608986631
942,2026-07-28T17:33:22.083876Z,moon,39.759062,-104.62011683333333,1672.4,320.8093607002528,-70.82332502627952,407797.5687648141,-0.20756876308840894,0.25458935857976905,-0.9445101730992048
943,2026-07-28T17:34:52.107320Z,moon,39.759062,-104.62011683333333,1672.4,321.66459130230436,-70.99259100292541,407801.47935261833,-0.20201401017456228,0.25546934866778565,-0.9454764680225781
944,2026-07-28T17:36:22.130763Z,moon,39.759062,-104.62011683333333,1672.4,322.5331435020428,-71.15859146628776,407805.216616625,-0.19645111994672854,0.25632696050704346,-0.9464161065772796
945,2026-07-28T17:37:52.154207Z,moon,39.759062,-104.62011683333333,1672.4,323.4151049494385,-71.3212371853514,407808.7803025793,-0.19088030810370843,0.25716216220360405,-0.9473290507046643
946,2026-07-28T17:39:22.177650Z,moon,39.759062,-104.62011683333333,1672.4,324.31054663823386,-71.48043762890053,407812.1701628334,-0.1853017908821167,0.25797492266883126,-0.9482152633078055
947,2026-07-28T17:40:52.201094Z,moon,39.759062,-104.62011683333333,1672.4,325.21952156224336,-71.63610109018374,407815.3859564512,-0.17971578455353973,0.25876521169433236,-0.9490747083339083
948,2026-07-28T17:42:22.224538Z,moon,39.759062,-104.62011683333333,1672.4,326.142063193792,-71.788134798367,407818.4274493116,-0.17412250585069794,0.2595329998894952,-0.9499073507056532
949,2026-07-28T17:43:52.247981Z,moon,39.759062,-104.62011683333333,1672.4,327.0781840390229,-71.93644506230287,407821.2944138157,-0.16852217177440615,0.2602782587100533,-0.9507131563533241
950,2026-07-28T17:45:22.271425Z,moon,39.759062,-104.62011683333333,1672.4,328.02787418478704,-72.08093742830054,407823.9866293815,-0.16291499939867166,0.2610009604832666,-0.9514920922413087
951,2026-07-28T17:46:52.294868Z,moon,39.759062,-104.62011683333333,1672.4,328.9910997405722,-72.22151683688087,407826.5038819839,-0.15730120629889927,0.2617010783511497,-0.9522441263073018
952,2026-07-28T17:48:22.318312Z,moon,39.759062,-104.62011683333333,1672.4,329.96780145122983,-72.35808781918102,407828.84596443386,-0.15168101004618423,0.2623785863355953,-0.9529692275325075
953,2026-07-28T17:49:52.341756Z,moon,39.759062,-104.62011683333333,1672.4,330.9578931785039,-72.49055468505368,407831.0126762762,-0.14605462863527482,0.26303345928416677,-0.9536673658835226
954,2026-07-28T17:51:22.365199Z,moon,39.759062,-104.62011683333333,1672.4,331.96126053150795,-72.6188217425576,407833.00382384314,-0.14042228029127746,0.26366567289555704,-0.9543385123394796
955,2026-07-28T17:52:52.388643Z,moon,39.759062,-104.62011683333333,1672.4,332.9777595604249,-72.7427935320684,407834.8192202918,-0.13478418327301378,0.26427520373993796,-0.9549826389142585
956,2026-07-28T17:54:22.412086Z,moon,39.759062,-104.62011683333333,1672.4,334.00721541594703,-72.86237506138228,407836.4586854184,-0.129140556303709,0.2648620292114027,-0.9555997186058536
957,2026-07-28T17:55:52.435530Z,moon,39.759062,-104.62011683333333,1672.4,335.04942127473043,-72.97747207610661,407837.9220460194,-0.12349161806315073,0.2654261275828186,-0.9561897254543861
958,2026-07-28T17:57:22.458974Z,moon,39.759062,-104.62011683333333,1672.4,336.10413721249495,-73.08799132331023,407839.20913554926,-0.11783758761741699,0.26596747796038267,-0.9567526344943613
959,2026-07-28T17:58:52.482417Z,moon,39.759062,-104.62011683333333,1672.4,337.17108932767013,-73.19384084140702,407840.3197942361,-0.11217868422427085,0.2664860603047397,-0.9572884217773502
960,2026-07-28T18:00:22.505861Z,moon,39.759062,-104.62011683333333,1672.4,338.2499690258506,-73.2949302605177,407841.253869308,-0.10651512713638814,0.2669818554481173,-0.9577970643892159
961,2026-07-28T18:01:52.529305Z,moon,39.759062,-104.62011683333333,1672.4,339.3404323752448,-73.39117110242583,407842.01121460524,-0.10084713597063408,0.2674548450599668,-0.9582785404152957
962,2026-07-28T18:03:22.552748Z,moon,39.759062,-104.62011683333333,1672.4,340.4420997661623,-73.48247709947279,407842.59169091185,-0.09517493051281342,0.26790501166640623,-0.9587328289601352
963,2026-07-28T18:04:52.576192Z,moon,39.759062,-104.62011683333333,1672.4,341.5545557898948,-73.56876451877726,407842.99516579806,-0.08949873051952238,0.2683323386643717,-0.9591599101621704
964,2026-07-28T18:06:22.599635Z,moon,39.759062,-104.62011683333333,1672.4,342.6773492279041,-73.64995248063299,407843.2215137267,-0.08381875615279687,0.2687368102879118,-0.9595597651596678
965,2026-07-28T18:07:52.623079Z,moon,39.759062,-104.62011683333333,1672.4,343.8099934753941,-73.72596329316967,407843.27061587863,-0.07813522746731288,0.2691184116467071,-0.9599323761293734
966,2026-07-28T18:09:22.646523Z,moon,39.759062,-104.62011683333333,1672.4,344.951967040933,-73.79672277186734,407843.1423604121,-0.07244836484448858,0.26947712869439827,-0.9602777262552654
967,2026-07-28T18:10:52.669966Z,moon,39.759062,-104.62011683333333,1672.4,346.10271444215175,-73.8621605647031,407842.83664220374,-0.06675838879560879,0.26981294824365476,-0.9605957997438263
968,2026-07-28T18:12:22.693410Z,moon,39.759062,-104.62011683333333,1672.4,347.2616473819681,-73.9222104695194,407842.35336316586,-0.061065519764470645,0.270125857977038,-0.9608865818337065
969,2026-07-28T18:13:52.716853Z,moon,39.759062,-104.62011683333333,1672.4,348.42814607789177,-73.97681073489382,407841.69243185286,-0.05536997856210882,0.270415846421254,-0.9611500587724626
970,2026-07-28T18:15:22.740297Z,moon,39.759062,-104.62011683333333,1672.4,349.60156106457725,-74.02590435844175,407840.85376384505,-0.04967198585302643,0.27068290297606457,-0.9613862178426874
971,2026-07-28T18:16:52.763741Z,moon,39.759062,-104.62011683333333,1672.4,350.7812150778484,-74.06943935964247,407839.8372814604,-0.04397176259073208,0.27092701789098494,-0.9615950473413235
972,2026-07-28T18:18:22.787184Z,moon,39.759062,-104.62011683333333,1672.4,351.96640533323614,-74.10736904031654,407838.64291400387,-0.038269529820051884,0.2711481822767493,-0.9617765365901618
973,2026-07-28T18:19:52.810628Z,moon,39.759062,-104.62011683333333,1672.4,353.15640605669813,-74.13965222233051,407837.2705975167,-0.0325655084789823,0.27134638811157613,-0.961930675940999
974,2026-07-28T18:21:22.834071Z,moon,39.759062,-104.62011683333333,1672.4,354.35047111525887,-74.16625345706039,407835.72027507116,-0.026859919835155354,0.27152162822523984,-0.9620574567625177
975,2026-07-28T18:22:52.857515Z,moon,39.759062,-104.62011683333333,1672.4,355.54783705515086,-74.18714321364179,407833.9918964657,-0.02115298497057169,0.2716738963166316,-0.9621568714544292
976,2026-07-28T18:24:22.880959Z,moon,39.759062,-104.62011683333333,1672.4,356.74772612362176,-74.20229803292797,407832.0854184632,-0.015444925217877456,0.2718031869399438,-0.9622289134370803
977,2026-07-28T18:25:52.904402Z,moon,39.759062,-104.62011683333333,1672.4,357.9493495751345,-74.21170065379319,407830.0008046839,-0.009735961962381743,0.27190949551176685,-0.9622735771573505
978,2026-07-28T18:27:22.927846Z,moon,39.759062,-104.62011683333333,1672.4,359.1519110964759,-74.21534010564453,407827.7380255979,-0.004026316444171294,0.27199281831371863,-0.9622908580889937
979,2026-07-28T18:28:52.951289Z,moon,39.759062,-104.62011683333333,1672.4,0.35461018099276814,-74.21321176654014,407825.2970585651,0.0016837898058623057,0.272053152485007,-0.9622807527301267
980,2026-07-28T18:30:22.974733Z,moon,39.759062,-104.62011683333333,1672.4,1.5566457482603067,-74.20531738766296,407822.6778879064,0.007394135480892322,0.27209049602996027,-0.9622432586049436
981,2026-07-28T18:31:52.998177Z,moon,39.759062,-104.62011683333333,1672.4,2.7572195703889975,-74.19166508263243,407819.8805047207,0.013104499062168968,0.27210484781277594,-0.9621783742638969
982,2026-07-28T18:33:23.021620Z,moon,39.759062,-104.62011683333333,1672.4,3.9555398002342246,-74.17226928231953,407816.90490707255,0.018814659016741016,0.27209620756076014,-0.9620860992848486
983,2026-07-28T18:34:53.045064Z,moon,39.759062,-104.62011683333333,1672.4,5.150824429900438,-74.14715065437262,407813.7510998426,0.024524393995651914,0.2720645758631416,-0.9619664342686572
984,2026-07-28T18:36:23.068507Z,moon,39.759062,-104.62011683333333,1672.4,6.3423045102948095,-74.11633599224925,407810.41909487755,0.030233482397684485,0.27200995417221113,-0.9618193808472256
985,2026-07-28T18:37:53.091951Z,moon,39.759062,-104.62011683333333,1672.4,7.529227429608619,-74.07985806863519,407806.90891079034,0.03594170288428238,0.27193234480051887,-0.9616449416728972
986,2026-07-28T18:39:23.115395Z,moon,39.759062,-104.62011683333333,1672.4,8.710859821099081,-74.03775546340066,407803.22057320684,0.04164883394359102,0.2718317509246489,-0.9614431204290657
987,2026-07-28T18:40:53.138838Z,moon,39.759062,-104.62011683333333,1672.4,9.886490403455975,-73.99007236079822,407799.3541145864,0.047354654088447974,0.2717081765843335,-0.9612139218266557
988,2026-07-28T18:42:23.162282Z,moon,39.759062,-104.62011683333333,1672.4,11.05543259553883,-73.93685832013544,407795.30957425473,0.05305894205384381,0.27156162667723993,-0.9609573515950321
989,2026-07-28T18:43:53.185725Z,moon,39.759062,-104.62011683333333,1672.4,12.217026756388687,-73.87816802943686,407791.0869984532,0.0587614763616094,0.2713921069691215,-0.9606734165004592
990,2026-07-28T18:45:23.209169Z,moon,39.759062,-104.62011683333333,1672.4,13.370642359413509,-73.81406103062851,407786.68644021876,0.06446203583459163,0.271199624080544,-0.9603621243232323
991,2026-07-28T18:46:53.232613Z,moon,39.759062,-104.62011683333333,1672.4,14.515679700198207,-73.74460143689006,407782.10795959196,0.0701603991610681,0.27098418549944814,-0.9600234838787852
992,2026-07-28T18:48:23.256056Z,moon,39.759062,-104.62011683333333,1672.4,15.651571454880669,-73.66985762999884,407777.35162349354,0.07585634509270082,0.27074579957658546,-0.9596575050093719
993,2026-07-28T18:49:53.279500Z,moon,39.759062,-104.62011683333333,1672.4,16.777783955095977,-73.58990194578489,407772.41750556795,0.08154965264175186,0.2704844755157711,-0.9592641985704292
994,2026-07-28T18:51:23.302943Z,moon,39.759062,-104.62011683333333,1672.4,17.893818057345193,-73.50481036039773,407767.3056865235,0.08724010064641002,0.2702002233934387,-0.9588435764593409
995,2026-07-28T18:52:53.326387Z,moon,39.759062,-104.62011683333333,1672.4,18.99920992551411,-73.41466215870828,407762.01625374163,0.09292746828382928,0.26989305413476417,-0.9583956515803727
996,2026-07-28T18:54:23.349831Z,moon,39.759062,-104.62011683333333,1672.4,20.093531360488466,-73.31953961418145,407756.54930168163,0.09861153463585294,0.2695629795349861,-0.957920437876227
997,2026-07-28T18:55:53.373274Z,moon,39.759062,-104.62011683333333,1672.4,21.17639000027484,-73.21952766033003,407750.90493159374,0.10429207888614224,0.2692100122508401,-0.9574179503150697
998,2026-07-28T18:57:23.396718Z,moon,39.759062,-104.62011683333333,1672.4,22.24742927839342,-73.11471356427677,407745.0832514683,0.10996888051736024,0.26883416578729674,-0.9568882048720252
999,2026-07-28T18:58:53.420162Z,moon,39.759062,-104.62011683333333,1672.4,23.30632805137227,-73.00518661597522,407739.0843763059,0.11564171893999964,0.26843545452061024,-0.9563312185623324
1000,2026-07-28T19:00:23.443605Z,moon,39.759062,-104.62011683333333,1672.4,24.352800130299077,-72.89103781507809,407732.9084280156,0.12131037368977346,0.26801389368768597,-0.9557470094254092
1001,2026-07-28T19:01:53.467049Z,moon,39.759062,-104.62011683333333,1672.4,25.386593624520742,-72.77235956617504,407726.5555351071,0.1269746246240938,0.2675694993700711,-0.9551355965036692
1002,2026-07-28T19:03:23.490492Z,moon,39.759062,-104.62011683333333,1672.4,26.407490004627192,-72.64924539788443,407720.0258332381,0.1326342514888931,0.2671022885271917,-0.9544969998881704
1003,2026-07-28T19:04:53.513936Z,moon,39.759062,-104.62011683333333,1672.4,27.415303193548404,-72.52178967458275,407713.3194646306,0.1382890344299197,0.2666122789563339,-0.953831240663751
1004,2026-07-28T19:06:23.537380Z,moon,39.759062,-104.62011683333333,1672.4,28.4098783615048,-72.39008734138915,407706.43657858286,0.14393875356010402,0.2660994893280292,-0.953138340957348
1005,2026-07-28T19:07:53.560823Z,moon,39.759062,-104.62011683333333,1672.4,29.391090731033454,-72.25423366995783,407699.37733116985,0.14958318915624272,0.2655639391708087,-0.9524183239175581
1006,2026-07-28T19:09:23.584267Z,moon,39.759062,-104.62011683333333,1672.4,30.358844294205664,-72.11432401816215,407692.1418851484,0.1552221218544228,0.2650056488520822,-0.9516712136885814
1007,2026-07-28T19:10:53.607710Z,moon,39.759062,-104.62011683333333,1672.4,31.313070355386525,-71.97045362043718,407684.73041036434,0.16085533221896528,0.26442463961953244,-0.9508970354664098
1008,2026-07-28T19:12:23.631154Z,moon,39.759062,-104.62011683333333,1672.4,32.253726186718005,-71.82271737044,407677.14308315876,0.16648260125141276,0.26382093355108666,-0.9500958154316839
1009,2026-07-28T19:13:53.654598Z,moon,39.759062,-104.62011683333333,1672.4,33.180793490028215,-71.67120964275354,407669.38008693885,0.17210370996019397,0.26319455359883753,-0.9492675808084073
1010,2026-07-28T19:15:23.678041Z,moon,39.759062,-104.62011683333333,1672.4,34.09427694745701,-71.5160241143864,407661.44161195273,0.17771843955542527,0.2625455235702768,-0.9484123598389015
1011,2026-07-28T19:16:53.701485Z,moon,39.759062,-104.62011683333333,1672.4,34.9942027650552,-71.35725360069188,407653.32785496407,0.18332657164477406,0.26187386810465874,-0.9475301817530022
1012,2026-07-28T19:18:23.724928Z,moon,39.759062,-104.62011683333333,1672.4,35.880617122890364,-71.19498992377169,407645.0390198922,0.18892788780358225,0.2611796127236738,-0.9466210768346481
1013,2026-07-28T19:19:53.748372Z,moon,39.759062,-104.62011683333333,1672.4,36.753584794141474,-71.02932376902885,407636.5753170981,0.1945221700818138,0.2604627837708666,-0.9456850763425384
1014,2026-07-28T19:21:23.771816Z,moon,39.759062,-104.62011683333333,1672.4,37.61318764185139,-70.86034458234703,407627.93696393,0.20010920057489948,0.2597234084644585,-0.9447222125793797
1015,2026-07-28T19:22:53.795259Z,moon,39.759062,-104.62011683333333,1672.4,38.45952325078639,-70.68814046280768,407619.1241846776,0.20568876161985425,0.258961514874358,-0.9437325188618163
1016,2026-07-28T19:24:23.818703Z,moon,39.759062,-104.62011683333333,1672.4,39.29270359809149,-70.51279806755474,407610.13720988436,0.21126063598744158,0.25817713189495306,-0.9427160294853789
1017,2026-07-28T19:25:53.842146Z,moon,39.759062,-104.62011683333333,1672.4,40.11285367847474,-70.3344025480564,407600.9762774312,0.21682460645643428,0.25737028930429284,-0.9416727798011563
1018,2026-07-28T19:27:23.865590Z,moon,39.759062,-104.62011683333333,1672.4,40.920110320596095,-70.15303746868453,407591.64163151145,0.22238045631671574,0.2565410176934815,-0.9406028061244354
1019,2026-07-28T19:28:53.889034Z,moon,39.759062,-104.62011683333333,1672.4,41.71462092025691,-69.96878476533658,407582.1335232721,0.22792796894388528,0.25568934852774156,-0.9395061458141583
1020,2026-07-28T19:30:23.912477Z,moon,39.759062,-104.62011683333333,1672.4,42.496542323129034,-69.78172469437581,407572.4522107299,0.23346692799277244,0.25481531412008945,-0.9383828372383511
1021,2026-07-28T19:31:53.935921Z,moon,39.759062,-104.62011683333333,1672.4,43.26603976404173,-69.5919357902455,407562.59795820696,0.23899711758915415,0.25391894760000916,-0.9372329197343529
1022,2026-07-28T19:33:23.959364Z,moon,39.759062,-104.62011683333333,1672.4,44.02328578036567,-69.39949485257746,407552.57103720563,0.24451832190727424,0.25300028298106736,-0.9360564336957203
1023,2026-07-28T19:34:53.982808Z,moon,39.759062,-104.62011683333333,1672.4,44.76845931430428,-69.20447690968139,407542.37172556797,0.2500303256684254,0.25205935508032096,-0.934853420469024
1024,2026-07-28T19:36:24.006252Z,moon,39.759062,-104.62011683333333,1672.4,45.50174474751338,-69.00695522090597,407532.0003080718,0.2555329137195005,0.2510961995882718,-0.9336239224432658
1025,2026-07-28T19:37:54.029695Z,moon,39.759062,-104.62011683333333,1672.4,46.223331079749684,-68.80700126438614,407521.4570762673,0.261025871224855,0.25011085303823216,-0.932367983010889
1026,2026-07-28T19:39:24.053139Z,moon,39.759062,-104.62011683333333,1672.4,46.93341116301122,-68.6046847301826,407510.7423279436,0.2665089838566294,0.2491033527712568,-0.9310856465233612
1027,2026-07-28T19:40:54.076582Z,moon,39.759062,-104.62011683333333,1672.4,47.63218091264146,-68.40007354115849,407499.85636812047,0.2719820373751152,0.24807373701253915,-0.9297769583883626
1028,2026-07-28T19:42:24.100026Z,moon,39.759062,-104.62011683333333,1672.4,48.31983869200628,-68.19323384500063,407488.7995079902,0.2774448181244339,0.24702204478065434,-0.9284419649543445
1029,2026-07-28T19:43:54.123470Z,moon,39.759062,-104.62011683333333,1672.4,48.99658463173125,-67.98423004437863,407477.57206569746,0.282897112613628,0.2459483159657962,-0.92708071361045
1030,2026-07-28T19:45:24.146913Z,moon,39.759062,-104.62011683333333,1672.4,49.662620077764,-67.77312480826804,407466.1743660944,0.2883387077071598,0.2448525912957169,-0.9256932527427958
1031,2026-07-28T19:46:54.170357Z,moon,39.759062,-104.62011683333333,1672.4,50.31814708541615,-67.55997908614681,407454.60674024,0.2937693908139252,0.24373491229659988,-0.9242796316854461
1032,2026-07-28T19:48:24.193800Z,moon,39.759062,-104.62011683333333,1672.4,50.96336788572779,-67.34485214873072,407442.86952633056,0.2991889494713295,0.24259532137791126,-0.9228399008277601
1033,2026-07-28T19:49:54.217244Z,moon,39.759062,-104.62011683333333,1672.4,51.59848450501195,-67.12780159575013,407430.96306867676,0.3045971718359802,0.24143386173179127,-0.9213741114871834
1034,2026-07-28T19:51:24.240688Z,moon,39.759062,-104.62011683333333,1672.4,52.223698316429505,-66.9088834015022,407418.88771858695,0.30999384626930687,0.24025057741990954,-0.9198823160190446
1035,2026-07-28T19:52:54.264131Z,moon,39.759062,-104.62011683333333,1672.4,52.83920970252752,-66.68815193846692,407406.6438338839,0.31537876152625727,0.2390455133349847,-0.918364567768475
1036,2026-07-28T19:54:24.287575Z,moon,39.759062,-104.62011683333333,1672.4,53.44521775179697,-66.46566000200946,407394.2317785755,0.3207517069419081,0.2378187151586977,-0.9168209210168137
1037,2026-07-28T19:55:54.311018Z,moon,39.759062,-104.62011683333333,1672.4,54.0419199214429,-66.2414588610086,407381.65192385495,0.32611247202064253,0.23657022945431153,-0.9152514310988648
1038,2026-07-28T19:57:24.334462Z,moon,39.759062,-104.62011683333333,1672.4,54.6295118330197,-66.01559827246753,407368.9046468494,0.3314608469209375,0.2353001035565162,-0.9136561542641453
1039,2026-07-28T19:58:54.357906Z,moon,39.759062,-104.62011683333333,1672.4,55.20818699694051,-65.7881265340175,407355.99033157446,0.33679662204600075,0.23400838566632687,-0.9120351477965326
1040,2026-07-28T20:00:24.381349Z,moon,39.759062,-104.62011683333333,1672.4,55.778136631083534,-65.55909051218767,407342.90936871304,0.3421195882304625,0.23269512480948595,-0.9103884699615415
1041,2026-07-28T20:01:54.404793Z,moon,39.759062,-104.62011683333333,1672.4,56.33954950289188,-65.32853567073747,407329.66215485433,0.34742953692455253,0.2313603707898001,-0.9087161799486114
1042,2026-07-28T20:03:24.428237Z,moon,39.759062,-104.62011683333333,1672.4,56.89261173815959,-65.09650612211969,407316.24909363705,0.35272625984707473,0.23000417427552608,-0.9070183379789668
1043,2026-07-28T20:04:54.451680Z,moon,39.759062,-104.62011683333333,1672.4,57.437506708682825,-64.86304465620324,407302.6705951848,0.35800954917081795,0.22862658675505249,-0.905295005250356
1044,2026-07-28T20:06:24.475124Z,moon,39.759062,-104.62011683333333,1672.4,57.97441493794814,-64.62819276860682,407288.9270755604,0.36327919770542466,0.22722766048847493,-0.9035462438765585
1045,2026-07-28T20:07:54.498567Z,moon,39.759062,-104.62011683333333,1672.4,58.50351396506708,-64.39199071487312,407275.0189579032,0.3685349984947177,0.22580744861363122,-0.9017721170202041
1046,2026-07-28T20:09:24.522011Z,moon,39.759062,-104.62011683333333,1672.4,59.02497831503234,-64.15447752531297,407260.946671186,0.37377674529197075,0.22436600502054102,-0.8999726887356436
1047,2026-07-28T20:10:54.545455Z,moon,39.759062,-104.62011683333333,1672.4,59.53897939516871,-63.915691058629115,407246.7106513223,0.3790042321589147,0.22290338445924948,-0.8981480241041805
1048,2026-07-28T20:12:24.568898Z,moon,39.759062,-104.62011683333333,1672.4,60.04568546454215,-63.67566802897429,407232.3113405742,0.3842172536485726,0.22141964249241225,-0.8962981891743845
1049,2026-07-28T20:13:54.592342Z,moon,39.759062,-104.62011683333333,1672.4,60.545261614550746,-63.43444403221196,407217.7491871231,0.38941560498613687,0.21991483544270546,-0.894423250897185
1050,2026-07-28T20:15:24.615785Z,moon,39.759062,-104.62011683333333,1672.4,61.03786970499695,-63.19205359837984,407203.0246461452,0.3945990816710367,0.218389020507412,-0.892523277268547
1051,2026-07-28T20:16:54.639229Z,moon,39.759062,-104.62011683333333,1672.4,61.5236683940986,-62.94853020335834,407188.1381785771,0.3997674799467483,0.21684225562302278,-0.8905983371606674
1052,2026-07-28T20:18:24.662673Z,moon,39.759062,-104.62011683333333,1672.4,62.00281309481894,-62.70390632017166,407173.09025217575,0.40492059640450523,0.21527459958130307,-0.8886485004671585
1053,2026-07-28T20:19:54.686116Z,moon,39.759062,-104.62011683333333,1672.4,62.47545599468408,-62.458213442716655,407157.88134107797,0.4100582281643069,0.21368611197814788,-0.8866738380387749
1054,2026-07-28T20:21:24.709560Z,moon,39.759062,-104.62011683333333,1672.4,62.94174608177234,-62.21148210858413,407142.5119250439,0.41518017305270577,0.2120768531574648,-0.8846744216143883
1055,2026-07-28T20:22:54.733003Z,moon,39.759062,-104.62011683333333,1672.4,63.40182912529295,-61.963741948479466,407126.9824910555,0.4202862292114369,0.21044688433367473,-0.8826503239729087
1056,2026-07-28T20:24:24.756447Z,moon,39.759062,-104.62011683333333,1672.4,63.855847740035315,-61.715021693886854,407111.29353151744,0.42537619555935774,0.20879626744699525,-0.8806016187537073
1057,2026-07-28T20:25:54.779891Z,moon,39.759062,-104.62011683333333,1672.4,64.30394137876405,-61.46534922506711,407095.44554570183,0.4304498714030967,0.20712506528738478,-0.878528380610868
1058,2026-07-28T20:27:24.803334Z,moon,39.759062,-104.62011683333333,1672.4,64.74624638062356,-61.21475159089548,407079.4390390448,0.4355070566148536,0.20543334143977507,-0.8764306851448981
1059,2026-07-28T20:28:54.826778Z,moon,39.759062,-104.62011683333333,1672.4,65.18289602246863,-60.96325502771789,407063.2745227791,0.4405475518075703,0.20372116022463435,-0.8743086088293338
1060,2026-07-28T20:30:24.850221Z,moon,39.759062,-104.62011683333333,1672.4,65.61402052503351,-60.710885005328464,407046.95251498366,0.44557115794994673,0.20198858682795467,-0.8721622291720672
1061,2026-07-28T20:31:54.873665Z,moon,39.759062,-104.62011683333333,1672.4,66.03974713502119,-60.45766623038184,407030.47353921767,0.45057767682081323,0.20023568714768553,-0.8699916245247726
1062,2026-07-28T20:33:24.897109Z,moon,39.759062,-104.62011683333333,1672.4,66.46020013752596,-60.20362269091166,407013.83812577353,0.45556691062646504,0.19846252792513952,-0.8677968742463997
1063,2026-07-28T20:34:54.920552Z,moon,39.759062,-104.62011683333333,1672.4,66.87550091869336,-59.948777672219386,406997.0468111442,0.46053866217520945,0.1966691766869352,-0.86557805863085
1064,2026-07-28T20:36:24.943996Z,moon,39.759062,-104.62011683333333,1672.4,67.28576802932544,-59.69315377178403,406980.1001373027,0.4654927350500773,0.19485570168198502,-0.8633352588291641
1065,2026-07-28T20:37:54.967439Z,moon,39.759062,-104.62011683333333,1672.4,67.69111720423622,-59.43677294183642,406962.998653187,0.47042893323022217,0.19302217201924082,-0.8610685570202002
1066,2026-07-28T20:39:24.990883Z,moon,39.759062,-104.62011683333333,1672.4,68.09166145132022,-59.179656488719445,406945.7429130176,0.47534706153750933,0.19116865750484616,-0.85877803620927
1067,2026-07-28T20:40:55.014327Z,moon,39.759062,-104.62011683333333,1672.4,68.48751107362838,-58.92182511407384,406928.3334776548,0.48024692526059093,0.1892952287814689,-0.8564637804007358
1068,2026-07-28T20:42:25.037770Z,moon,39.759062,-104.62011683333333,1672.4,68.87877373730608,-58.66329892701092,406910.7709140681,0.4851283303265651,0.18740195726686015,-0.8541258745214952
1069,2026-07-28T20:43:55.061214Z,moon,39.759062,-104.62011683333333,1672.4,69.26555453930527,-58.4040974554014,406893.05579467415,0.48999108347070464,0.18548891508687676,-0.8517644043390744
1070,2026-07-28T20:45:25.084657Z,moon,39.759062,-104.62011683333333,1672.4,69.64795603213385,-58.14423968530903,406875.18869865866,0.4948349918644766,0.18355617522137255,-0.849379456641485
1071,2026-07-28T20:46:55.108101Z,moon,39.759062,-104.62011683333333,1672.4,70.02607831340116,-57.88374405665837,406857.17021044134,0.49965986355435715,0.18160381133211703,-0.8469711190250173
1072,2026-07-28T20:48:25.131545Z,moon,39.759062,-104.62011683333333,1672.4,70.40001905118856,-57.62262850142581,406839.0009210362,0.5044655070926957,0.1796318979099424,-0.8445394800759651
1073,2026-07-28T20:49:55.154988Z,moon,39.759062,-104.62011683333333,1672.4,70.7698735519039,-57.36091045249594,406820.6814273735,0.5092517317064355,0.17764051020949398,-0.8420846292900181
1074,2026-07-28T20:51:25.178432Z,moon,39.759062,-104.62011683333333,1672.4,71.13573482716397,-57.09860685172172,406802.21233171865,0.5140183474636574,0.1756297241790049,-0.839606656986197
1075,2026-07-28T20:52:55.201875Z,moon,39.759062,-104.62011683333333,1672.4,71.49769361931978,-56.835734186597705,406783.5942431137,0.5187651649084616,0.17359961661403842,-0.8371056544958679
1076,2026-07-28T20:54:25.225319Z,moon,39.759062,-104.62011683333333,1672.4,71.85583848778754,-56.57230848267763,406764.82777562947,0.5234919954918342,0.1715502649759709,-0.8345817139397744
1077,2026-07-28T20:55:55.248763Z,moon,39.759062,-104.62011683333333,1672.4,72.2102558339537,-56.30834533916736,406745.91354984697,0.5281986512093292,0.16948174754712106,-0.8320349284188852
1078,2026-07-28T20:57:25.272206Z,moon,39.759062,-104.62011683333333,1672.4,72.56102996592507,-56.04385993485298,406726.85219220223,0.5328849447673883,0.16739414336172856,-0.829465391929314
1079,2026-07-28T20:58:55.295650Z,moon,39.759062,-104.62011683333333,1672.4,72.90824316183631,-55.7788670334424,406707.6443343495,0.5375506897453237,0.16528753213271333,-0.8268731992729018
1080,2026-07-28T21:00:25.319094Z,moon,39.759062,-104.62011683333333,1672.4,73.25197569745185,-55.51338101484291,406688.2906142902,0.5421957002902412,0.16316199438870596,-0.8242584462253781
1081,2026-07-28T21:01:55.342537Z,moon,39.759062,-104.62011683333333,1672.4,73.5923059082176,-55.24741587957475,406668.79167596414,0.5468197912812235,0.16101761140288112,-0.8216212294489901
1082,2026-07-28T21:03:25.365981Z,moon,39.759062,-104.62011683333333,1672.4,73.92931024978178,-54.98098525261164,406649.1481683187,0.5514227784896466,0.15885446511779175,-0.8189616464004272
1083,2026-07-28T21:04:55.389424Z,moon,39.759062,-104.62011683333333,1672.4,74.26306332002098,-54.71410241637235,406629.3607469221,0.5560044782271051,0.1566726383103991,-0.8162797955335311
1084,2026-07-28T21:06:25.412868Z,moon,39.759062,-104.62011683333333,1672.4,74.59363793650576,-54.44678029893181,406609.4300722259,0.5605647077611986,0.1544722143972001,-0.8135757760601205
1085,2026-07-28T21:07:55.436312Z,moon,39.759062,-104.62011683333333,1672.4,74.92110515706537,-54.17903150617039,406589.3568109982,0.5651032849663772,0.15225327760062068,-0.8108496881543938
1086,2026-07-28T21:09:25.459755Z,moon,39.759062,-104.62011683333333,1672.4,75.2455343366204,-53.91086832400373,406569.14163569675,0.5696200284838676,0.1500159128750696,-0.8081016328620413
1087,2026-07-28T21:10:55.483199Z,moon,39.759062,-104.62011683333333,1672.4,75.56699318257948,-53.64230272005985,406548.78522372467,0.5741147578787854,0.14776020582810334,-0.8053317120040785
1088,2026-07-28T21:12:25.506642Z,moon,39.759062,-104.62011683333333,1672.4,75.88554777330127,-53.37334637485292,406528.2882590468,0.5785872932961093,0.14548624289294373,-0.8025400283881031
1089,2026-07-28T21:13:55.530086Z,moon,39.759062,-104.62011683333333,1672.4,76.2012626294112,-53.10401066785877,406507.6514302553,0.5830374558671171,0.14319411112493627,-0.799726685558972
1090,2026-07-28T21:15:25.553530Z,moon,39.759062,-104.62011683333333,1672.4,76.51420073065141,-52.83430670801234,406486.8754323701,0.5874650673678236,0.14088389837543894,-0.7968917880120596
1091,2026-07-28T21:16:55.576973Z,moon,39.759062,-104.62011683333333,1672.4,76.82442356744042,-52.564245334012995,406465.9609656777,0.591869950376316,0.138555693213737,-0.7940354410979387
1092,2026-07-28T21:18:25.600417Z,moon,39.759062,-104.62011683333333,1672.4,77.13199119080552,-52.29383711424789,406444.9087355135,0.5962519284251284,0.13620958484631188,-0.7911577509228555
1093,2026-07-28T21:19:55.623860Z,moon,39.759062,-104.62011683333333,1672.4,77.43696222717958,-52.02309237644054,406423.7194536216,0.6006108256661374,0.13384566329531655,-0.7882588245682236
1094,2026-07-28T21:21:25.647304Z,moon,39.759062,-104.62011683333333,1672.4,77.73939394361012,-51.75202119193461,406402.39383622346,0.6049464672670408,0.13146401918726383,-0.7853387698313753
1095,2026-07-28T21:22:55.670748Z,moon,39.759062,-104.62011683333333,1672.4,78.03934226089343,-51.48063340478506,406380.9326056997,0.6092586790785133,0.12906474393351183,-0.7823976954470675
1096,2026-07-28T21:24:25.694191Z,moon,39.759062,-104.62011683333333,1672.4,78.3368617998395,-51.20893863052976,406359.3364898412,0.6135472877872268,0.1266479296495976,-0.7794357109886667
1097,2026-07-28T21:25:55.717635Z,moon,39.759062,-104.62011683333333,1672.4,78.6320059261518,-50.93694625457531,406337.6062212315,0.6178121210649772,0.12421366907083978,-0.7764529267644973
1098,2026-07-28T21:27:25.741078Z,moon,39.759062,-104.62011683333333,1672.4,78.92482676150807,-50.66466546063349,406315.74253861833,0.6220530072417729,0.12176205573781558,-0.7734494540459435
1099,2026-07-28T21:28:55.764522Z,moon,39.759062,-104.62011683333333,1672.4,79.21537524308968,-50.392105213473364,406293.746185233,0.6262697756925427,0.11929318377700772,-0.7704254047981267
1100,2026-07-28T21:30:25.787966Z,moon,39.759062,-104.62011683333333,1672.4,79.50370113310724,-50.119274286884234,406271.61791034666,0.6304622565127321,0.11680714808826449,-0.7673808919098521
1101,2026-07-28T21:31:55.811409Z,moon,39.759062,-104.62011683333333,1672.4,79.78985306024465,-49.84618126112221,406249.35846850014,0.6346302806678344,0.11430404426059601,-0.7643160290908058
1102,2026-07-28T21:33:25.834853Z,moon,39.759062,-104.62011683333333,1672.4,80.07387855974605,-49.57283452009677,406226.96861873835,0.638773680137685,0.11178396848523028,-0.7612309307648052
1103,2026-07-28T21:34:55.858296Z,moon,39.759062,-104.62011683333333,1672.4,80.35582408113733,-49.29924227868671,406204.44912637747,0.6428922875999712,0.10924701774720172,-0.7581257123049042
1104,2026-07-28T21:36:25.881740Z,moon,39.759062,-104.62011683333333,1672.4,80.6357350424786,-49.025412564349494,406181.8007609378,0.6469859368047248,0.10669328959884117,-0.755000489755795
1105,2026-07-28T21:37:55.905184Z,moon,39.759062,-104.62011683333333,1672.4,80.91365583668997,-48.75135324405563,406159.0242978331,0.6510544622602786,0.10412288235307844,-0.7518553800708394
1106,2026-07-28T21:39:25.928627Z,moon,39.759062,-104.62011683333333,1672.4,81.1896298685155,-48.47707202068296,406136.120517722,0.6550976993782178,0.10153589499688687,-0.7486905010059546
1107,2026-07-28T21:40:55.952071Z,moon,39.759062,-104.62011683333333,1672.4,81.46369959040543,-48.202576429157816,406113.09020546405,0.6591154846137196,0.09893242710060056,-0.745505971009224
1108,2026-07-28T21:42:25.975514Z,moon,39.759062,-104.62011683333333,1672.4,81.73590650703747,-47.92787386294453,406089.93415227445,0.6631076551579707,0.09631257901715155,-0.742301909464042
1109,2026-07-28T21:43:55.998958Z,moon,39.759062,-104.62011683333333,1672.4,82.00629122504868,-47.65297155457378,406066.65315320407,0.6670740493024053,0.09367645164652923,-0.7390784364018528
1110,2026-07-28T21:45:26.022402Z,moon,39.759062,-104.62011683333333,1672.4,82.27489345632375,-47.37787660183581,406043.24800916563,0.6710145061334144,0.09102414663657168,-0.7358356727473966
1111,2026-07-28T21:46:56.045845Z,moon,39.759062,-104.62011683333333,1672.4,82.5417520510818,-47.10259596324331,406019.71952613164,0.6749288656736184,0.08835576629291224,-0.7325737402086667
1112,2026-07-28T21:48:26.069289Z,moon,39.759062,-104.62011683333333,1672.4,82.80690502991575,-46.827136453335534,405996.0685142929,0.6788169690174728,0.08567141348587191,-0.7292927611633507
1113,2026-07-28T21:49:56.092732Z,moon,39.759062,-104.62011683333333,1672.4,83.07038958566169,-46.55150476844474,405972.29578977934,0.682678658033846,0.08297119185511803,-0.7259928589092652
1114,2026-07-28T21:51:26.116176Z,moon,39.759062,-104.62011683333333,1672.4,83.33224212890529,-46.27570746638242,405948.4021726201,0.6865137757183628,0.08025520556788575,-0.7226741573684324
1115,2026-07-28T21:52:56.139620Z,moon,39.759062,-104.62011683333333,1672.4,83.59249828877618,-45.99975099197065,405924.3884884956,0.6903221658982668,0.07752355952508022,-0.7193367813396498
1116,2026-07-28T21:54:26.163063Z,moon,39.759062,-104.62011683333333,1672.4,83.851192942562,-45.72364167175096,405900.2555679849,0.6941036733694103,0.0747763592684652,-0.7159808563848927
1117,2026-07-28T21:55:56.186507Z,moon,39.759062,-104.62011683333333,1672.4,84.108360244353,-45.44738570860378,405876.0042457661,0.6978581440269224,0.07201371088539604,-0.7126065087127776
1118,2026-07-28T21:57:26.209951Z,moon,39.759062,-104.62011683333333,1672.4,84.36403362742959,-45.170989203829855,405851.6353620265,0.701585424619612,0.06923572118788794,-0.7092138653980983
1119,2026-07-28T21:58:56.233394Z,moon,39.759062,-104.62011683333333,1672.4,84.61824583195535,-44.89445815151004,405827.1497617469,0.7052853628837473,0.06644249761874366,-0.7058030542666446
1120,2026-07-28T22:00:26.256838Z,moon,39.759062,-104.62011683333333,1672.4,84.87102893187476,-44.6177984327412,405802.5482938703,0.7089578076712124,0.06363414815408407,-0.7023742037765427
1121,2026-07-28T22:01:56.280281Z,moon,39.759062,-104.62011683333333,1672.4,85.1224143331557,-44.34101584049032,405777.83181310206,0.7126026086687699,0.06081078151744271,-0.6989274432798457
1122,2026-07-28T22:03:26.303725Z,moon,39.759062,-104.62011683333333,1672.4,85.37243281372055,-44.064116058233665,405753.0011777948,0.7162196167308109,0.05797250692664586,-0.6954629027134447
1123,2026-07-28T22:04:56.327169Z,moon,39.759062,-104.62011683333333,1672.4,85.62111452084002,-43.78710468460785,405728.0572517372,0.719808683601447,0.055119434309259197,-0.6919807128622727
1124,2026-07-28T22:06:26.350612Z,moon,39.759062,-104.62011683333333,1672.4,85.8684889960497,-43.509987227262435,405703.000903296,0.7233696620431547,0.05225167420587267,-0.6884810052414341
1125,2026-07-28T22:07:56.374056Z,moon,39.759062,-104.62011683333333,1672.4,86.11458519938282,-43.23276909651058,405677.83300471026,0.7269024059608895,0.04936933766988439,-0.6849639119736946
1126,2026-07-28T22:09:26.397499Z,moon,39.759062,-104.62011683333333,1672.4,86.35943150572757,-42.955455629797285,405652.55443376565,0.7304067701313409,0.046472536487450165,-0.6814295660585362
1127,2026-07-28T22:10:56.420943Z,moon,39.759062,-104.62011683333333,1672.4,86.60305574185666,-42.67805206976903,405627.1660717302,0.7338826105237448,0.043561382917493674,-0.6778781010544366
1128,2026-07-28T22:12:26.444387Z,moon,39.759062,-104.62011683333333,1672.4,86.84548518205904,-42.40056358857159,405601.66880515317,0.737329784032038,0.04063598991293079,-0.6743096513494853
1129,2026-07-28T22:13:56.467830Z,moon,39.759062,-104.62011683333333,1672.4,87.08674657065929,-42.122995281179236,405576.06352509465,0.740748148599558,0.037696471021171324,-0.6707243520395523
1130,2026-07-28T22:15:26.491274Z,moon,39.759062,-104.62011683333333,1672.4,87.326866143912,-41.84535215867276,405550.35112615477,0.7441375633374688,0.03474294028152721,-0.6671223388035877
1131,2026-07-28T22:16:56.514717Z,moon,39.759062,-104.62011683333333,1672.4,87.56586962477873,-41.56763917227841,405524.5325085001,0.7474978882657004,0.03177551245048027,-0.6635037481784318
1132,2026-07-28T22:18:26.538161Z,moon,39.759062,-104.62011683333333,1672.4,87.80378225739435,-41.289861191074955,405498.60857551685,0.7508289846200743,0.028794302735527244,-0.6598687172342413
1133,2026-07-28T22:19:56.561605Z,moon,39.759062,-104.62011683333333,1672.4,88.0406288012516,-41.01202302587187,405472.5802356803,0.7541307145964029,0.02579942702130222,-0.6562173838505736
1134,2026-07-28T22:21:26.585048Z,moon,39.759062,-104.62011683333333,1672.4,88.27643355159039,-40.73412942221676,405446.4484019198,0.7574029414695992,0.022791001768052436,-0.6525498865922876
1135,2026-07-28T22:22:56.608492Z,moon,39.759062,-104.62011683333333,1672.4,88.51122035932184,-40.45618505329277,405420.2139904366,0.7606455297073084,0.01976914390615108,-0.6488663645817265
1136,2026-07-28T22:24:26.631935Z,moon,39.759062,-104.62011683333333,1672.4,88.74501262439689,-40.17819454364467,405393.87792287266,0.763858344722062,0.01673397106724394,-0.6451669577797611
1137,2026-07-28T22:25:56.655379Z,moon,39.759062,-104.62011683333333,1672.4,88.97783332812762,-39.90016244651742,405367.44112390804,0.7670412531654117,0.01368560131116052,-0.641451806653615
1138,2026-07-28T22:27:26.678823Z,moon,39.759062,-104.62011683333333,1672.4,89.20970502605908,-39.62209326748291,405340.9045231978,0.7701941226828434,0.010624153357778459,-0.6377210524596437
1139,2026-07-28T22:28:56.702266Z,moon,39.759062,-104.62011683333333,1672.4,89.44064986658871,-39.34399145707404,405314.26905461994,0.7733168220285515,0.007549746482638996,-0.6339748371155669
1140,2026-07-28T22:30:26.725710Z,moon,39.759062,-104.62011683333333,1672.4,89.67068960911689,-39.06586140344973,405287.5356551653,0.7764092211731446,0.0044625004096672,-0.6302133030707974
1141,2026-07-28T22:31:56.749153Z,moon,39.759062,-104.62011683333333,1672.4,89.89984561630982,-38.78770745579513,405260.7052671427,0.7794711910679765,0.0013625355466523475,-0.6264365935926431
1142,2026-07-28T22:33:26.772597Z,moon,39.759062,-104.62011683333333,1672.4,90.1281388844705,-38.50953390141715,405233.7788356065,0.782502603925251,-0.0017500272932166156,-0.6226448524276699
1143,2026-07-28T22:34:56.796041Z,moon,39.759062,-104.62011683333333,1672.4,90.35559003535023,-38.23134498907843,405206.75731059053,0.785503332984985,-0.004875066654783205,-0.6188382240897788
1144,2026-07-28T22:36:26.819484Z,moon,39.759062,-104.62011683333333,1672.4,90.58221933320914,-37.95314492141713,405179.64164602436,0.7884732526241216,-0.008012460547620559,-0.615016853730295
1145,2026-07-28T22:37:56.842928Z,moon,39.759062,-104.62011683333333,1672.4,90.80804670147276,-37.67493784732537,405152.4327988586,0.7914122384594028,-0.011162086555516447,-0.611180887005152
1146,2026-07-28T22:39:26.866371Z,moon,39.759062,-104.62011683333333,1672.4,91.03309171400335,-37.39672788514246,405125.1317311476,0.7943201671231864,-0.014323821596138922,-0.6073304703670607
1147,2026-07-28T22:40:56.889815Z,moon,39.759062,-104.62011683333333,1672.4,91.25737362383254,-37.11851909950138,405097.7394075442,0.7971969165299219,-0.01749754220535249,-0.6034657507199201
1148,2026-07-28T22:42:26.913259Z,moon,39.759062,-104.62011683333333,1672.4,91.48091135404523,-36.84031552446526,405070.25679747795,0.800042365654719,-0.02068312429580902,-0.5995868757127403
1149,2026-07-28T22:43:56.936702Z,moon,39.759062,-104.62011683333333,1672.4,91.70372351349863,-36.562121155721755,405042.6848741162,0.802856394637314,-0.023880443265898922,-0.5956939936069505
1150,2026-07-28T22:45:26.960146Z,moon,39.759062,-104.62011683333333,1672.4,91.92582841218989,-36.283939942744176,405015.0246134224,0.8056388848796934,-0.027089374111336988,-0.5917872531409072
1151,2026-07-28T22:46:56.983589Z,moon,39.759062,-104.62011683333333,1672.4,92.14724405168363,-36.00577581181415,404987.27699638944,0.8083897188335887,-0.030309791180224428,-0.5878668038278421
1152,2026-07-28T22:48:27.007033Z,moon,39.759062,-104.62011683333333,1672.4,92.36798815243138,-35.72763264264803,404959.4430063268,0.8111087802531987,-0.03354156846300096,-0.5839327956034068
1153,2026-07-28T22:49:57.030477Z,moon,39.759062,-104.62011683333333,1672.4,92.58807814384474,-35.44951429138228,404931.5236311854,0.8137959539854341,-0.0367845793461531,-0.5799853791254255
1154,2026-07-28T22:51:27.053920Z,moon,39.759062,-104.62011683333333,1672.4,92.80753117890072,-35.17142458254719,404903.51986237784,0.8164511260689232,-0.04003869672395134,-0.5760247056380782
1155,2026-07-28T22:52:57.077364Z,moon,39.759062,-104.62011683333333,1672.4,93.0263641483305,-34.893367301100525,404875.4326941461,0.8190741838257762,-0.043303793111052424,-0.5720509268346077
1156,2026-07-28T22:54:27.100808Z,moon,39.759062,-104.62011683333333,1672.4,93.24459367284257,-34.61534621214862,404847.2631250094,0.8216650156902109,-0.04657974043103967,-0.5680641951154661
1157,2026-07-28T22:55:57.124251Z,moon,39.759062,-104.62011683333333,1672.4,93.46223611698329,-34.337365052919154,404819.01215706946,0.824223511303459,-0.04986641012753808,-0.5640646634523288
1158,2026-07-28T22:57:27.147695Z,moon,39.759062,-104.62011683333333,1672.4,93.679307602895,-34.05942752461824,404790.6807948249,0.8267495616029823,-0.05316367328030682,-0.5600524852481429
1159,2026-07-28T22:58:57.171138Z,moon,39.759062,-104.62011683333333,1672.4,93.89582399955385,-33.781537315230615,404762.2700475763,0.829243058629202,-0.05647140035218891,-0.5560278146437898
1160,2026-07-28T23:00:27.194582Z,moon,39.759062,-104.62011683333333,1672.4,94.1118009482432,-33.503698075894214,404733.78092662216,0.8317038957553826,-0.05978946148786935,-0.551990806155601
1161,2026-07-28T23:01:57.218026Z,moon,39.759062,-104.62011683333333,1672.4,94.3272538516155,-33.225913443625835,404705.21444757644,0.8341319674976343,-0.06311772626110658,-0.5479416149829774
1162,2026-07-28T23:03:27.241469Z,moon,39.759062,-104.62011683333333,1672.4,94.54219788670706,-32.94818703310693,404676.5716293457,0.8365271696048087,-0.06645606378883223,-0.5438803968692585
1163,2026-07-28T23:04:57.264913Z,moon,39.759062,-104.62011683333333,1672.4,94.75664801772321,-32.670522428469134,404647.8534931219,0.8388893991416514,-0.06980434284766197,-0.5398073079603176
1164,2026-07-28T23:06:27.288356Z,moon,39.759062,-104.62011683333333,1672.4,94.97061898485275,-32.3929232058891,404619.0610646036,0.8412185543085143,-0.07316243161898492,-0.5357225051149993
1165,2026-07-28T23:07:57.311800Z,moon,39.759062,-104.62011683333333,1672.4,95.18412532862517,-32.115392909946024,404590.1953713899,0.8435145346558667,-0.07653019799033887,-0.5316261455382497
1166,2026-07-28T23:09:27.335244Z,moon,39.759062,-104.62011683333333,1672.4,95.39718137853008,-31.837935076130453,404561.25744518096,0.8457772409075238,-0.07990750930007823,-0.5275183870921605
1167,2026-07-28T23:10:57.358687Z,moon,39.759062,-104.62011683333333,1672.4,95.60980126521656,-31.56055322256059,404532.2483207587,0.8480065750445999,-0.08329423245294112,-0.523399388155167
1168,2026-07-28T23:12:27.382131Z,moon,39.759062,-104.62011683333333,1672.4,95.82199893253025,-31.283250841683,404503.1690349794,0.8502024403827934,-0.08669023403838548,-0.5192693074788002
1169,2026-07-28T23:13:57.405574Z,moon,39.759062,-104.62011683333333,1672.4,96.03378812580434,-31.006031422708507,404474.02062907844,0.8523647414051053,-0.09009538007151367,-0.5151283045020701
1170,2026-07-28T23:15:27.429018Z,moon,39.759062,-104.62011683333333,1672.4,96.24518241543824,-30.728898427900962,404444.80414593685,0.8544933839612897,-0.0935095362997796,-0.5109765389794173
1171,2026-07-28T23:16:57.452462Z,moon,39.759062,-104.62011683333333,1672.4,96.45619518499754,-30.451855314994106,404415.5206322963,0.8565882751035976,-0.09693256794311943,-0.5068141712965374
1172,2026-07-28T23:18:27.475905Z,moon,39.759062,-104.62011683333333,1672.4,96.66683964277239,-30.174905528773735,404386.17113789334,0.8586493231653989,-0.10036433981192815,-0.5026413623267768
1173,2026-07-28T23:19:57.499349Z,moon,39.759062,-104.62011683333333,1672.4,96.87712883313246,-29.898052492723725,404356.7567143359,0.860676437832487,-0.10380471642654006,-0.498458273286327
1174,2026-07-28T23:21:27.522792Z,moon,39.759062,-104.62011683333333,1672.4,97.08707562441616,-29.62129963135849,404327.2784172811,0.862669529988482,-0.10725356175508095,-0.4942650660529231
1175,2026-07-28T23:22:57.546236Z,moon,39.759062,-104.62011683333333,1672.4,97.29669273176376,-29.34465034644434,404297.73730398196,0.8646285118993196,-0.11071073952399159,-0.4900619027886365
1176,2026-07-28T23:24:27.569680Z,moon,39.759062,-104.62011683333333,1672.4,97.50599270484578,-29.068108039268044,404268.13443528005,0.8665532970621329,-0.11417611295528246,-0.4858489462591942
1177,2026-07-28T23:25:57.593123Z,moon,39.759062,-104.62011683333333,1672.4,97.71498793878318,-28.79167610222577,404238.47087486065,0.8684438002775198,-0.11764954488534576,-0.48162635968955264
1178,2026-07-28T23:27:27.616567Z,moon,39.759062,-104.62011683333333,1672.4,97.92369068499363,-28.515357910351785,404208.7476879519,0.8702999377153366,-0.12113089788680474,-0.4773943066164674
1179,2026-07-28T23:28:57.640010Z,moon,39.759062,-104.62011683333333,1672.4,98.13211303866409,-28.239156843559993,404178.9659438128,0.8721216267730426,-0.12462003400256083,-0.47315295121127837
1180,2026-07-28T23:30:27.663454Z,moon,39.759062,-104.62011683333333,1672.4,98.34026696098323,-27.963076262814127,404149.12671291863,0.8739087862449632,-0.12811681506047592,-0.46890245789781826
1181,2026-07-28T23:31:57.686898Z,moon,39.759062,-104.62011683333333,1672.4,98.54816426651051,-27.687119532316533,404119.2310693275,0.8756613361840079,-0.1316211024074335,-0.4646429916758563
1182,2026-07-28T23:33:27.710341Z,moon,39.759062,-104.62011683333333,1672.4,98.75581663358304,-27.411290011039153,404089.2800895207,0.8773791979681379,-0.1351327570296183,-0.46037471797478324
1183,2026-07-28T23:34:57.733785Z,moon,39.759062,-104.62011683333333,1672.4,98.96323561467618,-27.135591044188164,404059.27485147095,0.879062294360306,-0.13865163967577737,-0.4560978025042579
1184,2026-07-28T23:36:27.757228Z,moon,39.759062,-104.62011683333333,1672.4,99.17043262354932,-26.860025985352845,404029.2164369288,0.8807105493798864,-0.14217761058845835,-0.45181241158066404
1185,2026-07-28T23:37:57.780672Z,moon,39.759062,-104.62011683333333,1672.4,99.37741895694008,-26.58459817266023,403999.1059286521,0.8823238884564197,-0.14571052982211846,-0.44751871174075053
1186,2026-07-28T23:39:27.804116Z,moon,39.759062,-104.62011683333333,1672.4,99.5842057815954,-26.309310950882967,403968.9444127587,0.8839022383044418,-0.1492502569740001,-0.44321687006881033
1187,2026-07-28T23:40:57.827559Z,moon,39.759062,-104.62011683333333,1672.4,99.79080414430409,-26.03416766288625,403938.73297756474,0.8854455269841925,-0.15279665130689213,-0.4389070540479905
1188,2026-07-28T23:42:27.851003Z,moon,39.759062,-104.62011683333333,1672.4,99.99722498174056,-25.75917164110095,403908.4727128327,0.8869536839554112,-0.15634957187210166,-0.43458943141007816
1189,2026-07-28T23:43:57.874446Z,moon,39.759062,-104.62011683333333,1672.4,100.20347910740217,-25.48432622953997,403878.16471164837,0.8884266399621137,-0.159908877239525,-0.4302641704646383
1190,2026-07-28T23:45:27.897890Z,moon,39.759062,-104.62011683333333,1672.4,100.40957723278076,-25.20963476000455,403847.810068079,0.8898643271704356,-0.16347442581782023,-0.42593143970954056
1191,2026-07-28T23:46:57.921334Z,moon,39.759062,-104.62011683333333,1672.4,100.61552995416857,-24.93510057401397,403817.4098792326,0.8912666790572505,-0.1670460755837781,-0.4215914081599846
1192,2026-07-28T23:48:27.944777Z,moon,39.759062,-104.62011683333333,1672.4,100.82134776223253,-24.660727014314972,403786.96524438635,0.8926336304643911,-0.1706236842050569,-0.4172442451996838
1193,2026-07-28T23:49:57.968221Z,moon,39.759062,-104.62011683333333,1672.4,101.02704105158668,-24.386517416260908,403756.4772637049,0.8939651176466172,-0.1742071091657855,-0.4128901204281472
1194,2026-07-28T23:51:27.991664Z,moon,39.759062,-104.62011683333333,1672.4,101.23262010737048,-24.112475129786763,403725.9470408593,0.8952610781696685,-0.17779620749289501,-0.4085292039935778
1195,2026-07-28T23:52:58.015108Z,moon,39.759062,-104.62011683333333,1672.4,101.43809512609943,-23.838603495570336,403695.37568004656,0.8965214510325177,-0.1813908360802298,-0.40416166619889143
1196,2026-07-28T23:54:28.038552Z,moon,39.759062,-104.62011683333333,1672.4,101.64347620215979,-23.564905866942556,403664.7642883532,0.8977461765690452,-0.18499085141478108,-0.3997876778347416
1197,2026-07-28T23:55:58.061995Z,moon,39.759062,-104.62011683333333,1672.4,101.8487733371036,-23.29138560130714,403634.1139748033,0.8989351964965547,-0.1885961097014597,-0.3954074100281573
1198,2026-07-28T23:57:28.085439Z,moon,39.759062,-104.62011683333333,1672.4,102.05399644885865,-23.018046051558905,403603.4258491837,0.9000884539573399,-0.19220646698885935,-0.39102103408940286
1199,2026-07-28T23:58:58.108883Z,moon,39.759062,-104.62011683333333,1672.4,102.25915536036429,-22.74489058489402,403572.70102409244,0.901205893442685,-0.19582177893425337,-0.38662872179805297
1200,2026-07-29T00:00:28.132326Z,moon,39.759062,-104.62011683333333,1672.4,102.46425980869549,-22.47192257419861,403541.94061387336,0.9022874608378433,-0.19944190092911976,-0.38223064525045186
1201,2026-07-29T00:01:58.155770Z,moon,39.759062,-104.62011683333333,1672.4,102.66931945409995,-22.199145389514594,403511.14573358797,0.9033331034595633,-0.2030666882252683,-0.37782697670671367
1202,2026-07-29T00:03:28.179213Z,moon,39.759062,-104.62011683333333,1672.4,102.87434386621717,-21.926562419776634,403480.3175011774,0.9043427699763733,-0.2066959956587163,-0.3734178889262167
1203,2026-07-29T00:04:58.202657Z,moon,39.759062,-104.62011683333333,1672.4,103.07934254441618,-21.654177049086684,403449.4570350375,0.9053164105048124,-0.21032967797728291,-0.3690035547696723
1204,2026-07-29T00:06:28.226101Z,moon,39.759062,-104.62011683333333,1672.4,103.28432490392483,-21.38199267844702,403418.565455929,0.9062539765330154,-0.21396758956408726,-0.36458414753555995
1205,2026-07-29T00:07:58.249544Z,moon,39.759062,-104.62011683333333,1672.4,103.4893002846689,-21.1100127171606,403387.64388629736,0.9071554209594825,-0.21760958456362767,-0.36015984080664704
1206,2026-07-29T00:09:28.272988Z,moon,39.759062,-104.62011683333333,1672.4,103.69427796008779,-20.838240574277194,403356.69344893546,0.9080206981244147,-0.22125551700912763,-0.3557308082956468
1207,2026-07-29T00:10:58.296431Z,moon,39.759062,-104.62011683333333,1672.4,103.89926712309948,-20.566679680259412,403325.7152695453,0.9088497637436386,-0.22490524054439537,-0.3512972241831692
1208,2026-07-29T00:12:28.319875Z,moon,39.759062,-104.62011683333333,1672.4,104.10427690621253,-20.29533346330434,403294.710473745,0.9096425749886033,-0.22855860875364598,-0.3468592627171731
1209,2026-07-29T00:13:58.343319Z,moon,39.759062,-104.62011683333333,1672.4,104.30931636744172,-20.024205370948838,403263.68018958153,0.9103990904238471,-0.2322154748836778,-0.34241709855084607
1210,2026-07-29T00:15:28.366762Z,moon,39.759062,-104.62011683333333,1672.4,104.51439449888643,-19.753298861528513,403232.6255463824,0.9111192700393492,-0.23587569197013458,-0.3379709065889753
1211,2026-07-29T00:16:58.390206Z,moon,39.759062,-104.62011683333333,1672.4,104.71952023537072,-19.482617395591436,403201.5476737323,0.911803075275676,-0.23953911296615438,-0.33352086183207186
1212,2026-07-29T00:18:28.413649Z,moon,39.759062,-104.62011683333333,1672.4,104.92470244017389,-19.21216445748071,403170.44770375924,0.9124504689716816,-0.2432055904626849,-0.3290671397162821
1213,2026-07-29T00:19:58.437093Z,moon,39.759062,-104.62011683333333,1672.4,105.12994992494644,-18.94194353171347,403139.3267684298,0.9130614154282114,-0.24687497701995603,-0.324609915710576
1214,2026-07-29T00:21:28.460537Z,moon,39.759062,-104.62011683333333,1672.4,105.33527143539112,-18.671958124505625,403108.18600187666,0.9136358803593557,-0.25054712488810116,-0.3201493656565496
1215,2026-07-29T00:22:58.483980Z,moon,39.759062,-104.62011683333333,1672.4,105.54067565970394,-18.402211755203318,403077.02653920354,0.9141738309185132,-0.25422188613507685,-0.31568566561327055
1216,2026-07-29T00:24:28.507424Z,moon,39.759062,-104.62011683333333,1672.4,105.74617123694965,-18.132707947778254,403045.8495156293,0.9146752357171861,-0.2578991127744322,-0.31121899170177725
1217,2026-07-29T00:25:58.530867Z,moon,39.759062,-104.62011683333333,1672.4,105.9517667424765,-17.863450143923178,403014.6560687105,0.9151400653449903,-0.2615786566424809,-0.3067495186458852
1218,2026-07-29T00:27:28.554311Z,moon,39.759062,-104.62011683333333,1672.4,106.15747070832255,-17.59444211333331,402983.4473355981,0.9155682901721429,-0.2652603691027183,-0.30227742657159923
1219,2026-07-29T00:28:58.577755Z,moon,39.759062,-104.62011683333333,1672.4,106.36329160768167,-17.325687323649053,402952.2244552697,0.9159598836987821,-0.2689441017090485,-0.2978028905340353
1220,2026-07-29T00:30:28.601198Z,moon,39.759062,-104.62011683333333,1672.4,106.56923786382576,-17.05718936675012,402920.9885676947,0.9163148203072158,-0.27262970570386547,-0.2933260875769125
1221,2026-07-29T00:31:58.624642Z,moon,39.759062,-104.62011683333333,1672.4,106.77531785820783,-16.788951841427306,402889.7408124687,0.9166330758439364,-0.27631703230480875,-0.2888471947711239
1222,2026-07-29T00:33:28.648085Z,moon,39.759062,-104.62011683333333,1672.4,106.98153991577641,-16.52097837468798,402858.4823315198,0.9169146275954535,-0.28000593242364796,-0.2843663895558934
1223,2026-07-29T00:34:58.671529Z,moon,39.759062,-104.62011683333333,1672.4,107.18791232462684,-16.253272598344484,402827.2142659653,0.917159454318783,-0.2836962570000977,-0.2798838493336241
1224,2026-07-29T00:36:28.694973Z,moon,39.759062,-104.62011683333333,1672.4,107.39444332123516,-15.985838170333011,402795.93775867653,0.9173675362206367,-0.2873878567204651,-0.2753997518119728
1225,2026-07-29T00:37:58.718416Z,moon,39.759062,-104.62011683333333,1672.4,107.60114109860896,-15.71867876615637,402764.6539531384,0.917538854970837,-0.29108058214693894,-0.27091427484686836
1226,2026-07-29T00:39:28.741860Z,moon,39.759062,-104.62011683333333,1672.4,107.80801381437145,-15.451798070442644,402733.3639924644,0.9176733937083571,-0.29477428384597104,-0.26642759628627327
1227,2026-07-29T00:40:58.765303Z,moon,39.759062,-104.62011683333333,1672.4,108.01506957590877,-15.185199798142511,402702.069021584,0.9177711370308717,-0.2984688121074783,-0.26193989431205744
1228,2026-07-29T00:42:28.788747Z,moon,39.759062,-104.62011683333333,1672.4,108.22231645989538,-14.918887671248878,402670.77018458885,0.9178320710087494,-0.3021640172785859,-0.25745134703445693
1229,2026-07-29T00:43:58.812191Z,moon,39.759062,-104.62011683333333,1672.4,108.42976249736006,-14.652865439926448,402639.4686269847,0.9178561831783412,-0.3058597494827461,-0.2529621328334327
1230,2026-07-29T00:45:28.835634Z,moon,39.759062,-104.62011683333333,1672.4,108.63741568164895,-14.387136874059028,402608.1654948241,0.9178434625489931,-0.30955585874818625,-0.24847243020252385
1231,2026-07-29T00:46:58.859078Z,moon,39.759062,-104.62011683333333,1672.4,108.84528397647418,-14.121705754812247,402576.86193332647,0.9177938996024251,-0.3132521951377207,-0.243982417591869
1232,2026-07-29T00:48:28.882521Z,moon,39.759062,-104.62011683333333,1672.4,109.05337530077512,-13.856575895714498,402545.55908950465,0.9177074862966306,-0.31694860846670503,-0.2394922737504054
1233,2026-07-29T00:49:58.905965Z,moon,39.759062,-104.62011683333333,1672.4,109.26169754823957,-13.591751119483868,402514.25810918683,0.9175842160630143,-0.32064494863788906,-0.23500217731976206
1234,2026-07-29T00:51:28.929409Z,moon,39.759062,-104.62011683333333,1672.4,109.47025857210899,-13.327235279051818,402482.96013951825,0.9174240838138488,-0.32434106535974466,-0.23051230717605106
1235,2026-07-29T00:52:58.952852Z,moon,39.759062,-104.62011683333333,1672.4,109.67906619308003,-13.063032249136358,402451.6663277348,0.9172270859426912,-0.32803680827580034,-0.22602284227330843
1236,2026-07-29T00:54:28.976296Z,moon,39.759062,-104.62011683333333,1672.4,109.88812820721488,-12.799145917856817,402420.3778202452,0.9169932203175161,-0.33173202709377,-0.22153396148665247
1237,2026-07-29T00:55:58.999740Z,moon,39.759062,-104.62011683333333,1672.4,110.09745237293889,-12.535580204750527,402389.09576452343,0.916722486295301,-0.33542657134522463,-0.21704584390434323
1238,2026-07-29T00:57:29.023183Z,moon,39.759062,-104.62011683333333,1672.4,110.30704641887425,-12.27233905236145,402357.8213080918,0.9164148847186936,-0.3391202905147839,-0.21255866867101006
1239,2026-07-29T00:58:59.046627Z,moon,39.759062,-104.62011683333333,1672.4,110.5169180517169,-12.009426417869308,402326.5555973669,0.9160704179052278,-0.34281303416947334,-0.20807261483064238
1240,2026-07-29T01:00:29.070070Z,moon,39.759062,-104.62011683333333,1672.4,110.72707494074518,-11.746846293982122,402295.299780226,0.9156890896735833,-0.3465046516771471,-0.20358786166877282
1241,2026-07-29T01:01:59.093514Z,moon,39.759062,-104.62011683333333,1672.4,110.93752473731742,-11.484602685946129,402264.0550029116,0.9152709053140888,-0.3501949925412571,-0.1991045883061389
1242,2026-07-29T01:03:29.116958Z,moon,39.759062,-104.62011683333333,1672.4,111.14827505930818,-11.222699632384607,402232.8224126632,0.9148158716185785,-0.3538839061195122,-0.19462297404041728
1243,2026-07-29T01:04:59.140401Z,moon,39.759062,-104.62011683333333,1672.4,111.3593334988626,-10.961141196927287,402201.60315645474,0.9143239968706192,-0.35757124175307536,-0.19014319818941658
1244,2026-07-29T01:06:29.163845Z,moon,39.759062,-104.62011683333333,1672.4,111.57070763020536,-10.699931459900219,402170.39837995503,0.913795290828213,-0.36125684889579146,-0.1856654399344828
1245,2026-07-29T01:07:59.187288Z,moon,39.759062,-104.62011683333333,1672.4,111.78240499391154,-10.439074539056104,402139.20923001535,0.9132297647641768,-0.36494057683320835,-0.1811898786616173
1246,2026-07-29T01:09:29.210732Z,moon,39.759062,-104.62011683333333,1672.4,111.99443311639912,-10.17857456674479,402108.0368517342,0.9126274314200097,-0.3686222750164699,-0.17671669355609146
1247,2026-07-29T01:10:59.234176Z,moon,39.759062,-104.62011683333333,1672.4,112.20679949415923,-9.918435710616883,402076.8823908047,0.9119883050495575,-0.37230179278214537,-0.1722460639435213
1248,2026-07-29T01:12:29.257619Z,moon,39.759062,-104.62011683333333,1672.4,112.41951160140606,-9.65866216528662,402045.74699254206,0.9113124014030626,-0.375978979480723,-0.16777816913298718
1249,2026-07-29T01:13:59.281063Z,moon,39.759062,-104.62011683333333,1672.4,112.63257689785559,-9.399258144078257,402014.6318007582,0.9105997377032085,-0.37965368460600724,-0.1633131882608697
1250,2026-07-29T01:15:29.304506Z,moon,39.759062,-104.62011683333333,1672.4,112.84600281271756,-9.140227899624923,401983.53796010633,0.9098503326996792,-0.38332575751448544,-0.1588513006312157
1251,2026-07-29T01:16:59.327950Z,moon,39.759062,-104.62011683333333,1672.4,113.05979676425865,-8.881575701178088,401952.46661327407,0.9090642066061572,-0.38699504775891064,-0.1543926853111781
1252,2026-07-29T01:18:29.351394Z,moon,39.759062,-104.62011683333333,1672.4,113.27396614373647,-8.623305855156524,401921.4189033844,0.9082413811583061,-0.3906614048083323,-0.14993752147088818
1253,2026-07-29T01:19:59.374837Z,moon,39.759062,-104.62011683333333,1672.4,113.48851832305,-8.365422696874829,401890.3959728894,0.9073818795909423,-0.39432467817723377,-0.14548598822714812
1254,2026-07-29T01:21:29.398281Z,moon,39.759062,-104.62011683333333,1672.4,113.70346066238992,-8.107930582353797,401859.39896252536,0.906485726608142,-0.39798471755325476,-0.1410382644879215
1255,2026-07-29T01:22:59.421724Z,moon,39.759062,-104.62011683333333,1672.4,113.91880049405287,-7.850833908737848,401828.42901360436,0.9055529484512965,-0.40164137251902327,-0.13659452929088622
1256,2026-07-29T01:24:29.445168Z,moon,39.759062,-104.62011683333333,1672.4,114.13454514198817,-7.594137091804735,401797.48726531834,0.9045835728198544,-0.4052944928833445,-0.13215496140100041
1257,2026-07-29T01:25:59.468612Z,moon,39.759062,-104.62011683333333,1672.4,114.35070190552294,-7.337844586311375,401766.5748569687,0.9035776289430014,-0.40894392840333954,-0.1277197396481378
1258,2026-07-29T01:27:29.492055Z,moon,39.759062,-104.62011683333333,1672.4,114.56727806691556,-7.08196087782728,401735.6929270217,0.9025351475506025,-0.4125895289123837,-0.12328904277213543
1259,2026-07-29T01:28:59.515499Z,moon,39.759062,-104.62011683333333,1672.4,114.78428089900652,-6.826490474568313,401704.8426119271,0.9014561608366712,-0.41623114444798637,-0.11886304926733474
1260,2026-07-29T01:30:29.538942Z,moon,39.759062,-104.62011683333333,1672.4,115.00171764871648,-6.57143792766364,401674.0250485517,0.9003407025416119,-0.4198686249743414,-0.11444193771966903
1261,2026-07-29T01:31:59.562386Z,moon,39.759062,-104.62011683333333,1672.4,115.21959555670884,-6.3168078088368835,401643.2413713641,0.8991888078560734,-0.423501820712644,-0.1100258864061053
1262,2026-07-29T01:33:29.585830Z,moon,39.759062,-104.62011683333333,1672.4,115.43792184079211,-6.062604730596208,401612.4927147242,0.8980005135068287,-0.4271305818639754,-0.10561507363068001
1263,2026-07-29T01:34:59.609273Z,moon,39.759062,-104.62011683333333,1672.4,115.65670370346152,-5.808833338110788,401581.7802119095,0.8967758577211087,-0.430754758737218,-0.10120967756993898
1264,2026-07-29T01:36:29.632717Z,moon,39.759062,-104.62011683333333,1672.4,115.87594833950017,-5.555498301113822,401551.10499400937,0.8955148801837419,-0.43437420187602443,-0.09680987611842638
1265,2026-07-29T01:37:59.656160Z,moon,39.759062,-104.62011683333333,1672.4,116.0956629192094,-5.302604333997675,401520.4681921624,0.8942176221331029,-0.4379887617833732,-0.09241584722376738
1266,2026-07-29T01:39:29.679604Z,moon,39.759062,-104.62011683333333,1672.4,116.31585460810606,-5.050156173676143,401489.8709350041,0.8928841262488526,-0.4415982892491499,-0.08802776848840016
1267,2026-07-29T01:40:59.703048Z,moon,39.759062,-104.62011683333333,1672.4,116.53653055009866,-4.798158599602941,401459.3143508077,0.891514436751143,-0.4452026350758175,-0.0836458175035723
1268,2026-07-29T01:42:29.726491Z,moon,39.759062,-104.62011683333333,1672.4,116.75769787496014,-4.546616425684272,401428.7995664458,0.8901085993588127,-0.44880165020520163,-0.07927017169516282
1269,2026-07-29T01:43:59.749935Z,moon,39.759062,-104.62011683333333,1672.4,116.9793637058737,-4.29553449229588,401398.3277064528,0.8886666612402713,-0.4523951858442299,-0.0749010081710093
1270,2026-07-29T01:45:29.773378Z,moon,39.759062,-104.62011683333333,1672.4,117.20153514238969,-4.044917686147785,401367.8998952069,0.8871886711230506,-0.45598309319195945,-0.07053850405281177
1271,2026-07-29T01:46:59.796822Z,moon,39.759062,-104.62011683333333,1672.4,117.42421928023947,-3.7947709183603653,401337.5172542221,0.8856746791649783,-0.4595652237651279,-0.06618283608097161
1272,2026-07-29T01:48:29.820266Z,moon,39.759062,-104.62011683333333,1672.4,117.64742319415873,-3.5450991442882716,401307.18090449536,0.884124737067478,-0.46314142912516526,-0.061834180945999934
1273,2026-07-29T01:49:59.843709Z,moon,39.759062,-104.62011683333333,1672.4,117.87115394534545,-3.2959073555106193,401276.89196544833,0.8825388980272204,-0.466711561004482,-0.0574927151355619
1274,2026-07-29T01:51:29.867153Z,moon,39.759062,-104.62011683333333,1672.4,118.09541858899361,-3.0472005718868,401246.65155385114,0.880917216680587,-0.4702754714315204,-0.05315861478245038
1275,2026-07-29T01:52:59.890597Z,moon,39.759062,-104.62011683333333,1672.4,118.32022415941567,-2.7989838585091875,401216.46078578173,0.8792597492083447,-0.4738330124992602,-0.04883205594642279
1276,2026-07-29T01:54:29.914040Z,moon,39.759062,-104.62011683333333,1672.4,118.5455776774489,-2.5512623177226925,401186.3207755069,0.8775665532837632,-0.47738403649047517,-0.044513214461738684
1277,2026-07-29T01:55:59.937484Z,moon,39.759062,-104.62011683333333,1672.4,118.77148615800263,-2.3040410812133194,401156.23263463477,0.8758376880130592,-0.48092839600259785,-0.040202265785744755
1278,2026-07-29T01:57:29.960927Z,moon,39.759062,-104.62011683333333,1672.4,118.99795659244758,-2.057325329606464,401126.19747424143,0.8740732140670935,-0.48446594367772733,-0.03589938532719126
1279,2026-07-29T01:58:59.984371Z,moon,39.759062,-104.62011683333333,1672.4,119.2249959686257,-1.811120270834139,401096.21640215087,0.8722731935264749,-0.48799653252401537,-0.031604748055672725
1280,2026-07-29T02:00:30.007815Z,moon,39.759062,-104.62011683333333,1672.4,119.45261125317457,-1.5654311596466624,401066.29052530834,0.8704376900163732,-0.491520015646973,-0.027318528828614057
1281,2026-07-29T02:02:00.031258Z,moon,39.759062,-104.62011683333333,1672.4,119.68080939891955,-1.3202632896952384,401036.4209486782,0.8685667686481754,-0.49503624637397475,-0.023040902239979722
1282,2026-07-29T02:03:30.054702Z,moon,39.759062,-104.62011683333333,1672.4,119.90959735234196,-1.0756219857150098,401006.6087742234,0.8666604959541097,-0.4985450783771272,-0.018772042470676098
1283,2026-07-29T02:05:00.078145Z,moon,39.759062,-104.62011683333333,1672.4,120.13898203567395,-0.8315126228910814,400976.85510318674,0.8647189400319862,-0.5020463654068109,-0.014512123613335539
1284,2026-07-29T02:06:30.101589Z,moon,39.759062,-104.62011683333333,1672.4,120.36897036703022,-0.5879406054357879,400947.1610333194,0.8627421703742689,-0.5055399616097802,-0.01026131928544638
1285,2026-07-29T02:08:00.125033Z,moon,39.759062,-104.62011683333333,1672.4,120.59956924234491,-0.3449113858891966,400917.52766131,0.8607302580166228,-0.5090257212627306,-0.006019802953159368
1286,2026-07-29T02:09:30.148476Z,moon,39.759062,-104.62011683333333,1672.4,120.83078554276884,-0.10243045726696713,400887.95608159254,0.8586832754729925,-0.5125034988961963,-0.0017877477813443548
1287,2026-07-29T02:11:00.171920Z,moon,39.759062,-104.62011683333333,1672.4,121.06262614210463,0.13949665468211145,400858.4473853733,0.8566012966640956,-0.5159731494160025,0.00243467351440462
1288,2026-07-29T02:12:30.195363Z,moon,39.759062,-104.62011683333333,1672.4,121.29509788852057,0.38086437234091614,400829.00266286946,0.8544843970756353,-0.5194345278395782,0.006647288346579969
1289,2026-07-29T02:14:00.218807Z,moon,39.759062,-104.62011683333333,1672.4,121.52820762484012,0.6216670874451128,400799.6230007008,0.8523326535712545,-0.5228874896108296,0.010849924638837886
1290,2026-07-29T02:15:30.242251Z,moon,39.759062,-104.62011683333333,1672.4,121.7619621700964,0.8618991419772007,400770.30948405433,0.850146144554492,-0.5263318903366269,0.015042410505161188
1291,2026-07-29T02:17:00.265694Z,moon,39.759062,-104.62011683333333,1672.4,121.99636832689158,1.101554835960622,400741.06319570716,0.8479249498977004,-0.5297675859093128,0.01922457439843752
1292,2026-07-29T02:18:30.289138Z,moon,39.759062,-104.62011683333333,1672.4,122.23143288883783,1.3406284351762967,400711.88521495444,0.8456691508641054,-0.53319443262719,0.023396245257557312
1293,2026-07-29T02:20:00.312581Z,moon,39.759062,-104.62011683333333,1672.4,122.46716262184054,1.579114152205961,400682.7766199477,0.8433788302796376,-0.5366122869334465,0.02755725218897262
1294,2026-07-29T02:21:30.336025Z,moon,39.759062,-104.62011683333333,1672.4,122.70356428455858,1.8170061674483842,400653.73848486645,0.8410540723298865,-0.5400210057275273,0.03170742484567283
1295,2026-07-29T02:23:00.359469Z,moon,39.759062,-104.62011683333333,1672.4,122.940644609591,2.054298610287058,400624.7718823286,0.8386949627349911,-0.5434204461053188,0.03584659311075555
1296,2026-07-29T02:24:30.382912Z,moon,39.759062,-104.62011683333333,1672.4,123.17841031075442,2.290985566798075,400595.87788234826,0.8363015886728646,-0.5468104654795068,0.03997458724399513
1297,2026-07-29T02:26:00.406356Z,moon,39.759062,-104.62011683333333,1672.4,123.41686809053122,2.5270610873554764,400567.0575511088,0.8338740386948674,-0.5501909216990131,0.044091238026406444
1298,2026-07-29T02:27:30.429799Z,moon,39.759062,-104.62011683333333,1672.4,123.65602462094411,2.7625191680149594,400538.3119535159,0.8314124029106851,-0.5535616727914059,0.04819637644741861
1299,2026-07-29T02:29:00.453243Z,moon,39.759062,-104.62011683333333,1672.4,123.89588656416433,2.9973537712194895,400509.6421502767,0.828916772769776,-0.5569225772700106,0.05228983407765296
1300,2026-07-29T02:30:30.476687Z,moon,39.759062,-104.62011683333333,1672.4,124.13646055327919,3.2315588072659294,400481.0492003137,0.8263872412493126,-0.5602734938775902,0.05637144275737796
1301,2026-07-29T02:32:00.500130Z,moon,39.759062,-104.62011683333333,1672.4,124.37775319956556,3.465128141946658,400452.5341595934,0.8238239027710291,-0.5636142817055974,0.06044103474125594
1302,2026-07-29T02:33:30.523574Z,moon,39.759062,-104.62011683333333,1672.4,124.61977109987895,3.698055604084634,400424.09808024054,0.8212268531111754,-0.5669448003114691,0.0644984428409284
1303,2026-07-29T02:35:00.547017Z,moon,39.759062,-104.62011683333333,1672.4,124.86252081710556,3.9303349671491152,400395.7420126748,0.8185961895982707,-0.5702649094649337,0.06854350011593394
1304,2026-07-29T02:36:30.570461Z,moon,39.759062,-104.62011683333333,1672.4,125.10600890095101,4.161959969797066,400367.4670030612,0.8159320108789103,-0.5735744694508323,0.07257604024258817
1305,2026-07-29T02:38:00.593905Z,moon,39.759062,-104.62011683333333,1672.4,125.35024186826469,4.392924297549149,400339.2740953934,0.8132344171186894,-0.5768733408165679,0.07659589720577228
1306,2026-07-29T02:39:30.617348Z,moon,39.759062,-104.62011683333333,1672.4,125.59522621028955,4.62322159041021,400311.164330629,0.8105035099128705,-0.5801613844898235,0.0806029054424744
1307,2026-07-29T02:41:00.640792Z,moon,39.759062,-104.62011683333333,1672.4,125.84096839997981,4.852845450295465,400283.1387455703,0.807739392190867,-0.583438461893488,0.08459689998155828
1308,2026-07-29T02:42:30.664235Z,moon,39.759062,-104.62011683333333,1672.4,126.08747487207582,5.081789423001642,400255.1983751612,0.8049421684259136,-0.586704434696985,0.0885777161405691
1309,2026-07-29T02:44:00.687679Z,moon,39.759062,-104.62011683333333,1672.4,126.33475204399669,5.310047018405852,400227.3442497496,0.8021119443864495,-0.5899591651134022,0.09254518988735612
1310,2026-07-29T02:45:30.711123Z,moon,39.759062,-104.62011683333333,1672.4,126.58280629575448,5.537611692544133,400199.5773974472,0.7992488273491285,-0.5932025156516063,0.09649915753854421
1311,2026-07-29T02:47:00.734566Z,moon,39.759062,-104.62011683333333,1672.4,126.83164397714778,5.764476855084274,400171.8988429809,0.796352926003828,-0.5964343492319638,0.10043945589948905
1312,2026-07-29T02:48:30.758010Z,moon,39.759062,-104.62011683333333,1672.4,127.08127141504865,5.990635876724499,400144.3096067874,0.7934243503522426,-0.5996545292993318,0.10436592240247101
1313,2026-07-29T02:50:00.781454Z,moon,39.759062,-104.62011683333333,1672.4,127.3316948958124,6.2160820739669855,400116.81070680084,0.7904632118967966,-0.6028629196144971,0.10827839485180962
1314,2026-07-29T02:51:30.804897Z,moon,39.759062,-104.62011683333333,1672.4,127.58292067239658,6.440808716585762,400089.4031575405,0.7874696235426245,-0.606059384368018,0.11217671156303341
1315,2026-07-29T02:53:00.828341Z,moon,39.759062,-104.62011683333333,1672.4,127.83495497167843,6.664809034962676,400062.08796909463,0.7844436994922082,-0.6092437882927235,0.1160607114992371
1316,2026-07-29T02:54:30.851784Z,moon,39.759062,-104.62011683333333,1672.4,128.0878039737305,6.888076202566345,400034.86614924646,0.7813855554753456,-0.6124159964214737,0.11993023397617023
1317,2026-07-29T02:56:00.875228Z,moon,39.759062,-104.62011683333333,1672.4,128.34147383304398,7.110603355739499,400007.7387008571,0.7782953084762901,-0.6155758743765563,0.12378511901409853
1318,2026-07-29T02:57:30.898672Z,moon,39.759062,-104.62011683333333,1672.4,128.59597065765584,7.332383576298553,399980.70662423613,0.7751730769667402,-0.6187232881286319,0.12762520704472924
1319,2026-07-29T02:59:00.922115Z,moon,39.759062,-104.62011683333333,1672.4,128.85130051627223,7.553409898896505,399953.77091591246,0.7720189808016383,-0.6218581041092623,0.13145033904723663
1320,2026-07-29T03:00:30.945559Z,moon,39.759062,-104.62011683333333,1672.4,129.10746944552488,7.773675318348279,399926.93256783194,0.7688331411083079,-0.6249801893208382,0.13526035668303532
1321,2026-07-29T03:02:00.969002Z,moon,39.759062,-104.62011683333333,1672.4,129.36448342877193,7.993172772402695,399900.19256940164,0.7656156805284078,-0.628089411099449,0.13905510200553728
1322,2026-07-29T03:03:30.992446Z,moon,39.759062,-104.62011683333333,1672.4,129.6223484174968,8.211895161327286,399873.5519049775,0.7623667229305564,-0.6311856373983763,0.1428344178065276
1323,2026-07-29T03:05:01.015890Z,moon,39.759062,-104.62011683333333,1672.4,129.8810703099314,8.429835330775568,399847.01155594096,0.7590863936555691,-0.6342687365519393,0.14659814732727394
1324,2026-07-29T03:06:31.039333Z,moon,39.759062,-104.62011683333333,1672.4,130.14065495814376,8.646986079176498,399820.57249993534,0.7557748194063616,-0.637338577385849,0.15034613439348452
1325,2026-07-29T03:08:01.062777Z,moon,39.759062,-104.62011683333333,1672.4,130.4011081752798,8.863340164947601,399794.2357096053,0.7524321281313608,-0.6403950293252234,0.15407822354654077
1326,2026-07-29T03:09:31.086220Z,moon,39.759062,-104.62011683333333,1672.4,130.66243571381375,9.078890289662633,399768.00215493434,0.7490584492787181,-0.6434379621619176,0.15779425975960237
1327,2026-07-29T03:11:01.109664Z,moon,39.759062,-104.62011683333333,1672.4,130.92464328716304,9.293629117335698,399741.8728006553,0.7456539134945077,-0.646467246332371,0.16149408877654559
1328,2026-07-29T03:12:31.133108Z,moon,39.759062,-104.62011683333333,1672.4,131.18773654780063,9.507549257695699,399715.84860832046,0.7422186528796689,-0.649482752686556,0.1651775568295631
1329,2026-07-29T03:14:01.156551Z,moon,39.759062,-104.62011683333333,1672.4,131.4517210943205,9.720643273504653,399689.930535388,0.738752800874142,-0.6524843525963359,0.168844510771155
1330,2026-07-29T03:15:31.179995Z,moon,39.759062,-104.62011683333333,1672.4,131.71660247857744,9.932903687718738,399664.1195343836,0.7352564921355573,-0.6554719180602167,0.17249479820265798
1331,2026-07-29T03:17:01.203438Z,moon,39.759062,-104.62011683333333,1672.4,131.98238618348816,10.144322967038926,399638.41655466694,0.7317298628042428,-0.6584453214769574,0.17612826719635377
1332,2026-07-29T03:18:31.226882Z,moon,39.759062,-104.62011683333333,1672.4,132.24907764481782,10.354893540933487,399612.8225403275,0.7281730501877952,-0.6614044359166833,0.17974476662739514
1333,2026-07-29T03:20:01.250326Z,moon,39.759062,-104.62011683333333,1672.4,132.51668222876822,10.564607785306372,399587.33843199845,0.7245861930295463,-0.6643491348952391,0.18334414589753487
1334,2026-07-29T03:21:31.273769Z,moon,39.759062,-104.62011683333333,1672.4,132.78520523897726,10.773458029758824,399561.9651660753,0.720969431387561,-0.6672792924798252,0.18692625506418542
1335,2026-07-29T03:23:01.297213Z,moon,39.759062,-104.62011683333333,1672.4,133.05465192370892,10.981436564704225,399536.70367368805,0.7173229065070206,-0.6701947833922827,0.19049094496613603
1336,2026-07-29T03:24:31.320656Z,moon,39.759062,-104.62011683333333,1672.4,133.32502745300962,11.18853562534301,399511.55488272524,0.7136467610978184,-0.6730954827868301,0.19403806695222814
1337,2026-07-29T03:26:01.344100Z,moon,39.759062,-104.62011683333333,1672.4,133.59633694078872,11.394747410383799,399486.5197155595,0.7099411390046272,-0.6759812665156262,0.19756747320533952
1338,2026-07-29T03:27:31.367544Z,moon,39.759062,-104.62011683333333,1672.4,133.86858542184845,11.600064066154328,399461.5990908991,0.7062061854868417,-0.6788520109084206,0.20107901647292326
1339,2026-07-29T03:29:01.390987Z,moon,39.759062,-104.62011683333333,1672.4,134.1417778588538,11.804477693815478,399436.79392293247,0.7024420470921922,-0.6817075928757375,0.2045725501930748
1340,2026-07-29T03:30:31.414431Z,moon,39.759062,-104.62011683333333,1672.4,134.4159191494637,12.007980356408895,399412.10512051487,0.6986488715243271,-0.6845478900091769,0.20804792861686458
1341,2026-07-29T03:32:01.437874Z,moon,39.759062,-104.62011683333333,1672.4,134.69101410299865,12.210564063306922,399387.53358897456,0.694826807930769,-0.6873727803655327,0.21150500654427876
1342,2026-07-29T03:33:31.461318Z,moon,39.759062,-104.62011683333333,1672.4,134.96706746271266,12.41222078862338,399363.08022798324,0.6909760065601606,-0.6901821427250475,0.21494363963987162
1343,2026-07-29T03:35:01.484762Z,moon,39.759062,-104.62011683333333,1672.4,135.2440838822959,12.612942455779597,399338.74593325274,0.6870966190530072,-0.6929758563770921,0.2183636841701532
1344,2026-07-29T03:36:31.508205Z,moon,39.759062,-104.62011683333333,1672.4,135.52206793280928,12.812720944677853,399314.531595859,0.6831887983101969,-0.695753801220607,0.22176499712656475
1345,2026-07-29T03:38:01.531649Z,moon,39.759062,-104.62011683333333,1672.4,135.8010241098067,13.011548098720832,399290.438101374,0.6792526983553467,-0.6985158578617293,0.22514743634488144
1346,2026-07-29T03:39:31.555092Z,moon,39.759062,-104.62011683333333,1672.4,136.08095680946275,13.20941570971183,399266.4663315186,0.6752884746335176,-0.7012619074040344,0.2285108602478065
1347,2026-07-29T03:41:01.578536Z,moon,39.759062,-104.62011683333333,1672.4,136.3618703510727,13.406315535966188,399242.6171622687,0.6712962836557212,-0.7039918316994302,0.23185512815225473
1348,2026-07-29T03:42:31.601980Z,moon,39.759062,-104.62011683333333,1672.4,136.64376895302433,13.602239287381117,399218.8914654286,0.6672762833001371,-0.7067055131399885,0.2351801000142247
1349,2026-07-29T03:44:01.625423Z,moon,39.759062,-104.62011683333333,1672.4,136.92665673972624,13.797178632569397,399195.29010794184,0.6632286326754794,-0.7094028347557404,0.23848563654848043
1350,2026-07-29T03:45:31.648867Z,moon,39.759062,-104.62011683333333,1672.4,137.21053774871461,13.991125205803396,399171.8139510429,0.6591534919786248,-0.7120836803094311,0.24177159934401063
1351,2026-07-29T03:47:01.672310Z,moon,39.759062,-104.62011683333333,1672.4,137.4954159062332,14.184070592473677,399148.4638520362,0.6550510228036853,-0.714747934092761,0.24503785061491187
1352,2026-07-29T03:48:31.695754Z,moon,39.759062,-104.62011683333333,1672.4,137.7812950500296,14.376006346848726,399125.2406620811,0.6509213877736904,-0.7173954811703334,0.24828425349820127
1353,2026-07-29T03:50:01.719198Z,moon,39.759062,-104.62011683333333,1672.4,138.06817890474406,14.566923977670658,399102.1452281786,0.6467647508526774,-0.7200262071772089,0.2515106718063415
1354,2026-07-29T03:51:31.742641Z,moon,39.759062,-104.62011683333333,1672.4,138.35607108888811,14.756814955261842,399079.1783921902,0.6425812772035371,-0.7226399984143682,0.2547169701436338
1355,2026-07-29T03:53:01.766085Z,moon,39.759062,-104.62011683333333,1672.4,138.64497512193452,14.945670718429858,399056.340990069,0.6383711330412241,-0.725236741940187,0.2579030140181513
1356,2026-07-29T03:54:31.789529Z,moon,39.759062,-104.62011683333333,1672.4,138.93489440259253,15.133482662519917,399033.6338533826,0.6341344859047678,-0.7278163254017564,0.26106866963498404
1357,2026-07-29T03:56:01.812972Z,moon,39.759062,-104.62011683333333,1672.4,139.22583221578464,15.320242146496824,399011.05780849146,0.629871504512428,-0.7303786371284372,0.2642138040104207
1358,2026-07-29T03:57:31.836416Z,moon,39.759062,-104.62011683333333,1672.4,139.5177917397522,15.505940499848036,398988.6136757749,0.6255823586120869,-0.7329235662214261,0.2673382850820385
1359,2026-07-29T03:59:01.859859Z,moon,39.759062,-104.62011683333333,1672.4,139.81077602079546,15.690569008858013,398966.30227134423,0.621267219306433,-0.7354510023606236,0.2704419814710845
1360,2026-07-29T04:00:31.883303Z,moon,39.759062,-104.62011683333333,1672.4,140.10478799657804,15.87411893392366,398944.12440493354,0.6169262586647599,-0.7379608360362329,0.27352476276674836
1361,2026-07-29T04:02:01.906747Z,moon,39.759062,-104.62011683333333,1672.4,140.39983047063586,16.05658149597477,398922.0808817739,0.6125596500517254,-0.7404529583565026,0.27658649929020607
1362,2026-07-29T04:03:31.930190Z,moon,39.759062,-104.62011683333333,1672.4,140.6959061194633,16.237947883559393,398900.17250167386,0.608167567976867,-0.742927261138869,0.2796270622057198
1363,2026-07-29T04:05:01.953634Z,moon,39.759062,-104.62011683333333,1672.4,140.99301749965198,16.418209259709343,398878.40005821205,0.6037501879407323,-0.7453836369962175,0.2826463236269338
1364,2026-07-29T04:06:31.977077Z,moon,39.759062,-104.62011683333333,1672.4,141.29116702211448,16.597356748795065,398856.76434065116,0.5993076867698072,-0.7478219791503717,0.2856441563873551
1365,2026-07-29T04:08:02.000521Z,moon,39.759062,-104.62011683333333,1672.4,141.59035697573867,16.77538145349151,398835.26613161195,0.594840242216712,-0.750242181655717,0.2886204343147475
1366,2026-07-29T04:09:32.023965Z,moon,39.759062,-104.62011683333333,1672.4,141.89058950144008,16.952274441811667,398813.9062090444,0.5903480332979363,-0.7526441392140613,0.29157503200374285
1367,2026-07-29T04:11:02.047408Z,moon,39.759062,-104.62011683333333,1672.4,142.19186659925592,17.128026754143846,398792.6853452629,0.5858312401397612,-0.7550277472620026,0.2945078249228278
1368,2026-07-29T04:12:32.070852Z,moon,39.759062,-104.62011683333333,1672.4,142.49419013563613,17.302629410102647,398771.604306369,0.5812900438191214,-0.7573929020546117,0.2974186895170798
1369,2026-07-29T04:14:02.094295Z,moon,39.759062,-104.62011683333333,1672.4,142.79756181716974,17.47607339598391,398750.663853653,0.5767246267080959,-0.7597395004856603,0.30030750298686637
1370,2026-07-29T04:15:32.117739Z,moon,39.759062,-104.62011683333333,1672.4,143.10198321461385,17.64834968137907,398729.86474188976,0.5721351720630925,-0.7620674403028351,0.3031741435522173
1371,2026-07-29T04:17:02.141183Z,moon,39.759062,-104.62011683333333,1672.4,143.40745573650182,17.8194492068344,398709.20772083197,0.5675218643715024,-0.7643766199297247,0.3060184902340103
1372,2026-07-29T04:18:32.164626Z,moon,39.759062,-104.62011683333333,1672.4,143.7139806363509,17.989362890858356,398688.69353454304,0.5628848891933049,-0.7666669385499619,0.3088404229570178
1373,2026-07-29T04:20:02.188070Z,moon,39.759062,-104.62011683333333,1672.4,144.02155902007297,18.15808163673382,398668.322920517,0.5582244329978563,-0.7689382961875401,0.31163982264855816
1374,2026-07-29T04:21:32.211513Z,moon,39.759062,-104.62011683333333,1672.4,144.3301918192858,18.325596320620782,398648.0966115254,0.5535406835169496,-0.7711905935343282,0.3144165710260176
1375,2026-07-29T04:23:02.234957Z,moon,39.759062,-104.62011683333333,1672.4,144.63987981576045,18.49189780781059,398628.01533346897,0.548833829323439,-0.7734237321566045,0.3171705508509879
1376,2026-07-29T04:24:32.258401Z,moon,39.759062,-104.62011683333333,1672.4,144.95062361460228,18.656976941002764,398608.0798071555,0.5441040601869009,-0.7756376143242334,0.31990164571871277
1377,2026-07-29T04:26:02.281844Z,moon,39.759062,-104.62011683333333,1672.4,145.2624236516621,18.820824547311094,398588.2907473772,0.5393515669104267,-0.7778321430917645,0.32260974015757815
1378,2026-07-29T04:27:32.305288Z,moon,39.759062,-104.62011683333333,1672.4,145.5752802010824,18.98343144503704,398568.6488625427,0.5345765411639501,-0.7800072223749815,0.3252947197235973
1379,2026-07-29T04:29:02.328731Z,moon,39.759062,-104.62011683333333,1672.4,145.88919334824473,19.144788432413005,398549.1548557295,0.5297791758455702,-0.7821627567860222,0.32795647079647344
1380,2026-07-29T04:30:32.352175Z,moon,39.759062,-104.62011683333333,1672.4,146.20416301470112,19.30488630351091,398529.8094233528,0.5249596646497933,-0.7842986518309999,0.3305948808237245
1381,2026-07-29T04:32:02.375619Z,moon,39.759062,-104.62011683333333,1672.4,146.5201889309878,19.463715837149106,398510.613256324,0.5201182024317643,-0.7864148137466791,0.3332098381184537
1382,2026-07-29T04:33:32.399062Z,moon,39.759062,-104.62011683333333,1672.4,146.83727064424986,19.62126780388935,398491.56703957636,0.5152549850400432,-0.7885111495780002,0.3358012319551041
1383,2026-07-29T04:35:02.422506Z,moon,39.759062,-104.62011683333333,1672.4,147.15540752605253,19.777532972768224,398472.6714512983,0.5103702091456547,-0.7905875672514712,0.33836895265969846
1384,2026-07-29T04:36:32.445949Z,moon,39.759062,-104.62011683333333,1672.4,147.47459874495533,19.932502100716164,398453.9271643907,0.5054640726121781,-0.7926439754173649,0.3409128914148987
1385,2026-07-29T04:38:02.469393Z,moon,39.759062,-104.62011683333333,1672.4,147.79484329202867,20.08616594806911,398435.3348448457,0.5005367740535893,-0.7946802836387357,0.34343294049331463
1386,2026-07-29T04:39:32.492837Z,moon,39.759062,-104.62011683333333,1672.4,148.11613995334585,20.238515268156895,398416.89515297295,0.4955885132068144,-0.7966964022354746,0.34592899306434277
1387,2026-07-29T04:41:02.516280Z,moon,39.759062,-104.62011683333333,1672.4,148.4384873178838,20.38954081426274,398398.6087429606,0.4906194907607408,-0.7986922423582721,0.34840094328573007
1388,2026-07-29T04:42:32.539724Z,moon,39.759062,-104.62011683333333,1672.4,148.76188378567522,20.539233346328906,398380.47626217344,0.4856299081809213,-0.8006677160587257,0.350848686389865
1389,2026-07-29T04:44:02.563167Z,moon,39.759062,-104.62011683333333,1672.4,149.08632754006035,20.687583621033873,398362.49835244403,0.4806199680884081,-0.802622736138846,0.35327211849746915
1390,2026-07-29T04:45:32.586611Z,moon,39.759062,-104.62011683333333,1672.4,149.41181657386704,20.83458240690818,398344.6756485916,0.4755898738073935,-0.8045572163312256,0.3556711368402236
1391,2026-07-29T04:47:02.610055Z,moon,39.759062,-104.62011683333333,1672.4,149.7383486616528,20.980220474630272,398327.0087796093,0.47053982974567155,-0.8064710711505885,0.35804563957704744
1392,2026-07-29T04:48:32.633498Z,moon,39.759062,-104.62011683333333,1672.4,150.06592136795547,21.124488603909853,398309.4983682479,0.46547004122009933,-0.8083642159642982,0.3603955258809197
1393,2026-07-29T04:50:02.656942Z,moon,39.759062,-104.62011683333333,1672.4,150.39453205582134,21.267377590160606,398292.14503021043,0.4603807142776018,-0.8102365670587448,0.362720696021202
1394,2026-07-29T04:51:32.680386Z,moon,39.759062,-104.62011683333333,1672.4,150.72417786253786,21.408878236829427,398274.9493754223,0.45527205602465415,-0.8120880415172235,0.3650210512118506
1395,2026-07-29T04:53:02.703829Z,moon,39.759062,-104.62011683333333,1672.4,151.05485570817223,21.548981362277473,398257.9120073124,0.45014427444994626,-0.8139185572883988,0.3672964936961732
1396,2026-07-29T04:54:32.727273Z,moon,39.759062,-104.62011683333333,1672.4,151.38656230430635,21.687677806383675,398241.0335223961,0.4449975782441654,-0.8157280332502098,0.36954692682604257
1397,2026-07-29T04:56:02.750716Z,moon,39.759062,-104.62011683333333,1672.4,151.71929412608492,21.82495842175609,398224.3145113022,0.43983217718977885,-0.8175163890723945,0.37177225489072224
1398,2026-07-29T04:57:32.774160Z,moon,39.759062,-104.62011683333333,1672.4,152.053047439483,21.960814088134253,398207.75555750274,0.43464828169509095,-0.8192835453811593,0.3739723833215265
1399,2026-07-29T04:59:02.797604Z,moon,39.759062,-104.62011683333333,1672.4,152.38781827336683,22.095235703809973,398191.35723845474,0.4294461031859545,-0.8210294236236035,0.37614721852313604
1400,2026-07-29T05:00:32.821047Z,moon,39.759062,-104.62011683333333,1672.4,152.72360242848387,22.228214192396656,398175.1201249676,0.4242258539255038,-0.8227539461324901,0.37829666795333083
1401,2026-07-29T05:02:02.844491Z,moon,39.759062,-104.62011683333333,1672.4,153.06039548670358,22.359740509386402,398159.0447808676,0.41898774683040335,-0.8244570361862837,0.3804206401983345
1402,2026-07-29T05:03:32.867934Z,moon,39.759062,-104.62011683333333,1672.4,153.39819278301616,22.489805634059636,398143.1317639103,0.4137319958675066,-0.8261386178797984,0.3825190448110342
1403,2026-07-29T05:05:02.891378Z,moon,39.759062,-104.62011683333333,1672.4,153.73698943360074,22.618400583384716,398127.3816246137,0.40845881557975067,-0.8277986162792399,0.38459179250390024
1404,2026-07-29T05:06:32.914822Z,moon,39.759062,-104.62011683333333,1672.4,154.07678030788014,22.74551640416938,398111.7949073358,0.40316842148443705,-0.8294369572946455,0.3866387949902955
1405,2026-07-29T05:08:02.938265Z,moon,39.759062,-104.62011683333333,1672.4,154.41756003806896,22.871144179716396,398096.37214962655,0.3978610298897845,-0.8310535677409889,0.3886599650594509
1406,2026-07-29T05:09:32.961709Z,moon,39.759062,-104.62011683333333,1672.4,154.75932302898113,22.99527503628805,398081.11388193787,0.39253685770817814,-0.8326483753942482,0.3906552166475046
1407,2026-07-29T05:11:02.985152Z,moon,39.759062,-104.62011683333333,1672.4,155.10206343007863,23.11790013570748,398066.0206285949,0.38719612285922916,-0.8342213088704025,0.3926244646851916
1408,2026-07-29T05:12:33.008596Z,moon,39.759062,-104.62011683333333,1672.4,155.4457751644469,23.239010688757997,398051.0929064265,0.3818390437874051,-0.8357722977706461,0.3945676252794882
1409,2026-07-29T05:14:03.032040Z,moon,39.759062,-104.62011683333333,1672.4,155.79045190087632,23.3585979480004,398036.3312260626,0.3764658398675376,-0.8373012725619305,0.396484615564086
1410,2026-07-29T05:15:33.055483Z,moon,39.759062,-104.62011683333333,1672.4,156.1360870640793,23.476653214349284,398021.73609126423,0.37107673121777296,-0.8388081646341576,0.398375353770547
1411,2026-07-29T05:17:03.078927Z,moon,39.759062,-104.62011683333333,1672.4,156.48267384517328,23.593167843357246,398007.3079984778,0.36567193850975166,-0.8402929063527631,0.4002397592940346
1412,2026-07-29T05:18:33.102370Z,moon,39.759062,-104.62011683333333,1672.4,156.83020517384998,23.70813323855176,397993.0474378632,0.3602516833778715,-0.8417554309457055,0.40207775255144307
1413,2026-07-29T05:20:03.125814Z,moon,39.759062,-104.62011683333333,1672.4,157.17867374826662,23.821540864241925,397978.9548921998,0.3548161879301899,-0.8431956726385733,0.40388925515080515
1414,2026-07-29T05:21:33.149258Z,moon,39.759062,-104.62011683333333,1672.4,157.52807200737834,23.933382239041975,397965.030837679,0.3493656751587231,-0.8446135665439218,0.4056741897518815
1415,2026-07-29T05:23:03.172701Z,moon,39.759062,-104.62011683333333,1672.4,157.87839214180525,24.04364894227657,397951.2757436479,0.34390036875055574,-0.8460090487142026,0.4074324801325023
1416,2026-07-29T05:24:33.196145Z,moon,39.759062,-104.62011683333333,1672.4,158.2296261051011,24.1523326201218,397937.6900719915,0.3384204928944326,-0.8473820561905413,0.40916405125008193
1417,2026-07-29T05:26:03.219588Z,moon,39.759062,-104.62011683333333,1672.4,158.58176558608153,24.259424979580626,397924.27427826606,0.3329262726968595,-0.8487325268980694,0.4108688291089922
1418,2026-07-29T05:27:33.243032Z,moon,39.759062,-104.62011683333333,1672.4,158.93480203982878,24.364917800719393,397911.028810446,0.3274179336846181,-0.8500603997711291,0.41254674091870264
1419,2026-07-29T05:29:03.266476Z,moon,39.759062,-104.62011683333333,1672.4,159.28872666018964,24.468802930835366,397897.95410987927,0.32189570222216135,-0.8513656146507205,0.41419771496388363
1420,2026-07-29T05:30:33.289919Z,moon,39.759062,-104.62011683333333,1672.4,159.64353039152127,24.57107229069114,397885.0506109031,0.31635980531865326,-0.8526481123338212,0.41582168066650305
1421,2026-07-29T05:32:03.313363Z,moon,39.759062,-104.62011683333333,1672.4,159.99920394069133,24.671717880403886,397872.31874035177,0.3108104704331462,-0.8539078346180027,0.4174185686419809
1422,2026-07-29T05:33:33.336806Z,moon,39.759062,-104.62011683333333,1672.4,160.35573774976416,24.770731774135832,397859.7589185814,0.3052479258952249,-0.855144724205268,0.41898831057746655
1423,2026-07-29T05:35:03.360250Z,moon,39.759062,-104.62011683333333,1672.4,160.71312202805854,24.868106131621172,397847.37155829155,0.29967240040152804,-0.8563587248170604,0.4205308393771904
1424,2026-07-29T05:36:33.383694Z,moon,39.759062,-104.62011683333333,1672.4,161.07134672500888,24.963833193006668,397835.15706545993,0.29408412343803403,-0.8575497811003016,0.42204608904301927
1425,2026-07-29T05:38:03.407137Z,moon,39.759062,-104.62011683333333,1672.4,161.430401542742,25.057905284828923,397823.11583888886,0.28848332508492136,-0.8587178386726638,0.42353399473158765
1426,2026-07-29T05:39:33.430581Z,moon,39.759062,-104.62011683333333,1672.4,161.79027594896348,25.15031482567385,397811.2482699427,0.28287023581890375,-0.8598628441630892,0.42499449280610757
1427,2026-07-29T05:41:03.454024Z,moon,39.759062,-104.62011683333333,1672.4,162.15095914999503,25.241054321467487,397799.5547431959,0.27724508693950006,-0.8609847451243706,0.4264275207242513
1428,2026-07-29T05:42:33.477468Z,moon,39.759062,-104.62011683333333,1672.4,162.512440123998,25.33011637630939,397788.0356356679,0.2716081100587761,-0.8620834901377138,0.42783301717174416
1429,2026-07-29T05:44:03.500912Z,moon,39.759062,-104.62011683333333,1672.4,162.87470759420674,25.417493687906184,397776.6913174138,0.2659595375292001,-0.8631590287275024,0.42921092195265564
1430,2026-07-29T05:45:33.524355Z,moon,39.759062,-104.62011683333333,1672.4,163.23775004242168,25.503179053304383,397765.5221513706,0.2602996022457787,-0.8642113114022523,0.43056117604248606
1431,2026-07-29T05:47:03.547799Z,moon,39.759062,-104.62011683333333,1672.4,163.60155572281272,25.587165374184696,397754.5284928068,0.25462853744609526,-0.8652402896915014,0.4318837216342256
1432,2026-07-29T05:48:33.571243Z,moon,39.759062,-104.62011683333333,1672.4,163.96611263944564,25.66944565371106,397743.7106900709,0.24894657707814022,-0.8662459160778134,0.4331785020515068
1433,2026-07-29T05:50:03.594686Z,moon,39.759062,-104.62011683333333,1672.4,164.33140856036007,25.7500130020211,397733.0690843464,0.24325395560075205,-0.8672281440356976,0.4344454617981258
1434,2026-07-29T05:51:33.618130Z,moon,39.759062,-104.62011683333333,1672.4,164.69743103185547,25.828860641336444,397722.60400904255,0.23755090778343024,-0.8681869280655197,0.43568454660158
1435,2026-07-29T05:53:03.641573Z,moon,39.759062,-104.62011683333333,1672.4,165.06416735235547,25.905981902256215,397712.31579080824,0.23183766913844656,-0.8691222236201951,0.43689570331824007
1436,2026-07-29T05:54:33.665017Z,moon,39.759062,-104.62011683333333,1672.4,165.43160460736257,25.981370233255994,397702.2047485342,0.22611447540351684,-0.8700339871926515,0.43807888004633316
1437,2026-07-29T05:56:03.688461Z,moon,39.759062,-104.62011683333333,1672.4,165.79972964353777,26.05501919708335,397692.27119402395,0.22038156297546205,-0.8709221762448432,0.4392340260333193
1438,2026-07-29T05:57:33.711904Z,moon,39.759062,-104.62011683333333,1672.4,166.16852908367414,26.126922475892354,397682.5154318073,0.2146391687090997,-0.8717867492421919,0.4403610917208721
1439,2026-07-29T05:59:03.735348Z,moon,39.759062,-104.62011683333333,1672.4,166.5379893418952,26.19707387594198,397672.9377587001,0.2088875297154113,-0.8726276656834366,0.4414600287832066
1440,2026-07-29T06:00:33.758791Z,moon,39.759062,-104.62011683333333,1672.4,166.90809659808602,26.265467324449258,397663.5384645665,0.2031268837968409,-0.8734448860363365,0.44253079004285767
1441,2026-07-29T06:02:03.782235Z,moon,39.759062,-104.62011683333333,1672.4,167.27883683391963,26.332096878196328,397654.31783142017,0.1973574689260718,-0.8742383718142162,0.4435733295710226
1442,2026-07-29T06:03:33.805679Z,moon,39.759062,-104.62011683333333,1672.4,167.65019580749532,26.396956720468115,397645.2761342379,0.19157952368296313,-0.8750080855139862,0.44458760260555785
1443,2026-07-29T06:05:03.829122Z,moon,39.759062,-104.62011683333333,1672.4,168.02215906923013,26.460041165740247,397636.4136405637,0.18579328705167525,-0.8757539906464691,0.4455735655908213
1444,2026-07-29T06:06:33.852566Z,moon,39.759062,-104.62011683333333,1672.4,168.39471197795663,26.521344663937498,397627.73061016755,0.1799989982172842,-0.8764760517619655,0.44653117621116956
1445,2026-07-29T06:08:03.876009Z,moon,39.759062,-104.62011683333333,1672.4,168.76783967588148,26.58086179780504,397619.22729581635,0.17419689700466545,-0.8771742343948552,0.44746039331738147
1446,2026-07-29T06:09:33.899453Z,moon,39.759062,-104.62011683333333,1672.4,169.14152712569978,26.638587290536595,397610.90394244256,0.16838722335300718,-0.8778485051295521,0.44836117701388367
1447,2026-07-29T06:11:03.922897Z,moon,39.759062,-104.62011683333333,1672.4,169.51575908579434,26.69451600324722,397602.7607877495,0.16257021775558614,-0.878498831547319,0.4492334885879463
1448,2026-07-29T06:12:33.946340Z,moon,39.759062,-104.62011683333333,1672.4,169.8905201269624,26.748642939140968,397594.7980619585,0.15674612105605046,-0.8791251822524524,0.45007729054405116
1449,2026-07-29T06:14:03.969784Z,moon,39.759062,-104.62011683333333,1672.4,170.26579464938084,26.800963247271895,397587.0159875881,0.15091517424352474,-0.8797275268936015,0.45089254663247014
1450,2026-07-29T06:15:33.993227Z,moon,39.759062,-104.62011683333333,1672.4,170.64156685814936,26.85147222040866,397579.4147799712,0.14507761889361326,-0.8803058361174175,0.451679221786628
1451,2026-07-29T06:17:04.016671Z,moon,39.759062,-104.62011683333333,1672.4,171.01782080132972,26.900165301627528,397571.9946465983,0.1392336966405325,-0.8808600816235401,0.4524372821971931
1452,2026-07-29T06:18:34.040115Z,moon,39.759062,-104.62011683333333,1672.4,171.39454034572074,26.94703808224671,397564.75578763406,0.13338364961882498,-0.8813902361206128,0.45316669525199316
1453,2026-07-29T06:20:04.063558Z,moon,39.759062,-104.62011683333333,1672.4,171.771709194356,26.99208630546219,397557.6983958553,0.12752772025894707,-0.8818962733480332,0.45386742956551396
1454,2026-07-29T06:21:34.087002Z,moon,39.759062,-104.62011683333333,1672.4,172.14931090432881,27.035305869539375,397550.8226560401,0.12166615108013133,-0.8823781680932758,0.4545394550022047
1455,2026-07-29T06:23:04.110445Z,moon,39.759062,-104.62011683333333,1672.4,172.52732886272716,27.076692826132803,397544.12874594814,0.11579918513551847,-0.8828358961542536,0.4551827426248341
1456,2026-07-29T06:24:34.133889Z,moon,39.759062,-104.62011683333333,1672.4,172.9057463256848,27.11624338578992,397537.61683534266,0.10992706547952709,-0.8832694343837292,0.45579726475540294
1457,2026-07-29T06:26:04.157333Z,moon,39.759062,-104.62011683333333,1672.4,173.2845463945346,27.153953916320685,397531.28708671755,0.10405003561341394,-0.8836787606541319,0.45638299492599965
1458,2026-07-29T06:27:34.180776Z,moon,39.759062,-104.62011683333333,1672.4,173.66371203409915,27.189820945830537,397525.1396549122,0.09816833927866,-0.8840638538752895,0.456939907903042
1459,2026-07-29T06:29:04.204220Z,moon,39.759062,-104.62011683333333,1672.4,174.0432260911586,27.223841165337845,397519.1746870841,0.09228222024958932,-0.8844246940071149,0.4574679797059324
1460,2026-07-29T06:30:34.227663Z,moon,39.759062,-104.62011683333333,1672.4,174.42307127087602,27.256011427452382,397513.39232299034,0.08639192277984775,-0.8847612620315985,0.4579671875655
1461,2026-07-29T06:32:04.251107Z,moon,39.759062,-104.62011683333333,1672.4,174.8032301765608,27.286328750798997,397507.79269452346,0.080497691068097,-0.8850735399857123,0.45843750997258614
1462,2026-07-29T06:33:34.274551Z,moon,39.759062,-104.62011683333333,1672.4,175.18368528627354,27.314790318752884,397502.3759261926,0.07459976970485716,-0.8853615109356923,0.45887892663931534
1463,2026-07-29T06:35:04.297994Z,moon,39.759062,-104.62011683333333,1672.4,175.56441897169893,27.341393481855427,397497.1421349313,0.06869840346531461,-0.8856251589902999,0.4592914185184858
1464,2026-07-29T06:36:34.321438Z,moon,39.759062,-104.62011683333333,1672.4,175.94541351719437,27.36613575976077,397492.0914298374,0.06279383710104158,-0.8858644693094251,0.45967496781667194
1465,2026-07-29T06:38:04.344881Z,moon,39.759062,-104.62011683333333,1672.4,176.3266510965691,27.389014840346444,397487.2239126355,0.056886315788154077,-0.8860794280848255,0.4600295579643976
1466,2026-07-29T06:39:34.368325Z,moon,39.759062,-104.62011683333333,1672.4,176.70811381346084,27.41002858290266,397482.5396772014,0.05097608459112154,-0.8862700225624764,0.46035517365059136
1467,2026-07-29T06:41:04.391769Z,moon,39.759062,-104.62011683333333,1672.4,177.08978367827606,27.429175017282294,397478.038809972,0.04506338891081499,-0.8864362410256814,0.46065180079549534
1468,2026-07-29T06:42:34.415212Z,moon,39.759062,-104.62011683333333,1672.4,177.47164262749814,27.44645234562285,397473.7213896584,0.039148474277106105,-0.8865780728041983,0.46091942656452256
1469,2026-07-29T06:44:04.438656Z,moon,39.759062,-104.62011683333333,1672.4,177.85367254319655,27.461858943639115,397469.58748729475,0.03323158613951203,-0.8866955082783671,0.4611580393765466
1470,2026-07-29T06:45:34.462100Z,moon,39.759062,-104.62011683333333,1672.4,178.23585523430302,27.475393360199696,397465.63716632547,0.02731297025095173,-0.8867885388701843,0.46136762888672017
1471,2026-07-29T06:47:04.485543Z,moon,39.759062,-104.62011683333333,1672.4,178.6181724561662,27.487054318652067,397461.87048262346,0.021392872459386973,-0.8868571570497439,0.4615481859974995
1472,2026-07-29T06:48:34.508987Z,moon,39.759062,-104.62011683333333,1672.4,179.00060593021584,27.49684071768493,397458.287484252,0.015471538498640212,-0.886901356336838,0.4616997028636279
1473,2026-07-29T06:50:04.532430Z,moon,39.759062,-104.62011683333333,1672.4,179.38313732109768,27.504751630983105,397454.88821180747,0.009549214438370321,-0.8869211312965818,0.4618221728795635
1474,2026-07-29T06:51:34.555874Z,moon,39.759062,-104.62011683333333,1672.4,179.7657482776655,27.510786308508187,397451.67269803135,0.003626146145859669,-0.8869164775437737,0.4619155906932278
1475,2026-07-29T06:53:04.579318Z,moon,39.759062,-104.62011683333333,1672.4,180.14842041018898,27.51494417616887,397448.6409681534,-0.00229742026417324,-0.8868873917409887,0.46197995219597515
1476,2026-07-29T06:54:34.602761Z,moon,39.759062,-104.62011683333333,1672.4,180.53113531013716,27.517224836460365,397445.79303975904,-0.00822123863858394,-0.8868338716005403,0.46201525452872627
1477,2026-07-29T06:56:04.626205Z,moon,39.759062,-104.62011683333333,1672.4,180.91387456994917,27.517628068602523,397443.1289226361,-0.014145062994259256,-0.8867559158818719,0.4620214960815039
1478,2026-07-29T06:57:34.649648Z,moon,39.759062,-104.62011683333333,1672.4,181.29661976030533,27.516153828538638,397440.64861908986,-0.020068647068604853,-0.886653524396365,0.46199867649197907
1479,2026-07-29T06:59:04.673092Z,moon,39.759062,-104.62011683333333,1672.4,181.67935247123037,27.512802248985956,397438.35212357686,-0.02599174485794221,-0.8865266980005463,0.4619467966459858
1480,2026-07-29T07:00:34.696536Z,moon,39.759062,-104.62011683333333,1672.4,182.06205428930335,27.507573639442533,397436.23942305375,-0.03191411016703854,-0.8863754386034121,0.46186585867852903
1481,2026-07-29T07:02:04.719979Z,moon,39.759062,-104.62011683333333,1672.4,182.44470681752037,27.50046848610333,397434.3104968396,-0.037835496818895684,-0.886199749164124,0.4617558659745547
1482,2026-07-29T07:03:34.743423Z,moon,39.759062,-104.62011683333333,1672.4,182.82729169501874,27.49148745130059,397432.56531637284,-0.043755658862573724,-0.8859996336849808,0.46161682316352154
1483,2026-07-29T07:05:04.766866Z,moon,39.759062,-104.62011683333333,1672.4,183.20979057435363,27.48063137382844,397431.0038456512,-0.0496743501244784,-0.885775097225488,0.46144873612882287
1484,2026-07-29T07:06:34.790310Z,moon,39.759062,-104.62011683333333,1672.4,183.5921851624545,27.46790126776094,397429.62604089116,-0.05559132474547485,-0.8855261458844785,0.4612516119950415
1485,2026-07-29T07:08:04.813754Z,moon,39.759062,-104.62011683333333,1672.4,183.97445719782186,27.453298322808287,397428.43185076595,-0.06150633673187481,-0.8852527868165231,0.46102545914017024
1486,2026-07-29T07:09:34.837197Z,moon,39.759062,-104.62011683333333,1672.4,184.3565884701888,27.436823903496244,397427.4212162039,-0.06741914016414606,-0.8849550282255443,0.46077028719075774
1487,2026-07-29T07:11:04.860641Z,moon,39.759062,-104.62011683333333,1672.4,184.73856084010168,27.418479547933543,397426.5940704883,-0.0733294894050367,-0.8846328793531872,0.4604861070118033
1488,2026-07-29T07:12:34.884084Z,moon,39.759062,-104.62011683333333,1672.4,185.12035621602843,27.39826696846499,397425.95033930434,-0.07923713865131149,-0.8842863505021935,0.4601729307269874
1489,2026-07-29T07:14:04.907528Z,moon,39.759062,-104.62011683333333,1672.4,185.50195659502606,27.376188049259405,397425.4899406293,-0.08514184246985948,-0.8839154530075182,0.45983077169253433
1490,2026-07-29T07:15:34.930972Z,moon,39.759062,-104.62011683333333,1672.4,185.88334403975543,27.35224484701796,397425.21278483566,-0.09104335534982473,-0.8835201992618636,0.4594596445205197
1491,2026-07-29T07:17:04.954415Z,moon,39.759062,-104.62011683333333,1672.4,186.26450069780984,27.326439589471324,397425.11877466075,-0.09694143191055422,-0.8831006027049132,0.4590595650690121
1492,2026-07-29T07:18:34.977859Z,moon,39.759062,-104.62011683333333,1672.4,186.64540882096566,27.29877467344926,397425.20780520135,-0.10283582710949371,-0.882656677807434,0.4586305504266478
1493,2026-07-29T07:20:05.001302Z,moon,39.759062,-104.62011683333333,1672.4,187.02605074200875,27.269252665879343,397425.47976388794,-0.10872629579483199,-0.8821884401039386,0.45817261894368383
1494,2026-07-29T07:21:35.024746Z,moon,39.759062,-104.62011683333333,1672.4,187.40640891493098,27.237876300204054,397425.934530588,-0.114612593240083,-0.8816959061525408,0.4576857901930463
1495,2026-07-29T07:23:05.048190Z,moon,39.759062,-104.62011683333333,1672.4,187.78646589165743,27.204648477431835,397426.57197748753,-0.12049447469787705,-0.8811790935697853,0.4571700850042731
1496,2026-07-29T07:24:35.071633Z,moon,39.759062,-104.62011683333333,1672.4,188.1662043409086,27.169572263971368,397427.3919691956,-0.12637169560727138,-0.8806380210155338,0.4566255254485752
1497,2026-07-29T07:26:05.095077Z,moon,39.759062,-104.62011683333333,1672.4,188.54560706690538,27.13265088903884,397428.3943626755,-0.13224401180021716,-0.8800727081728644,0.45605213481822915
1498,2026-07-29T07:27:35.118520Z,moon,39.759062,-104.62011683333333,1672.4,188.92465698587637,27.093887746050456,397429.5790073366,-0.1381111790565126,-0.8794831757896735,0.45544993766881786
1499,2026-07-29T07:29:05.141964Z,moon,39.759062,-104.62011683333333,1672.4,189.30333716561788,27.053286387853294,397430.94574497506,-0.1439729536364017,-0.8788694456276869,0.4548189597667328
1500,2026-07-29T07:30:35.165408Z,moon,39.759062,-104.62011683333333,1672.4,189.68163080177766,27.010850528187987,397432.49440972065,-0.14982909183547785,-0.8782315405063359,0.45415922813438914
1501,2026-07-29T07:32:05.188851Z,moon,39.759062,-104.62011683333333,1672.4,190.05952123612784,26.966584038871517,397434.22482821776,-0.1556793501913919,-0.8775694842834743,0.4534707710298681
1502,2026-07-29T07:33:35.212295Z,moon,39.759062,-104.62011683333333,1672.4,190.43699197468007,26.92049094659846,397436.13681950007,-0.16152348569001446,-0.8768833018307403,0.4527536179214548
1503,2026-07-29T07:35:05.235738Z,moon,39.759062,-104.62011683333333,1672.4,190.81402666367947,26.872575434720865,397438.23019502376,-0.16736125532145765,-0.876173019084589,0.4520077995404752
1504,2026-07-29T07:36:35.259182Z,moon,39.759062,-104.62011683333333,1672.4,191.19060912842087,26.822841837380704,397440.5047587257,-0.1731924166107191,-0.8754386629840598,0.45123334781598406
1505,2026-07-29T07:38:05.282626Z,moon,39.759062,-104.62011683333333,1672.4,191.56672334903615,26.771294641373853,397442.9603068868,-0.17901672717450998,-0.8746802615239663,0.4504302959305613
1506,2026-07-29T07:39:35.306069Z,moon,39.759062,-104.62011683333333,1672.4,191.94235347806685,26.717938482763234,397445.5966283809,-0.1848339449271571,-0.8738978437311181,0.44959867829517347
1507,2026-07-29T07:41:05.329513Z,moon,39.759062,-104.62011683333333,1672.4,192.31748385780915,26.66277814308124,397448.4135044314,-0.1906438282852122,-0.8730914396356342,0.4487385305183122
1508,2026-07-29T07:42:35.352956Z,moon,39.759062,-104.62011683333333,1672.4,192.69209899583495,26.60581855156083,397451.4107087874,-0.19644613572649516,-0.872261080330873,0.4478498894698378
1509,2026-07-29T07:44:05.376400Z,moon,39.759062,-104.62011683333333,1672.4,193.06618360284682,26.547064778200216,397454.5880076761,-0.20224062631680698,-0.8714067979004497,0.44693279320259144
1510,2026-07-29T07:45:35.399844Z,moon,39.759062,-104.62011683333333,1672.4,193.43972256800285,26.486522036088036,397457.94515989686,-0.20802705927038104,-0.8705286254802393,0.445987281019092
1511,2026-07-29T07:47:05.423287Z,moon,39.759062,-104.62011683333333,1672.4,193.8127009756223,26.424195677458066,397461.4819165585,-0.21380519415365348,-0.8696265972306627,0.4450133934410706
1512,2026-07-29T07:48:35.446731Z,moon,39.759062,-104.62011683333333,1672.4,194.18510412176494,26.360091189378714,397465.1980215348,-0.21957479108938974,-0.8687007483034049,0.44401117217380376
1513,2026-07-29T07:50:05.470175Z,moon,39.759062,-104.62011683333333,1672.4,194.55691749324606,26.294214195715096,397469.09321106254,-0.22533561038128186,-0.8677511149000543,0.4429806601690506
1514,2026-07-29T07:51:35.493618Z,moon,39.759062,-104.62011683333333,1672.4,194.92812678395015,26.226570452895935,397473.16721384716,-0.23108741271872332,-0.8667777342413074,0.44192190159175404
1515,2026-07-29T07:53:05.517062Z,moon,39.759062,-104.62011683333333,1672.4,195.2987179108009,26.1571658452946,397477.4197514144,-0.23682995937876092,-0.8657806445315742,0.44083494178110055
1516,2026-07-29T07:54:35.540505Z,moon,39.759062,-104.62011683333333,1672.4,195.6686769883816,26.08600638825384,397481.8505375986,-0.24256301178969106,-0.8647598850333303,0.43971982733174025
1517,2026-07-29T07:56:05.563949Z,moon,39.759062,-104.62011683333333,1672.4,196.03799036518842,26.013098219553598,397486.45927895885,-0.2482863320522166,-0.8637154959767791,0.4385766059944862
1518,2026-07-29T07:57:35.587393Z,moon,39.759062,-104.62011683333333,1672.4,196.40664459801766,25.938447602547047,397491.2456745755,-0.2539996825042945,-0.8626475186363888,0.43740532676020183
1519,2026-07-29T07:59:05.610836Z,moon,39.759062,-104.62011683333333,1672.4,196.7746264673399,25.862060921471613,397496.2094160852,-0.25970282592362537,-0.8615559952960242,0.43620603982150485
1520,2026-07-29T08:00:35.634280Z,moon,39.759062,-104.62011683333333,1672.4,197.14192299234332,25.783944676383765,397501.35018791887,-0.26539552572755737,-0.860440969209493,0.4349787965287753
1521,2026-07-29T08:02:05.657723Z,moon,39.759062,-104.62011683333333,1672.4,197.50852140503528,25.704105486723932,397506.6676668784,-0.27107754554081165,-0.8593024846836835,0.4337236494820372
1522,2026-07-29T08:03:35.681167Z,moon,39.759062,-104.62011683333333,1672.4,197.87440918540435,25.622550081873804,397512.1615226905,-0.27674864971216306,-0.8581405869774997,0.43244065241881086
1523,2026-07-29T08:05:05.704611Z,moon,39.759062,-104.62011683333333,1672.4,198.2395740352477,25.539285304857216,397517.8314175421,-0.2824086028828204,-0.8569553223873001,0.4311298603087611
1524,2026-07-29T08:06:35.728054Z,moon,39.759062,-104.62011683333333,1672.4,198.60400389262068,25.454318107232716,397523.67700629396,-0.28805717018699145,-0.8557467382080186,0.42979132931016617
1525,2026-07-29T08:08:05.751498Z,moon,39.759062,-104.62011683333333,1672.4,198.96768694598308,25.36765554366615,397529.6979366414,-0.2936941174501134,-0.854514882689283,0.4284251167213705
1526,2026-07-29T08:09:35.774941Z,moon,39.759062,-104.62011683333333,1672.4,199.3306116077664,25.27930477604434,397535.893848802,-0.29931921076057916,-0.853259805127643,0.4270312810827807
1527,2026-07-29T08:11:05.798385Z,moon,39.759062,-104.62011683333333,1672.4,199.6927665484279,25.189273063210987,397542.2643759607,-0.3049322169814156,-0.8519815557546754,0.42560988205238126
1528,2026-07-29T08:12:35.821829Z,moon,39.759062,-104.62011683333333,1672.4,200.05414066974075,25.09756776524852,397548.8091437427,-0.31053290332250255,-0.8506801858314776,0.42416098051072515
1529,2026-07-29T08:14:05.845272Z,moon,39.759062,-104.62011683333333,1672.4,200.4147231183786,25.00419633802382,397555.5277706604,-0.316121037539771,-0.8493557476054123,0.42268463851248467
1530,2026-07-29T08:15:35.868716Z,moon,39.759062,-104.62011683333333,1672.4,200.7745032991241,24.90916632743796,397562.4198681337,-0.3216963881308125,-0.8480082942622068,0.4211809192331628
1531,2026-07-29T08:17:05.892159Z,moon,39.759062,-104.62011683333333,1672.4,201.13347084796052,24.81248537412912,397569.485040064,-0.32725872391120947,-0.8466378800270817,0.41964988708118983
1532,2026-07-29T08:18:35.915603Z,moon,39.759062,-104.62011683333333,1672.4,201.4916156650084,24.714161202456935,397576.7228835108,-0.3328078145204708,-0.845244560042171,0.418091607561339
1533,2026-07-29T08:20:05.939047Z,moon,39.759062,-104.62011683333333,1672.4,201.8489278873889,24.614201625388542,397584.1329881034,-0.3383434299993751,-0.8438283904697507,0.416506147389793
1534,2026-07-29T08:21:35.962490Z,moon,39.759062,-104.62011683333333,1672.4,202.20539790189812,24.51261453876259,397591.7149363096,-0.34386534098648575,-0.8423894284449394,0.4148935744410322
1535,2026-07-29T08:23:05.985934Z,moon,39.759062,-104.62011683333333,1672.4,202.5610163573441,24.40940791524444,397599.4683036396,-0.3493733189115001,-0.8409277320238281,0.4132539576894868
1536,2026-07-29T08:24:36.009377Z,moon,39.759062,-104.62011683333333,1672.4,202.91577413724457,24.304589809682653,397607.39265827724,-0.35486713557678645,-0.8394433602930663,0.411587367332152
1537,2026-07-29T08:26:06.032821Z,moon,39.759062,-104.62011683333333,1672.4,203.26966239163733,24.198168347380694,397615.4875615267,-0.36034656365660644,-0.8379363732370896,0.4098938746397025
1538,2026-07-29T08:27:36.056265Z,moon,39.759062,-104.62011683333333,1672.4,203.62267250960966,24.090151729611406,397623.7525673984,-0.3658113762803515,-0.8364068318498443,0.40817355208144157
1539,2026-07-29T08:29:06.079708Z,moon,39.759062,-104.62011683333333,1672.4,203.97479613108786,23.980548227657355,397632.1872228283,-0.37126134722585075,-0.8348547980835946,0.4064264732677323
1540,2026-07-29T08:30:36.103152Z,moon,39.759062,-104.62011683333333,1672.4,204.32602515839446,23.869366176535305,397640.7910680278,-0.37669625111082783,-0.8332803347927529,0.4046527128868974
1541,2026-07-29T08:32:06.126595Z,moon,39.759062,-104.62011683333333,1672.4,204.67635172856492,23.7566139810018,397649.56363568024,-0.3821158629791962,-0.8316835058524242,0.40285234683775256
1542,2026-07-29T08:33:36.150039Z,moon,39.759062,-104.62011683333333,1672.4,205.02576824414834,23.642300103175227,397658.50445203285,-0.3875199587941182,-0.830064376015095,0.40102545206866363
1543,2026-07-29T08:35:06.173483Z,moon,39.759062,-104.62011683333333,1672.4,205.3742673454216,23.526433068728128,397667.613035905,-0.3929083150265503,-0.8284230110309407,0.39917210671266457
1544,2026-07-29T08:36:36.196926Z,moon,39.759062,-104.62011683333333,1672.4,205.7218419213996,23.409021460738114,397676.8888992386,-0.39828070884583106,-0.8267594775926189,0.39729239002533395
1545,2026-07-29T08:38:06.220370Z,moon,39.759062,-104.62011683333333,1672.4,206.06848512062834,23.29007391318117,397686.3315473306,-0.40363691830847376,-0.8250738432754156,0.39538638231630274
1546,2026-07-29T08:39:36.243813Z,moon,39.759062,-104.62011683333333,1672.4,206.414190323271,23.169599117684815,397695.94047805504,-0.40897672195033236,-0.823366176663741,0.3934541650928272
1547,2026-07-29T08:41:06.267257Z,moon,39.759062,-104.62011683333333,1672.4,206.75895117090812,23.047605810495085,397705.7151829455,-0.4142998992724626,-0.8216365471980934,0.39149582088602497
1548,2026-07-29T08:42:36.290701Z,moon,39.759062,-104.62011683333333,1672.4,207.10276153851893,22.924102779381723,397715.6551462699,-0.4196062303352331,-0.8198850253037995,0.38951143339630395
1549,2026-07-29T08:44:06.314144Z,moon,39.759062,-104.62011683333333,1672.4,207.44561554485244,22.799098857319922,397725.75984551804,-0.4248954959470498,-0.8181116823314727,0.38750108742644596
1550,2026-07-29T08:45:36.337588Z,moon,39.759062,-104.62011683333333,1672.4,207.78750756244332,22.672602915858455,397736.02875154454,-0.4301674778488502,-0.8163165904937348,0.3854648688088748
1551,2026-07-29T08:47:06.361032Z,moon,39.759062,-104.62011683333333,1672.4,208.12843219339462,22.54462387110071,397746.46132819756,-0.43542195837187947,-0.814499822979498,0.3834028645354178
1552,2026-07-29T08:48:36.384475Z,moon,39.759062,-104.62011683333333,1672.4,208.4683842793181,22.415170677303017,397757.0570325096,-0.4406587206239937,-0.8126614538924412,0.381315162687571
1553,2026-07-29T08:50:06.407919Z,moon,39.759062,-104.62011683333333,1672.4,208.80735891101747,22.28425232015727,397767.81531501753,-0.4458775486729367,-0.8108015581851864,0.3792018523608327
1554,2026-07-29T08:51:36.431362Z,moon,39.759062,-104.62011683333333,1672.4,209.14535140041093,22.151877824667494,397778.7356192453,-0.4510782271491972,-0.8089202117987865,0.37706302382406026
1555,2026-07-29T08:53:06.454806Z,moon,39.759062,-104.62011683333333,1672.4,209.48235730886626,22.018056241226102,397789.8173823023,-0.45626054171908353,-0.8070174914941219,0.37489876832652197
1556,2026-07-29T08:54:36.478250Z,moon,39.759062,-104.62011683333333,1672.4,209.81837241905762,21.882796653681478,397801.06003435055,-0.46142427868932334,-0.8050934749935202,0.372709178259532
1557,2026-07-29T08:56:06.501693Z,moon,39.759062,-104.62011683333333,1672.4,210.15339274434433,21.746108172791455,397812.4629988964,-0.46656922519059085,-0.8031482409154809,0.3704943470815992
1558,2026-07-29T08:57:36.525137Z,moon,39.759062,-104.62011683333333,1672.4,210.4874145378962,21.60799992945159,397824.0256930988,-0.4716951693574201,-0.8011818687047725,0.3682543692389859
1559,2026-07-29T08:59:06.548580Z,moon,39.759062,-104.62011683333333,1672.4,210.82043426459833,21.468481083223498,397835.74752714316,-0.47680189993791366,-0.7991944387804676,0.3659893403337988
1560,2026-07-29T09:00:36.572024Z,moon,39.759062,-104.62011683333333,1672.4,211.15244862859112,21.327560807973928,397847.627905083,-0.4818892067583284,-0.7971860323572693,0.3636993569203879
1561,2026-07-29T09:02:06.595468Z,moon,39.759062,-104.62011683333333,1672.4,211.48345454515328,21.18524830061105,397859.6662239588,-0.4869568803347006,-0.7951567315954864,0.361384516675908
1562,2026-07-29T09:03:36.618911Z,moon,39.759062,-104.62011683333333,1672.4,211.81344914959647,21.041552774487688,397871.8618744369,-0.4920047120531362,-0.7931066195316862,0.3590449183215546
1563,2026-07-29T09:05:06.642355Z,moon,39.759062,-104.62011683333333,1672.4,212.14242980588799,20.89648345252459,397884.2142409841,-0.4970324943460478,-0.7910357800054308,0.35668066153822486
1564,2026-07-29T09:06:36.665798Z,moon,39.759062,-104.62011683333333,1672.4,212.4703940786516,20.750049576466225,397896.72270103195,-0.502040020309195,-0.7889442978150822,0.3542918471444267
1565,2026-07-29T09:08:06.689242Z,moon,39.759062,-104.62011683333333,1672.4,212.79733975999815,20.602260392049356,397909.38662619627,-0.5070270841576558,-0.7868322585295334,0.3518785768811435
1566,2026-07-29T09:09:36.712686Z,moon,39.759062,-104.62011683333333,1672.4,213.1232648414897,20.453125158462203,397922.20538123045,-0.5119934808442191,-0.7846997486463655,0.3494409535920927
1567,2026-07-29T09:11:06.736129Z,moon,39.759062,-104.62011683333333,1672.4,213.4481675226589,20.302653141656403,397935.1783244877,-0.5169390062368607,-0.78254685551856,0.3469790811401472
1568,2026-07-29T09:12:36.759573Z,moon,39.759062,-104.62011683333333,1672.4,213.77204621919424,20.15085360743754,397948.30480839714,-0.5218634572907677,-0.780373667277795,0.3444930643190547
1569,2026-07-29T09:14:06.783016Z,moon,39.759062,-104.62011683333333,1672.4,214.09489953513057,19.99773583141594,397961.58417845453,-0.5267666316732945,-0.7781802729979246,0.34198300904057705
1570,2026-07-29T09:15:36.806460Z,moon,39.759062,-104.62011683333333,1672.4,214.41672628900918,19.84330908374254,397975.01577452925,-0.531648328210349,-0.7759667624975567,0.33944902210818234
1571,2026-07-29T09:17:06.829904Z,moon,39.759062,-104.62011683333333,1672.4,214.73752548608502,19.687582639257126,397988.59892964986,-0.5365083465131183,-0.7737332265056713,0.3368912114064173
1572,2026-07-29T09:18:36.853347Z,moon,39.759062,-104.62011683333333,1672.4,215.0572963264485,19.530565770767776,398002.33297067136,-0.5413464871510704,-0.7714797565850945,0.334309685813318
1573,2026-07-29T09:20:06.876791Z,moon,39.759062,-104.62011683333333,1672.4,215.37603821290926,19.37226774209578,398016.2172186826,-0.5461625518205205,-0.769206445052044,0.3317045551078461
1574,2026-07-29T09:21:36.900234Z,moon,39.759062,-104.62011683333333,1672.4,215.69375072344909,19.212697818696412,398030.25098799827,-0.5509563429778638,-0.7669133851471993,0.329075930165854
1575,2026-07-29T09:23:06.923678Z,moon,39.759062,-104.62011683333333,1672.4,216.01043363675925,19.05186525201535,398044.4335873185,-0.555727664275527,-0.7646006708294175,0.3264239227233077
1576,2026-07-29T09:24:36.947122Z,moon,39.759062,-104.62011683333333,1672.4,216.32608690477,18.889779290306564,398058.7643188724,-0.560476320197484,-0.762268396948589,0.3237486455744883
1577,2026-07-29T09:26:06.970565Z,moon,39.759062,-104.62011683333333,1672.4,216.64071066044895,18.72644917187776,398073.24247867975,-0.5652021162277364,-0.7599166591660221,0.32105021248029114
1578,2026-07-29T09:27:36.994009Z,moon,39.759062,-104.62011683333333,1672.4,216.9543052254781,18.561884118091672,398087.86735725537,-0.5699048590156076,-0.7575455538700653,0.3183287380713474
1579,2026-07-29T09:29:07.017452Z,moon,39.759062,-104.62011683333333,1672.4,217.26687108297588,18.396093344677887,398102.6382384065,-0.5745843560166815,-0.7551551783550181,0.3155843380532314
1580,2026-07-29T09:30:37.040896Z,moon,39.759062,-104.62011683333333,1672.4,217.5784089025461,18.229086045689186,398117.5544006055,-0.5792404159189442,-0.7527456306057406,0.3128171289587806
1581,2026-07-29T09:32:07.064340Z,moon,39.759062,-104.62011683333333,1672.4,217.88891951312357,18.060871404995705,398132.615115859,-0.5838728482864299,-0.7503170094781311,0.3100272283553266
1582,2026-07-29T09:33:37.087783Z,moon,39.759062,-104.62011683333333,1672.4,218.19840391059589,17.891458589488497,398147.81965023733,-0.5884814637241848,-0.7478694146157562,0.3072147547487383
1583,2026-07-29T09:35:07.111227Z,moon,39.759062,-104.62011683333333,1672.4,218.5068632652307,17.720856742076545,398163.1672644442,-0.5930660740386163,-0.7454029463625106,0.3043798274828845
1584,2026-07-29T09:36:37.134670Z,moon,39.759062,-104.62011683333333,1672.4,218.81429889483536,17.54907499360791,398178.65721257194,-0.5976264918881686,-0.7429177059483814,0.3015225669528486
1585,2026-07-29T09:38:07.158114Z,moon,39.759062,-104.62011683333333,1672.4,219.12071228928323,17.37612244651018,398194.2887436136,-0.6021625311977659,-0.7404137952658109,0.29864309434771363
1586,2026-07-29T09:39:37.181558Z,moon,39.759062,-104.62011683333333,1672.4,219.42610508380145,17.202008186896645,398210.0611002348,-0.6066740068120315,-0.737891317057092,0.2957415318658935
1587,2026-07-29T09:41:07.205001Z,moon,39.759062,-104.62011683333333,1672.4,219.73047906641713,17.02674127775102,398225.97351928725,-0.6111607346557898,-0.735350374827778,0.2928180026153477
1588,2026-07-29T09:42:37.228445Z,moon,39.759062,-104.62011683333333,1672.4,220.0338361852444,16.850330751890095,398242.0252324483,-0.6156225318901529,-0.7327910727560641,0.28987263050894313
1589,2026-07-29T09:44:07.251889Z,moon,39.759062,-104.62011683333333,1672.4,220.33617852539098,16.672785622573265,398258.215465193,-0.6200592166209538,-0.7302135158570904,0.28690554045371086
1590,2026-07-29T09:45:37.275332Z,moon,39.759062,-104.62011683333333,1672.4,220.63750831637694,16.49411487663351,398274.54343727924,-0.6244706080573421,-0.7276178098940571,0.2839168582480954
1591,2026-07-29T09:47:07.298776Z,moon,39.759062,-104.62011683333333,1672.4,220.9378279393283,16.31432746744957,398291.00836334756,-0.6288565266647272,-0.7250040612859076,0.2809067104754091
1592,2026-07-29T09:48:37.322219Z,moon,39.759062,-104.62011683333333,1672.4,221.23713990082004,16.13343232788792,398307.6094518234,-0.6332167938299501,-0.7223723773044194,0.2778752247309574
1593,2026-07-29T09:50:07.345663Z,moon,39.759062,-104.62011683333333,1672.4,221.5354468568143,15.951438353343352,398324.34590615,-0.6375512322584033,-0.719722865836921,0.27482252934808843
1594,2026-07-29T09:51:37.369107Z,moon,39.759062,-104.62011683333333,1672.4,221.8327515866343,15.768354414862136,398341.2169237835,-0.641859665641561,-0.7170556355851448,0.2717487536274778
1595,2026-07-29T09:53:07.392550Z,moon,39.759062,-104.62011683333333,1672.4,222.12905700028105,15.584189352257095,398358.2216967098,-0.6461419188108669,-0.7143707959732463,0.2686540277307632
1596,2026-07-29T09:54:37.415994Z,moon,39.759062,-104.62011683333333,1672.4,222.42436614555328,15.398951967056918,398375.3594118619,-0.6503978178860792,-0.7116684570523696,0.2655384825702787
1597,2026-07-29T09:56:07.439437Z,moon,39.759062,-104.62011683333333,1672.4,222.71868218239604,15.21265103602648,398392.6292501685,-0.6546271899504513,-0.70894872970431,0.2624022500441278
1598,2026-07-29T09:57:37.462881Z,moon,39.759062,-104.62011683333333,1672.4,223.01200840646635,15.025295293886716,398410.03038785374,-0.6588298634355861,-0.7062117253965197,0.2592454627528078
1599,2026-07-29T09:59:07.486325Z,moon,39.759062,-104.62011683333333,1672.4,223.3043482236391,14.836893447001106,398427.5619952213,-0.6630056677992616,-0.7034575563873385,0.256068254236267
1600,2026-07-29T10:00:37.509768Z,moon,39.759062,-104.62011683333333,1672.4,223.59570515722402,14.64745416647911,398445.22323720466,-0.6671544336740372,-0.70068633563139,0.2528707588641473
1601,2026-07-29T10:02:07.533212Z,moon,39.759062,-104.62011683333333,1672.4,223.88608285510648,14.456986081093701,398463.01327417436,-0.6712759930116065,-0.6978981766804525,0.24965311172180799
1602,2026-07-29T10:03:37.556655Z,moon,39.759062,-104.62011683333333,1672.4,224.1754850645419,14.265497791349624,398480.9312603405,-0.6753701787672884,-0.6950931938944546,0.2464154488530436
1603,2026-07-29T10:05:07.580099Z,moon,39.759062,-104.62011683333333,1672.4,224.4639156554707,14.072997851900302,398498.97634555324,-0.6794368252732598,-0.6922715021880272,0.24315790696772793
1604,2026-07-29T10:06:37.603543Z,moon,39.759062,-104.62011683333333,1672.4,224.7513785954852,13.879494785783251,398517.1476739042,-0.6834757679258351,-0.6894332172429106,0.2398806236866158
1605,2026-07-29T10:08:07.626986Z,moon,39.759062,-104.62011683333333,1672.4,225.03787795709644,13.684997077475778,398535.4443843425,-0.6874868433302253,-0.6865784554095443,0.23658373742775837
1606,2026-07-29T10:09:37.650430Z,moon,39.759062,-104.62011683333333,1672.4,225.3234179247798,13.489513165796527,398553.8656112938,-0.6914698894389303,-0.683707333605946,0.2332673872892674
1607,2026-07-29T10:11:07.673873Z,moon,39.759062,-104.62011683333333,1672.4,225.60800277036222,13.293051458502966,398572.4104833677,-0.6954247452474359,-0.6808199695342826,0.22993171329957335
1608,2026-07-29T10:12:37.697317Z,moon,39.759062,-104.62011683333333,1672.4,225.89163687602,13.095620314394983,398591.0781249606,-0.6993512511543227,-0.6779164814204113,0.22657685611609268
1609,2026-07-29T10:14:07.720761Z,moon,39.759062,-104.62011683333333,1672.4,226.17432470979276,12.897228058082552,398609.8676548303,-0.7032492486591788,-0.6749969882323823,0.22320295727770625
1610,2026-07-29T10:15:37.744204Z,moon,39.759062,-104.62011683333333,1672.4,226.45607083285645,12.697882972982285,398628.77818686696,-0.7071185805025659,-0.6720616095790867,0.219810159087344
1611,2026-07-29T10:17:07.767648Z,moon,39.759062,-104.62011683333333,1672.4,226.7368799065591,12.497593294210226,398647.80883058,-0.7109590907990717,-0.669110465606504,0.21639860449181436
1612,2026-07-29T10:18:37.791091Z,moon,39.759062,-104.62011683333333,1672.4,227.01675666834885,12.296367223669138,398666.958689836,-0.7147706247438057,-0.6661436772203669,0.21296843733914486
1613,2026-07-29T10:20:07.814535Z,moon,39.759062,-104.62011683333333,1672.4,227.29570595453566,12.094212911857717,398686.22686457855,-0.7185530289596657,-0.6631613658182631,0.2095198020687917
1614,2026-07-29T10:21:37.837979Z,moon,39.759062,-104.62011683333333,1672.4,227.57373267632696,11.891138473108134,398705.6124492015,-0.7223061512059067,-0.660163653514487,0.2060528439709439
1615,2026-07-29T10:23:07.861422Z,moon,39.759062,-104.62011683333333,1672.4,227.85084182710776,11.687151978583374,398725.1145334456,-0.7260298405128084,-0.6571506630358791,0.20256770906650046
1616,2026-07-29T10:24:37.884866Z,moon,39.759062,-104.62011683333333,1672.4,228.12703848952754,11.482261449101678,398744.73220288724,-0.7297239473099293,-0.6541225176151567,0.19906454398316273
1617,2026-07-29T10:26:07.908309Z,moon,39.759062,-104.62011683333333,1672.4,228.4023278119567,11.276474870701023,398764.4645377138,-0.7333883231434813,-0.651079341219573,0.19554349621984168
1618,2026-07-29T10:27:37.931753Z,moon,39.759062,-104.62011683333333,1672.4,228.67671503098353,11.069800176169618,398784.31061423983,-0.7370228210098141,-0.6480212582764701,0.19200471382889533
1619,2026-07-29T10:29:07.955197Z,moon,39.759062,-104.62011683333333,1672.4,228.9502054480495,10.862245260732193,398804.2695035654,-0.7406272950758074,-0.6449483939032449,0.18844834568209354
1620,2026-07-29T10:30:37.978640Z,moon,39.759062,-104.62011683333333,1672.4,229.2228044367114,10.653817975004408,398824.3402722599,-0.7442016008077913,-0.6418608738010826,0.18487454134745418
1621,2026-07-29T10:32:08.002084Z,moon,39.759062,-104.62011683333333,1672.4,229.49451744978788,10.444526117780574,398844.5219830225,-0.7477455950947229,-0.6387588241454041,0.1812834509623523
1622,2026-07-29T10:33:38.025527Z,moon,39.759062,-104.62011683333333,1672.4,229.76534999631278,10.2343774520564,398864.8136931986,-0.7512591359763989,-0.6356423718206584,0.1776752255048585
1623,2026-07-29T10:35:08.048971Z,moon,39.759062,-104.62011683333333,1672.4,230.03530766388,10.023379686242125,398885.21445658116,-0.7547420829640155,-0.632511644138491,0.17405001646757215
1624,2026-07-29T10:36:38.072415Z,moon,39.759062,-104.62011683333333,1672.4,230.30439609575728,9.811540490315048,398905.72332198144,-0.7581942967712336,-0.6293667690739667,0.1704079761307278
1625,2026-07-29T10:38:08.095858Z,moon,39.759062,-104.62011683333333,1672.4,230.5726209982144,9.598867488718385,398926.3393337736,-0.7616156394381097,-0.626207875156373,0.16674925743588637
1626,2026-07-29T10:39:38.119302Z,moon,39.759062,-104.62011683333333,1672.4,230.83998814769987,9.385368253078692,398947.0615327278,-0.7650059744487102,-0.623035091357437,0.16307401385570136
1627,2026-07-29T10:41:08.142746Z,moon,39.759062,-104.62011683333333,1672.4,231.1065033712967,9.171050316299537,398967.88895475195,-0.7683651665081742,-0.6198485472957554,0.15938239963122466
1628,2026-07-29T10:42:38.166189Z,moon,39.759062,-104.62011683333333,1672.4,231.3721725540477,8.955921165402216,398988.8206313855,-0.7716930816631357,-0.6166483731265332,0.15567456964338433
1629,2026-07-29T10:44:08.189633Z,moon,39.759062,-104.62011683333333,1672.4,231.63700164620747,8.739988234232085,399009.85559079604,-0.7749895874164675,-0.613434699427722,0.1519506792813829
1630,2026-07-29T10:45:38.213076Z,moon,39.759062,-104.62011683333333,1672.4,231.9009966410042,8.523258920165071,399030.99285605206,-0.7782545524737688,-0.6102076574437582,0.14821088472462055
1631,2026-07-29T10:47:08.236520Z,moon,39.759062,-104.62011683333333,1672.4,232.16416359668295,8.305740564849843,399052.2314470428,-0.7814878470415189,-0.6069673787935498,0.1444553426042074
1632,2026-07-29T10:48:38.259964Z,moon,39.759062,-104.62011683333333,1672.4,232.42650861443784,8.087440471027772,399073.5703788925,-0.7846893425767041,-0.6037139957153632,0.14068421028647857
1633,2026-07-29T10:50:08.283407Z,moon,39.759062,-104.62011683333333,1672.4,232.68803784582508,7.868365895332642,399095.0086627425,-0.7878589119021457,-0.6004476409535553,0.13689764574190982
1634,2026-07-29T10:51:38.306851Z,moon,39.759062,-104.62011683333333,1672.4,232.94875750001796,7.648524040928761,399116.54530648637,-0.7909964293151068,-0.5971684476431126,0.1330958074105502
1635,2026-07-29T10:53:08.330294Z,moon,39.759062,-104.62011683333333,1672.4,233.20867382210898,7.427922074610619,399138.1793130658,-0.7941017703461101,-0.5938765495579771,0.12927885449014992
1636,2026-07-29T10:54:38.353738Z,moon,39.759062,-104.62011683333333,1672.4,233.46779311495243,7.206567107277984,399159.90968259436,-0.7971748120423714,-0.5905720808133957,0.12544694659076344
1637,2026-07-29T10:56:08.377182Z,moon,39.759062,-104.62011683333333,1672.4,233.72612171762958,6.984466211101991,399181.7354105241,-0.8002154327298502,-0.5872551761154196,0.1216002440237113
1638,2026-07-29T10:57:38.400625Z,moon,39.759062,-104.62011683333333,1672.4,233.98366601287114,6.761626412291146,399203.6554886497,-0.8032235121225036,-0.5839259706458295,0.11773890766826445
1639,2026-07-29T10:59:08.424069Z,moon,39.759062,-104.62011683333333,1672.4,234.24043243437168,6.538054683673137,399225.6689055247,-0.8061989314252133,-0.5805845999444388,0.11386309883452317
1640,2026-07-29T11:00:38.447512Z,moon,39.759062,-104.62011683333333,1672.4,234.49642744561373,6.313757962129644,399247.77464521374,-0.8091415731051906,-0.5772312001618113,0.1099729795568545
1641,2026-07-29T11:02:08.470956Z,moon,39.759062,-104.62011683333333,1672.4,234.7516575615012,6.088743128821171,399269.97168899124,-0.8120513211602226,-0.5738659077565367,0.1060687122421267
1642,2026-07-29T11:03:38.494400Z,moon,39.759062,-104.62011683333333,1672.4,235.00612932732804,5.863017026716153,399292.25901378656,-0.81492806089317,-0.5704888597491952,0.1021504599645098
1643,2026-07-29T11:05:08.517843Z,moon,39.759062,-104.62011683333333,1672.4,235.25984932624297,5.6365864532649095,399314.63559298665,-0.8177716790154848,-0.5671001936052392,0.09821838632911321
1644,2026-07-29T11:06:38.541287Z,moon,39.759062,-104.62011683333333,1672.4,235.51282418662285,5.409458152945425,399337.1003971118,-0.8205820637443096,-0.5637000471151488,0.09427265533286239
1645,2026-07-29T11:08:08.564730Z,moon,39.759062,-104.62011683333333,1672.4,235.76506056136725,5.181638835017286,399359.652392245,-0.8233591045863253,-0.5602885586517437,0.09031343166304788
1646,2026-07-29T11:09:38.588174Z,moon,39.759062,-104.62011683333333,1672.4,236.01656514934987,4.953135153512832,399382.29054200393,-0.8261026925907565,-0.5568658668624445,0.08634088033973242
1647,2026-07-29T11:11:08.611618Z,moon,39.759062,-104.62011683333333,1672.4,236.26734467488637,4.723953725064422,399405.01380585524,-0.8288127201367255,-0.5534321109272916,0.08235516701533688
1648,2026-07-29T11:12:38.635061Z,moon,39.759062,-104.62011683333333,1672.4,236.51740589523632,4.49410112152279,399427.8211399311,-0.8314890810308331,-0.5499874304399036,0.07835645783605047
1649,2026-07-29T11:14:08.658505Z,moon,39.759062,-104.62011683333333,1672.4,236.76675560800686,4.26358386245256,399450.7114976763,-0.8341316705980847,-0.5465319652860464,0.07434491930064979
1650,2026-07-29T11:15:38.681948Z,moon,39.759062,-104.62011683333333,1672.4,237.01540063091866,4.032408433202715,399473.68382842524,-0.8367403854785717,-0.543065855904963,0.07032071856417013
1651,2026-07-29T11:17:08.705392Z,moon,39.759062,-104.62011683333333,1672.4,237.26334782311343,3.8005812646148716,399496.7370792083,-0.839315123865351,-0.5395892429765734,0.06628402307388115
1652,2026-07-29T11:18:38.728836Z,moon,39.759062,-104.62011683333333,1672.4,237.51060406504442,3.5681087511900937,399519.87019306974,-0.8418557853042349,-0.5361022676840218,0.06223500087442419
1653,2026-07-29T11:20:08.752279Z,moon,39.759062,-104.62011683333333,1672.4,237.75717626602932,3.3349972436402484,399543.08211002045,-0.8443622707855014,-0.5326050715926648,0.05817382046697607
1654,2026-07-29T11:21:38.775723Z,moon,39.759062,-104.62011683333333,1672.4,238.00307137173021,3.1012530412953776,399566.371767633,-0.8468344828290592,-0.5290977965265077,0.05410065066553333
1655,2026-07-29T11:23:08.799166Z,moon,39.759062,-104.62011683333333,1672.4,238.24829634432066,2.8668824104853177,399589.738099505,-0.8492723252936659,-0.5255805848340115,0.050015660905641135
1656,2026-07-29T11:24:38.822610Z,moon,39.759062,-104.62011683333333,1672.4,238.49285818365848,2.6318915640131113,399613.1800372313,-0.8516757035994182,-0.5220535790704963,0.04591902087502406
1657,2026-07-29T11:26:08.846054Z,moon,39.759062,-104.62011683333333,1672.4,238.7367639076149,2.396286679585217,399636.69650860754,-0.8540445245405743,-0.518516922264487,0.04181090082297003
1658,2026-07-29T11:27:38.869497Z,moon,39.759062,-104.62011683333333,1672.4,238.9800205596472,2.1600738923209564,399660.2864385526,-0.8563786963710208,-0.5149707577952636,0.03769147141785406
1659,2026-07-29T11:29:08.892941Z,moon,39.759062,-104.62011683333333,1672.4,239.22263521636637,1.9232592870723786,399683.94874994265,-0.8586781288836763,-0.511415229267088,0.033560903601070495
1660,2026-07-29T11:30:38.916384Z,moon,39.759062,-104.62011683333333,1672.4,239.4646149680603,1.6858489170990123,399707.6823617309,-0.8609427332322447,-0.5078504807796165,0.029419368900509914
1661,2026-07-29T11:32:08.939828Z,moon,39.759062,-104.62011683333333,1672.4,239.70596693978615,1.447848783303368,399731.48619120044,-0.863172422138521,-0.504276656605141,0.02526703905604182
1662,2026-07-29T11:33:38.963272Z,moon,39.759062,-104.62011683333333,1672.4,239.94669827206502,1.2092648529231849,399755.35915202653,-0.8653671097179363,-0.5006939014592344,0.021104086333116008
1663,2026-07-29T11:35:08.986715Z,moon,39.759062,-104.62011683333333,1672.4,240.18681612853504,0.9701030519688335,399779.3001552764,-0.8675267115592861,-0.4971023603760854,0.016930683378281377
1664,2026-07-29T11:36:39.010159Z,moon,39.759062,-104.62011683333333,1672.4,240.42632770351807,0.7303692574988804,399803.3081101034,-0.8696511447974786,-0.4935021785819444,0.012747003071682915
1665,2026-07-29T11:38:09.033603Z,moon,39.759062,-104.62011683333333,1672.4,240.66524020564748,0.49006931386053937,399827.38192235667,-0.8717403279721044,-0.4898935017279644,0.00855321879766459
1666,2026-07-29T11:39:39.057046Z,moon,39.759062,-104.62011683333333,1672.4,240.9035608655145,0.2492090250589125,399851.52049529064,-0.8737941811032075,-0.48627647576510447,0.0043495042987232455
1667,2026-07-29T11:41:09.080490Z,moon,39.759062,-104.62011683333333,1672.4,241.1412969433015,0.007794147013201242,399875.7227304074,-0.875812625760613,-0.4826512468161456,0.00013603352734529078
1668,2026-07-29T11:42:39.103933Z,moon,39.759062,-104.62011683333333,1672.4,241.378455709963,-0.2341695934121161,399899.9875257691,-0.8777955849073127,-0.47901796145096365,-0.004087019034938929
1669,2026-07-29T11:44:09.127377Z,moon,39.759062,-104.62011683333333,1672.4,241.61504446806322,-0.4766765194896559,399924.31377805484,-0.8797429830807646,-0.47537676635837073,-0.008319478758697173
1670,2026-07-29T11:45:39.150821Z,moon,39.759062,-104.62011683333333,1672.4,241.85107053312547,-0.7197209855620402,399948.70038076956,-0.8816547462401371,-0.47172780862137687,-0.012561170547093298
1671,2026-07-29T11:47:09.174264Z,moon,39.759062,-104.62011683333333,1672.4,242.0865412413236,-0.963297384707407,399973.1462251197,-0.8835308018359103,-0.4680712355905892,-0.016811918983049866
1672,2026-07-29T11:48:39.197708Z,moon,39.759062,-104.62011683333333,1672.4,242.3214639571321,-1.2074001565595092,399997.65020082006,-0.8853710788726447,-0.46440719475539943,-0.021071548479162625
1673,2026-07-29T11:50:09.221151Z,moon,39.759062,-104.62011683333333,1672.4,242.55584605488627,-1.4520237680277381,400022.2111943377,-0.8871755077660165,-0.46073583402200113,-0.02533988295477785
1674,2026-07-29T11:51:39.244595Z,moon,39.759062,-104.62011683333333,1672.4,242.78969493951382,-1.6971627346278846,400046.8280910041,-0.8889440205079926,-0.4570573013816954,-0.029616746221821803
1675,2026-07-29T11:53:09.268039Z,moon,39.759062,-104.62011683333333,1672.4,243.02301802822308,-1.9428116011480465,400071.4997731873,-0.8906765505274613,-0.453371745189343,-0.03390196166112132
1676,2026-07-29T11:54:39.291482Z,moon,39.759062,-104.62011683333333,1672.4,243.25582275824124,-2.1889649493933794,400096.22512118926,-0.8923730327536189,-0.4496793140353904,-0.03819535237132204
1677,2026-07-29T11:56:09.314926Z,moon,39.759062,-104.62011683333333,1672.4,243.48811659452423,-2.4356174060930216,400121.0030140843,-0.8940334036724621,-0.44598015661569823,-0.04249674132059725
1678,2026-07-29T11:57:39.338369Z,moon,39.759062,-104.62011683333333,1672.4,243.71990701163088,-2.6827636233651253,400145.8323278803,-0.8956576011972569,-0.4422744220127416,-0.046805951019831524
1679,2026-07-29T11:59:09.361813Z,moon,39.759062,-104.62011683333333,1672.4,243.95120151439508,-2.930398300278073,400170.7119377438,-0.8972455648177021,-0.4385622593601491,-0.051122803912579444
1680,2026-07-29T12:00:39.385257Z,moon,39.759062,-104.62011683333333,1672.4,244.18200761989377,-3.1785161632862353,400195.64071606693,-0.8987972354737883,-0.4348438181247102,-0.0554471220479418
1681,2026-07-29T12:02:09.408700Z,moon,39.759062,-104.62011683333333,1672.4,244.41233286529206,-3.4271119740619578,400220.6175334374,-0.9003125556133457,-0.43111924797621604,-0.059778727231249294
1682,2026-07-29T12:03:39.432144Z,moon,39.759062,-104.62011683333333,1672.4,244.6421848155435,-3.6761805374214407,400245.6412594499,-0.901791469241705,-0.42738869865720264,-0.06411744117625051
1683,2026-07-29T12:05:09.455587Z,moon,39.759062,-104.62011683333333,1672.4,244.8715710456237,-3.9257166816415685,400270.7107608063,-0.9032339218061708,-0.42365232026601457,-0.06846308517636755
1684,2026-07-29T12:06:39.479031Z,moon,39.759062,-104.62011683333333,1672.4,245.1004991611011,-4.175715280172793,400295.8249036826,-0.9046398603286496,-0.41991026291879086,-0.0728154804971672
1685,2026-07-29T12:08:09.502475Z,moon,39.759062,-104.62011683333333,1672.4,245.32897678042718,-4.426171231882273,400320.9825516545,-0.9060092332933388,-0.41616267703378373,-0.07717444804655767
1686,2026-07-29T12:09:39.525918Z,moon,39.759062,-104.62011683333333,1672.4,245.55701154281326,-4.67707946896288,400346.1825667797,-0.9073419906977651,-0.41240971320036446,-0.08153980852693793
1687,2026-07-29T12:11:09.549362Z,moon,39.759062,-104.62011683333333,1672.4,245.78461111600294,-4.928434964926132,400371.42381034535,-0.9086380840961563,-0.40865152204755734,-0.08591138258857921
1688,2026-07-29T12:12:39.572805Z,moon,39.759062,-104.62011683333333,1672.4,246.01178317879584,-5.180232714673247,400396.70514091366,-0.9098974664977313,-0.4048882545295362,-0.09028899049737711
1689,2026-07-29T12:14:09.596249Z,moon,39.759062,-104.62011683333333,1672.4,246.23853544153985,-5.432467756467283,400422.02541682165,-0.9111200924826334,-0.4011200615852001,-0.09467245253146649
1690,2026-07-29T12:15:39.619693Z,moon,39.759062,-104.62011683333333,1672.4,246.46487562874486,-5.685135151930226,400447.38349407475,-0.9123059181037617,-0.3973470944242562,-0.09906158864794
1691,2026-07-29T12:17:09.643136Z,moon,39.759062,-104.62011683333333,1672.4,246.69081148697393,-5.938229994036653,400472.7782273064,-0.9134549009310994,-0.3935695043958513,-0.10345621863648068
1692,2026-07-29T12:18:39.666580Z,moon,39.759062,-104.62011683333333,1672.4,246.91635079270026,-6.1917474151648095,400498.2084706449,-0.9145670000888185,-0.3897874428558924,-0.10785616227366643
1693,2026-07-29T12:20:09.690023Z,moon,39.759062,-104.62011683333333,1672.4,247.1415013351065,-6.445682566980505,400523.6730758134,-0.915642176167461,-0.3860010614546412,-0.11226123898838207
1694,2026-07-29T12:21:39.713467Z,moon,39.759062,-104.62011683333333,1672.4,247.36627093652368,-6.700030642585134,400549.170894427,-0.9166803913232218,-0.3822105117940917,-0.11667126826088614
1695,2026-07-29T12:23:09.736911Z,moon,39.759062,-104.62011683333333,1672.4,247.59066743530974,-6.954786856341243,400574.70077604766,-0.9176816091936456,-0.37841594571617154,-0.12108606928749757
1696,2026-07-29T12:24:39.760354Z,moon,39.759062,-104.62011683333333,1672.4,247.81469869382087,-7.209946451911894,400600.26156908873,-0.9186457949356904,-0.3746175151701837,-0.12550546113492708
1697,2026-07-29T12:26:09.783798Z,moon,39.759062,-104.62011683333333,1672.4,248.0383726063053,-7.465504710373358,400625.85212175996,-0.9195729152561476,-0.3708153720798984,-0.12992926289545634
1698,2026-07-29T12:27:39.807241Z,moon,39.759062,-104.62011683333333,1672.4,248.261697082,-7.721456929931549,400651.4712800269,-0.9204629383380448,-0.36700966863233575,-0.1343572933505128
1699,2026-07-29T12:29:09.830685Z,moon,39.759062,-104.62011683333333,1672.4,248.48468006549825,-7.9777984482290485,400677.1178900253,-0.921315833922976,-0.3632005569338673,-0.13878937137165753
1700,2026-07-29T12:30:39.854129Z,moon,39.759062,-104.62011683333333,1672.4,248.7073295199208,-8.234524622005729,400702.79079604405,-0.9221315732410397,-0.35938818929954575,-0.1432253155835207
1701,2026-07-29T12:32:09.877572Z,moon,39.759062,-104.62011683333333,1672.4,248.92965343492793,-8.49163083519875,400728.4888415214,-0.9229101290422606,-0.3555727181202202,-0.14766494451899065
1702,2026-07-29T12:33:39.901016Z,moon,39.759062,-104.62011683333333,1672.4,249.15165983470314,-8.749112507089304,400754.2108698357,-0.9236514756206664,-0.35175429572880934,-0.15210807677468957
1703,2026-07-29T12:35:09.924459Z,moon,39.759062,-104.62011683333333,1672.4,249.37335676127606,-9.006965071877579,400779.9557223934,-0.9243555887545671,-0.3479330746908786,-0.15655453067333736
1704,2026-07-29T12:36:39.947903Z,moon,39.759062,-104.62011683333333,1672.4,249.59475229490008,-9.265184001129574,400805.72224102984,-0.9250224457723075,-0.3441092074588,-0.1610041246660939
1705,2026-07-29T12:38:09.971347Z,moon,39.759062,-104.62011683333333,1672.4,249.81585453745112,-9.523764783284483,400831.5092659777,-0.9256520254961663,-0.3402828466627511,-0.16545667699412822
1706,2026-07-29T12:39:39.994790Z,moon,39.759062,-104.62011683333333,1672.4,250.03667162051977,-9.782702931808904,400857.31563678687,-0.9262443082673294,-0.3364541449771248,-0.1699120058444612
1707,2026-07-29T12:41:10.018234Z,moon,39.759062,-104.62011683333333,1672.4,250.25721171347172,-10.041993993394259,400883.1401932667,-0.926799275963418,-0.33262325498644923,-0.1743699295059314
1708,2026-07-29T12:42:40.041678Z,moon,39.759062,-104.62011683333333,1672.4,250.47748300946077,-10.30163353025449,400908.98177376523,-0.9273169119585137,-0.32879032943440095,-0.17883026607972233
1709,2026-07-29T12:44:10.065121Z,moon,39.759062,-104.62011683333333,1672.4,250.6974937335599,-10.56161712828201,400934.83921606676,-0.9277972011442472,-0.3249555210901082,-0.18329283363502624
1710,2026-07-29T12:45:40.088565Z,moon,39.759062,-104.62011683333333,1672.4,250.9172521508762,-10.821940405292306,400960.71135842544,-0.9282401299433652,-0.321118982613847,-0.1877574503655504
1711,2026-07-29T12:47:10.112008Z,moon,39.759062,-104.62011683333333,1672.4,251.13676655025878,-11.082598990343826,400986.5970373957,-0.928645686272745,-0.31728086684912155,-0.19222393424985434
1712,2026-07-29T12:48:40.135452Z,moon,39.759062,-104.62011683333333,1672.4,251.35604526466963,-11.343588546401474,401012.4950903998,-0.9290138595820988,-0.31344132647549433,-0.1966921034552605
1713,2026-07-29T12:50:10.158896Z,moon,39.759062,-104.62011683333333,1672.4,251.57509665496463,-11.60490474963763,401038.40435358277,-0.9293446408205205,-0.3096005143008957,-0.201161775998321
1714,2026-07-29T12:51:40.182339Z,moon,39.759062,-104.62011683333333,1672.4,251.79392911813642,-11.866543297638607,401064.32366281794,-0.9296380224511663,-0.30575858312719945,-0.20563276990093782
1715,2026-07-29T12:53:10.205783Z,moon,39.759062,-104.62011683333333,1672.4,252.01255109548248,-12.128499917662008,401090.2518545387,-0.929893998458136,-0.3019156856164766,-0.2101049033465739
1716,2026-07-29T12:54:40.229226Z,moon,39.759062,-104.62011683333333,1672.4,252.2309710565739,-12.390770345834047,401116.1877639484,-0.930112564323854,-0.29807197458303053,-0.21457799434023422
1717,2026-07-29T12:56:10.252670Z,moon,39.759062,-104.62011683333333,1672.4,252.44919751963982,-12.653350349949209,401142.13022707746,-0.9302937170507306,-0.29422760264603653,-0.2190518611130736
1718,2026-07-29T12:57:40.276114Z,moon,39.759062,-104.62011683333333,1672.4,252.66723903558693,-12.916235708611692,401168.0780791912,-0.9304374551420882,-0.29038272252211206,-0.2235263217819341
1719,2026-07-29T12:59:10.299557Z,moon,39.759062,-104.62011683333333,1672.4,252.88510419630452,-13.179422219495786,401194.0301552715,-0.9305437786100661,-0.2865374868912974,-0.2280011945059053
1720,2026-07-29T13:00:40.323001Z,moon,39.759062,-104.62011683333333,1672.4,253.10280164299576,-13.442905707630423,401219.9852913419,-0.9306126889762891,-0.2826920482624078,-0.23247629764241545
1721,2026-07-29T13:02:10.346444Z,moon,39.759062,-104.62011683333333,1672.4,253.3203400503111,-13.706682004479875,401245.9423221647,-0.9306441892631494,-0.27884655926614854,-0.23695144940718488
1722,2026-07-29T13:03:40.369888Z,moon,39.759062,-104.62011683333333,1672.4,253.53772814681912,-13.970746970827722,401271.9000838241,-0.9306382839988268,-0.2750011723071825,-0.24142646827842695
1723,2026-07-29T13:05:10.393332Z,moon,39.759062,-104.62011683333333,1672.4,253.75497469921962,-14.23509647582017,401297.8574116385,-0.930594979212226,-0.2711560398571963,-0.24590117265673866
1724,2026-07-29T13:06:40.416775Z,moon,39.759062,-104.62011683333333,1672.4,253.9720885207956,-14.499726405237514,401323.813141038,-0.9305142824345993,-0.26731131432032407,-0.25037538102130485
1725,2026-07-29T13:08:10.440219Z,moon,39.759062,-104.62011683333333,1672.4,254.18907847982803,-14.764632669827222,401349.76610870357,-0.9303962026934164,-0.26346714789925635,-0.25484891208616633
1726,2026-07-29T13:09:40.463662Z,moon,39.759062,-104.62011683333333,1672.4,254.40595348397005,-15.029811184235387,401375.71515020623,-0.9302407505181329,-0.25962369288780585,-0.25932158445983455
1727,2026-07-29T13:11:10.487106Z,moon,39.759062,-104.62011683333333,1672.4,254.62272250076364,-15.295257890011433,401401.6591027667,-0.9300479379280671,-0.2557811013238272,-0.2637932170494918
1728,2026-07-29T13:12:40.510550Z,moon,39.759062,-104.62011683333333,1672.4,254.83939454211878,-15.560968734533192,401427.5968030033,-0.9298177784418002,-0.2519395252812143,-0.2682636287211362
1729,2026-07-29T13:14:10.533993Z,moon,39.759062,-104.62011683333333,1672.4,255.05597867283433,-15.826939679270213,401453.5270879695,-0.9295502870721573,-0.24809911673646773,-0.27273263845505313
1730,2026-07-29T13:15:40.557437Z,moon,39.759062,-104.62011683333333,1672.4,255.27248401919184,-16.09316670818681,401479.4487960415,-0.9292454803135326,-0.24426002743438976,-0.27720006550255977
1731,2026-07-29T13:17:10.580880Z,moon,39.759062,-104.62011683333333,1672.4,255.48891975351344,-16.359645806509356,401505.3607648996,-0.9289033761619907,-0.24042240918067384,-0.28166572904529197
1732,2026-07-29T13:18:40.604324Z,moon,39.759062,-104.62011683333333,1672.4,255.7052951148179,-16.62637298386562,401531.2618340254,-0.928523994086194,-0.2365864134949671,-0.2861294485994233
1733,2026-07-29T13:20:10.627768Z,moon,39.759062,-104.62011683333333,1672.4,255.92161939346167,-16.893344253037796,401557.1508424926,-0.9281073550510697,-0.2327521919031808,-0.29059104367542476
1734,2026-07-29T13:21:40.651211Z,moon,39.759062,-104.62011683333333,1672.4,256.137901939856,-17.1605556383222,401583.0266300869,-0.9276534815061437,-0.22891989580345565,-0.2950503339345097
1735,2026-07-29T13:23:10.674655Z,moon,39.759062,-104.62011683333333,1672.4,256.35415217319195,-17.428003183856266,401608.8880381785,-0.927162397366679,-0.22508967633286,-0.29950713934335643
1736,2026-07-29T13:24:40.698098Z,moon,39.759062,-104.62011683333333,1672.4,256.5703795661959,-17.695682932342375,401634.7339076464,-0.9266341280476311,-0.22126168465926208,-0.3039612798353625
1737,2026-07-29T13:26:10.721542Z,moon,39.759062,-104.62011683333333,1672.4,256.78659366595826,-17.963590948237236,401660.56308132573,-0.9260687004179854,-0.21743607163498826,-0.3084125757132611
1738,2026-07-29T13:27:40.744986Z,moon,39.759062,-104.62011683333333,1672.4,257.00280407940187,-18.231723404051007,401686.3744019729,-0.9254661422681308,-0.21361298794607195,-0.3128608490944417
1739,2026-07-29T13:29:10.768429Z,moon,39.759062,-104.62011683333333,1672.4,257.219020479569,-18.500076158595228,401712.166713285,-0.9248264845617828,-0.20979258454917787,-0.31730591693391214
1740,2026-07-29T13:30:40.791873Z,moon,39.759062,-104.62011683333333,1672.4,257.4352526184555,-18.768645409754427,401737.9388606957,-0.9241497580226475,-0.20597501168312052,-0.32174760186957163
1741,2026-07-29T13:32:10.815316Z,moon,39.759062,-104.62011683333333,1672.4,257.65151030932975,-19.037427243948432,401763.6896894108,-0.9234359954300124,-0.20216041973020193,-0.326185724762275
1742,2026-07-29T13:33:40.838760Z,moon,39.759062,-104.62011683333333,1672.4,257.86780344843953,-19.30641776659707,401789.4180468779,-0.9226852309971264,-0.19834895872806407,-0.3306201068768688
1743,2026-07-29T13:35:10.862204Z,moon,39.759062,-104.62011683333333,1672.4,258.08414199997486,-19.575613080615316,401815.12278067693,-0.9218975004230927,-0.1945407786615621,-0.3350505695434751
1744,2026-07-29T13:36:40.885647Z,moon,39.759062,-104.62011683333333,1672.4,258.3005360052115,-19.845009294779693,401840.8027394408,-0.9210728408685124,-0.19073602932872222,-0.3394769343126581
1745,2026-07-29T13:38:10.909091Z,moon,39.759062,-104.62011683333333,1672.4,258.5169955916054,-20.114602532110055,401866.45677393384,-0.9202112909234444,-0.18693486020899364,-0.3438990231094758
1746,2026-07-29T13:39:40.932535Z,moon,39.759062,-104.62011683333333,1672.4,258.733530960357,-20.384388911335193,401892.08373509586,-0.9193128906596181,-0.183137420710707,-0.3483166579457354
1747,2026-07-29T13:41:10.955978Z,moon,39.759062,-104.62011683333333,1672.4,258.9501523956147,-20.65436455521596,401917.6824752349,-0.9183776816022182,-0.17934386003859637,-0.35272966107401743
1748,2026-07-29T13:42:40.979422Z,moon,39.759062,-104.62011683333333,1672.4,259.16687027376105,-20.924525598954396,401943.25184868963,-0.9174057066940003,-0.17555432706167365,-0.357137855141687
1749,2026-07-29T13:44:11.002865Z,moon,39.759062,-104.62011683333333,1672.4,259.3836950486562,-21.194868168562188,401968.79071007704,-0.9163970103662128,-0.17176897060255228,-0.3615410628545627
1750,2026-07-29T13:45:41.026309Z,moon,39.759062,-104.62011683333333,1672.4,259.6006372730739,-21.46538840424926,401994.2979164142,-0.9153516384493305,-0.16798793909452536,-0.3659391073756674
1751,2026-07-29T13:47:11.049753Z,moon,39.759062,-104.62011683333333,1672.4,259.81770758398784,-21.736082438736258,402019.7723253421,-0.9142696382475568,-0.164211380871214,-0.3703318119889926
1752,2026-07-29T13:48:41.073196Z,moon,39.759062,-104.62011683333333,1672.4,260.03491671208735,-22.006946405636167,402045.2127959421,-0.9131510585040079,-0.16043944403367566,-0.37471900025375654
1753,2026-07-29T13:50:11.096640Z,moon,39.759062,-104.62011683333333,1672.4,260.2522754912823,-22.277976447806505,402070.61818971264,-0.9119959493586117,-0.1566722763198744,-0.3791004961566702
1754,2026-07-29T13:51:41.120083Z,moon,39.759062,-104.62011683333333,1672.4,260.46979484417955,-22.54916869562658,402095.98736846773,-0.9108043624330044,-0.15291002539182186,-0.3834761237778446
1755,2026-07-29T13:53:11.143527Z,moon,39.759062,-104.62011683333333,1672.4,260.68748580377206,-22.82051929040724,402121.3191967643,-0.9095763507246581,-0.14915283849561561,-0.3878457076868514
1756,2026-07-29T13:54:41.166971Z,moon,39.759062,-104.62011683333333,1672.4,260.90535949900885,-23.09202436261767,402146.6125400228,-0.9083119686954257,-0.14540086274810973,-0.3922090726089151
1757,2026-07-29T13:56:11.190414Z,moon,39.759062,-104.62011683333333,1672.4,261.1234271645186,-23.363680040202667,402171.8662652474,-0.9070112722304557,-0.14165424500608745,-0.39656604357741676
1758,2026-07-29T13:57:41.213858Z,moon,39.759062,-104.62011683333333,1672.4,261.3417001504638,-23.635482456974543,402197.07924208354,-0.9056743185895173,-0.13791313173584185,-0.4009164460859968
1759,2026-07-29T13:59:11.237301Z,moon,39.759062,-104.62011683333333,1672.4,261.5601899081836,-23.907427730734646,402222.2503408033,-0.9043011665059967,-0.13417766929909503,-0.40526010575599003
1760,2026-07-29T14:00:41.260745Z,moon,39.759062,-104.62011683333333,1672.4,261.77890801228597,-24.17951198670631,402247.3784345667,-0.9028918760646916,-0.1304480036147864,-0.40959684872969715
1761,2026-07-29T14:02:11.284189Z,moon,39.759062,-104.62011683333333,1672.4,261.9978661463911,-24.451731335660348,402272.4623976415,-0.9014465088040646,-0.1267242804443777,-0.4139265013390883
1762,2026-07-29T14:03:41.307632Z,moon,39.759062,-104.62011683333333,1672.4,262.217076113203,-24.724081882229278,402297.50110607606,-0.8999651276687389,-0.12300664526155812,-0.41824889025756845
1763,2026-07-29T14:05:11.331076Z,moon,39.759062,-104.62011683333333,1672.4,262.43654984469424,-24.99655973319217,402322.4934388392,-0.8984477969550556,-0.11929524312315988,-0.422563842649597
1764,2026-07-29T14:06:41.354519Z,moon,39.759062,-104.62011683333333,1672.4,262.65629938796945,-25.269160975563658,402347.43827563996,-0.8968945824233315,-0.11559021895275179,-0.42687118584197337
1765,2026-07-29T14:08:11.377963Z,moon,39.759062,-104.62011683333333,1672.4,262.8763369277733,-25.541881699982486,402372.33449944766,-0.8953055511596888,-0.11189171720529,-0.43117074771312747
1766,2026-07-29T14:09:41.401407Z,moon,39.759062,-104.62011683333333,1672.4,263.09667477246387,-25.814717978740696,402397.18099440803,-0.8936807716919687,-0.10819988215008332,-0.43546235636476727
1767,2026-07-29T14:11:11.424850Z,moon,39.759062,-104.62011683333333,1672.4,263.31732536445173,-26.08766587405035,402421.97664678143,-0.8920203139360174,-0.10451485774158678,-0.4397458402722473
1768,2026-07-29T14:12:41.448294Z,moon,39.759062,-104.62011683333333,1672.4,263.53830129076334,-26.360721446281858,402446.72034586803,-0.8903242491350519,-0.10083678749168341,-0.44402102843273444
1769,2026-07-29T14:14:11.471737Z,moon,39.759062,-104.62011683333333,1672.4,263.75961526914233,-26.63388073193901,402471.4109820044,-0.8885926499856025,-0.09716581475071442,-0.4482877500394074
1770,2026-07-29T14:15:41.495181Z,moon,39.759062,-104.62011683333333,1672.4,263.9812801710595,-26.907139767056275,402496.04744890553,-0.8868255904830503,-0.09350208237492931,-0.4525458348675205
1771,2026-07-29T14:17:11.518625Z,moon,39.759062,-104.62011683333333,1672.4,264.2033090078858,-27.180494565048814,402520.6286417837,-0.8850231460516045,-0.08984573300762737,-0.4567951129480726
1772,2026-07-29T14:18:41.542068Z,moon,39.759062,-104.62011683333333,1672.4,264.42571494179754,-27.453941124987594,402545.153458187,-0.8831853934839821,-0.08619690895037199,-0.46103541471772547
1773,2026-07-29T14:20:11.565512Z,moon,39.759062,-104.62011683333333,1672.4,264.6485112967441,-27.72747543975257,402569.6207987628,-0.8813124108747961,-0.08255575203718588,-0.46526657116499276
1774,2026-07-29T14:21:41.588955Z,moon,39.759062,-104.62011683333333,1672.4,264.87171154483553,-28.001093473878495,402594.0295656138,-0.8794042777601827,-0.07892240391231371,-0.46948841350750414
1775,2026-07-29T14:23:11.612399Z,moon,39.759062,-104.62011683333333,1672.4,265.0953293298557,-28.27479118692639,402618.37866430526,-0.8774610749472004,-0.07529700570189608,-0.47370077357423873
1776,2026-07-29T14:24:41.635843Z,moon,39.759062,-104.62011683333333,1672.4,265.31937845375995,-28.54856451123029,402642.6670021174,-0.8754828846572974,-0.0716796982913389,-0.4779034834828054
1777,2026-07-29T14:26:11.659286Z,moon,39.759062,-104.62011683333333,1672.4,265.5438728880117,-28.822409360045523,402666.89348888525,-0.8734697904602251,-0.0680706221985856,-0.482096375786904
1778,2026-07-29T14:27:41.682730Z,moon,39.759062,-104.62011683333333,1672.4,265.76882678507934,-29.096321635703923,402691.057037824,-0.8714218772007973,-0.06446991744927837,-0.4862792836219961
1779,2026-07-29T14:29:11.706173Z,moon,39.759062,-104.62011683333333,1672.4,265.99425446506984,-29.37029720726887,402715.1565637231,-0.8693392311524263,-0.060877723851971335,-0.49045204038510376
1780,2026-07-29T14:30:41.729617Z,moon,39.759062,-104.62011683333333,1672.4,266.22017043990036,-29.64433193386109,402739.1909850985,-0.8672219398306594,-0.05729418067321981,-0.494614480112878
1781,2026-07-29T14:32:11.753061Z,moon,39.759062,-104.62011683333333,1672.4,266.4465894000852,-29.91842164231347,402763.15922239074,-0.8650700921497139,-0.05371942691182637,-0.4987664371630779
1782,2026-07-29T14:33:41.776504Z,moon,39.759062,-104.62011683333333,1672.4,266.6735262265925,-30.192562135189576,402787.06019873085,-0.8628837783506621,-0.05015360117390749,-0.5029077463596819
1783,2026-07-29T14:35:11.799948Z,moon,39.759062,-104.62011683333333,1672.4,266.9009960029417,-30.466749198852643,402810.89284099336,-0.8606630899221711,-0.04659684154911738,-0.5070382431368142
1784,2026-07-29T14:36:41.823392Z,moon,39.759062,-104.62011683333333,1672.4,267.1290140046304,-30.740978584052836,402834.6560778749,-0.8584081197418721,-0.04304928584389967,-0.5111577632684002
1785,2026-07-29T14:38:11.846835Z,moon,39.759062,-104.62011683333333,1672.4,267.35759571140454,-31.015246013926166,402858.348841185,-0.8561189620006256,-0.03951107145662855,-0.5152661430128321
1786,2026-07-29T14:39:41.870279Z,moon,39.759062,-104.62011683333333,1672.4,267.5867568196801,-31.289547191943196,402881.9700662497,-0.85379571212014,-0.035982335255644315,-0.5193632192548999
1787,2026-07-29T14:41:11.893722Z,moon,39.759062,-104.62011683333333,1672.4,267.81651322968764,-31.563877779427305,402905.51869042095,-0.8514384669269538,-0.032463213848883295,-0.5234488291931507
1788,2026-07-29T14:42:41.917166Z,moon,39.759062,-104.62011683333333,1672.4,268.04688107086304,-31.838233418662625,402928.9936550223,-0.8490473244417452,-0.02895384326549521,-0.5275228107091399
1789,2026-07-29T14:44:11.940610Z,moon,39.759062,-104.62011683333333,1672.4,268.2778766891274,-32.11260971033768,402952.39390370756,-0.8466223840567807,-0.025454359225122847,-0.5315850020555992
1790,2026-07-29T14:45:41.964053Z,moon,39.759062,-104.62011683333333,1672.4,268.5095166598081,-32.387002221412615,402975.7183831317,-0.84416374645431,-0.021964897014851666,-0.5356352419990216
1791,2026-07-29T14:47:11.987497Z,moon,39.759062,-104.62011683333333,1672.4,268.741817800761,-32.66140649294176,402998.9660439047,-0.8416715135183264,-0.01848559136885252,-0.539673369959565
1792,2026-07-29T14:48:42.010940Z,moon,39.759062,-104.62011683333333,1672.4,268.9747971598584,-32.9358180174214,403022.13583875546,-0.8391457885216946,-0.015016576734572903,-0.5436992257024815
1793,2026-07-29T14:50:12.034384Z,moon,39.759062,-104.62011683333333,1672.4,269.2084720412861,-33.210232261790864,403045.2267246442,-0.8365866759000117,-0.01155798695864337,-0.5477126497024078
1794,2026-07-29T14:51:42.057828Z,moon,39.759062,-104.62011683333333,1672.4,269.442859993199,-33.48464464470546,403068.2376609336,-0.8339942814421133,-0.008109955552478636,-0.5517134828357831
1795,2026-07-29T14:53:12.081271Z,moon,39.759062,-104.62011683333333,1672.4,269.67797882138836,-33.75905054424894,403091.16761040525,-0.8313687122026798,-0.004672615570994515,-0.555701566521261
1796,2026-07-29T14:54:42.104715Z,moon,39.759062,-104.62011683333333,1672.4,269.91384660318704,-34.03344530562392,403114.0155397839,-0.8287100764080244,-0.0012460994940862128,-0.5596767428577474
1797,2026-07-29T14:56:12.128158Z,moon,39.759062,-104.62011683333333,1672.4,270.1504816753565,-34.30782421830674,403136.78041815513,-0.8260184836562727,0.0021694605110706834,-0.563638854320107
1798,2026-07-29T14:57:42.151602Z,moon,39.759062,-104.62011683333333,1672.4,270.38790266139085,-34.58218253888815,403159.4612191988,-0.8232940446761703,0.005573932899277727,-0.567587744117847
1799,2026-07-29T14:59:12.175046Z,moon,39.759062,-104.62011683333333,1672.4,270.6261284596145,-34.85651546819771,403182.0569189894,-0.8205368715300888,0.0089671864859533,-0.5715232558926545
1800,2026-07-29T15:00:42.198489Z,moon,39.759062,-104.62011683333333,1672.4,270.86517825767515,-35.13081815881007,403204.56649727013,-0.8177470775211529,0.012349090566293085,-0.5754452338561847
1801,2026-07-29T15:02:12.221933Z,moon,39.759062,-104.62011683333333,1672.4,271.10507154733057,-35.40508572254153,403226.98893800855,-0.8149247770934479,0.015719515031829657,-0.5793535229256471
1802,2026-07-29T15:03:42.245376Z,moon,39.759062,-104.62011683333333,1672.4,271.34582811279506,-35.67931320745014,403249.32322766917,-0.8120700860445027,0.019078330112445176,-0.5832479684249183
1803,2026-07-29T15:05:12.268820Z,moon,39.759062,-104.62011683333333,1672.4,271.5874680591655,-35.953495620453694,403271.56835738895,-0.809183121269525,0.0224254066803127,-0.5871284164369255
1804,2026-07-29T15:06:42.292264Z,moon,39.759062,-104.62011683333333,1672.4,271.8300118010343,-36.22762790426809,403293.72332109266,-0.806264000976845,0.025760615993311177,-0.5909947135063521
1805,2026-07-29T15:08:12.315707Z,moon,39.759062,-104.62011683333333,1672.4,272.0734800778827,-36.501704944678536,403315.78711648507,-0.8033128445896506,0.029083829811528992,-0.5948467067747606
1806,2026-07-29T15:09:42.339151Z,moon,39.759062,-104.62011683333333,1672.4,272.3178939698911,-36.7757215778586,403337.7587456171,-0.8003297726401699,0.03239492051222077,-0.5986842441143251
1807,2026-07-29T15:11:12.362594Z,moon,39.759062,-104.62011683333333,1672.4,272.5632748867737,-37.04967256710632,403359.63721335493,-0.7973149069951261,0.035693760836007137,-0.6025071738334203
1808,2026-07-29T15:12:42.386038Z,moon,39.759062,-104.62011683333333,1672.4,272.80964459750027,-37.3235526252683,403381.4215292974,-0.7942683705849019,0.03898022418568596,-0.6063153450233951
1809,2026-07-29T15:14:12.409482Z,moon,39.759062,-104.62011683333333,1672.4,273.0570252194219,-37.59735639141229,403403.1107061427,-0.7911902876317933,0.04225418437382304,-0.6101086072659712
1810,2026-07-29T15:15:42.432925Z,moon,39.759062,-104.62011683333333,1672.4,273.3054392347393,-37.87107843787849,403424.7037603963,-0.7880807835458818,0.045515515737345386,-0.6138868107663433
1811,2026-07-29T15:17:12.456369Z,moon,39.759062,-104.62011683333333,1672.4,273.5549095074212,-38.144713277312825,403446.19971328933,-0.7849399848139871,0.04876409325030298,-0.6176498064839764
1812,2026-07-29T15:18:42.479812Z,moon,39.759062,-104.62011683333333,1672.4,273.8054592726195,-38.41825533920811,403467.5975889054,-0.7817680192368514,0.05199979227493444,-0.6213974458443272
1813,2026-07-29T15:20:12.503256Z,moon,39.759062,-104.62011683333333,1672.4,274.05711216778434,-38.691698991956585,403488.89641627914,-0.7785650156448742,0.05522248885437065,-0.6251295810778958
1814,2026-07-29T15:21:42.526700Z,moon,39.759062,-104.62011683333333,1672.4,274.3098922224123,-38.965038519339174,403510.09522778203,-0.7753311041377399,0.05843205946527244,-0.6288460649341778
1815,2026-07-29T15:23:12.550143Z,moon,39.759062,-104.62011683333333,1672.4,274.5638238757118,-39.23826812726414,403531.193059765,-0.7720664159750041,0.06162838113038414,-0.6325467508119538
1816,2026-07-29T15:24:42.573587Z,moon,39.759062,-104.62011683333333,1672.4,274.81893199472444,-39.51138195046384,403552.1889533911,-0.7687710834600116,0.06481133152859035,-0.6362314928869923
1817,2026-07-29T15:26:12.597030Z,moon,39.759062,-104.62011683333333,1672.4,275.07524186438513,-39.78437402877783,403573.0819530072,-0.7654452401888736,0.06798078875110919,-0.6399001458297808
1818,2026-07-29T15:27:42.620474Z,moon,39.759062,-104.62011683333333,1672.4,275.33277922023586,-40.05723832888189,403593.8711079592,-0.7620890207518957,0.07113663158837762,-0.6435525651379816
1819,2026-07-29T15:29:12.643918Z,moon,39.759062,-104.62011683333333,1672.4,275.5915702388143,-40.32996872043371,403614.5554711416,-0.758702560985709,0.07427873928742539,-0.6471886068555265
1820,2026-07-29T15:30:42.667361Z,moon,39.759062,-104.62011683333333,1672.4,275.85164155666155,-40.60255898251443,403635.13409973227,-0.7552859978579121,0.07740699166243384,-0.6508081277008992
1821,2026-07-29T15:32:12.690805Z,moon,39.759062,-104.62011683333333,1672.4,276.113020289777,-40.87500280991269,403655.60605569504,-0.751839469346333,0.08052126920202322,-0.6544109851913549
1822,2026-07-29T15:33:42.714249Z,moon,39.759062,-104.62011683333333,1672.4,276.37573402732875,-41.14729379216854,403675.9704047273,-0.7483631146603328,0.08362145286533422,-0.6579970374071422
1823,2026-07-29T15:35:12.737692Z,moon,39.759062,-104.62011683333333,1672.4,276.6398108514658,-41.41942541971485,403696.2262167689,-0.7448570741230525,0.08670742419059775,-0.6615661431172829
1824,2026-07-29T15:36:42.761136Z,moon,39.759062,-104.62011683333333,1672.4,276.90527935770524,-41.69139108996213,403716.3725668211,-0.741321489046974,0.08977906540151026,-0.6651181619026868
1825,2026-07-29T15:38:12.784579Z,moon,39.759062,-104.62011683333333,1672.4,277.1721686461177,-41.963184083076115,403736.4085333942,-0.7377565020013233,0.09283625917166631,-0.6686529538839882
1826,2026-07-29T15:39:42.808023Z,moon,39.759062,-104.62011683333333,1672.4,277.4405083569302,-42.234797582969165,403756.3332002304,-0.7341622564921094,0.09587888890138509,-0.6721703800417347
1827,2026-07-29T15:41:12.831467Z,moon,39.759062,-104.62011683333333,1672.4,277.7103286620985,-42.506224652905054,403776.14565502916,-0.7305388972325938,0.09890683848356972,-0.6756703019456832
1828,2026-07-29T15:42:42.854910Z,moon,39.759062,-104.62011683333333,1672.4,277.9816602867073,-42.777458241271795,403795.84498980665,-0.7268865700193171,0.10191999241050848,-0.6791525818787663
1829,2026-07-29T15:44:12.878354Z,moon,39.759062,-104.62011683333333,1672.4,278.25453453085595,-43.048491187093475,403815.43030192895,-0.7232054216039316,0.10491823587685477,-0.6826170829558605
1830,2026-07-29T15:45:42.901797Z,moon,39.759062,-104.62011683333333,1672.4,278.52898326167656,-43.31931619548764,403834.90069229435,-0.7194955999709389,0.10790145455021632,-0.686063668859098
1831,2026-07-29T15:47:12.925241Z,moon,39.759062,-104.62011683333333,1672.4,278.8050389509302,-43.58992585807986,403854.25526733574,-0.7157572540049609,0.11086953484101747,-0.689492204149847
1832,2026-07-29T15:48:42.948685Z,moon,39.759062,-104.62011683333333,1672.4,279.08273466740866,-43.86031262821398,403873.4931375071,-0.7119905337720751,0.11382236367431912,-0.6929025540049241
1833,2026-07-29T15:50:12.972128Z,moon,39.759062,-104.62011683333333,1672.4,279.36210409990946,-44.13046882613291,403892.6134178436,-0.7081955903916616,0.11675982859329403,-0.6962945843367379
1834,2026-07-29T15:51:42.995572Z,moon,39.759062,-104.62011683333333,1672.4,279.64318158091214,-44.40038664403003,403911.61522874294,-0.7043725759020842,0.11968181786062879,-0.6996681619100856
1835,2026-07-29T15:53:13.019015Z,moon,39.759062,-104.62011683333333,1672.4,279.92600207930406,-44.67005812096688,403930.49769451143,-0.7005216435505924,0.12258822023385874,-0.7030231540831864
1836,2026-07-29T15:54:43.042459Z,moon,39.759062,-104.62011683333333,1672.4,280.2106012402244,-44.93947516270977,403949.25994503096,-0.6966429474468532,0.12547892522912274,-0.706359429112336
1837,2026-07-29T15:56:13.065903Z,moon,39.759062,-104.62011683333333,1672.4,280.49701537820096,-45.20862951639271,403967.9011143052,-0.6927366428561155,0.12835382289802688,-0.7096768558942167
1838,2026-07-29T15:57:43.089346Z,moon,39.759062,-104.62011683333333,1672.4,280.7852815019398,-45.47751277513734,403986.4203412063,-0.6888028860652924,0.13121280392928827,-0.7129753040836254
1839,2026-07-29T15:59:13.112790Z,moon,39.759062,-104.62011683333333,1672.4,281.0754373397256,-45.74611638242691,404004.81677009416,-0.6848418342443903,0.13405575974672565,-0.7162546442065889
1840,2026-07-29T16:00:43.136233Z,moon,39.759062,-104.62011683333333,1672.4,281.3675213329517,-46.014431606503194,404023.08954936796,-0.680853645747013,0.13688258229083303,-0.7195147474085534
1841,2026-07-29T16:02:13.159677Z,moon,39.759062,-104.62011683333333,1672.4,281.6615726782623,-46.28244955943623,404041.23783317686,-0.6768384797515798,0.13969316427545708,-0.7227554857503887
1842,2026-07-29T16:03:43.183121Z,moon,39.759062,-104.62011683333333,1672.4,281.95763132144793,-46.550161171274205,404059.2607799714,-0.6727964965645838,0.14248739897046778,-0.7259767319584373
1843,2026-07-29T16:05:13.206564Z,moon,39.759062,-104.62011683333333,1672.4,282.25573798403417,-46.817557193882365,404077.15755318914,-0.6687278574825882,0.1452651803009384,-0.7291783595382428
1844,2026-07-29T16:06:43.230008Z,moon,39.759062,-104.62011683333333,1672.4,282.55593419048216,-47.08462820460459,404094.92732195737,-0.6646327246486338,0.14802640294197444,-0.7323602428847389
1845,2026-07-29T16:08:13.253451Z,moon,39.759062,-104.62011683333333,1672.4,282.8582622624389,-47.35136458004937,404112.56925952254,-0.6605112613631193,0.1507709621067287,-0.7355222570377544
1846,2026-07-29T16:09:43.276895Z,moon,39.759062,-104.62011683333333,1672.4,283.16276536321885,-47.617756514265785,404130.08254509285,-0.6563636317131821,0.15349875379554595,-0.7386642779690219
1847,2026-07-29T16:11:13.300339Z,moon,39.759062,-104.62011683333333,1672.4,283.46948749236014,-47.88379399225613,404147.46636233974,-0.6521900008861371,0.1562096745849913,-0.7417861823397572
1848,2026-07-29T16:12:43.323782Z,moon,39.759062,-104.62011683333333,1672.4,283.77847351395405,-48.14946679299056,404164.7199000962,-0.6479905350267285,0.1589036217239857,-0.7448878476111518
1849,2026-07-29T16:14:13.347226Z,moon,39.759062,-104.62011683333333,1672.4,284.0897691856337,-48.414764492183984,404181.8423529353,-0.6437654010892361,0.16158049322593715,-0.747969152150861
1850,2026-07-29T16:15:43.370669Z,moon,39.759062,-104.62011683333333,1672.4,284.4034211533268,-48.679676435384245,404198.8329197888,-0.6395147671584154,0.164240187663055,-0.751029974996153
1851,2026-07-29T16:17:13.394113Z,moon,39.759062,-104.62011683333333,1672.4,284.71947699803405,-48.94419175514677,404215.69080566225,-0.635238802067078,0.16688260440762123,-0.7540701961319735
1852,2026-07-29T16:18:43.417557Z,moon,39.759062,-104.62011683333333,1672.4,285.037985230843,-49.20829934378798,404232.41522019147,-0.6309376757195859,0.1695076434280973,-0.7570896962560115
1853,2026-07-29T16:20:13.441000Z,moon,39.759062,-104.62011683333333,1672.4,285.3589953227897,-49.471987855462544,404249.0053782967,-0.6266115589444804,0.17211520538150474,-0.7600883568859942
1854,2026-07-29T16:21:43.464444Z,moon,39.759062,-104.62011683333333,1672.4,285.6825577354796,-49.735245707891394,404265.46050078294,-0.6222606233427895,0.17470519170321844,-0.7630660604619921
1855,2026-07-29T16:23:13.487887Z,moon,39.759062,-104.62011683333333,1672.4,286.0087239159928,-49.99806105471978,404281.77981305,-0.6178850416178173,0.17727750440753584,-0.7660226901182395
1856,2026-07-29T16:24:43.511331Z,moon,39.759062,-104.62011683333333,1672.4,286.33754634576616,-50.26042180145789,404297.9625465696,-0.6134849871823799,0.17983204632117109,-0.7689581299510236
1857,2026-07-29T16:26:13.534775Z,moon,39.759062,-104.62011683333333,1672.4,286.6690785355959,-50.522315577453575,404314.0079376804,-0.6090606344910515,0.18236872088594025,-0.7718722647924227
1858,2026-07-29T16:27:43.558218Z,moon,39.759062,-104.62011683333333,1672.4,287.0033750567383,-50.783729736800694,404329.9152281717,-0.6046121588893859,0.18488743224827653,-0.7747649803132269
1859,2026-07-29T16:29:13.581662Z,moon,39.759062,-104.62011683333333,1672.4,287.3404915727342,-51.044651359004256,404345.6836657169,-0.6001397364570595,0.1873880853457596,-0.777636163122383
1860,2026-07-29T16:30:43.605105Z,moon,39.759062,-104.62011683333333,1672.4,287.68048483387963,-51.30506722035986,404361.31250292447,-0.5956435443479777,0.18987058571465537,-0.7804857005461102
1861,2026-07-29T16:32:13.628549Z,moon,39.759062,-104.62011683333333,1672.4,288.0234127277682,-51.56496380862039,404376.8009983828,-0.5911237603860932,0.19233483971493773,-0.7833134808866971
1862,2026-07-29T16:33:43.651993Z,moon,39.759062,-104.62011683333333,1672.4,288.3693342736072,-51.82432729399156,404392.14841593243,-0.5865805634070609,0.19478075434042252,-0.7861193932041309
1863,2026-07-29T16:35:13.675436Z,moon,39.759062,-104.62011683333333,1672.4,288.7183096538839,-52.083143528816535,404407.3540248101,-0.5820141331032129,0.19720823730465825,-0.7889033274155365
1864,2026-07-29T16:36:43.698880Z,moon,39.759062,-104.62011683333333,1672.4,289.0704002466951,-52.34139804693581,404422.4171003503,-0.5774246498629386,0.19961719712453097,-0.791665174390543
1865,2026-07-29T16:38:13.722324Z,moon,39.759062,-104.62011683333333,1672.4,289.42566862279,-52.59907603692445,404437.3369231476,-0.5728122950684056,0.20200754296094542,-0.7944048257691714
1866,2026-07-29T16:39:43.745767Z,moon,39.759062,-104.62011683333333,1672.4,289.7841785772484,-52.85616234099756,404452.11277919635,-0.5681772509372722,0.20437918470390448,-0.7971221740593667
1867,2026-07-29T16:41:13.769211Z,moon,39.759062,-104.62011683333333,1672.4,290.14599516149553,-53.11264145350431,404466.74396089517,-0.5635197003604333,0.20673203305339852,-0.799817112729714
1868,2026-07-29T16:42:43.792654Z,moon,39.759062,-104.62011683333333,1672.4,290.51118467496326,-53.36849749067905,404481.2297654592,-0.5588398272558195,0.2090659993383484,-0.8024895360023977
1869,2026-07-29T16:44:13.816098Z,moon,39.759062,-104.62011683333333,1672.4,290.8798147164811,-53.623714202841924,404495.5694966662,-0.5541378161479119,0.2113809957284468,-0.8051393390958321
1870,2026-07-29T16:45:43.839542Z,moon,39.759062,-104.62011683333333,1672.4,291.2519541748255,-53.878274943674484,404509.76246337476,-0.5494138525234586,0.21367693505522006,-0.807766418019924
1871,2026-07-29T16:47:13.862985Z,moon,39.759062,-104.62011683333333,1672.4,291.6276732589647,-54.13216266762688,404523.8079803029,-0.5446681226701028,0.2159537308933297,-0.8103706696693047
1872,2026-07-29T16:48:43.886429Z,moon,39.759062,-104.62011683333333,1672.4,292.0070435284743,-54.385359926967034,404537.70536845364,-0.5399008135095659,0.21821129763851813,-0.8129519919125747
1873,2026-07-29T16:50:13.909872Z,moon,39.759062,-104.62011683333333,1672.4,292.3901378811311,-54.63784884034158,404551.45395392197,-0.5351121129607463,0.22044955033336053,-0.8155102833934742
1874,2026-07-29T16:51:43.933316Z,moon,39.759062,-104.62011683333333,1672.4,292.7770306028635,-54.88961110329761,404565.05306935735,-0.5303022095086953,0.22266840487118794,-0.818045443763558
1875,2026-07-29T16:53:13.956760Z,moon,39.759062,-104.62011683333333,1672.4,293.1677973532891,-55.14062795636949,404578.50205280463,-0.5254712925692303,0.22486777782383283,-0.82055737348597
1876,2026-07-29T16:54:43.980203Z,moon,39.759062,-104.62011683333333,1672.4,293.5625151925132,-55.390880180958185,404591.8002481497,-0.5206195523233603,0.227047586519914,-0.8230459739249723
1877,2026-07-29T16:56:14.003647Z,moon,39.759062,-104.62011683333333,1672.4,293.9612626075275,-55.64034809477159,404604.94700563594,-0.515747179547504,0.2292077491190562,-0.825511147430833
1878,2026-07-29T16:57:44.027090Z,moon,39.759062,-104.62011683333333,1672.4,294.36411949320336,-55.889011519231865,404617.941680923,-0.5108543659840943,0.2313481844458575,-0.8279527971500517
1879,2026-07-29T16:59:14.050534Z,moon,39.759062,-104.62011683333333,1672.4,294.7711671980227,-56.13684978821128,404630.78363618517,-0.5059413039014008,0.23346881218407636,-0.830370827247626
1880,2026-07-29T17:00:44.073978Z,moon,39.759062,-104.62011683333333,1672.4,295.1824885016051,-56.38384171494102,404643.4722390287,-0.50100818646615,0.23556955271234548,-0.8327651427196056
1881,2026-07-29T17:02:14.097421Z,moon,39.759062,-104.62011683333333,1672.4,295.5981676348764,-56.62996558630293,404656.006863265,-0.4960552075744481,0.23765032717916532,-0.8351356494785185
1882,2026-07-29T17:03:44.120865Z,moon,39.759062,-104.62011683333333,1672.4,296.01829029908885,-56.875199156682214,404668.38688902376,-0.4910825616787088,0.23971105757337477,-0.837482254434165
1883,2026-07-29T17:05:14.144308Z,moon,39.759062,-104.62011683333333,1672.4,296.4429436363161,-57.11951961430713,404680.61170194723,-0.48609044416524505,0.24175166656591449,-0.8398048653132688
1884,2026-07-29T17:06:44.167752Z,moon,39.759062,-104.62011683333333,1672.4,296.8722162671894,-57.36290358813455,404692.68069439277,-0.48107905090621966,0.24377207769483622,-0.8421033908704523
1885,2026-07-29T17:08:14.191196Z,moon,39.759062,-104.62011683333333,1672.4,297.3061982560191,-57.605327113748174,404704.5932642207,-0.47604857863909167,0.245772215209019,-0.8443777407102535
1886,2026-07-29T17:09:44.214639Z,moon,39.759062,-104.62011683333333,1672.4,297.7449811197416,-57.84676562614413,404716.34881554823,-0.47099922479468176,0.2477520041390924,-0.846627825368309
1887,2026-07-29T17:11:14.238083Z,moon,39.759062,-104.62011683333333,1672.4,298.18865783489224,-58.087193952135415,404727.9467590337,-0.46593118732008465,0.24971137036517285,-0.8488535563881697
1888,2026-07-29T17:12:44.261526Z,moon,39.759062,-104.62011683333333,1672.4,298.63732279203373,-58.326586275751865,404739.38651095255,-0.46084466506478705,0.25165024046560314,-0.8510548461497228
1889,2026-07-29T17:14:14.284970Z,moon,39.759062,-104.62011683333333,1672.4,299.09107182030544,-58.564916143550846,404750.66749422456,-0.455739857322882,0.25356854189346295,-0.8532316080697798
1890,2026-07-29T17:15:44.308414Z,moon,39.759062,-104.62011683333333,1672.4,299.55000213385836,-58.80215642972474,404761.78913761856,-0.4506169642207117,0.25546620282747573,-0.8553837564329948
1891,2026-07-29T17:17:14.331857Z,moon,39.759062,-104.62011683333333,1672.4,300.01421232348724,-59.03827932769439,404772.7508761194,-0.4454761865411303,0.25734315223990833,-0.8575112064690463
1892,2026-07-29T17:18:44.355301Z,moon,39.759062,-104.62011683333333,1672.4,300.4838023447934,-59.27325634136544,404783.5521514365,-0.4403177255434263,0.25919931996060797,-0.8596138744251528
1893,2026-07-29T17:20:14.378744Z,moon,39.759062,-104.62011683333333,1672.4,300.9588734492926,-59.507058250081734,404794.1924108661,-0.4351417833568126,0.26103463653321923,-0.861691677403828
1894,2026-07-29T17:21:44.402188Z,moon,39.759062,-104.62011683333333,1672.4,301.439528188401,-59.73965511272522,404804.67110857356,-0.42994856251394625,0.26284903338300386,-0.8637445335524919
1895,2026-07-29T17:23:14.425632Z,moon,39.759062,-104.62011683333333,1672.4,301.92587033300885,-59.97101623262137,404814.9877047459,-0.42473826634618317,0.2646424426752615,-0.8657723619035835
1896,2026-07-29T17:24:44.449075Z,moon,39.759062,-104.62011683333333,1672.4,302.4180048394192,-60.2011101485382,404825.1416657472,-0.4195110988038593,0.2664147973799203,-0.8677750824478625
1897,2026-07-29T17:26:14.472519Z,moon,39.759062,-104.62011683333333,1672.4,302.9160378097439,-60.42990462540568,404835.13246468664,-0.4142672642743599,0.26816603133130046,-0.8697526162022495
1898,2026-07-29T17:27:44.495962Z,moon,39.759062,-104.62011683333333,1672.4,303.42007639033017,-60.65736661965336,404844.95958064724,-0.4090069679811856,0.2698960790935958,-0.8717048850572887
1899,2026-07-29T17:29:14.519406Z,moon,39.759062,-104.62011683333333,1672.4,303.93022874522177,-60.88346228285783,404854.62249937427,-0.40373041551076455,0.2716048761177334,-0.8736318119554577
1900,2026-07-29T17:30:44.542850Z,moon,39.759062,-104.62011683333333,1672.4,304.44660393853934,-61.10815692746861,404864.12071288354,-0.39843781321335425,0.2732923586090736,-0.8755333207409355
1901,2026-07-29T17:32:14.566293Z,moon,39.759062,-104.62011683333333,1672.4,304.9693118637253,-61.33141501816074,404873.45371950377,-0.3931293680212524,0.2749584635875214,-0.8774093362284222
1902,2026-07-29T17:33:44.589737Z,moon,39.759062,-104.62011683333333,1672.4,305.49846316512844,-61.55320016317316,404882.62102429883,-0.3878052872635353,0.2766031289443578,-0.8792597842666511
1903,2026-07-29T17:35:14.613181Z,moon,39.759062,-104.62011683333333,1672.4,306.0341690974285,-61.773475083802296,404891.6221385147,-0.3824657790118475,0.2782262933329227,-0.8810845916159714
1904,2026-07-29T17:36:44.636624Z,moon,39.759062,-104.62011683333333,1672.4,306.57654142676483,-61.99220160663201,404900.45657986106,-0.37711105189789235,0.2798278962271432,-0.8828836860139371
1905,2026-07-29T17:38:14.660068Z,moon,39.759062,-104.62011683333333,1672.4,307.12569232265884,-62.209340656101126,404909.1238728691,-0.3717413149254091,0.28140787797594136,-0.8846569962367367
1906,2026-07-29T17:39:44.683511Z,moon,39.759062,-104.62011683333333,1672.4,307.6817341776674,-62.42485222341265,404917.6235481104,-0.3663567778802871,0.28296617968079174,-0.8864044519619878
1907,2026-07-29T17:41:14.706955Z,moon,39.759062,-104.62011683333333,1672.4,308.2447795064604,-62.63869537244286,404925.9551431054,-0.3609576508455347,0.2845027433382567,-0.8881259839285636
1908,2026-07-29T17:42:44.730399Z,moon,39.759062,-104.62011683333333,1672.4,308.8149407405249,-62.85082821037264,404934.1182016599,-0.3555441446116973,0.2860175117200542,-0.8898215238022764
1909,2026-07-29T17:44:14.753842Z,moon,39.759062,-104.62011683333333,1672.4,309.3923300708767,-63.0612078832773,404942.11227409594,-0.35011647049122,0.2875104284275263,-0.8914910042373905
1910,2026-07-29T17:45:44.777286Z,moon,39.759062,-104.62011683333333,1672.4,309.9770592786752,-63.269790572450546,404949.93691759836,-0.3446748401285707,0.2889814379425673,-0.8931343589331845
1911,2026-07-29T17:47:14.800729Z,moon,39.759062,-104.62011683333333,1672.4,310.5692394866387,-63.476531468646414,404957.59169555036,-0.33921946591556285,0.29043048551332684,-0.8947515225069212
1912,2026-07-29T17:48:44.824173Z,moon,39.759062,-104.62011683333333,1672.4,311.1689809928058,-63.68138478246761,404965.07617835107,-0.3337505604998296,0.29185751728712306,-0.8963424306419094
1913,2026-07-29T17:50:14.847617Z,moon,39.759062,-104.62011683333333,1672.4,311.7763929908955,-63.88430372153928,404972.38994273054,-0.3282683372013723,0.2932624801985472,-0.8979070199630043
1914,2026-07-29T17:51:44.871060Z,moon,39.759062,-104.62011683333333,1672.4,312.39158333997,-64.0852404924226,404979.53257203696,-0.3227730098232588,0.29464532202063615,-0.8994452280939569
1915,2026-07-29T17:53:14.894504Z,moon,39.759062,-104.62011683333333,1672.4,313.0146583189748,-64.28414630384214,404986.50365657284,-0.31726479246109035,0.2960059914114152,-0.9009569937090041
1916,2026-07-29T17:54:44.917947Z,moon,39.759062,-104.62011683333333,1672.4,313.6457222955438,-64.4809713497784,404993.30279291276,-0.3117438999217579,0.2973444378085396,-0.9024422564163851
1917,2026-07-29T17:56:14.941391Z,moon,39.759062,-104.62011683333333,1672.4,314.28487748067226,-64.67566482778797,404999.9295846695,-0.30621054722726343,0.29866061155211615,-0.9039009568941145
1918,2026-07-29T17:57:44.964835Z,moon,39.759062,-104.62011683333333,1672.4,314.93222356140734,-64.86817492666677,405006.3836419579,-0.30066495003592264,0.29995446378105994,-0.9053330367758116
1919,2026-07-29T17:59:14.988278Z,moon,39.759062,-104.62011683333333,1672.4,315.587857385088,-65.05844883861421,405012.66458148893,-0.29510732445073923,0.3012259464807106,-0.9067384387034257
1920,2026-07-29T18:00:45.011722Z,moon,39.759062,-104.62011683333333,1672.4,316.25187262681425,-65.24643277362239,405018.77202703693,-0.28953788682635434,0.3024750125254366,-0.9081171063744291
1921,2026-07-29T18:02:15.035165Z,moon,39.759062,-104.62011683333333,1672.4,316.92435936513607,-65.43207195581186,405024.7056087437,-0.28395685419375916,0.30370161558186726,-0.9094689844350647
1922,2026-07-29T18:03:45.058609Z,moon,39.759062,-104.62011683333333,1672.4,317.6054037496359,-65.61531065430995,405030.4649638531,-0.2783644437573437,0.30490571022148744,-0.9107940186046432
1923,2026-07-29T18:05:15.082053Z,moon,39.759062,-104.62011683333333,1672.4,318.29508753904554,-65.7960921862221,405036.0497360754,-0.27276087332155685,0.30608725182579183,-0.9120921555712427
1924,2026-07-29T18:06:45.105496Z,moon,39.759062,-104.62011683333333,1672.4,318.99348769562397,-65.9743589440064,405041.4595760293,-0.26714636109677153,0.30724619662988895,-0.9133633430400089
1925,2026-07-29T18:08:15.128940Z,moon,39.759062,-104.62011683333333,1672.4,319.7006759634701,-66.15005242605916,405046.6941411637,-0.26152112550473033,0.3083825017612551,-0.914607529775591
1926,2026-07-29T18:09:45.152383Z,moon,39.759062,-104.62011683333333,1672.4,320.41671835174293,-66.32311325173121,405051.75309558475,-0.2558853856071424,0.30949612515167174,-0.915824665505786
1927,2026-07-29T18:11:15.175827Z,moon,39.759062,-104.62011683333333,1672.4,321.1416747189549,-66.49348120993112,405056.6361104253,-0.25023936059833457,0.3105870256394351,-0.9170147010336234
1928,2026-07-29T18:12:45.199271Z,moon,39.759062,-104.62011683333333,1672.4,321.87559822377716,-66.66109528303197,405061.3428634937,-0.2445832702353331,0.3116551628834601,-0.9181775881435322
1929,2026-07-29T18:14:15.222714Z,moon,39.759062,-104.62011683333333,1672.4,322.61853484062607,-66.82589369485886,405065.87303937477,-0.23891733464271367,0.3127004974028738,-0.9193132796447666
1930,2026-07-29T18:15:45.246158Z,moon,39.759062,-104.62011683333333,1672.4,323.37052286434925,-66.98781396299466,405070.2263296846,-0.2332417741155517,0.31372299061170844,-0.9204217294094462
1931,2026-07-29T18:17:15.269601Z,moon,39.759062,-104.62011683333333,1672.4,324.1315923207269,-67.14679293801947,405074.40243278095,-0.22755680955271823,0.31472260473977653,-0.9215028922862903
1932,2026-07-29T18:18:45.293045Z,moon,39.759062,-104.62011683333333,1672.4,324.9017644928082,-67.30276687516947,405078.4010539778,-0.2218626619441739,0.3156993029244754,-0.9225567242007645
1933,2026-07-29T18:20:15.316489Z,moon,39.759062,-104.62011683333333,1672.4,325.68105131453564,-67.45567148452139,405082.22190537275,-0.21615955280548002,0.31665304913368775,-0.923583182071476
1934,2026-07-29T18:21:45.339932Z,moon,39.759062,-104.62011683333333,1672.4,326.4694548438636,-67.60544200466171,405085.86470596155,-0.21044770398101004,0.3175838082013243,-0.9245822238489477
1935,2026-07-29T18:23:15.363376Z,moon,39.759062,-104.62011683333333,1672.4,327.2669667361743,-67.75201328144952,405089.3291817922,-0.2047273374447004,0.3184915458583792,-0.9255538085489917
1936,2026-07-29T18:24:45.386819Z,moon,39.759062,-104.62011683333333,1672.4,328.07356763063603,-67.89531983613725,405092.6150656267,-0.1989986757374921,0.31937622866212567,-0.9264978961769326
1937,2026-07-29T18:26:15.410263Z,moon,39.759062,-104.62011683333333,1672.4,328.8892266740197,-68.03529596397057,405095.72209728643,-0.19326194145036957,0.32023782407812434,-0.9274144478152916
1938,2026-07-29T18:27:45.433707Z,moon,39.759062,-104.62011683333333,1672.4,329.7139009193425,-68.17187581442278,405098.6500234992,-0.18751735766247357,0.3210763004113973,-0.9283034255508347
1939,2026-07-29T18:29:15.457150Z,moon,39.759062,-104.62011683333333,1672.4,330.54753482597687,-68.30499349351302,405101.3985978623,-0.18176514774213443,0.3218916268384736,-0.9291647925086061
1940,2026-07-29T18:30:45.480594Z,moon,39.759062,-104.62011683333333,1672.4,331.3900597778882,-68.43458317131667,405103.96758106,-0.17600553514726097,0.3226837734340633,-0.9299985128804671
1941,2026-07-29T18:32:15.504038Z,moon,39.759062,-104.62011683333333,1672.4,332.2413935390794,-68.56057918209542,405106.35674060025,-0.17023874380091808,0.3234527111178507,-0.930804551868757
1942,2026-07-29T18:33:45.527481Z,moon,39.759062,-104.62011683333333,1672.4,333.1014398175181,-68.6829161435773,405108.56585101807,-0.16446499789195138,0.3241984116836989,-0.9315828757175431
1943,2026-07-29T18:35:15.550925Z,moon,39.759062,-104.62011683333333,1672.4,333.9700878612054,-68.80152908096008,405110.5946938675,-0.15868452167433791,0.3249208478242991,-0.9323334517382316
1944,2026-07-29T18:36:45.574368Z,moon,39.759062,-104.62011683333333,1672.4,334.84721199332006,-68.91635354282064,405112.4430576067,-0.15289753990889243,0.32561999307452055,-0.9330562482508532
1945,2026-07-29T18:38:15.597812Z,moon,39.759062,-104.62011683333333,1672.4,335.73267133231,-69.02732574188913,405114.1107377929,-0.14710427734099765,0.3262958218766783,-0.9337512346518241
1946,2026-07-29T18:39:45.621256Z,moon,39.759062,-104.62011683333333,1672.4,336.6263094121616,-69.13438268078593,405115.5975368781,-0.14130495914336735,0.3269483095260682,-0.9344183813579106
1947,2026-07-29T18:41:15.644699Z,moon,39.759062,-104.62011683333333,1672.4,337.52795395046235,-69.23746229494623,405116.90326436976,-0.1354998107147875,0.3275774321966164,-0.9350576598326586
1948,2026-07-29T18:42:45.668143Z,moon,39.759062,-104.62011683333333,1672.4,338.4374166736278,-69.33650359841215,405118.02773677,-0.12968905747900558,0.32818316696101607,-0.9356690426072912
1949,2026-07-29T18:44:15.691586Z,moon,39.759062,-104.62011683333333,1672.4,339.3544931021756,-69.43144682154887,405118.9707776545,-0.12387292532838663,0.32876549174349307,-0.9362525032325666
1950,2026-07-29T18:45:45.715030Z,moon,39.759062,-104.62011683333333,1672.4,340.2789625525506,-69.5222335679747,405119.7322176087,-0.11805164009946296,0.32932438537418063,-0.936808016334054
1951,2026-07-29T18:47:15.738474Z,moon,39.759062,-104.62011683333333,1672.4,341.21058805688756,-69.6088069569881,405120.3118941799,-0.11222542801705761,0.3298598275440517,-0.9373355575667642
1952,2026-07-29T18:48:45.761917Z,moon,39.759062,-104.62011683333333,1672.4,342.1491164578962,-69.69111177796822,405120.70965210936,-0.10639451549306572,0.3303717988259717,-0.9378351036368214
1953,2026-07-29T18:50:15.785361Z,moon,39.759062,-104.62011683333333,1672.4,343.0942785827748,-69.76909464424179,405120.92534296936,-0.10055912892368558,0.33086028069125506,-0.9383066323175029
1954,2026-07-29T18:51:45.808804Z,moon,39.759062,-104.62011683333333,1672.4,344.0457893927887,-69.84270413760117,405120.9588256468,-0.09471949513549718,0.33132525547125785,-0.9387501224118068
1955,2026-07-29T18:53:15.832248Z,moon,39.759062,-104.62011683333333,1672.4,345.00334837316484,-69.91189096467467,405120.8099658932,-0.08887584085852722,0.33176670640130324,-0.9391655537951342
1956,2026-07-29T18:54:45.855692Z,moon,39.759062,-104.62011683333333,1672.4,345.9666398499384,-69.97660809823189,405120.47863657307,-0.08302839317239447,0.3321846175842744,-0.939552907380739
1957,2026-07-29T18:56:15.879135Z,moon,39.759062,-104.62011683333333,1672.4,346.93533349791807,-70.03681092377883,405119.9647175955,-0.07717737930407405,0.33257897400794784,-0.9399121651364961
1958,2026-07-29T18:57:45.902579Z,moon,39.759062,-104.62011683333333,1672.4,347.90908493591115,-70.09245738109739,405119.2680960922,-0.07132302642483734,0.33294976155761175,-0.9402433100960258
1959,2026-07-29T18:59:15.926022Z,moon,39.759062,-104.62011683333333,1672.4,348.88753629940436,-70.14350809436156,405118.3886660696,-0.06546556209731696,0.3332969669862135,-0.9405463263322404
1960,2026-07-29T19:00:45.949466Z,moon,39.759062,-104.62011683333333,1672.4,349.87031705924,-70.18992650564985,405117.32632872066,-0.059605213747142345,0.3336205779480553,-0.9408211989872268
1961,2026-07-29T19:02:15.972910Z,moon,39.759062,-104.62011683333333,1672.4,350.8570447592479,-70.23167899244109,405116.0809923283,-0.05374220911081858,0.3339205829713244,-0.9410679142484776
1962,2026-07-29T19:03:45.996353Z,moon,39.759062,-104.62011683333333,1672.4,351.8473259406106,-70.26873498321265,405114.652572274,-0.0478767760321421,0.33419697147149185,-0.9412864593608319
1963,2026-07-29T19:05:16.019797Z,moon,39.759062,-104.62011683333333,1672.4,352.8407571407213,-70.30106706334003,405113.04099098494,-0.042009142259263034,0.33444973375946746,-0.9414768226328581
1964,2026-07-29T19:06:46.043240Z,moon,39.759062,-104.62011683333333,1672.4,353.8369258506969,-70.32865106762439,405111.24617798754,-0.03613953589239225,0.33467886102127814,-0.9416389934210363
1965,2026-07-29T19:08:16.066684Z,moon,39.759062,-104.62011683333333,1672.4,354.83541170083924,-70.3514661680792,405109.2680699463,-0.03026818485463672,0.3348843453408162,-0.9417729621470657
1966,2026-07-29T19:09:46.090128Z,moon,39.759062,-104.62011683333333,1672.4,355.8357875363294,-70.36949494550451,405107.10661061946,-0.02439531734073666,0.3350661796817106,-0.9418787202848085
1967,2026-07-29T19:11:16.113571Z,moon,39.759062,-104.62011683333333,1672.4,356.8376206519295,-70.38272345285405,405104.7617508531,-0.018521161612872174,0.3352243578961118,-0.9419562603675657
1968,2026-07-29T19:12:46.137015Z,moon,39.759062,-104.62011683333333,1672.4,357.84047406702626,-70.3911412653951,405102.233448574,-0.012645945797379923,0.335358874729609,-0.9420055759893251
1969,2026-07-29T19:14:16.160458Z,moon,39.759062,-104.62011683333333,1672.4,358.84390772075574,-70.39474151723603,405099.5216689493,-0.006769898333665571,0.3354697258092133,-0.9420266617999955
1970,2026-07-29T19:15:46.183902Z,moon,39.759062,-104.62011683333333,1672.4,359.8474798565105,-70.39352092651248,405096.62638409756,-0.0008932474438309374,0.3355569076558356,-0.9420195135099151
1971,2026-07-29T19:17:16.207346Z,moon,39.759062,-104.62011683333333,1672.4,0.8507482521112588,-70.387479806298,405093.5475732746,0.004983778418435538,0.33562041767510403,-0.9419841278876543
1972,2026-07-29T19:18:46.230789Z,moon,39.759062,-104.62011683333333,1672.4,1.8532715645510602,-70.3766220630555,405090.2852229576,0.010860950771192727,0.33566025416232886,-0.9419205027623225
1973,2026-07-29T19:20:16.254233Z,moon,39.759062,-104.62011683333333,1672.4,2.8546106683375125,-70.3609551809032,405086.8393266342,0.016738041308512225,0.33567641630281375,-0.9418286370201612
1974,2026-07-29T19:21:46.277676Z,moon,39.759062,-104.62011683333333,1672.4,3.854329866300469,-70.34049019437589,405083.2098850363,0.022614821451033128,0.3356689041695819,-0.9417085306103635
1975,2026-07-29T19:23:16.301120Z,moon,39.759062,-104.62011683333333,1672.4,4.851998241975778,-70.31524164599544,405079.3969057147,0.02849106287655222,0.3356377187245893,-0.9415601845370893
1976,2026-07-29T19:24:46.324564Z,moon,39.759062,-104.62011683333333,1672.4,5.84719081070083,-70.28522753416256,405075.4004037362,0.03436653707092907,0.3355828618190227,-0.9413836008679497
1977,2026-07-29T19:26:16.348007Z,moon,39.759062,-104.62011683333333,1672.4,6.839489738921711,-70.25046924714061,405071.22040103405,0.04024101553189046,0.3355043361940386,-0.9411787827315061
1978,2026-07-29T19:27:46.371451Z,moon,39.759062,-104.62011683333333,1672.4,7.82848551197988,-70.21099148457937,405066.8569266266,0.046114269972553766,0.335402145477047,-0.9409457343089942
1979,2026-07-29T19:29:16.394895Z,moon,39.759062,-104.62011683333333,1672.4,8.813777944592772,-70.16682217190677,405062.31001681054,0.05198607193822148,0.33527629418678173,-0.9406844608479575
1980,2026-07-29T19:30:46.418338Z,moon,39.759062,-104.62011683333333,1672.4,9.794977225697606,-70.11799236132559,405057.57971497,0.05785619300962823,0.33512678773201954,-0.9403949686567078
1981,2026-07-29T19:32:16.441782Z,moon,39.759062,-104.62011683333333,1672.4,10.77170489222176,-70.06453612253635,405052.66607140866,0.0637244050074505,0.3349536324049178,-0.9400772650932463
1982,2026-07-29T19:33:46.465225Z,moon,39.759062,-104.62011683333333,1672.4,11.743594618266165,-70.00649043069238,405047.5691438515,0.06959047954246565,0.33475683539373874,-0.9397313585883037
1983,2026-07-29T19:35:16.488669Z,moon,39.759062,-104.62011683333333,1672.4,12.710293088274655,-69.94389503808802,405042.2889968036,0.07545418854622823,0.33453640476671337,-0.939357258617078
1984,2026-07-29T19:36:46.512113Z,moon,39.759062,-104.62011683333333,1672.4,13.671460624888994,-69.87679234821893,405036.8257021215,0.0813153038221472,0.3342923494869986,-0.9389549757250207
1985,2026-07-29T19:38:16.535556Z,moon,39.759062,-104.62011683333333,1672.4,14.626771840794705,-69.80522727800171,405031.1793387774,0.08717359724952148,0.3340246794068302,-0.9385245215175481
1986,2026-07-29T19:39:46.559000Z,moon,39.759062,-104.62011683333333,1672.4,15.575916203497586,-69.72924711426074,405025.34999259043,0.09302884098609107,0.3337334052572528,-0.9380659086440477
1987,2026-07-29T19:41:16.582443Z,moon,39.759062,-104.62011683333333,1672.4,16.518598408443975,-69.6489013746233,405019.33775682875,0.09888080702089849,0.3334185386694468,-0.9375791508317719
1988,2026-07-29T19:42:46.605887Z,moon,39.759062,-104.62011683333333,1672.4,17.454538824966924,-69.56424165307205,405013.1427315168,0.10472926770273198,0.3330800921482471,-0.9370642628448513
1989,2026-07-29T19:44:16.629331Z,moon,39.759062,-104.62011683333333,1672.4,18.383473699945696,-69.4753214763237,405006.765024012,0.11057399529227394,0.33271807909624346,-0.9365212605208758
1990,2026-07-29T19:45:46.652774Z,moon,39.759062,-104.62011683333333,1672.4,19.30515538475686,-69.38219615054267,405000.2047488089,0.11641476216623294,0.332332513803428,-0.9359501607558353
1991,2026-07-29T19:47:16.676218Z,moon,39.759062,-104.62011683333333,1672.4,20.219352480871276,-69.28492260689656,404993.46202720463,0.12225134101880149,0.3319234114334099,-0.9353509814831606
1992,2026-07-29T19:48:46.699661Z,moon,39.759062,-104.62011683333333,1672.4,21.125849807608837,-69.18355925836232,404986.53698784584,0.12808350441622635,0.3314907880531939,-0.9347237417185523
1993,2026-07-29T19:50:16.723105Z,moon,39.759062,-104.62011683333333,1672.4,22.024448449817346,-69.07816584180357,404979.4297663631,0.13391102532309568,0.33103466059695297,-0.9340684615061026
1994,2026-07-29T19:51:46.746549Z,moon,39.759062,-104.62011683333333,1672.4,22.914965585403085,-68.96880327852513,404972.1405054409,0.13973367665691247,0.3305550468980021,-0.9333851619659491
1995,2026-07-29T19:53:16.769992Z,moon,39.759062,-104.62011683333333,1672.4,23.797234350202725,-68.85553352650274,404964.6693550234,0.1455512314903521,0.3300519656754699,-0.9326738652741376
1996,2026-07-29T19:54:46.793436Z,moon,39.759062,-104.62011683333333,1672.4,24.67110364232221,-68.73841943509287,404957.01647174155,0.15136346325316974,0.32952543651567207,-0.9319345946369638
1997,2026-07-29T19:56:16.816879Z,moon,39.759062,-104.62011683333333,1672.4,25.53643777491819,-68.6175246164085,404949.18201974285,0.15717014528757983,0.3289754799115386,-0.9311673743464458
1998,2026-07-29T19:57:46.840323Z,moon,39.759062,-104.62011683333333,1672.4,26.39311622613544,-68.49291330162657,404941.1661697662,0.16297105137296558,0.32840211721516804,-0.9303722297139921
1999,2026-07-29T19:59:16.863767Z,moon,39.759062,-104.62011683333333,1672.4,27.241033199977114,-68.36465022163986,404932.9691000323,0.1687659552821286,0.32780537067950777,-0.9295491871285678
2000,2026-07-29T20:00:46.887210Z,moon,39.759062,-104.62011683333333,1672.4,28.08009724526731,-68.23280047959062,404924.59099567315,0.1745546309828359,0.3271852634403125,-0.9286982740319588
2001,2026-07-29T20:02:16.910654Z,moon,39.759062,-104.62011683333333,1672.4,28.910230839219714,-68.09742942791276,404916.0320486092,0.180336852838535,0.32654181949391653,-0.9278195188881806
2002,2026-07-29T20:03:46.934097Z,moon,39.759062,-104.62011683333333,1672.4,29.73136984974997,-67.95860256581085,404907.2924582552,0.1861123951664377,0.3258750637455852,-0.9269129512495887
2003,2026-07-29T20:05:16.957541Z,moon,39.759062,-104.62011683333333,1672.4,30.543463112598232,-67.81638542007803,404898.37243051105,0.19188103275908266,0.3251850219511943,-0.925978601678197
2004,2026-07-29T20:06:46.980985Z,moon,39.759062,-104.62011683333333,1672.4,31.346471851137398,-67.67084345437024,404889.2721787847,0.1976425404429605,0.3244717207683466,-0.9250165018143627
2005,2026-07-29T20:08:17.004428Z,moon,39.759062,-104.62011683333333,1672.4,32.14036917318731,-67.52204196924151,404879.9919233104,0.20339669327961235,0.32373518773398935,-0.9240266843472422
2006,2026-07-29T20:09:47.027872Z,moon,39.759062,-104.62011683333333,1672.4,32.925139554843504,-67.37004600738034,404870.53189120465,0.2091432667643599,0.3229754512384605,-0.9230091829794786
2007,2026-07-29T20:11:17.051315Z,moon,39.759062,-104.62011683333333,1672.4,33.70077822992412,-67.21492028151663,404860.8923168942,0.21488203638776904,0.32219254058222413,-0.9219640325039895
2008,2026-07-29T20:12:47.074759Z,moon,39.759062,-104.62011683333333,1672.4,34.4672907067723,-67.05672908301918,404851.0734413509,0.22061277815338964,0.32138648590778734,-0.9208912687127003
2009,2026-07-29T20:14:17.098203Z,moon,39.759062,-104.62011683333333,1672.4,35.224692154599225,-66.89553622168741,404841.075512939,0.2263352681398724,0.3205573182590998,-0.9197909284759153
2010,2026-07-29T20:15:47.121646Z,moon,39.759062,-104.62011683333333,1672.4,35.973006879197236,-66.73140495422395,404830.89878691745,0.2320492827003731,0.31970506955564426,-0.9186630497079237
2011,2026-07-29T20:17:17.145090Z,moon,39.759062,-104.62011683333333,1672.4,36.7122678020569,-66.56439791761065,404820.5435252719,0.23775459866012938,0.3188297725620957,-0.9175076713270375
2012,2026-07-29T20:18:47.168533Z,moon,39.759062,-104.62011683333333,1672.4,37.44251586480688,-66.39457708628255,404810.00999734714,0.24345099288065317,0.31793146095422053,-0.9163248333429249
2013,2026-07-29T20:20:17.191977Z,moon,39.759062,-104.62011683333333,1672.4,38.1637995669623,-66.22200370680301,404799.2984789269,0.24913824277454796,0.3170101692402658,-0.9151145767528066
2014,2026-07-29T20:21:47.215421Z,moon,39.759062,-104.62011683333333,1672.4,38.8761743925298,-66.0467382654974,404788.40925320104,0.2548161258701026,0.31606593282921097,-0.9138769436315552
2015,2026-07-29T20:23:17.238864Z,moon,39.759062,-104.62011683333333,1672.4,39.5797023316257,-65.86884044222536,404777.34261019935,0.2604844200095343,0.31509878800078234,-0.912611977092529
2016,2026-07-29T20:24:47.262308Z,moon,39.759062,-104.62011683333333,1672.4,40.274451414764464,-65.6883690681646,404766.09884651506,0.26614290354534015,0.3141087718713788,-0.9113197212427205
2017,2026-07-29T20:26:17.285751Z,moon,39.759062,-104.62011683333333,1672.4,40.960495185321264,-65.50538210795128,404754.6782662621,0.27179135490756556,0.31309592246870455,-0.9100002212807318
2018,2026-07-29T20:27:47.309195Z,moon,39.759062,-104.62011683333333,1672.4,41.63791230474496,-65.3199366160034,404743.081179784,0.2774295531147284,0.3120602786425818,-0.9086535233806537
2019,2026-07-29T20:29:17.332639Z,moon,39.759062,-104.62011683333333,1672.4,42.306786059548685,-65.13208872696029,404731.30790478317,0.28305727734175407,0.3110018801422422,-0.9072796747926538
2020,2026-07-29T20:30:47.356082Z,moon,39.759062,-104.62011683333333,1672.4,42.96720396306309,-64.94189362964978,404719.3587659125,0.28867430711724895,0.30992076758245807,-0.9058787237988738
2021,2026-07-29T20:32:17.379526Z,moon,39.759062,-104.62011683333333,1672.4,43.61925737343489,-64.74940554409052,404707.2340941761,0.29428042251740655,0.30881698240524214,-0.9044507196642043
2022,2026-07-29T20:33:47.402970Z,moon,39.759062,-104.62011683333333,1672.4,44.263041064441246,-64.55467772084677,404694.9342278994,0.2998754037997829,0.3076905669506295,-0.9029957127282041
2023,2026-07-29T20:35:17.426413Z,moon,39.759062,-104.62011683333333,1672.4,44.8986528810443,-64.3577624245143,404682.4595122948,0.305459031598752,0.3065415644208957,-0.9015137543582696
2024,2026-07-29T20:36:47.449857Z,moon,39.759062,-104.62011683333333,1672.4,45.52619341173681,-64.15871091961162,404669.8102988668,0.311031087118951,0.3053700188393941,-0.9000048968975844
2025,2026-07-29T20:38:17.473300Z,moon,39.759062,-104.62011683333333,1672.4,46.14576560901473,-63.95757348109706,404656.9869466405,0.3165913517092292,0.3041759751397628,-0.8984691937794514
2026,2026-07-29T20:39:47.496744Z,moon,39.759062,-104.62011683333333,1672.4,46.757474532842956,-63.754399374283686,404643.98982086004,0.3221396073655544,0.3029594790603919,-0.8969066993917608
2027,2026-07-29T20:41:17.520188Z,moon,39.759062,-104.62011683333333,1672.4,47.36142700762919,-63.54923687024593,404630.8192939525,0.32767563630633695,0.30172057723514273,-0.8953174691941007
2028,2026-07-29T20:42:47.543631Z,moon,39.759062,-104.62011683333333,1672.4,47.95773136581855,-63.3421332411061,404617.47574516764,0.33319922116574857,0.30045931715345237,-0.8937015596664357
2029,2026-07-29T20:44:17.567075Z,moon,39.759062,-104.62011683333333,1672.4,48.54649720683361,-63.1331347567602,404603.9595599904,0.3387101451854052,0.2991757471159895,-0.8920590282520946
2030,2026-07-29T20:45:47.590518Z,moon,39.759062,-104.62011683333333,1672.4,49.127835106700296,-62.92228670651219,404590.2711314739,0.34420819179289114,0.29786991633178045,-0.8903899334826099
2031,2026-07-29T20:47:17.613962Z,moon,39.759062,-104.62011683333333,1672.4,49.70185644195211,-62.70963338753444,404576.41085863556,0.3496931450989935,0.29654187480273403,-0.8886943348301788
2032,2026-07-29T20:48:47.637406Z,moon,39.759062,-104.62011683333333,1672.4,50.26867313112709,-62.49521812961223,404562.3791477127,0.3551647894780522,0.295191673423097,-0.886972292834834
2033,2026-07-29T20:50:17.660849Z,moon,39.759062,-104.62011683333333,1672.4,50.82839745599724,-62.279083297905146,404548.17641172867,0.36062290975909916,0.29381936393581837,-0.8852238690485202
2034,2026-07-29T20:51:47.684293Z,moon,39.759062,-104.62011683333333,1672.4,51.38114189559552,-62.06127029645326,404533.8030699223,0.36606729141541633,0.2924249988839499,-0.8834491259735914
2035,2026-07-29T20:53:17.707736Z,moon,39.759062,-104.62011683333333,1672.4,51.92701891202268,-61.841819596873464,404519.259548801,0.3714977201478177,0.29100863171637736,-0.8816481271978837
2036,2026-07-29T20:54:47.731180Z,moon,39.759062,-104.62011683333333,1672.4,52.466140841607675,-61.62077073168802,404504.54628097836,0.3769139823763664,0.28957031666277977,-0.8798209372349612
2037,2026-07-29T20:56:17.754624Z,moon,39.759062,-104.62011683333333,1672.4,52.99861970666368,-61.398162324854354,404489.66370615823,0.38231586482537955,0.2881101088410717,-0.8779676216617603
2038,2026-07-29T20:57:47.778067Z,moon,39.759062,-104.62011683333333,1672.4,53.52456710002343,-61.174032098664405,404474.6122707417,0.3877031547130608,0.2866280642101533,-0.8760882470577269
2039,2026-07-29T20:59:17.801511Z,moon,39.759062,-104.62011683333333,1672.4,54.04409407937614,-60.94841688098177,404459.3924272971,0.39307563993762035,0.285124239517399,-0.8741828809392547
2040,2026-07-29T21:00:47.824954Z,moon,39.759062,-104.62011683333333,1672.4,54.557311014203044,-60.721352637909455,404444.004635569,0.3984331086670901,0.2835986924131583,-0.8722515919042084
2041,2026-07-29T21:02:17.848398Z,moon,39.759062,-104.62011683333333,1672.4,55.06432752949351,-60.49287446944353,404428.4493613307,0.40377534982371815,0.282051481315277,-0.870294449460981
2042,2026-07-29T21:03:47.871842Z,moon,39.759062,-104.62011683333333,1672.4,55.565252372680995,-60.26301664304854,404412.72707736294,0.4091021526754215,0.28048266552529194,-0.8683115241756056
2043,2026-07-29T21:05:17.895285Z,moon,39.759062,-104.62011683333333,1672.4,56.06019334676054,-60.03181260244616,404396.83826309326,0.41441330702213525,0.27889230517732094,-0.8663028876067871
2044,2026-07-29T21:06:47.918729Z,moon,39.759062,-104.62011683333333,1672.4,56.54925725063808,-59.79929497631042,404380.78340397484,0.4197086033800655,0.2772804611818529,-0.8642686122355329
2045,2026-07-29T21:08:17.942172Z,moon,39.759062,-104.62011683333333,1672.4,57.03254977267569,-59.56549561291754,404364.56299264927,0.42498783257648576,0.27564719534838394,-0.8622087716200241
2046,2026-07-29T21:09:47.965616Z,moon,39.759062,-104.62011683333333,1672.4,57.51017547342163,-59.33044557618076,404348.17752757855,0.4302507862284708,0.27399257024026114,-0.8601234402124607
2047,2026-07-29T21:11:17.989060Z,moon,39.759062,-104.62011683333333,1672.4,57.98223769388002,-59.09417518058484,404331.62751432013,0.4354972563390502,0.27231664929950383,-0.8580126935165066
2048,2026-07-29T21:12:48.012503Z,moon,39.759062,-104.62011683333333,1672.4,58.44883852444129,-58.856714000222766,404314.9134648452,0.44072703548207076,0.27061949679105346,-0.8558766080176176
2049,2026-07-29T21:14:18.035947Z,moon,39.759062,-104.62011683333333,1672.4,58.910078778499106,-58.61809087756417,404298.03589713864,0.44593991698279983,0.26890117774395683,-0.8537152611083432
2050,2026-07-29T21:15:48.059390Z,moon,39.759062,-104.62011683333333,1672.4,59.36605792039444,-58.37833395863975,404280.995336217,0.4511356945194904,0.26716175808131465,-0.8515287312529848
2051,2026-07-29T21:17:18.082834Z,moon,39.759062,-104.62011683333333,1672.4,59.81687407557181,-58.13747068836635,404263.7923129335,0.456314162594657,0.2654013044660643,-0.8493170977928375
2052,2026-07-29T21:18:48.106278Z,moon,39.759062,-104.62011683333333,1672.4,60.262623968932346,-57.89552784563969,404246.42736507556,0.4614751161375069,0.2636198844335762,-0.8470804411135359
2053,2026-07-29T21:20:18.129721Z,moon,39.759062,-104.62011683333333,1672.4,60.70340291874746,-57.652531551673555,404228.9010367315,0.4666183506857678,0.2618175663326122,-0.8448188425709751
2054,2026-07-29T21:21:48.153165Z,moon,39.759062,-104.62011683333333,1672.4,61.139304833672654,-57.40850727791514,404211.2138779568,0.47174366256432726,0.25999441926235073,-0.8425323844119151
2055,2026-07-29T21:23:18.176608Z,moon,39.759062,-104.62011683333333,1672.4,61.57042216494936,-57.16347988094296,404193.3664457762,0.47685084849233367,0.2581505132108516,-0.8402211499486997
2056,2026-07-29T21:24:48.200052Z,moon,39.759062,-104.62011683333333,1672.4,61.99684593506975,-56.917473596412215,404175.359302906,0.48193970604713576,0.25628591889115887,-0.8378852233530047
2057,2026-07-29T21:26:18.223496Z,moon,39.759062,-104.62011683333333,1672.4,62.418665697221414,-56.67051207358565,404157.1930188436,0.48701003327348025,0.2544007078819153,-0.8355246898327685
2058,2026-07-29T21:27:48.246939Z,moon,39.759062,-104.62011683333333,1672.4,62.83596954602761,-56.4226183824112,404138.8681695244,0.49206162886260857,0.2524949525646499,-0.8331396355536398
2059,2026-07-29T21:29:18.270383Z,moon,39.759062,-104.62011683333333,1672.4,63.248844130023954,-56.17381502017241,404120.38533639186,0.4970942923270769,0.25056872605738484,-0.8307301475556439
2060,2026-07-29T21:30:48.293827Z,moon,39.759062,-104.62011683333333,1672.4,63.65737462518814,-55.92412394273056,404101.7451079231,0.502107823671331,0.24862210233925627,-0.8282963139097311
2061,2026-07-29T21:32:18.317270Z,moon,39.759062,-104.62011683333333,1672.4,64.06164475270187,-55.673566570722215,404082.9480786821,0.5071020235687612,0.24665515618568676,-0.8258382236367374
2062,2026-07-29T21:33:48.340714Z,moon,39.759062,-104.62011683333333,1672.4,64.46173679786962,-55.422163795312656,404063.994849001,0.5120766935345415,0.24466796309983457,-0.8233559666215513
2063,2026-07-29T21:35:18.364157Z,moon,39.759062,-104.62011683333333,1672.4,64.85773158639816,-55.16993601157905,404044.88602601306,0.5170316355452302,0.24266059946361368,-0.8208496338023084
2064,2026-07-29T21:36:48.387601Z,moon,39.759062,-104.62011683333333,1672.4,65.24970852923009,-54.916903109746904,404025.62222239166,0.5219666524882484,0.24063314235899405,-0.8183193169470266
2065,2026-07-29T21:38:18.411045Z,moon,39.759062,-104.62011683333333,1672.4,65.63774560249503,-54.663084508060486,404006.20405752247,0.5268815477836862,0.23858566972111045,-0.8157651088449397
2066,2026-07-29T21:39:48.434488Z,moon,39.759062,-104.62011683333333,1672.4,66.0219193731411,-54.4084991574415,403986.63215687545,0.5317761255575568,0.23651826026980766,-0.8131871032215999
2067,2026-07-29T21:41:18.457932Z,moon,39.759062,-104.62011683333333,1672.4,66.40230502499497,-54.153165545652946,403966.9071514835,0.536650190811482,0.23443099343773302,-0.8105853946487054
2068,2026-07-29T21:42:48.481375Z,moon,39.759062,-104.62011683333333,1672.4,66.77897634360372,-53.89710172955279,403947.02967923536,0.5415035490498755,0.232323949529003,-0.8079600787425294
2069,2026-07-29T21:44:18.504819Z,moon,39.759062,-104.62011683333333,1672.4,67.1520057656613,-53.640325324502626,403927.000383239,0.5463360067209603,0.23019720953114386,-0.8053112519295067
2070,2026-07-29T21:45:48.528263Z,moon,39.759062,-104.62011683333333,1672.4,67.5214643660057,-53.382853536144964,403906.8199133866,0.551147370845255,0.22805085527634691,-0.8026390116472596
2071,2026-07-29T21:47:18.551706Z,moon,39.759062,-104.62011683333333,1672.4,67.88742188764705,-53.1247031634176,403886.4889254095,0.5559374491864867,0.22588496936936014,-0.7999434562548942
2072,2026-07-29T21:48:48.575150Z,moon,39.759062,-104.62011683333333,1672.4,68.24994677167267,-52.865890601207354,403866.00808057224,0.560706050417134,0.2236996351118367,-0.7972246849392269
2073,2026-07-29T21:50:18.598593Z,moon,39.759062,-104.62011683333333,1672.4,68.60910614734412,-52.60643187141472,403845.3780468684,0.565452983753961,0.22149493666907746,-0.794482797921833
2074,2026-07-29T21:51:48.622037Z,moon,39.759062,-104.62011683333333,1672.4,68.96496588334034,-52.34634261068263,403824.5994974202,0.5701780593890204,0.21927095887274733,-0.7917178962145522
2075,2026-07-29T21:53:18.645481Z,moon,39.759062,-104.62011683333333,1672.4,69.31759057909538,-52.08563810098201,403803.6731118667,0.5748810881271756,0.21702778738959622,-0.7889300818288594
2076,2026-07-29T21:54:48.668924Z,moon,39.759062,-104.62011683333333,1672.4,69.66704359669595,-51.824333271161024,403782.5995758489,0.5795618815527741,0.2147655086461151,-0.7861194576824719
2077,2026-07-29T21:56:18.692368Z,moon,39.759062,-104.62011683333333,1672.4,70.01338709238517,-51.562442698112186,403761.3795801558,0.5842202521917115,0.21248420974956694,-0.78328612750141
2078,2026-07-29T21:57:48.715811Z,moon,39.759062,-104.62011683333333,1672.4,70.35668200971736,-51.29998063676052,403740.0138222969,0.5888560131551455,0.21018397866173857,-0.7804301960361022
2079,2026-07-29T21:59:18.739255Z,moon,39.759062,-104.62011683333333,1672.4,70.69698813077486,-51.03696100614597,403718.50300477754,0.5934689785611565,0.20786490399340085,-0.7775517688060337
2080,2026-07-29T22:00:48.762699Z,moon,39.759062,-104.62011683333333,1672.4,71.03436406986177,-50.773397418995884,403696.84783652663,0.598058963180074,0.20552707518024693,-0.7746509523184155
2081,2026-07-29T22:02:18.786142Z,moon,39.759062,-104.62011683333333,1672.4,71.3688673057552,-50.509303181847585,403675.0490323282,0.602625782598148,0.203170582403896,-0.7717278539703173
2082,2026-07-29T22:03:48.809586Z,moon,39.759062,-104.62011683333333,1672.4,71.70055421325719,-50.244691294907035,403653.1073119351,0.6071692533750059,0.20079551651017527,-0.7687825819472303
2083,2026-07-29T22:05:18.833029Z,moon,39.759062,-104.62011683333333,1672.4,72.0294800579293,-49.97957448099609,403631.0234018235,0.6116891926967413,0.19840196918949654,-0.7658152454474506
2084,2026-07-29T22:06:48.856473Z,moon,39.759062,-104.62011683333333,1672.4,72.35569904609376,-49.713965170208674,403608.79803321057,0.6161854187868008,0.19599003276338803,-0.7628259544168257
2085,2026-07-29T22:08:18.879917Z,moon,39.759062,-104.62011683333333,1672.4,72.6792643196611,-49.44787552849254,403586.4319437079,0.6206577505606746,0.19355980036712164,-0.7598148197757159
2086,2026-07-29T22:09:48.903360Z,moon,39.759062,-104.62011683333333,1672.4,73.00022798762082,-49.18131745655829,403563.92587653676,0.6251060077851021,0.19111136586777608,-0.7567819533175492
2087,2026-07-29T22:11:18.926804Z,moon,39.759062,-104.62011683333333,1672.4,73.31864115682579,-48.914302588499375,403541.2805798914,0.6295300112320614,0.18864482377897288,-0.7537274676032186
2088,2026-07-29T22:12:48.950247Z,moon,39.759062,-104.62011683333333,1672.4,73.63455392719304,-48.646842319843984,403518.4968085113,0.6339295823406343,0.186160269448752,-0.750651476193977
2089,2026-07-29T22:14:18.973691Z,moon,39.759062,-104.62011683333333,1672.4,73.94801543989799,-48.37894779094793,403495.5753216803,0.6383045436169916,0.18365779883745786,-0.7475540933765823
2090,2026-07-29T22:15:48.997135Z,moon,39.759062,-104.62011683333333,1672.4,74.25907387248128,-48.11062991466442,403472.51688502275,0.6426547182990427,0.18113750870714776,-0.7444354343980046
2091,2026-07-29T22:17:19.020578Z,moon,39.759062,-104.62011683333333,1672.4,74.56777646893605,-47.84189937419373,403449.32226961583,0.6469799305107814,0.17859949653717958,-0.7412956153606538
2092,2026-07-29T22:18:49.044022Z,moon,39.759062,-104.62011683333333,1672.4,74.87416956918827,-47.57276662062644,403425.9922513177,0.6512800054123946,0.17604386043521056,-0.738134753112939
2093,2026-07-29T22:20:19.067465Z,moon,39.759062,-104.62011683333333,1672.4,75.17829860417966,-47.303241900182364,403402.52761250397,0.6555547688717214,0.17347069933204132,-0.7349529654901711
2094,2026-07-29T22:21:49.090909Z,moon,39.759062,-104.62011683333333,1672.4,75.48020814186609,-47.0333352364742,403378.92913985456,0.6598040478530897,0.1708801127514415,-0.7317503710301296
2095,2026-07-29T22:23:19.114353Z,moon,39.759062,-104.62011683333333,1672.4,75.77994188201346,-46.76305645744432,403355.19762628234,0.6640276700911149,0.16827220100670895,-0.7285270892161274
2096,2026-07-29T22:24:49.137796Z,moon,39.759062,-104.62011683333333,1672.4,76.07754268471817,-46.49241519220914,403331.333870093,0.6682254642415905,0.16564706511231655,-0.7252832403680557
2097,2026-07-29T22:26:19.161240Z,moon,39.759062,-104.62011683333333,1672.4,76.37305259815335,-46.22142086769609,403307.33867416054,0.6723972600266528,0.16300480669269438,-0.7220189455296359
2098,2026-07-29T22:27:49.184684Z,moon,39.759062,-104.62011683333333,1672.4,76.66651285644217,-45.950082732183404,403283.21284739743,0.6765428879618534,0.16034552815374517,-0.7187343266808199
2099,2026-07-29T22:29:19.208127Z,moon,39.759062,-104.62011683333333,1672.4,76.95796390709246,-45.67840985160512,403258.9572040797,0.6806621795046497,0.1576693325929132,-0.7154295066263939
2100,2026-07-29T22:30:49.231571Z,moon,39.759062,-104.62011683333333,1672.4,77.24744543767835,-45.40641110572847,403234.5725628972,0.6847549671963716,0.1549763237061761,-0.7121046088815985
2101,2026-07-29T22:32:19.255014Z,moon,39.759062,-104.62011683333333,1672.4,77.53499637009554,-45.13409521427529,403210.0597489027,0.6888210843502569,0.15226660599292927,-0.7087597579250182
2102,2026-07-29T22:33:49.278458Z,moon,39.759062,-104.62011683333333,1672.4,77.82065490278897,-44.861470717692825,403185.4195911797,0.6928603654213696,0.14954028451348497,-0.7053950788996136
2103,2026-07-29T22:35:19.301902Z,moon,39.759062,-104.62011683333333,1672.4,78.10445850456377,-44.58854600306363,403160.6529248942,0.6968726456966693,0.14679746509602523,-0.7020106978679923
2104,2026-07-29T22:36:49.325345Z,moon,39.759062,-104.62011683333333,1672.4,78.38644394020112,-44.31532929969552,403135.760590269,0.7008577614383728,0.1440382542435334,-0.6986067416981232
2105,2026-07-29T22:38:19.348789Z,moon,39.759062,-104.62011683333333,1672.4,78.66664729537203,-44.041828674481785,403110.7434319118,0.7048155500222847,0.14126275903791374,-0.695183337944589
2106,2026-07-29T22:39:49.372232Z,moon,39.759062,-104.62011683333333,1672.4,78.94510397013417,-43.768052057540686,403085.60230051476,0.7087458496352937,0.13847108735101726,-0.6917406151098636
2107,2026-07-29T22:41:19.395676Z,moon,39.759062,-104.62011683333333,1672.4,79.2218487188248,-43.494007222149364,403060.3380507197,0.7126484996337548,0.135663347595134,-0.6882787023357908
2108,2026-07-29T22:42:49.419120Z,moon,39.759062,-104.62011683333333,1672.4,79.4969156431241,-43.219701810178044,403034.95154311944,0.716523340243534,0.13283964893580938,-0.6847977296668408
2109,2026-07-29T22:44:19.442563Z,moon,39.759062,-104.62011683333333,1672.4,79.77033821588472,-42.945143326968974,403009.443643232,0.7203702126993324,0.13000010119594643,-0.6812978279317807
2110,2026-07-29T22:45:49.466007Z,moon,39.759062,-104.62011683333333,1672.4,80.04214930430781,-42.6703391361034,402983.81522063765,0.7241889593777396,0.1271448147569114,-0.6777791286221619
2111,2026-07-29T22:47:19.489450Z,moon,39.759062,-104.62011683333333,1672.4,80.31238116256732,-42.395296484540694,402958.067151066,0.7279794235055249,0.12427390077661668,-0.6742417641605473
2112,2026-07-29T22:48:49.512894Z,moon,39.759062,-104.62011683333333,1672.4,80.58106546962306,-42.12002248188921,402932.2003139511,0.7317414495056582,0.12138747093129694,-0.6706858675835221
2113,2026-07-29T22:50:19.536338Z,moon,39.759062,-104.62011683333333,1672.4,80.84823332138949,-41.84452412538626,402906.21559443604,0.7354748827079823,0.11848563763566367,-0.6671115728120371
2114,2026-07-29T22:51:49.559781Z,moon,39.759062,-104.62011683333333,1672.4,81.113915252914,-41.56880829421705,402880.11388251494,0.7391795694837725,0.1155685139434758,-0.6635190145298636
2115,2026-07-29T22:53:19.583225Z,moon,39.759062,-104.62011683333333,1672.4,81.37814125986142,-41.292881743720564,402853.896072146,0.7428553573739842,0.11263621344642054,-0.6599083280586954
2116,2026-07-29T22:54:49.606668Z,moon,39.759062,-104.62011683333333,1672.4,81.64094079038806,-41.0167511301395,402827.56306313555,0.7465020948083869,0.10968885049748822,-0.6562796496336221
2117,2026-07-29T22:56:19.630112Z,moon,39.759062,-104.62011683333333,1672.4,81.9023427808623,-40.740422989288156,402801.11575890495,0.7501196314389086,0.1067265399463614,-0.6526331160775046
2118,2026-07-29T22:57:49.653556Z,moon,39.759062,-104.62011683333333,1672.4,82.16237564729076,-40.46390376117548,402774.5550684889,0.7537078178611508,0.10374939736499098,-0.6489688650785826
2119,2026-07-29T22:59:19.676999Z,moon,39.759062,-104.62011683333333,1672.4,82.42106730587624,-40.18719978382482,402747.8819054926,0.7572665057441006,0.10075753894582994,-0.6452870350655586
2120,2026-07-29T23:00:49.700443Z,moon,39.759062,-104.62011683333333,1672.4,82.67844519299466,-39.910317287011914,402721.0971873031,0.760795547953408,0.09775108139769091,-0.6415877650796153
2121,2026-07-29T23:02:19.723886Z,moon,39.759062,-104.62011683333333,1672.4,82.93453625630434,-39.63326241664674,402694.2018371645,0.7642947982819571,0.09473014217492212,-0.6378711950563856
2122,2026-07-29T23:03:49.747330Z,moon,39.759062,-104.62011683333333,1672.4,83.18936698854522,-39.356041213001575,402667.1967815942,0.7677641117693338,0.09169483920649243,-0.6341374654930438
2123,2026-07-29T23:05:19.770774Z,moon,39.759062,-104.62011683333333,1672.4,83.44296341830915,-39.07865963493406,402640.0829525633,0.7712033444356154,0.08864529112634661,-0.6303867177316212
2124,2026-07-29T23:06:49.794217Z,moon,39.759062,-104.62011683333333,1672.4,83.69535112906368,-38.80112355334503,402612.8612866351,0.7746123534053012,0.08558161716989741,-0.62661909383172
2125,2026-07-29T23:08:19.817661Z,moon,39.759062,-104.62011683333333,1672.4,83.94655527776857,-38.52343874448368,402585.53272379976,0.7779909970258695,0.08250393706673752,-0.6228347364391147
2126,2026-07-29T23:09:49.841104Z,moon,39.759062,-104.62011683333333,1672.4,84.19660058525467,-38.2456109140568,402558.09820974467,0.7813391346095292,0.07941237127561293,-0.6190337890745676
2127,2026-07-29T23:11:19.864548Z,moon,39.759062,-104.62011683333333,1672.4,84.44551136833334,-37.96764567499721,402530.55869331566,0.7846566267396234,0.07630704070678077,-0.615216395792707
2128,2026-07-29T23:12:49.887992Z,moon,39.759062,-104.62011683333333,1672.4,84.69331152985471,-37.68954857146505,402502.9151286903,0.7879433350153056,0.07318806695824576,-0.6113827014725501
2129,2026-07-29T23:14:19.911435Z,moon,39.759062,-104.62011683333333,1672.4,84.94002457648865,-37.41132507186711,402475.16847427795,0.7911991221713202,0.07005557220867228,-0.6075328516861025
2130,2026-07-29T23:15:49.934879Z,moon,39.759062,-104.62011683333333,1672.4,85.185673635947,-37.132980561907246,402447.31969193165,0.7944238521901844,0.06690967910914991,-0.6036669925652872
2131,2026-07-29T23:17:19.958322Z,moon,39.759062,-104.62011683333333,1672.4,85.4302814468209,-36.854520368370714,402419.3697489668,0.7976173900565747,0.06375051102212158,-0.599785271096045
2132,2026-07-29T23:18:49.981766Z,moon,39.759062,-104.62011683333333,1672.4,85.6738703890769,-36.57594973657675,402391.31961566984,0.8007796020493618,0.0605781917384104,-0.5958878347704122
2133,2026-07-29T23:20:20.005210Z,moon,39.759062,-104.62011683333333,1672.4,85.9164624735739,-36.29727385409765,402363.17026742897,0.8039103554986496,0.05739284571774519,-0.5919748318826179
2134,2026-07-29T23:21:50.028653Z,moon,39.759062,-104.62011683333333,1672.4,86.15807935857336,-36.018497843526404,402334.92268379225,0.8070095188996265,0.05419459798021601,-0.588046411395526
2135,2026-07-29T23:23:20.052097Z,moon,39.759062,-104.62011683333333,1672.4,86.39874236587269,-35.73962675518021,402306.57784749026,0.8100769620200289,0.05098357399493376,-0.584102722804049
2136,2026-07-29T23:24:50.075541Z,moon,39.759062,-104.62011683333333,1672.4,86.63847247267671,-35.460665587616205,402278.1367462611,0.81311255569948,0.04775989988867049,-0.5801439163918588
2137,2026-07-29T23:26:20.098984Z,moon,39.759062,-104.62011683333333,1672.4,86.87729032746199,-35.18161928023197,402249.6003718489,0.816116171960206,0.04452370233575365,-0.576170143096062
2138,2026-07-29T23:27:50.122428Z,moon,39.759062,-104.62011683333333,1672.4,87.11521626549046,-34.90249270580118,402220.96971906984,0.8190876841113646,0.04127510844522552,-0.5721815543688178
2139,2026-07-29T23:29:20.145871Z,moon,39.759062,-104.62011683333333,1672.4,87.35227029768177,-34.62329069398428,402192.24578803347,0.8220269665220027,0.038014246008587785,-0.5681783024817411
2140,2026-07-29T23:30:50.169315Z,moon,39.759062,-104.62011683333333,1672.4,87.58847213901966,-34.34401800827842,402163.42958137847,0.8249338948908389,0.034741243206677146,-0.5641605401662587
2141,2026-07-29T23:32:20.192759Z,moon,39.759062,-104.62011683333333,1672.4,87.82384119718213,-34.064679369430344,402134.5221066971,0.8278083460225673,0.03145622885855049,-0.5601284209191498
2142,2026-07-29T23:33:50.216202Z,moon,39.759062,-104.62011683333333,1672.4,88.05839658741408,-33.7852794478097,402105.52437535324,0.8306501979330473,0.02815933230898069,-0.5560820988646386
2143,2026-07-29T23:35:20.239646Z,moon,39.759062,-104.62011683333333,1672.4,88.29215714708351,-33.505822855726144,402076.43740160984,0.8334593299480021,0.02485068331341671,-0.5520217286135426
2144,2026-07-29T23:36:50.263089Z,moon,39.759062,-104.62011683333333,1672.4,88.52514142405927,-33.226314170750555,402047.26220480335,0.8362356224885023,0.021530412290552213,-0.5479474655729927
2145,2026-07-29T23:38:20.286533Z,moon,39.759062,-104.62011683333333,1672.4,88.75736770397835,-32.94675791244135,402017.9998066756,0.8389789573261065,0.01819865002345454,-0.5438594655803307
2146,2026-07-29T23:39:50.309977Z,moon,39.759062,-104.62011683333333,1672.4,88.98885399842617,-32.66715856558118,401988.6512336341,0.8416892173717185,0.014855527912948767,-0.5397578852139275
2147,2026-07-29T23:41:20.333420Z,moon,39.759062,-104.62011683333333,1672.4,89.21961805889882,-32.387520572358525,401959.2175157948,0.8443662867751308,0.011501177863243272,-0.5356428816528188
2148,2026-07-29T23:42:50.356864Z,moon,39.759062,-104.62011683333333,1672.4,89.44967739049238,-32.10784832452123,401929.6996858774,0.8470100510177958,0.008135732165042908,-0.5315146125338132
2149,2026-07-29T23:44:20.380307Z,moon,39.759062,-104.62011683333333,1672.4,89.67904923993686,-31.82814618646869,401900.09878149704,0.8496203967116506,0.0047593237512660955,-0.5273732362653304
2150,2026-07-29T23:45:50.403751Z,moon,39.759062,-104.62011683333333,1672.4,89.90775062171632,-31.548418471871834,401870.41584253096,0.8521972118385822,0.001372085894732972,-0.5232189116563392
2151,2026-07-29T23:47:20.427195Z,moon,39.759062,-104.62011683333333,1672.4,90.1357983059346,-31.268669466712495,401840.6519133116,0.8547403855524516,-0.00202584753544462,-0.5190517982315538
2152,2026-07-29T23:48:50.450638Z,moon,39.759062,-104.62011683333333,1672.4,90.36320883146357,-30.98890342130668,401810.8080416716,0.8572498082728734,-0.005434342189932309,-0.5148720560887768
2153,2026-07-29T23:50:20.474082Z,moon,39.759062,-104.62011683333333,1672.4,90.58999851887604,-30.709124542286332,401780.88527785626,0.8597253717723211,-0.008853263357982264,-0.510679845753539
2154,2026-07-29T23:51:50.497525Z,moon,39.759062,-104.62011683333333,1672.4,90.8161834580692,-30.429337015604908,401750.8846767776,0.8621669689872992,-0.012282475707164047,-0.5064753284985918
2155,2026-07-29T23:53:20.520969Z,moon,39.759062,-104.62011683333333,1672.4,91.04177953355244,-30.149544982912076,401720.8072955231,0.8645744942435301,-0.015721843591698023,-0.5022586659656779
2156,2026-07-29T23:54:50.544413Z,moon,39.759062,-104.62011683333333,1672.4,91.26680241185426,-29.869752564559683,401690.65419530234,0.8669478430699824,-0.019171230790523623,-0.498030020487
2157,2026-07-29T23:56:20.567856Z,moon,39.759062,-104.62011683333333,1672.4,91.4912675540643,-29.589963851405752,401660.42644073063,0.8692869122875614,-0.022630500626704523,-0.49378955493908777
2158,2026-07-29T23:57:50.591300Z,moon,39.759062,-104.62011683333333,1672.4,91.71519022805325,-29.31018289669678,401630.125098504,0.8715916000900444,-0.026099516087371447,-0.48953743259579335
2159,2026-07-29T23:59:20.614743Z,moon,39.759062,-104.62011683333333,1672.4,91.9385854957461,-29.03041373895466,401599.7512400116,0.8738618058682515,-0.029578139559425492,-0.4852738174524579
2160,2026-07-30T00:00:50.638187Z,moon,39.759062,-104.62011683333333,1672.4,92.16146823763972,-28.750660378220484,401569.30593831115,0.876097430419904,-0.03306623314294731,-0.48099887384210965
2161,2026-07-30T00:02:20.661631Z,moon,39.759062,-104.62011683333333,1672.4,92.38385313988687,-28.47092679890508,401538.79027066194,0.8782983757770803,-0.03656365838542652,-0.47671276676088364
2162,2026-07-30T00:03:50.685074Z,moon,39.759062,-104.62011683333333,1672.4,92.60575470618937,-28.19121696154109,401508.205317391,0.8804645452884574,-0.040070276402515294,-0.47241566172070953
2163,2026-07-30T00:05:20.708518Z,moon,39.759062,-104.62011683333333,1672.4,92.82718726946767,-27.911534794508487,401477.5521607177,0.8825958436946707,-0.0435859480002594,-0.46810772459959593
2164,2026-07-30T00:06:50.731961Z,moon,39.759062,-104.62011683333333,1672.4,93.04816497880914,-27.631884216815344,401446.83188736986,0.8846921769656674,-0.04711053340687871,-0.463789121970177
2165,2026-07-30T00:08:20.755405Z,moon,39.759062,-104.62011683333333,1672.4,93.2687018232814,-27.352269114244116,401416.04558554175,0.8867534524949536,-0.05064389259048034,-0.4594600207107948
2166,2026-07-30T00:09:50.778849Z,moon,39.759062,-104.62011683333333,1672.4,93.48881161875856,-27.07269336210641,401385.1943473801,0.8887795789402175,-0.054185884990199835,-0.4551205883353097
2167,2026-07-30T00:11:20.802292Z,moon,39.759062,-104.62011683333333,1672.4,93.70850801922079,-26.793160816889344,401354.27926788194,0.8907704662997119,-0.057736369637909374,-0.4507709928436262
2168,2026-07-30T00:12:50.825736Z,moon,39.759062,-104.62011683333333,1672.4,93.9278045279492,-26.513675307866556,401323.3014438711,0.8927260259816995,-0.06129520528272001,-0.4464114025697275
2169,2026-07-30T00:14:20.849179Z,moon,39.759062,-104.62011683333333,1672.4,94.14671448417609,-26.234240659816088,401292.261976302,0.894646170654924,-0.06486225011903077,-0.4420419865148299
2170,2026-07-30T00:15:50.872623Z,moon,39.759062,-104.62011683333333,1672.4,94.36525108629199,-25.954860669077064,401261.16196748015,0.8965308144271471,-0.06843736210840494,-0.43766291395346646
2171,2026-07-30T00:17:20.896067Z,moon,39.759062,-104.62011683333333,1672.4,94.58342737841198,-25.675539126178855,401230.0025233846,0.8983798726994305,-0.07202039870745428,-0.43327435476678566
2172,2026-07-30T00:18:50.919510Z,moon,39.759062,-104.62011683333333,1672.4,94.80125626120325,-25.396279807426314,401198.7847527602,0.9001932622363168,-0.0756112169912411,-0.4288764792914637
2173,2026-07-30T00:20:20.942954Z,moon,39.759062,-104.62011683333333,1672.4,95.0187505026019,-25.11708646646289,401167.5097658345,0.9019709012289504,-0.07920967377887929,-0.42446945816640136
2174,2026-07-30T00:21:50.966397Z,moon,39.759062,-104.62011683333333,1672.4,95.23592272423934,-24.83796285685036,401136.17867678124,0.9037127091594342,-0.08281562535893254,-0.4200534626688902
2175,2026-07-30T00:23:20.989841Z,moon,39.759062,-104.62011683333333,1672.4,95.45278542410459,-24.558912708075674,401104.79260101053,0.9054186069633117,-0.0864289278148606,-0.415628664316346
2176,2026-07-30T00:24:51.013285Z,moon,39.759062,-104.62011683333333,1672.4,95.66935096285583,-24.279939748119972,401073.3526573306,0.9070885168972455,-0.0900494367496135,-0.41119523520370843
2177,2026-07-30T00:26:21.036728Z,moon,39.759062,-104.62011683333333,1672.4,95.88563157426537,-24.0010476949466,401041.8599670065,0.9087223626032628,-0.09367700741113077,-0.4067533478500687
2178,2026-07-30T00:27:51.060172Z,moon,39.759062,-104.62011683333333,1672.4,96.10163937549821,-23.722240248018288,401010.3156527158,0.9103200691656216,-0.09731149481866229,-0.4023031750439653
2179,2026-07-30T00:29:21.083616Z,moon,39.759062,-104.62011683333333,1672.4,96.317386355728,-23.443521107686145,400978.72084048734,0.911881563006032,-0.10095275352624122,-0.3978448901332606
2180,2026-07-30T00:30:51.107059Z,moon,39.759062,-104.62011683333333,1672.4,96.5328843863503,-23.16489396664276,400947.07665866415,0.913406771944201,-0.1046006377489509,-0.39337866687072315
2181,2026-07-30T00:32:21.130503Z,moon,39.759062,-104.62011683333333,1672.4,96.7481452310258,-22.88636250145267,400915.38423678395,0.9148956252506911,-0.1082550014896328,-0.3889046792591039
2182,2026-07-30T00:33:51.153946Z,moon,39.759062,-104.62011683333333,1672.4,96.96318053181145,-22.607930394923628,400883.64470806305,0.9163480535336413,-0.11191569826102629,-0.38442310189146234
2183,2026-07-30T00:35:21.177390Z,moon,39.759062,-104.62011683333333,1672.4,97.17800183105233,-22.329601312124094,400851.8592064222,0.9177639888749438,-0.1155825814154976,-0.37993410954753987
2184,2026-07-30T00:36:51.200834Z,moon,39.759062,-104.62011683333333,1672.4,97.39262055739749,-22.051378922768688,400820.02886901883,0.919143364720233,-0.11925550386621964,-0.3754378775355291
2185,2026-07-30T00:38:21.224277Z,moon,39.759062,-104.62011683333333,1672.4,97.6070480356473,-21.773266892649552,400788.1548350248,0.9204861159330746,-0.12293431821431011,-0.37093458153645514
2186,2026-07-30T00:39:51.247721Z,moon,39.759062,-104.62011683333333,1672.4,97.82129549649463,-21.49526887509585,400756.2382446985,0.9217921788417099,-0.12661887687702048,-0.3664243974473518
2187,2026-07-30T00:41:21.271164Z,moon,39.759062,-104.62011683333333,1672.4,98.03537406242533,-21.217388533305126,400724.2802416344,0.923061491139433,-0.13030903180711834,-0.3619075017251477
2188,2026-07-30T00:42:51.294608Z,moon,39.759062,-104.62011683333333,1672.4,98.24929476928898,-20.939629516305995,400692.28196999576,0.9242939920045385,-0.134004634826204,-0.3573840709788415
2189,2026-07-30T00:44:21.318052Z,moon,39.759062,-104.62011683333333,1672.4,98.46306855206056,-20.66199548128271,400660.24457693414,0.9254896220042393,-0.13770553734272337,-0.35285428231438787
2190,2026-07-30T00:45:51.341495Z,moon,39.759062,-104.62011683333333,1672.4,98.6767062544348,-20.384490084976985,400628.169211396,0.9266483231424257,-0.1414115904809883,-0.3483183131777135
2191,2026-07-30T00:47:21.364939Z,moon,39.759062,-104.62011683333333,1672.4,98.89021863825779,-20.1071169751191,400596.05702320294,0.9277700389001183,-0.14512264520991572,-0.34377634119664185
2192,2026-07-30T00:48:51.388382Z,moon,39.759062,-104.62011683333333,1672.4,99.1036163692592,-19.829879812648805,400563.90916525904,0.9288547141499737,-0.14883855206084673,-0.3392285445268445
2193,2026-07-30T00:50:21.411826Z,moon,39.759062,-104.62011683333333,1672.4,99.31691003826491,-19.552782247745956,400531.7267908661,0.9299022952593827,-0.15255916146254594,-0.3346751014419454
2194,2026-07-30T00:51:51.435270Z,moon,39.759062,-104.62011683333333,1672.4,99.53011014683251,-19.275827942001932,400499.51105597935,0.9309127300087324,-0.15628432345834586,-0.33011619067966985
2195,2026-07-30T00:53:21.458713Z,moon,39.759062,-104.62011683333333,1672.4,99.74322711652111,-18.999020559853832,400467.263118298,0.9318859676326258,-0.16001388783511233,-0.3255519912844901
2196,2026-07-30T00:54:51.482157Z,moon,39.759062,-104.62011683333333,1672.4,99.95627129813336,-18.722363759960263,400434.9841360223,0.932821958853996,-0.16374770425378782,-0.3209826824478351
2197,2026-07-30T00:56:21.505600Z,moon,39.759062,-104.62011683333333,1672.4,100.16925295721653,-18.44586121737503,400402.67527025484,0.9337206558126437,-0.16748562196475714,-0.316408443856805
2198,2026-07-30T00:57:51.529044Z,moon,39.759062,-104.62011683333333,1672.4,100.38218229503562,-18.169516599565245,400370.3376822734,0.9345820121517634,-0.17122749014539101,-0.3118294552810417
2199,2026-07-30T00:59:21.552488Z,moon,39.759062,-104.62011683333333,1672.4,100.5950694338078,-17.893333480288533,400337.97253588657,0.9354059835213873,-0.17497315771868782,-0.30724589512365735
2200,2026-07-30T01:00:51.575931Z,moon,39.759062,-104.62011683333333,1672.4,100.80792442658694,-17.617315764488765,400305.58099618315,0.9361925253169263,-0.17872247306997108,-0.3026579474596196
2201,2026-07-30T01:02:21.599375Z,moon,39.759062,-104.62011683333333,1672.4,101.02075726502135,-17.34146702862959,400273.1642286836,0.9369415961689436,-0.1824752847977841,-0.29806579107029363
2202,2026-07-30T01:03:51.622818Z,moon,39.759062,-104.62011683333333,1672.4,101.23357786552758,-17.065790977335897,400240.7234016561,0.9376531555660395,-0.18623144101496972,-0.29346960700307023
2203,2026-07-30T01:05:21.646262Z,moon,39.759062,-104.62011683333333,1672.4,101.44639608984227,-16.790291310686644,400208.25968313636,0.9383271645073767,-0.1899907897913617,-0.2888695763523756
2204,2026-07-30T01:06:51.669706Z,moon,39.759062,-104.62011683333333,1672.4,101.65922173024144,-16.514971746267875,400175.7742435088,0.9389635854492387,-0.19375317886704055,-0.28426588061043634
2205,2026-07-30T01:08:21.693149Z,moon,39.759062,-104.62011683333333,1672.4,101.8720645184467,-16.239836010510636,400143.2682543311,0.9395623823335898,-0.19751845578403443,-0.2796587015065323
2206,2026-07-30T01:09:51.716593Z,moon,39.759062,-104.62011683333333,1672.4,102.08493413440982,-15.964887830147921,400110.742887245,0.9401235206089197,-0.20128646801713432,-0.2750482208469586
2207,2026-07-30T01:11:21.740036Z,moon,39.759062,-104.62011683333333,1672.4,102.2978401914857,-15.690130954145342,400078.19931639737,0.9406469671875601,-0.20505706268742313,-0.2704346208658418
2208,2026-07-30T01:12:51.763480Z,moon,39.759062,-104.62011683333333,1672.4,102.51079225700148,-15.415569129850983,400045.6387155492,0.941132690498231,-0.20883008690285812,-0.2658180838086558
2209,2026-07-30T01:14:21.786924Z,moon,39.759062,-104.62011683333333,1672.4,102.72379983732955,-15.141206124913019,400013.06226055196,0.9415806604470373,-0.21260538747109256,-0.2611987922835548
2210,2026-07-30T01:15:51.810367Z,moon,39.759062,-104.62011683333333,1672.4,102.9368723865726,-14.867045718693994,399980.47112818656,0.941990848439325,-0.21638281103092308,-0.256576929101033
2211,2026-07-30T01:17:21.833811Z,moon,39.759062,-104.62011683333333,1672.4,103.15001931523219,-14.59309169368124,399947.8664950818,0.9423632273940977,-0.22016220418433158,-0.2519526771123436
2212,2026-07-30T01:18:51.857254Z,moon,39.759062,-104.62011683333333,1672.4,103.36324997517018,-14.319347857347799,399915.24954015587,0.9426977717156798,-0.22394341320873218,-0.2473262195617663
2213,2026-07-30T01:20:21.880698Z,moon,39.759062,-104.62011683333333,1672.4,103.57657368004645,-14.045818018379817,399882.6214416622,0.9429944573291629,-0.2277262843987649,-0.2426977396689356
2214,2026-07-30T01:21:51.904142Z,moon,39.759062,-104.62011683333333,1672.4,103.78999969020313,-13.772506008471161,399849.9833797315,0.9432532616559295,-0.2315106637783143,-0.23806742098064326
2215,2026-07-30T01:23:21.927585Z,moon,39.759062,-104.62011683333333,1672.4,104.00353722121136,-13.499415673775538,399817.3365352704,0.943474163628813,-0.2352963972325918,-0.23343544721030324
2216,2026-07-30T01:24:51.951029Z,moon,39.759062,-104.62011683333333,1672.4,104.21719545240038,-13.226550866323846,399784.6820886704,0.9436571436999684,-0.23908333064047643,-0.22880200207575493
2217,2026-07-30T01:26:21.974473Z,moon,39.759062,-104.62011683333333,1672.4,104.43098351398064,-12.953915462775033,399752.0212220815,0.9438021838284076,-0.24287130962789252,-0.22416726960098557
2218,2026-07-30T01:27:51.997916Z,moon,39.759062,-104.62011683333333,1672.4,104.64491049554073,-12.681513355826073,399719.3551182456,0.9439092674913009,-0.24666017970065782,-0.2195314339543995
2219,2026-07-30T01:29:22.021360Z,moon,39.759062,-104.62011683333333,1672.4,104.8589854544688,-12.409348445684577,399686.68495930446,0.9439783796878626,-0.2504497863763406,-0.2148946792871404
2220,2026-07-30T01:30:52.044803Z,moon,39.759062,-104.62011683333333,1672.4,105.07321740062073,-12.137424661776238,399654.011929365,0.9440095069340473,-0.2542399748959941,-0.21025719008638225
2221,2026-07-30T01:32:22.068247Z,moon,39.759062,-104.62011683333333,1672.4,105.28761531660237,-11.865745939054177,399621.3372115423,0.9440026372708156,-0.2580305905669812,-0.20561915075546797
2222,2026-07-30T01:33:52.091691Z,moon,39.759062,-104.62011683333333,1672.4,105.50218814237337,-11.594316239705412,399588.66199034214,0.943957760262374,-0.2618214784747474,-0.2009807459677161
2223,2026-07-30T01:35:22.115134Z,moon,39.759062,-104.62011683333333,1672.4,105.71694478353636,-11.32313954459665,399555.98745066917,0.9438748670012233,-0.2656124836144457,-0.19634216050453618
2224,2026-07-30T01:36:52.138578Z,moon,39.759062,-104.62011683333333,1672.4,105.9318941197552,-11.05221984472619,399523.3147766628,0.9437539501051309,-0.26940345102465885,-0.19170357909274036
2225,2026-07-30T01:38:22.162021Z,moon,39.759062,-104.62011683333333,1672.4,106.14704498915424,-10.781561162869698,399490.6451540878,0.9435950037264581,-0.2731942254979003,-0.1870651867587012
2226,2026-07-30T01:39:52.185465Z,moon,39.759062,-104.62011683333333,1672.4,106.36240620856104,-10.511167530004691,399457.97976748657,0.9433980235431197,-0.2769846519238841,-0.18242716840849157
2227,2026-07-30T01:41:22.208909Z,moon,39.759062,-104.62011683333333,1672.4,106.57798655791235,-10.241043006843372,399425.3198026085,0.9431630067714993,-0.28077457500142866,-0.17778970918056988
2228,2026-07-30T01:42:52.232352Z,moon,39.759062,-104.62011683333333,1672.4,106.79379478846461,-9.97119167536187,399392.6664453822,0.9428899521646033,-0.284563839370542,-0.17315299428461667
2229,2026-07-30T01:44:22.255796Z,moon,39.759062,-104.62011683333333,1672.4,107.0098396310705,-9.701617630283481,399360.0208806247,0.942578860002618,-0.28835228974529,-0.16851720883878105
2230,2026-07-30T01:45:52.279239Z,moon,39.759062,-104.62011683333333,1672.4,107.22612978039821,-9.432325000608788,399327.38429466693,0.942229732116629,-0.29213977062502194,-0.1638825382235255
2231,2026-07-30T01:47:22.302683Z,moon,39.759062,-104.62011683333333,1672.4,107.44267391517286,-9.16331792611694,399294.75787225424,0.9418425718623185,-0.29592612663796203,-0.15924916766132974
2232,2026-07-30T01:48:52.326127Z,moon,39.759062,-104.62011683333333,1672.4,107.65948068230276,-8.894600578861104,399262.14279925165,0.9414173841474829,-0.2997112022522282,-0.1546172825703346
2233,2026-07-30T01:50:22.349570Z,moon,39.759062,-104.62011683333333,1672.4,107.87655870506674,-8.626177154651618,399229.5402613059,0.9409541754234656,-0.3034948419090459,-0.1499870684017431
2234,2026-07-30T01:51:52.373014Z,moon,39.759062,-104.62011683333333,1672.4,108.0939165912741,-8.358051864646335,399196.951442813,0.9404529536690754,-0.30727689015475357,-0.14535871047837304
2235,2026-07-30T01:53:22.396457Z,moon,39.759062,-104.62011683333333,1672.4,108.31156291729476,-8.090228956711673,399164.3775293641,0.9399137284287643,-0.3110571913531258,-0.14073239434701607
2236,2026-07-30T01:54:52.419901Z,moon,39.759062,-104.62011683333333,1672.4,108.52950624825107,-7.822712692095421,399131.8197048218,0.9393365107692169,-0.3148355900276519,-0.136108305359567
2237,2026-07-30T01:56:22.443345Z,moon,39.759062,-104.62011683333333,1672.4,108.74775512197864,-7.555507366754352,399099.2791538595,0.938721313321167,-0.3186119305741541,-0.13148662902513664
2238,2026-07-30T01:57:52.466788Z,moon,39.759062,-104.62011683333333,1672.4,108.96631805708768,-7.288617302921645,399066.7570607014,0.9380681502643333,-0.3223860573929921,-0.12686755084833368
2239,2026-07-30T01:59:22.490232Z,moon,39.759062,-104.62011683333333,1672.4,109.18520356107902,-7.022046840722029,399034.2546080835,0.937377037304639,-0.32615781502115965,-0.12225125616778186
2240,2026-07-30T02:00:52.513675Z,moon,39.759062,-104.62011683333333,1672.4,109.40442011415055,-6.7558003593947085,399001.7729797285,0.9366479917268031,-0.32992704784559457,-0.11763793050728613
2241,2026-07-30T02:02:22.537119Z,moon,39.759062,-104.62011683333333,1672.4,109.6239761893895,-6.4898822541429855,398969.31335735024,0.9358810323337579,-0.33369360044426827,-0.1130277591587169
2242,2026-07-30T02:03:52.560563Z,moon,39.759062,-104.62011683333333,1672.4,109.84388023648812,-6.22429695729597,398936.8769232477,0.9350761795030295,-0.3374573172995879,-0.108420927532389
2243,2026-07-30T02:05:22.584006Z,moon,39.759062,-104.62011683333333,1672.4,110.06414068979021,-5.959048929933779,398904.4648589808,0.9342334551647138,-0.3412180429311479,-0.10381762099584978
2244,2026-07-30T02:06:52.607450Z,moon,39.759062,-104.62011683333333,1672.4,110.28476597627981,-5.694142653557799,398872.07834450796,0.9333528827724646,-0.34497562202623466,-0.09921802471296418
2245,2026-07-30T02:08:22.630893Z,moon,39.759062,-104.62011683333333,1672.4,110.50576449919414,-5.429582651196594,398839.71856033365,0.9324344873701417,-0.3487298991551338,-0.09462232399403125
2246,2026-07-30T02:09:52.654337Z,moon,39.759062,-104.62011683333333,1672.4,110.72714465822938,-5.165373464359694,398807.386684926,0.9314782955143112,-0.35248071911061063,-0.09003070387940118
2247,2026-07-30T02:11:22.677781Z,moon,39.759062,-104.62011683333333,1672.4,110.94891483302193,-4.901519674098587,398775.0838969339,0.9304843353448472,-0.3562279266227638,-0.08544334948903104
2248,2026-07-30T02:12:52.701224Z,moon,39.759062,-104.62011683333333,1672.4,111.17108339110048,-4.638025892677978,398742.8113741716,0.9294526365564972,-0.35997136649076505,-0.08086044586166441
2249,2026-07-30T02:14:22.724668Z,moon,39.759062,-104.62011683333333,1672.4,111.39365869589791,-4.374896755290729,398710.57029239857,0.9283832303628407,-0.36371088371397664,-0.07628217779438977
2250,2026-07-30T02:15:52.748111Z,moon,39.759062,-104.62011683333333,1672.4,111.61664908999887,-4.112136941042278,398678.36182794516,0.9272761495778807,-0.36744632320701415,-0.0717087301914227
2251,2026-07-30T02:17:22.771555Z,moon,39.759062,-104.62011683333333,1672.4,111.84006291550162,-3.849751150024816,398646.1871546327,0.9261314285208807,-0.3711775301392666,-0.06714028764897284
2252,2026-07-30T02:18:52.794999Z,moon,39.759062,-104.62011683333333,1672.4,112.06390849717415,-3.5877441242842143,398614.0474463356,0.924949103101592,-0.37490434965029823,-0.06257703480389268
2253,2026-07-30T02:20:22.818442Z,moon,39.759062,-104.62011683333333,1672.4,112.28819415036752,-3.3261206394972875,398581.94387579977,0.923729210785178,-0.3786266269812603,-0.058019156172645144
2254,2026-07-30T02:21:52.841886Z,moon,39.759062,-104.62011683333333,1672.4,112.51292818897987,-3.0648854967951684,398549.87761358015,0.9224717905495501,-0.38234420760520726,-0.05346683599253832
2255,2026-07-30T02:23:22.865330Z,moon,39.759062,-104.62011683333333,1672.4,112.73811891095956,-2.8040435406348787,398517.8498300364,0.9211768829665173,-0.3860569369856435,-0.04892025851683609
2256,2026-07-30T02:24:52.888773Z,moon,39.759062,-104.62011683333333,1672.4,112.96377460616452,-2.543599650610045,398485.8616943541,0.9198445301628105,-0.38976466070709126,-0.044379607855908366
2257,2026-07-30T02:26:22.912217Z,moon,39.759062,-104.62011683333333,1672.4,113.18990356432484,-2.283558733213143,398453.9143733231,0.9184747757734159,-0.3934672246053113,-0.039845067817321014
2258,2026-07-30T02:27:52.935660Z,moon,39.759062,-104.62011683333333,1672.4,113.4165140578337,-2.023925742601583,398422.0090337816,0.9170676650459715,-0.3971644744852859,-0.035316822251673846
2259,2026-07-30T02:29:22.959104Z,moon,39.759062,-104.62011683333333,1672.4,113.64361436221702,-1.7647056579538,398390.1468397522,0.9156232447184618,-0.40085625645717615,-0.030795054641524024
2260,2026-07-30T02:30:52.982548Z,moon,39.759062,-104.62011683333333,1672.4,113.87121273883166,-1.5059035041528266,398358.32895491156,0.9141415631272282,-0.40454241665490326,-0.02627994844588974
2261,2026-07-30T02:32:23.005991Z,moon,39.759062,-104.62011683333333,1672.4,114.09931744271468,-1.2475243435921104,398326.5565415149,0.9126226701612231,-0.40822280136652767,-0.021771686941163538
2262,2026-07-30T02:33:53.029435Z,moon,39.759062,-104.62011683333333,1672.4,114.32793673047671,-0.9895732680703683,398294.83075900597,0.9110666172089573,-0.41189725716300885,-0.017270453063464777
2263,2026-07-30T02:35:23.052878Z,moon,39.759062,-104.62011683333333,1672.4,114.5570788428057,-0.7320554193407894,398263.1527668421,0.9094734572769106,-0.4155656306187996,-0.012776429751016744
2264,2026-07-30T02:36:53.076322Z,moon,39.759062,-104.62011683333333,1672.4,114.78675202500274,-0.474975966676067,398231.52372136293,0.9078432448505318,-0.419227768644805,-0.008289799536493949
2265,2026-07-30T02:38:23.099766Z,moon,39.759062,-104.62011683333333,1672.4,115.01696450940005,-0.21834012738028608,398199.9447782597,0.9061760360161036,-0.42288351820984155,-0.003810744888818544
2266,2026-07-30T02:39:53.123209Z,moon,39.759062,-104.62011683333333,1672.4,115.24772452314211,0.03784684137097091,398168.4170915545,0.9044718884086149,-0.4265327264697067,0.0006605519453671233
2267,2026-07-30T02:41:23.146653Z,moon,39.759062,-104.62011683333333,1672.4,115.47904029604183,0.2935796505255176,398136.94181237946,0.9027308611522099,-0.43017524089486087,0.0051239090973619035
2268,2026-07-30T02:42:53.170096Z,moon,39.759062,-104.62011683333333,1672.4,115.71092004275616,0.5488529587940312,398105.5200913956,0.9009530149926008,-0.4338109089935928,0.009579144737143426
2269,2026-07-30T02:44:23.193540Z,moon,39.759062,-104.62011683333333,1672.4,115.94337198344637,0.8036613949270834,398074.15307612834,0.8991384121411754,-0.4374395786423768,0.014026077478240017
2270,2026-07-30T02:45:53.216984Z,moon,39.759062,-104.62011683333333,1672.4,116.17640432583475,1.0579995373567264,398042.8419130983,0.8972871164110198,-0.44106109780955755,0.018464526038461857
2271,2026-07-30T02:47:23.240427Z,moon,39.759062,-104.62011683333333,1672.4,116.41002527293095,1.311861922257266,398011.58774691477,0.8953991931583668,-0.44467531468319427,0.022894309396615204
2272,2026-07-30T02:48:53.263871Z,moon,39.759062,-104.62011683333333,1672.4,116.64424303089558,1.565243051548643,397980.391719054,0.8934747092162537,-0.44828207779822454,0.02731524694812958
2273,2026-07-30T02:50:23.287314Z,moon,39.759062,-104.62011683333333,1672.4,116.87906579081982,1.8181373726727792,397949.25497040304,0.8915137330411488,-0.45188123576179795,0.03172715816813003
2274,2026-07-30T02:51:53.310758Z,moon,39.759062,-104.62011683333333,1672.4,117.11450174952132,2.070539300660921,397918.17863823846,0.8895163345402971,-0.4554726375806799,0.03612986301237627
2275,2026-07-30T02:53:23.334202Z,moon,39.759062,-104.62011683333333,1672.4,117.35055909122666,2.322443198012033,397887.16385880427,0.8874825852216897,-0.45905613238763204,0.040523181582091866
2276,2026-07-30T02:54:53.357645Z,moon,39.759062,-104.62011683333333,1672.4,117.58724599527899,2.5738433826565656,397856.2117661005,0.8854125581288573,-0.46263156956847956,0.044906934278770835
2277,2026-07-30T02:56:23.381089Z,moon,39.759062,-104.62011683333333,1672.4,117.82457064392187,2.8247341358945706,397825.32349078776,0.8833063277684335,-0.4661987988872796,0.04928094195835358
2278,2026-07-30T02:57:53.404532Z,moon,39.759062,-104.62011683333333,1672.4,118.06254120373451,3.0751096823727373,397794.50016261515,0.8811639702702854,-0.4697576702153078,0.05364502559784882
2279,2026-07-30T02:59:23.427976Z,moon,39.759062,-104.62011683333333,1672.4,118.30116584654307,3.3249642119557565,397763.74290763785,0.8789855631984516,-0.47330803385470266,0.05799900669232723
2280,2026-07-30T03:00:53.451420Z,moon,39.759062,-104.62011683333333,1672.4,118.54045273070186,3.5742918597865088,397733.0528504872,0.8767711857149715,-0.4768497402678103,0.06234270692298169
2281,2026-07-30T03:02:23.474863Z,moon,39.759062,-104.62011683333333,1672.4,118.78041000877121,3.8230867142230753,397702.43111338676,0.8745209185080873,-0.48038264020318816,0.06667594831110948
2282,2026-07-30T03:03:53.498307Z,moon,39.759062,-104.62011683333333,1672.4,119.02104583525477,4.07134282464979,397671.8788149673,0.8722348437135462,-0.48390658481924664,0.07099855336962069
2283,2026-07-30T03:05:23.521750Z,moon,39.759062,-104.62011683333333,1672.4,119.26236834762774,4.319054181719722,397641.39707271615,0.8699130450883228,-0.48742142541656974,0.07531034477441427
2284,2026-07-30T03:06:53.545194Z,moon,39.759062,-104.62011683333333,1672.4,119.5043856873687,4.566214738992987,397610.98700017866,0.8675556078053661,-0.49092701375743725,0.07961114575652509
2285,2026-07-30T03:08:23.568638Z,moon,39.759062,-104.62011683333333,1672.4,119.74710598085485,4.812818393201173,397580.6497092905,0.8651626186307946,-0.4944232017990682,0.08390077977387453
2286,2026-07-30T03:09:53.592081Z,moon,39.759062,-104.62011683333333,1672.4,119.99053734696201,5.058858992152202,397550.38630918326,0.8627341658459089,-0.4979098418177385,0.0881790706641799
2287,2026-07-30T03:11:23.615525Z,moon,39.759062,-104.62011683333333,1672.4,120.23468790476741,5.3043303424330315,397520.1979053791,0.8602703391621753,-0.5013867865310254,0.09244584279397283
2288,2026-07-30T03:12:53.638968Z,moon,39.759062,-104.62011683333333,1672.4,120.47956575414085,5.549226189911852,397490.0856018803,0.8577712299083929,-0.5048538888336986,0.09670092073467718
2289,2026-07-30T03:14:23.662412Z,moon,39.759062,-104.62011683333333,1672.4,120.72517899691755,5.7935402411306,397460.0504985273,0.8552369308093403,-0.5083110021130162,0.10094412964943034
2290,2026-07-30T03:15:53.685856Z,moon,39.759062,-104.62011683333333,1672.4,120.97153571736365,6.037266143833548,397430.0936932633,0.8526675361762338,-0.5117579799858596,0.10517529496960644
2291,2026-07-30T03:17:23.709299Z,moon,39.759062,-104.62011683333333,1672.4,121.21864398967912,6.280397494774514,397400.2162812262,0.8500631418228357,-0.5151946764206895,0.10939424254534809
2292,2026-07-30T03:18:53.732743Z,moon,39.759062,-104.62011683333333,1672.4,121.46651188570837,6.522927847373997,397370.41935344733,0.847423844973683,-0.518620945858925,0.11360079879302519
2293,2026-07-30T03:20:23.756187Z,moon,39.759062,-104.62011683333333,1672.4,121.71514745777324,6.764850695133897,397340.7039989349,0.8447497444352114,-0.5220366429917344,0.11779479042201087
2294,2026-07-30T03:21:53.779630Z,moon,39.759062,-104.62011683333333,1672.4,121.96455874621874,7.0061594794015924,397311.0713037305,0.8420409405074089,-0.5254416228821688,0.12197604458397103
2295,2026-07-30T03:23:23.803074Z,moon,39.759062,-104.62011683333333,1672.4,122.21475378701304,7.246847596984228,397281.5223496748,0.8392975348890456,-0.528835741084305,0.12614438901903416
2296,2026-07-30T03:24:53.826517Z,moon,39.759062,-104.62011683333333,1672.4,122.46574059157948,7.486908381025788,397252.05821681884,0.8365196308860899,-0.5322188533854936,0.13029965173871497
2297,2026-07-30T03:26:23.849961Z,moon,39.759062,-104.62011683333333,1672.4,122.71752716821965,7.726335122062274,397222.67998070497,0.8337073331647813,-0.535590816114344,0.13444166140463745
2298,2026-07-30T03:27:53.873405Z,moon,39.759062,-104.62011683333333,1672.4,122.97012150179201,7.965121048949763,397193.3887146069,0.8308607479633607,-0.5389514858841331,0.1385702470122994
2299,2026-07-30T03:29:23.896848Z,moon,39.759062,-104.62011683333333,1672.4,123.22353156114744,8.203259336575789,397164.1854883958,0.8279799829979009,-0.5423007197125042,0.14268523803847344
2300,2026-07-30T03:30:53.920292Z,moon,39.759062,-104.62011683333333,1672.4,123.47776530667633,8.44074311339117,397135.0713677642,0.8250651473614158,-0.5456383751388408,0.1467864645848895
2301,2026-07-30T03:32:23.943735Z,moon,39.759062,-104.62011683333333,1672.4,123.73283066964031,8.677565442606754,397106.04741625354,0.8221163517450749,-0.5489643099709584,0.15087375706688605
2302,2026-07-30T03:33:53.967179Z,moon,39.759062,-104.62011683333333,1672.4,123.98873557374182,8.913719342954929,397077.11469266313,0.8191337081758525,-0.5522783825879605,0.15494694658528685
2303,2026-07-30T03:35:23.990623Z,moon,39.759062,-104.62011683333333,1672.4,124.24548791428077,9.149197769948332,397048.2742533015,0.8161173302411108,-0.5555804516879845,0.15900586461604785
2304,2026-07-30T03:36:54.014066Z,moon,39.759062,-104.62011683333333,1672.4,124.50309556550096,9.383993623492303,397019.5271508988,0.8130673329885476,-0.5588703764058371,0.16305034315477018
2305,2026-07-30T03:38:24.037510Z,moon,39.759062,-104.62011683333333,1672.4,124.76156638810681,9.618099755397973,396990.87443373515,0.8099838328188355,-0.5621480164288115,0.16708021485879623
2306,2026-07-30T03:39:54.060953Z,moon,39.759062,-104.62011683333333,1672.4,125.02090820800724,9.851508950836942,396962.31714769255,0.8068669477201473,-0.5654132317473811,0.17109531274045908
2307,2026-07-30T03:41:24.084397Z,moon,39.759062,-104.62011683333333,1672.4,125.28112883807124,10.084213948862114,396933.8563336799,0.8037167969901674,-0.5686658829530566,0.17509547053275412
2308,2026-07-30T03:42:54.107841Z,moon,39.759062,-104.62011683333333,1672.4,125.54223605671652,10.316207424010225,396905.4930299847,0.8005335014734656,-0.571905830990507,0.1790805223850168
2309,2026-07-30T03:44:24.131284Z,moon,39.759062,-104.62011683333333,1672.4,125.80423761519698,10.54748199382841,396877.22827101854,0.7973171834552717,-0.575132937273542,0.18305030300455796
2310,2026-07-30T03:45:54.154728Z,moon,39.759062,-104.62011683333333,1672.4,126.06714124500039,10.778030226310985,396849.0630864558,0.7940679665486555,-0.5783470637981917,0.18700464779596687
2311,2026-07-30T03:47:24.178171Z,moon,39.759062,-104.62011683333333,1672.4,126.33095463605181,11.007844621711012,396820.9985034487,0.790785975941226,-0.5815480728986593,0.19094339256056625
2312,2026-07-30T03:48:54.201615Z,moon,39.759062,-104.62011683333333,1672.4,126.59568545863984,11.236917632811846,396793.0355439447,0.7874713381019216,-0.584735827539581,0.19486637385544592
2313,2026-07-30T03:50:24.225059Z,moon,39.759062,-104.62011683333333,1672.4,126.86134134137825,11.465241646824557,396765.1752269497,0.7841241810314342,-0.5879101910725194,0.19877342869422035
2314,2026-07-30T03:51:54.248502Z,moon,39.759062,-104.62011683333333,1672.4,127.12792987844111,11.69280899289429,396737.41856747237,0.7807446341496017,-0.5910710273502542,0.20266439468668307
2315,2026-07-30T03:53:24.271946Z,moon,39.759062,-104.62011683333333,1672.4,127.39545863685804,11.91961194946964,396709.76657551643,0.7773328281769936,-0.5942182008373497,0.20653911017524013
2316,2026-07-30T03:54:54.295389Z,moon,39.759062,-104.62011683333333,1672.4,127.66393513413617,12.145642726474247,396682.22025835526,0.7738888953936903,-0.5973515763714771,0.2103974139404884
2317,2026-07-30T03:56:24.318833Z,moon,39.759062,-104.62011683333333,1672.4,127.93336686030315,12.370893485303945,396654.7806178167,0.7704129693317792,-0.6004710194490299,0.21423914555289272
2318,2026-07-30T03:57:54.342277Z,moon,39.759062,-104.62011683333333,1672.4,128.2037612553131,12.595356321100923,396627.4486526272,0.7669051850374279,-0.6035763959875248,0.21806414507988092
2319,2026-07-30T03:59:24.365720Z,moon,39.759062,-104.62011683333333,1672.4,128.4751257161437,12.819023270198295,396600.22535715066,0.7633656789529142,-0.6066675724370824,0.22187225322255527
2320,2026-07-30T04:00:54.389164Z,moon,39.759062,-104.62011683333333,1672.4,128.74746760402553,13.041886317460845,396573.11172075314,0.7597945887921874,-0.6097444158888865,0.22566331144967197
2321,2026-07-30T04:02:24.412607Z,moon,39.759062,-104.62011683333333,1672.4,129.02079422141043,13.263937378808308,396546.1087296002,0.7561920538120448,-0.6128067938416032,0.22943716170903186
2322,2026-07-30T04:03:54.436051Z,moon,39.759062,-104.62011683333333,1672.4,129.29511283419026,13.485168320960751,396519.2173644657,0.7525582144899872,-0.6158545744807518,0.2331936467718934
2323,2026-07-30T04:05:24.459495Z,moon,39.759062,-104.62011683333333,1672.4,129.57043064849273,13.705570944117476,396492.4386024725,0.7488932127979433,-0.6188876264468537,0.23693260994669807
2324,2026-07-30T04:06:54.482938Z,moon,39.759062,-104.62011683333333,1672.4,129.84675481761565,13.92513698934089,396465.77341651125,0.7451971920792987,-0.621905818943781,0.240653895212594
2325,2026-07-30T04:08:24.506382Z,moon,39.759062,-104.62011683333333,1672.4,130.12409244921565,14.143858145859749,396439.22277399787,0.741470296918247,-0.6249090218453968,0.24435734735054776
2326,2026-07-30T04:09:54.529825Z,moon,39.759062,-104.62011683333333,1672.4,130.40245058158803,14.361726034005406,396412.7876391068,0.7377126734231201,-0.6278971054671516,0.24804281166138545
2327,2026-07-30T04:11:24.553269Z,moon,39.759062,-104.62011683333333,1672.4,130.68183620607337,14.578732224683934,396386.468970227,0.7339244688898929,-0.6308699408390123,0.2517101343022758
2328,2026-07-30T04:12:54.576713Z,moon,39.759062,-104.62011683333333,1672.4,130.96225624316347,14.794868222472248,396360.2677221651,0.7301058320879374,-0.6338273994789299,0.25535916200707864
2329,2026-07-30T04:14:24.600156Z,moon,39.759062,-104.62011683333333,1672.4,131.2437175493962,15.010125473001397,396334.1848449266,0.7262569131306382,-0.6367693534994524,0.2589897422174207
2330,2026-07-30T04:15:54.623600Z,moon,39.759062,-104.62011683333333,1672.4,131.52622692435077,15.224495370160492,396308.22128311894,0.7223778633405101,-0.6396956757106754,0.2626017232096194
2331,2026-07-30T04:17:24.647044Z,moon,39.759062,-104.62011683333333,1672.4,131.8097910894687,15.437969241900682,396282.3779774707,0.7184688354995832,-0.6426062394305807,0.2661949538604366
2332,2026-07-30T04:18:54.670487Z,moon,39.759062,-104.62011683333333,1672.4,132.09441669485847,15.650538357579196,396256.6558639225,0.7145299837170938,-0.6455009185898141,0.2697692837758887
2333,2026-07-30T04:20:24.693931Z,moon,39.759062,-104.62011683333333,1672.4,132.38011032624914,15.862193935172487,396231.0558728487,0.7105614632911024,-0.6483795878331513,0.2733245634166828
2334,2026-07-30T04:21:54.717374Z,moon,39.759062,-104.62011683333333,1672.4,132.66687848024046,16.07292712496761,396205.5789308106,0.7065634310093261,-0.6512421223012895,0.2768606438279762
2335,2026-07-30T04:23:24.740818Z,moon,39.759062,-104.62011683333333,1672.4,132.95472758697096,16.28272902858451,396180.22595843143,0.7025360447910239,-0.654088397892141,0.2803773769623302
2336,2026-07-30T04:24:54.764262Z,moon,39.759062,-104.62011683333333,1672.4,133.24366398515204,16.491590682828384,396154.9978722671,0.6984794639905435,-0.6569182910441691,0.28387461541161313
2337,2026-07-30T04:26:24.787705Z,moon,39.759062,-104.62011683333333,1672.4,133.53369392875376,16.699503067009964,396129.8955839651,0.6943938492598204,-0.6597316788383054,0.28735221253249627
2338,2026-07-30T04:27:54.811149Z,moon,39.759062,-104.62011683333333,1672.4,133.82482359388,16.906457110144927,396104.9199992263,0.6902793624045124,-0.6625284390967839,0.29081002256868477
2339,2026-07-30T04:29:24.834592Z,moon,39.759062,-104.62011683333333,1672.4,134.1170590532877,17.11244367513388,396080.07201991923,0.6861361666962331,-0.665308450170828,0.29424790038790416
2340,2026-07-30T04:30:54.858036Z,moon,39.759062,-104.62011683333333,1672.4,134.41040629930697,17.317453577527083,396055.3525416442,0.6819644265004757,-0.6680715911950843,0.2976657017964036
2341,2026-07-30T04:32:24.881480Z,moon,39.759062,-104.62011683333333,1672.4,134.7048712180981,17.521477569850685,396030.7624558071,0.6777643075920928,-0.6708177418764749,0.3010632832777155
2342,2026-07-30T04:33:54.904923Z,moon,39.759062,-104.62011683333333,1672.4,135.0004595963207,17.724506348953653,396006.3026485998,0.6735359770114978,-0.67354678259413,0.3044405021153771
2343,2026-07-30T04:35:24.928367Z,moon,39.759062,-104.62011683333333,1672.4,135.2971771278603,17.926530563179384,395981.97400022694,0.6692796029164518,-0.676258594494606,0.3077972165114179
2344,2026-07-30T04:36:54.951810Z,moon,39.759062,-104.62011683333333,1672.4,135.5950293876674,18.127540797079,395957.77738672646,0.6649953549046935,-0.6789530592863681,0.3111332853310015
2345,2026-07-30T04:38:24.975254Z,moon,39.759062,-104.62011683333333,1672.4,135.89402185487398,18.32752758987827,395933.71367774263,0.6606834036292811,-0.681630059486298,0.3144485684075128
2346,2026-07-30T04:39:54.998698Z,moon,39.759062,-104.62011683333333,1672.4,136.194159886379,18.526481420391896,395909.7837385362,0.6563439211241404,-0.6842894782153338,0.3177429262897515
2347,2026-07-30T04:41:25.022141Z,moon,39.759062,-104.62011683333333,1672.4,136.4954487234033,18.72439271433635,395885.98842889786,0.6519770806556611,-0.6869311992952019,0.3210162203605564
2348,2026-07-30T04:42:55.045585Z,moon,39.759062,-104.62011683333333,1672.4,136.79789349815982,18.9212518515034,395862.3286024454,0.6475830565693388,-0.6895551073407696,0.324268312951747
2349,2026-07-30T04:44:25.069028Z,moon,39.759062,-104.62011683333333,1672.4,137.10149920698262,19.11704915105663,395838.8051084785,0.6431620246227854,-0.6921610875611073,0.3274990670969075
2350,2026-07-30T04:45:55.092472Z,moon,39.759062,-104.62011683333333,1672.4,137.40627073368054,19.311774889712563,395815.4187897775,0.6387141615886616,-0.6947490259979223,0.330708346826976
2351,2026-07-30T04:47:25.115916Z,moon,39.759062,-104.62011683333333,1672.4,137.7122128224506,19.505419287217848,395792.1704843421,0.6342396455902574,-0.6973188093283396,0.3338960169251073
2352,2026-07-30T04:48:55.139359Z,moon,39.759062,-104.62011683333333,1672.4,138.0193300843317,19.69797251369978,395769.0610246641,0.6297386559485358,-0.6998703249580046,0.3370619430420892
2353,2026-07-30T04:50:25.162803Z,moon,39.759062,-104.62011683333333,1672.4,138.32762700385746,19.889424696835302,395746.0912369062,0.6252113730236494,-0.7024034611106851,0.3402059918073361
2354,2026-07-30T04:51:55.186246Z,moon,39.759062,-104.62011683333333,1672.4,138.63710791146408,20.079765907749437,395723.2619425957,0.6206579785583594,-0.7049181066359428,0.3433280305897682
2355,2026-07-30T04:53:25.209690Z,moon,39.759062,-104.62011683333333,1672.4,138.9477770071617,20.26898617891596,395700.57395663735,0.6160786552683674,-0.707414151239703,0.3464279277837322
2356,2026-07-30T04:54:55.233134Z,moon,39.759062,-104.62011683333333,1672.4,139.25963833273076,20.45707549025596,395678.0280889355,0.6114735871882556,-0.70989148529361,0.34950555257214305
2357,2026-07-30T04:56:25.256577Z,moon,39.759062,-104.62011683333333,1672.4,139.57269577816285,20.6440237765125,395655.6251437588,0.6068429595135455,-0.7123499999251229,0.3525607750381751
2358,2026-07-30T04:57:55.280021Z,moon,39.759062,-104.62011683333333,1672.4,139.88695308830012,20.829820934423672,395633.3659188338,0.6021869584376125,-0.714789587103923,0.35559346627217503
2359,2026-07-30T04:59:25.303464Z,moon,39.759062,-104.62011683333333,1672.4,140.2024138345707,21.01445680926969,395611.2512069561,0.5975057715048377,-0.7172101394566405,0.35860349814104564
2360,2026-07-30T05:00:55.326908Z,moon,39.759062,-104.62011683333333,1672.4,140.51908143897526,21.197921212498205,395589.2817943113,0.5927995871892847,-0.7196115504887312,0.36159074356434795
2361,2026-07-30T05:02:25.350352Z,moon,39.759062,-104.62011683333333,1672.4,140.83695914564868,21.38020390845888,395567.45846183004,0.5880685952500894,-0.7219937144012963,0.3645550762856084
2362,2026-07-30T05:03:55.373795Z,moon,39.759062,-104.62011683333333,1672.4,141.15605002729993,21.561294621807335,395545.78198452474,0.5833129865691024,-0.7243565261777422,0.3674963709801067
2363,2026-07-30T05:05:25.397239Z,moon,39.759062,-104.62011683333333,1672.4,141.47635699188973,21.741183044721275,395524.25313080614,0.5785329529831635,-0.7266998816668127,0.37041450335809106
2364,2026-07-30T05:06:55.420682Z,moon,39.759062,-104.62011683333333,1672.4,141.7978827537308,21.91985882412276,395502.87266401143,0.5737286876466784,-0.7290236774046105,0.37330934994275
2365,2026-07-30T05:08:25.444126Z,moon,39.759062,-104.62011683333333,1672.4,142.12062985786423,22.09731157898483,395481.64134054555,0.5689003845989765,-0.7313278108279103,0.376180788335599
2366,2026-07-30T05:09:55.467570Z,moon,39.759062,-104.62011683333333,1672.4,142.44460065100176,22.273530887784403,395460.5599115217,0.5640482391289632,-0.733612180098113,0.37902869699695546
2367,2026-07-30T05:11:25.491013Z,moon,39.759062,-104.62011683333333,1672.4,142.76979728803673,22.448506295938227,395439.629121885,0.559172447608328,-0.7358766841845584,0.38185295534963637
2368,2026-07-30T05:12:55.514457Z,moon,39.759062,-104.62011683333333,1672.4,143.09622173882465,22.62222732302517,395418.8497098039,0.5542732073194345,-0.7381212229443616,0.38465344387766404
2369,2026-07-30T05:14:25.537900Z,moon,39.759062,-104.62011683333333,1672.4,143.4238757586769,22.794683450754203,395398.22240829724,0.5493507168271289,-0.7403456969514943,0.3874300439136411
2370,2026-07-30T05:15:55.561344Z,moon,39.759062,-104.62011683333333,1672.4,143.75276091321683,22.96586413995253,395377.7479431571,0.5444051755348983,-0.7425500077014664,0.39018263789329294
2371,2026-07-30T05:17:25.584788Z,moon,39.759062,-104.62011683333333,1672.4,144.0828785487557,23.13575881874017,395357.42703474115,0.5394367840586146,-0.7447340574426986,0.39291110914484834
2372,2026-07-30T05:18:55.608231Z,moon,39.759062,-104.62011683333333,1672.4,144.41422979896026,23.304356890006726,395337.26039716764,0.5344457440552609,-0.7468977492565174,0.3956153419886128
2373,2026-07-30T05:20:25.631675Z,moon,39.759062,-104.62011683333333,1672.4,144.74681559174482,23.471647738680872,395317.2487375938,0.5294322580472768,-0.7490409871328966,0.39829522183166804
2374,2026-07-30T05:21:55.655119Z,moon,39.759062,-104.62011683333333,1672.4,145.08063662304608,23.637620722256067,395297.39275745326,0.5243965297460587,-0.7511636758315315,0.4009506349933279
2375,2026-07-30T05:23:25.678562Z,moon,39.759062,-104.62011683333333,1672.4,145.4156933635836,23.802265178304033,395277.6931519191,0.5193387638785567,-0.7532657209593513,0.40358146880237367
2376,2026-07-30T05:24:55.702006Z,moon,39.759062,-104.62011683333333,1672.4,145.75198606591294,23.965570431740726,395258.15060916636,0.5142591660090112,-0.7553470290444474,0.40618761168878953
2377,2026-07-30T05:26:25.725449Z,moon,39.759062,-104.62011683333333,1672.4,146.08951473418497,24.127525784014836,395238.7658117431,0.5091579429238198,-0.7574075073778215,0.4087689529860355
2378,2026-07-30T05:27:55.748893Z,moon,39.759062,-104.62011683333333,1672.4,146.4282791498762,24.288120529560697,395219.5394349924,0.5040353021715434,-0.7594470642031381,0.4113253831677248
2379,2026-07-30T05:29:25.772337Z,moon,39.759062,-104.62011683333333,1672.4,146.76827884143742,24.447343945197062,395200.4721483825,0.49889145245022976,-0.7614656085604377,0.41385679365184114
2380,2026-07-30T05:30:55.795780Z,moon,39.759062,-104.62011683333333,1672.4,147.10951309139298,24.60518529769071,395181.5646148394,0.49372660342922264,-0.763463050360478,0.41636307689385404
2381,2026-07-30T05:32:25.819224Z,moon,39.759062,-104.62011683333333,1672.4,147.4519809436752,24.76163385103738,395162.817490218,0.48854096556743726,-0.7654393004548522,0.41884412647382613
2382,2026-07-30T05:33:55.842667Z,moon,39.759062,-104.62011683333333,1672.4,147.79568117301758,24.91667885644027,395144.2314245966,0.4833347505062932,-0.7673942704856314,0.4212998369081633
2383,2026-07-30T05:35:25.866111Z,moon,39.759062,-104.62011683333333,1672.4,148.14061231138623,25.070309568416533,395125.8070606848,0.4781081705998231,-0.7693278730656808,0.42373010387500903
2384,2026-07-30T05:36:55.889555Z,moon,39.759062,-104.62011683333333,1672.4,148.48677261729438,25.222515235002348,395107.54503514187,0.47286143931007313,-0.7712400216301619,0.42613482402816294
2385,2026-07-30T05:38:25.912998Z,moon,39.759062,-104.62011683333333,1672.4,148.83416008330965,25.373285105320143,395089.4459780317,0.467594771024943,-0.7731306305074844,0.42851389508536447
2386,2026-07-30T05:39:55.936442Z,moon,39.759062,-104.62011683333333,1672.4,149.18277244379328,25.522608436905895,395071.5105120643,0.4623083808728337,-0.7749996149854299,0.43086721591132277
2387,2026-07-30T05:41:25.959885Z,moon,39.759062,-104.62011683333333,1672.4,149.53260714403308,25.670474486473967,395053.739254137,0.45700248512344444,-0.776846891168937,0.4331946863387798
2388,2026-07-30T05:42:55.983329Z,moon,39.759062,-104.62011683333333,1672.4,149.8836613675041,25.816872525669627,395036.132813499,0.4516773007081791,-0.778672376150762,0.4354962073826813
2389,2026-07-30T05:44:26.006773Z,moon,39.759062,-104.62011683333333,1672.4,150.23593200495566,25.96179183206667,395018.69179341255,0.44633304562352627,-0.7804759878710257,0.43777168106351266
2390,2026-07-30T05:45:56.030216Z,moon,39.759062,-104.62011683333333,1672.4,150.58941566245065,26.10522169675394,395001.41679021105,0.4409699387449289,-0.7822576451845339,0.4400210104911374
2391,2026-07-30T05:47:26.053660Z,moon,39.759062,-104.62011683333333,1672.4,150.9441086696064,26.24715143167014,394984.3083928351,0.43558819963841056,-0.7840172679227881,0.44224409994329505
2392,2026-07-30T05:48:56.077103Z,moon,39.759062,-104.62011683333333,1672.4,151.30000704866706,26.387570361197813,394967.36718423147,0.4301880489677628,-0.7857547767604225,0.4444408546966496
2393,2026-07-30T05:50:26.100547Z,moon,39.759062,-104.62011683333333,1672.4,151.6571065426067,26.526467837476886,394950.5937395995,0.42476970800740305,-0.7874700933754928,0.446611181228704
2394,2026-07-30T05:51:56.123991Z,moon,39.759062,-104.62011683333333,1672.4,152.01540258424532,26.663833232257154,394933.988627984,0.4193333990514762,-0.7891631403178158,0.44875498705157457
2395,2026-07-30T05:53:26.147434Z,moon,39.759062,-104.62011683333333,1672.4,152.37489030482914,26.7996559444484,394917.552411329,0.4138793452257121,-0.7908338410718848,0.45087218079077
2396,2026-07-30T05:54:56.170878Z,moon,39.759062,-104.62011683333333,1672.4,152.7355645430256,26.93392540745537,394901.2856442151,0.408407770294491,-0.792482120115507,0.45296267225932996
2397,2026-07-30T05:56:26.194321Z,moon,39.759062,-104.62011683333333,1672.4,153.0974198139533,27.066631081583314,394885.18887486967,0.40291889907578815,-0.794107902794225,0.4550263722986969
2398,2026-07-30T05:57:56.217765Z,moon,39.759062,-104.62011683333333,1672.4,153.46045033837703,27.19776246891316,394869.26264384243,0.3974129569451729,-0.7957111154717116,0.45706319296882647
2399,2026-07-30T05:59:26.241209Z,moon,39.759062,-104.62011683333333,1672.4,153.82465001186935,27.327309105941094,394853.50748521177,0.39189017025222667,-0.797291685406511,0.4590730473915082
2400,2026-07-30T06:00:56.264652Z,moon,39.759062,-104.62011683333333,1672.4,154.19001241422683,27.45526057114369,394837.92392602033,0.38635076612812036,-0.7988495408110976,0.46105584982528197
2401,2026-07-30T06:02:26.288096Z,moon,39.759062,-104.62011683333333,1672.4,154.55653081918467,27.581606492215588,394822.51248565887,0.38079497229089415,-0.800384610906261,0.4630115157341233
2402,2026-07-30T06:03:56.311539Z,moon,39.759062,-104.62011683333333,1672.4,154.92419816368596,27.70633653930484,394807.27367716405,0.375223017465857,-0.8018968258044462,0.46493996163867307
2403,2026-07-30T06:05:26.334983Z,moon,39.759062,-104.62011683333333,1672.4,155.29300707822748,27.829440439394144,394792.2080057207,0.3696351308822356,-0.8033861166495869,0.4668411052942626
2404,2026-07-30T06:06:56.358427Z,moon,39.759062,-104.62011683333333,1672.4,155.66294985626672,27.9509079697532,394777.31596992904,0.3640315426957283,-0.8048524155024837,0.4687148655444858
2405,2026-07-30T06:08:26.381870Z,moon,39.759062,-104.62011683333333,1672.4,156.03401846454068,28.070728965393332,394762.59806115425,0.358412483793288,-0.8062956553960241,0.4705611623908436
2406,2026-07-30T06:09:56.405314Z,moon,39.759062,-104.62011683333333,1672.4,156.40620455374125,28.18889332626353,394748.05476317316,0.35277818559503465,-0.807715770385293,0.47237991705741245
2407,2026-07-30T06:11:26.428757Z,moon,39.759062,-104.62011683333333,1672.4,156.77949942808704,28.305391011246144,394733.6865531252,0.34712888048115154,-0.8091126954397093,0.4741710518517455
2408,2026-07-30T06:12:56.452201Z,moon,39.759062,-104.62011683333333,1672.4,157.15389407700184,28.420212051990774,394719.49390024453,0.3414648012809087,-0.8104863665724586,0.4759344903307214
2409,2026-07-30T06:14:26.475645Z,moon,39.759062,-104.62011683333333,1672.4,157.52937914488885,28.533346547158423,394705.47726708243,0.33578618170139507,-0.8118367207344386,0.4776701571644924
2410,2026-07-30T06:15:56.499088Z,moon,39.759062,-104.62011683333333,1672.4,157.90594494251383,28.644784669752813,394691.6371088785,0.33009325612920093,-0.8131636958654808,0.47937797820134975
2411,2026-07-30T06:17:26.522532Z,moon,39.759062,-104.62011683333333,1672.4,158.28358145875035,28.754516674151656,394677.9738730237,0.32438625942972327,-0.8144672309404941,0.48105788052719406
2412,2026-07-30T06:18:56.545976Z,moon,39.759062,-104.62011683333333,1672.4,158.66227833483651,28.862532892094563,394664.4880001308,0.3186654273160464,-0.8157472658842387,0.48270979235547995
2413,2026-07-30T06:20:26.569419Z,moon,39.759062,-104.62011683333333,1672.4,159.04202487639833,28.96882373991825,394651.17992351,0.3129309961496788,-0.817003741619737,0.48433364308926535
2414,2026-07-30T06:21:56.592863Z,moon,39.759062,-104.62011683333333,1672.4,159.4228100659557,29.073379725464815,394638.05006855197,0.3071832027375169,-0.8182366001123167,0.4859293633775988
2415,2026-07-30T06:23:26.616306Z,moon,39.759062,-104.62011683333333,1672.4,159.80462253327173,29.176191443334456,394625.098853901,0.3014222847682296,-0.8194457842752888,0.48749688499369637
2416,2026-07-30T06:24:56.639750Z,moon,39.759062,-104.62011683333333,1672.4,160.1874505893958,29.277249587649777,394612.3266902746,0.2956484802903579,-0.8206312380827158,0.4890361409802252
2417,2026-07-30T06:26:26.663194Z,moon,39.759062,-104.62011683333333,1672.4,160.57128219738297,29.376544947512087,394599.7339812903,0.2898620281492815,-0.8217929064775331,0.4905470655303054
2418,2026-07-30T06:27:56.686637Z,moon,39.759062,-104.62011683333333,1672.4,160.95610498555214,29.474068413991038,394587.32112318766,0.28406316778552215,-0.8229307354159565,0.4920295940443089
2419,2026-07-30T06:29:26.710081Z,moon,39.759062,-104.62011683333333,1672.4,161.34190626123035,29.569810986808303,394575.0885044043,0.27825213902949,-0.8240446719070548,0.4934836631815766
2420,2026-07-30T06:30:56.733524Z,moon,39.759062,-104.62011683333333,1672.4,161.72867298183797,29.66376377029093,394563.0365063255,0.27242918254232,-0.8251346639277016,0.49490921074904465
2421,2026-07-30T06:32:26.756968Z,moon,39.759062,-104.62011683333333,1672.4,162.1163917904533,29.755917985374484,394551.16550231155,0.2665945392888214,-0.8262006605242789,0.4963061758336544
2422,2026-07-30T06:33:56.780412Z,moon,39.759062,-104.62011683333333,1672.4,162.5050489873406,29.84626496576522,394539.4758587098,0.2607484509783026,-0.8272426117299875,0.4976744986942419
2423,2026-07-30T06:35:26.803855Z,moon,39.759062,-104.62011683333333,1672.4,162.8946305445002,29.934796164624057,394527.96793425846,0.254891159861086,-0.8282604686049463,0.49901412081321417
2424,2026-07-30T06:36:56.827299Z,moon,39.759062,-104.62011683333333,1672.4,163.28512212075393,30.021503160931186,394516.64207979094,0.24902290852102688,-0.8292541832715083,0.5003249849432183
2425,2026-07-30T06:38:26.850742Z,moon,39.759062,-104.62011683333333,1672.4,163.67650903363113,30.106377656094775,394505.4986390411,0.24314394032102207,-0.8302237088383128,0.5016070350064119
2426,2026-07-30T06:39:56.874186Z,moon,39.759062,-104.62011683333333,1672.4,164.06877629661,30.18941148513306,394494.5379477287,0.2372544988698164,-0.8311689994910467,0.5028602162142921
2427,2026-07-30T06:41:26.897630Z,moon,39.759062,-104.62011683333333,1672.4,164.4619085914135,30.27059661343486,394483.76033431303,0.2313548284684247,-0.8320900104188264,0.5040844749697646
2428,2026-07-30T06:42:56.921073Z,moon,39.759062,-104.62011683333333,1672.4,164.85589028404206,30.34992514311167,394473.16611966735,0.22544517390303453,-0.8329866978500906,0.5052797589144378
2429,2026-07-30T06:44:26.944517Z,moon,39.759062,-104.62011683333333,1672.4,165.25070544115866,30.427389318920568,394462.7556166371,0.21952578023694355,-0.8338590190835885,0.5064460169695449
2430,2026-07-30T06:45:56.967960Z,moon,39.759062,-104.62011683333333,1672.4,165.64633780292576,30.50298152551695,394452.5291309226,0.21359689325920314,-0.8347069324215187,0.5075831992466602
2431,2026-07-30T06:47:26.991404Z,moon,39.759062,-104.62011683333333,1672.4,166.04277082186218,30.57669429765967,394442.4869600893,0.2076587589471007,-0.8355303972494147,0.5086912571538705
2432,2026-07-30T06:48:57.014848Z,moon,39.759062,-104.62011683333333,1672.4,166.43998763609235,30.648520317593256,394432.62939441745,0.20171162391583453,-0.8363293739715049,0.5097701433093818
2433,2026-07-30T06:50:27.038291Z,moon,39.759062,-104.62011683333333,1672.4,166.83797108672468,30.718452420893126,394422.95671649097,0.19575573521051162,-0.837103824042457,0.5108198115829957
2434,2026-07-30T06:51:57.061735Z,moon,39.759062,-104.62011683333333,1672.4,167.23670373569442,30.786483601940475,394413.46920081106,0.18979134009540252,-0.8378537099939622,0.5118402171324024
2435,2026-07-30T06:53:27.085178Z,moon,39.759062,-104.62011683333333,1672.4,167.63616783951667,30.85260701170405,394404.1671146865,0.18381868650656782,-0.8385789953771384,0.5128313163246462
2436,2026-07-30T06:54:57.108622Z,moon,39.759062,-104.62011683333333,1672.4,168.03634538975732,30.91681596691591,394395.0507172088,0.17783802251007338,-0.8392796448311994,0.5137930668291685
2437,2026-07-30T06:56:27.132066Z,moon,39.759062,-104.62011683333333,1672.4,168.43721808721247,30.979103947953178,394386.1202600687,0.1718495967553644,-0.8399556240281738,0.5147254275421604
2438,2026-07-30T06:57:57.155509Z,moon,39.759062,-104.62011683333333,1672.4,168.8387673607363,31.039464604165524,394377.37598726444,0.16585365826455123,-0.8406068997002765,0.5156283586232965
2439,2026-07-30T06:59:27.178953Z,moon,39.759062,-104.62011683333333,1672.4,169.2409743863498,31.09789175875631,394368.8181346525,0.15985045622162566,-0.8412334396620346,0.51650182152643
2440,2026-07-30T07:00:57.202396Z,moon,39.759062,-104.62011683333333,1672.4,169.6438200620167,31.154379407057053,394360.4469307104,0.15384024042705294,-0.8418352127621235,0.5173457789323277
2441,2026-07-30T07:02:27.225840Z,moon,39.759062,-104.62011683333333,1672.4,170.04728504961136,31.2089217245726,394352.2625958559,0.14782326075287758,-0.8424121889406733,0.518160194828366
2442,2026-07-30T07:03:57.249284Z,moon,39.759062,-104.62011683333333,1672.4,170.45134975006508,31.261513065303905,394344.26534287946,0.14179976759857962,-0.8429643391835142,0.5189450344438127
2443,2026-07-30T07:05:27.272727Z,moon,39.759062,-104.62011683333333,1672.4,170.85599432345396,31.312147966459474,394336.45537684887,0.13577001167961403,-0.8434916355448968,0.5197002642815494
2444,2026-07-30T07:06:57.296171Z,moon,39.759062,-104.62011683333333,1672.4,171.26119870945067,31.360821152679236,394328.8328946631,0.12973424381442636,-0.8439940511654664,0.5204258521434181
2445,2026-07-30T07:08:27.319614Z,moon,39.759062,-104.62011683333333,1672.4,171.66694260294577,31.407527534729958,394321.39808587055,0.12369271538256707,-0.8444715602332422,0.5211217670741847
2446,2026-07-30T07:09:57.343058Z,moon,39.759062,-104.62011683333333,1672.4,172.07320549746626,31.45226221631249,394314.151131772,0.11764567777606867,-0.8449241380298862,0.521787979427529
2447,2026-07-30T07:11:27.366502Z,moon,39.759062,-104.62011683333333,1672.4,172.47996666116785,31.49502049280452,394307.0922060616,0.1115933828581545,-0.8453517608939907,0.5224244608129509
2448,2026-07-30T07:12:57.389945Z,moon,39.759062,-104.62011683333333,1672.4,172.88720515813657,31.535797855228598,394300.2214746232,0.10553608275022563,-0.845754406239761,0.5230311841217183
2449,2026-07-30T07:14:27.413389Z,moon,39.759062,-104.62011683333333,1672.4,173.29489986995134,31.574589993776172,394293.53909525275,0.09947402961830493,-0.8461320525702407,0.5236081235473417
2450,2026-07-30T07:15:57.436833Z,moon,39.759062,-104.62011683333333,1672.4,173.70302947671541,31.61139279724373,394287.0452180733,0.09340747606512859,-0.8464846794517068,0.5241552545464784
2451,2026-07-30T07:17:27.460276Z,moon,39.759062,-104.62011683333333,1672.4,174.1115724789666,31.646202356556348,394280.73998537945,0.08733667491686492,-0.8468122675295031,0.5246725538619369
2452,2026-07-30T07:18:57.483720Z,moon,39.759062,-104.62011683333333,1672.4,174.52050721982388,31.6790149678038,394274.623531355,0.08126187900935371,-0.8471147985387433,0.5251599995396959
2453,2026-07-30T07:20:27.507163Z,moon,39.759062,-104.62011683333333,1672.4,174.9298118619721,31.70982713148096,394268.6959825568,0.07518334164783344,-0.8473922552805424,0.5256175708908724
2454,2026-07-30T07:21:57.530607Z,moon,39.759062,-104.62011683333333,1672.4,175.339464432807,31.738635557172937,394262.9574573678,0.0691013160564696,-0.8476446216499014,0.5260452485359595
2455,2026-07-30T07:23:27.554051Z,moon,39.759062,-104.62011683333333,1672.4,175.74944280171852,31.765437162806357,394257.4080665629,0.06301605583818974,-0.8478718826142817,0.5264430143697529
2456,2026-07-30T07:24:57.577494Z,moon,39.759062,-104.62011683333333,1672.4,176.15972470282134,31.790229077352784,394252.04791291326,0.05692781476164547,-0.8480740242249423,0.5268108515789854
2457,2026-07-30T07:26:27.600938Z,moon,39.759062,-104.62011683333333,1672.4,176.5702877580171,31.81300864303524,394246.8770911244,0.050836846545622975,-0.8482510336232926,0.5271487446540232
2458,2026-07-30T07:27:57.624381Z,moon,39.759062,-104.62011683333333,1672.4,176.9811094545011,31.833773414841165,394241.89568830444,0.044743405321246585,-0.8484028990265025,0.5274566793620922
2459,2026-07-30T07:29:27.647825Z,moon,39.759062,-104.62011683333333,1672.4,177.3921671908044,31.8525211638013,394237.10378324427,0.03864774507913196,-0.8485296097440558,0.5277346427778822
2460,2026-07-30T07:30:57.671269Z,moon,39.759062,-104.62011683333333,1672.4,177.80343825455236,31.869249876507542,394232.50144716067,0.03255012013112572,-0.8486311561656488,0.5279826232598982
2461,2026-07-30T07:32:27.694712Z,moon,39.759062,-104.62011683333333,1672.4,178.21489984590752,31.88395775693762,394228.08874322404,0.026450784895863375,-0.8487075297682658,0.5282006104625789
2462,2026-07-30T07:33:57.718156Z,moon,39.759062,-104.62011683333333,1672.4,178.62652910119232,31.896643227796645,394223.8657265576,0.020349993683234566,-0.8487587231179066,0.5283885953428151
2463,2026-07-30T07:35:27.741599Z,moon,39.759062,-104.62011683333333,1672.4,179.03830307078826,31.90730493026579,394219.8324446133,0.014248001157752762,-0.8487847298647317,0.528546570144451
2464,2026-07-30T07:36:57.765043Z,moon,39.759062,-104.62011683333333,1672.4,179.45019876580298,31.91594172583576,394215.9889365956,0.008145061783712671,-0.8487855447481498,0.5286745284152868
2465,2026-07-30T07:38:27.788487Z,moon,39.759062,-104.62011683333333,1672.4,179.86219313606318,31.922552696035858,394212.3352340329,0.0020414302890188083,-0.8487611635943313,0.5287724649945115
2466,2026-07-30T07:39:57.811930Z,moon,39.759062,-104.62011683333333,1672.4,180.2742630940544,31.927137143382957,394208.87136038265,-0.004062638551176213,-0.8487115833186194,0.528840376019839
2467,2026-07-30T07:41:27.835374Z,moon,39.759062,-104.62011683333333,1672.4,180.68638553874618,31.929694591801844,394205.5973311473,-0.010166890128396028,-0.8486368019229025,0.5288782589284471
2468,2026-07-30T07:42:57.858817Z,moon,39.759062,-104.62011683333333,1672.4,181.09853733381908,31.93022478659626,394202.51315401105,-0.016271069538930448,-0.8485368185002439,0.5288861124529018
2469,2026-07-30T07:44:27.882261Z,moon,39.759062,-104.62011683333333,1672.4,181.51069535446865,31.92872769480566,394199.61882852705,-0.022374922137436713,-0.8484116332284937,0.5288639366244438
2470,2026-07-30T07:45:57.905705Z,moon,39.759062,-104.62011683333333,1672.4,181.92283646561285,31.925203505151316,394196.9143465299,-0.028478193074405696,-0.8482612473772813,0.5288117327718398
2471,2026-07-30T07:47:27.929148Z,moon,39.759062,-104.62011683333333,1672.4,182.33493754583816,31.91965262806694,394194.3996917501,-0.03458062751111685,-0.8480856633059627,0.5287295035231366
2472,2026-07-30T07:48:57.952592Z,moon,39.759062,-104.62011683333333,1672.4,182.74697551136077,31.912075695196435,394192.0748399725,-0.04068197083495783,-0.8478848844565687,0.5286172528011688
2473,2026-07-30T07:50:27.976035Z,moon,39.759062,-104.62011683333333,1672.4,183.1589272941564,31.90247355957907,394189.939759133,-0.04678196819643819,-0.8476589153679112,0.5284749858308943
2474,2026-07-30T07:51:57.999479Z,moon,39.759062,-104.62011683333333,1672.4,183.57076988874607,31.89084729452896,394187.9944091476,-0.05288036506338435,-0.8474077616576892,0.5283027091290259
2475,2026-07-30T07:53:28.022923Z,moon,39.759062,-104.62011683333333,1672.4,183.9824803302556,31.87719819379847,394186.2387420463,-0.05897690675810797,-0.8471314300389527,0.5281004305143144
2476,2026-07-30T07:54:58.046366Z,moon,39.759062,-104.62011683333333,1672.4,184.3940357182219,31.86152777067287,394184.67270193214,-0.06507133867282168,-0.8468299283137564,0.5278681591036205
2477,2026-07-30T07:56:28.069810Z,moon,39.759062,-104.62011683333333,1672.4,184.8054132402745,31.84383775658586,394183.2962248548,-0.07116340648419106,-0.8465032653613962,0.5276059053024895
2478,2026-07-30T07:57:58.093253Z,moon,39.759062,-104.62011683333333,1672.4,185.2165901500336,31.824130101509088,394182.1092390941,-0.07725285569103385,-0.8461514511621582,0.5273136808236195
2479,2026-07-30T07:59:28.116697Z,moon,39.759062,-104.62011683333333,1672.4,185.62754381352082,31.80240697136774,394181.11166483944,-0.08333943216790937,-0.8457744967679295,0.5269914986628211
2480,2026-07-30T08:00:58.140141Z,moon,39.759062,-104.62011683333333,1672.4,186.03825168689036,31.7786707484259,394180.3034144785,-0.08942288170301521,-0.8453724143282074,0.5266393731205692
2481,2026-07-30T08:02:28.163584Z,moon,39.759062,-104.62011683333333,1672.4,186.44869133974817,31.752924029504232,394179.6843924129,-0.0955029502127944,-0.8449452170791791,0.5262573197929615
2482,2026-07-30T08:03:58.187028Z,moon,39.759062,-104.62011683333333,1672.4,186.85884047836026,31.725169623697628,394179.25449514773,-0.10157938395670744,-0.8444929193275437,0.525845355556763
2483,2026-07-30T08:05:28.210471Z,moon,39.759062,-104.62011683333333,1672.4,187.26867692307036,31.69541055300392,394179.0136112334,-0.10765192907549392,-0.844015536483835,0.5254034985991519
2484,2026-07-30T08:06:58.233915Z,moon,39.759062,-104.62011683333333,1672.4,187.67817865403055,31.66365004833482,394178.96162135794,-0.11372033214344117,-0.8435130850213354,0.5249317683804009
2485,2026-07-30T08:08:28.257359Z,moon,39.759062,-104.62011683333333,1672.4,188.0873237884145,31.629891550119833,394179.0983983008,-0.11978433970766952,-0.8429855825119009,0.5244301856661846
2486,2026-07-30T08:09:58.280802Z,moon,39.759062,-104.62011683333333,1672.4,188.4960906030221,31.59413870569965,394179.4238068822,-0.1258436985021115,-0.8424330476103139,0.523898772513649
2487,2026-07-30T08:11:28.304246Z,moon,39.759062,-104.62011683333333,1672.4,188.904457556691,31.556395366187473,394179.93770405266,-0.13189815566121202,-0.8418555000338099,0.5233375522509297
2488,2026-07-30T08:12:58.327690Z,moon,39.759062,-104.62011683333333,1672.4,189.3124032716547,31.516665586936018,394180.6399389434,-0.13794745832748173,-0.8412529605978678,0.522746549511625
2489,2026-07-30T08:14:28.351133Z,moon,39.759062,-104.62011683333333,1672.4,189.71990655565787,31.474953624410702,394181.5303526902,-0.143991353865782,-0.8406254511980791,0.5221257902171901
2490,2026-07-30T08:15:58.374577Z,moon,39.759062,-104.62011683333333,1672.4,190.1269464237167,31.4312639325993,394182.60877865116,-0.150029590075248,-0.8399729947869491,0.5214753015536757
2491,2026-07-30T08:17:28.398020Z,moon,39.759062,-104.62011683333333,1672.4,190.53350207458072,31.385601164103104,394183.87504221,-0.1560619147320919,-0.8392956154221479,0.5207951120194113
2492,2026-07-30T08:18:58.421464Z,moon,39.759062,-104.62011683333333,1672.4,190.93955293473627,31.337970163961526,394185.3289610474,-0.16208807613722043,-0.8385933382074923,0.5200852513657249
2493,2026-07-30T08:20:28.444908Z,moon,39.759062,-104.62011683333333,1672.4,191.34507863444273,31.28837597079458,394186.9703448286,-0.1681078226584802,-0.8378661893435521,0.5193457506478126
2494,2026-07-30T08:21:58.468351Z,moon,39.759062,-104.62011683333333,1672.4,191.75005902878397,31.236823812905865,394188.79899541324,-0.1741209029438695,-0.8371141961051752,0.5185766422017074
2495,2026-07-30T08:23:28.491795Z,moon,39.759062,-104.62011683333333,1672.4,192.15447421840335,31.183319103948218,394190.81470686436,-0.18012706613343912,-0.8363373868136648,0.5177779596157509
2496,2026-07-30T08:24:58.515238Z,moon,39.759062,-104.62011683333333,1672.4,192.55830452499913,31.12786744438411,394193.0172654806,-0.186126061402656,-0.8355357908946779,0.5169497377896036
2497,2026-07-30T08:26:28.538682Z,moon,39.759062,-104.62011683333333,1672.4,192.9615305341103,31.07047461404589,394195.40644957864,-0.19211763850837102,-0.8347094388076607,0.5160920128614346
2498,2026-07-30T08:27:58.562126Z,moon,39.759062,-104.62011683333333,1672.4,193.36413307023827,31.011146573648844,394197.9820298252,-0.19810154733318433,-0.8338583621060563,0.5152048222697484
2499,2026-07-30T08:29:28.585569Z,moon,39.759062,-104.62011683333333,1672.4,193.7660932166996,30.949889460223716,394200.7437689057,-0.20407753809761686,-0.8329825934101976,0.5142882047253632
2500,2026-07-30T08:30:58.609013Z,moon,39.759062,-104.62011683333333,1672.4,194.16739233507258,30.886709582113262,394203.6914219415,-0.21004536157004758,-0.8320821663752213,0.5133422001776462
2501,2026-07-30T08:32:28.632456Z,moon,39.759062,-104.62011683333333,1672.4,194.56801203981897,30.821613420836048,394206.82473609236,-0.21600476861371387,-0.8311571157583163,0.5123668498843895
2502,2026-07-30T08:33:58.655900Z,moon,39.759062,-104.62011683333333,1672.4,194.96793423958337,30.75460762248879,394210.14345088537,-0.22195551072873226,-0.8302074773368023,0.5113621963258631
2503,2026-07-30T08:35:28.679344Z,moon,39.759062,-104.62011683333333,1672.4,195.3671411113599,30.685698999698634,394213.6472979721,-0.2278973395993791,-0.8292332879777838,0.5103282832776164
2504,2026-07-30T08:36:58.702787Z,moon,39.759062,-104.62011683333333,1672.4,195.76561511904288,30.614894526458666,394217.3360013375,-0.23383000730506365,-0.8282345856064757,0.509265155777404
2505,2026-07-30T08:38:28.726231Z,moon,39.759062,-104.62011683333333,1672.4,196.1633390315081,30.542201332509137,394221.2092772605,-0.23975326652843792,-0.8272114091700833,0.5081728600858068
2506,2026-07-30T08:39:58.749674Z,moon,39.759062,-104.62011683333333,1672.4,196.56029589630813,30.46762670571729,394225.2668341346,-0.24566687010613888,-0.8261637987139291,0.5070514437676162
2507,2026-07-30T08:41:28.773118Z,moon,39.759062,-104.62011683333333,1672.4,196.95646907935077,30.391178082387547,394229.5083729426,-0.251570571565897,-0.825091795288649,0.505900955592458
2508,2026-07-30T08:42:58.796562Z,moon,39.759062,-104.62011683333333,1672.4,197.35184223816896,30.31286304971333,394233.93358673126,-0.25746412467830726,-0.823995441028949,0.5047214456184134
2509,2026-07-30T08:44:28.820005Z,moon,39.759062,-104.62011683333333,1672.4,197.74639933902083,30.23268934010015,394238.5421608738,-0.2633472836650664,-0.8228747791177665,0.5035129651539451
2510,2026-07-30T08:45:58.843449Z,moon,39.759062,-104.62011683333333,1672.4,198.14012467365126,30.15066482504989,394243.33377329574,-0.2692198034063049,-0.8217298537454706,0.5022755667134506
2511,2026-07-30T08:47:28.866892Z,moon,39.759062,-104.62011683333333,1672.4,198.5330028319697,30.066797518075994,394248.3080939579,-0.27508143899419263,-0.8205607101956015,0.5010093041093893
2512,2026-07-30T08:48:58.890336Z,moon,39.759062,-104.62011683333333,1672.4,198.92501874016023,29.98109556402068,394253.46478552214,-0.2809319462660852,-0.8193673947408134,0.49971423233964574
2513,2026-07-30T08:50:28.913780Z,moon,39.759062,-104.62011683333333,1672.4,199.3161576329767,29.89356724212241,394258.80350278725,-0.2867710813595947,-0.8181499547306431,0.49839040768266735
2514,2026-07-30T08:51:58.937223Z,moon,39.759062,-104.62011683333333,1672.4,199.70640506948712,29.80422095984403,394264.32389295415,-0.2925986009195874,-0.8169084385516675,0.4970378876534228
2515,2026-07-30T08:53:28.960667Z,moon,39.759062,-104.62011683333333,1672.4,200.09574694841,29.713065246382744,394270.0255958169,-0.2984142623028949,-0.8156428955821926,0.49565673095451396
2516,2026-07-30T08:54:58.984110Z,moon,39.759062,-104.62011683333333,1672.4,200.48416947990927,29.62010875617578,394275.9082434074,-0.30421782313648804,-0.814353376287223,0.49424699757883894
2517,2026-07-30T08:56:29.007554Z,moon,39.759062,-104.62011683333333,1672.4,200.87165922207996,29.525360257329933,394281.9714603328,-0.31000904184533834,-0.8130399321033744,0.4928087486839855
2518,2026-07-30T08:57:59.030998Z,moon,39.759062,-104.62011683333333,1672.4,201.25820305235982,29.428828635321675,394288.2148636173,-0.31578767721172907,-0.8117026155358356,0.49134204669812687
2519,2026-07-30T08:59:29.054441Z,moon,39.759062,-104.62011683333333,1672.4,201.64378818193296,29.33052288647918,394294.63806264114,-0.3215534885803721,-0.8103414801140634,0.489846955271074
2520,2026-07-30T09:00:59.077885Z,moon,39.759062,-104.62011683333333,1672.4,202.02840216969088,29.230452111135314,394301.24065950565,-0.3273062360605983,-0.8089565803425219,0.48832353922003047
2521,2026-07-30T09:02:29.101328Z,moon,39.759062,-104.62011683333333,1672.4,202.41203289324395,29.128625517822123,394308.0222486077,-0.3330456800896133,-0.8075479718043497,0.4867718646433135
2522,2026-07-30T09:03:59.124772Z,moon,39.759062,-104.62011683333333,1672.4,202.79466858377867,29.025052410895164,394314.98241706856,-0.3387715819539893,-0.8061157110356628,0.48519199878178054
2523,2026-07-30T09:05:29.148216Z,moon,39.759062,-104.62011683333333,1672.4,203.17629779673143,28.919742194905393,394322.12074444786,-0.34448370335437295,-0.8046598556314772,0.48358401013514346
2524,2026-07-30T09:06:59.171659Z,moon,39.759062,-104.62011683333333,1672.4,203.55690942487394,28.81270436783402,394329.43680277426,-0.3501818066077881,-0.8031804641970677,0.4819479684085083
2525,2026-07-30T09:08:29.195103Z,moon,39.759062,-104.62011683333333,1672.4,203.93649271104093,28.703948513942983,394336.9301569443,-0.3558656548481112,-0.8016775962945895,0.4802839444525023
2526,2026-07-30T09:09:59.218546Z,moon,39.759062,-104.62011683333333,1672.4,204.3150372183581,28.593484308736947,394344.60036412097,-0.361535011593126,-0.8001513125557953,0.4785920103883853
2527,2026-07-30T09:11:29.241990Z,moon,39.759062,-104.62011683333333,1672.4,204.692532863697,28.481321505814467,394352.4469744343,-0.3671896412614757,-0.7986016745453526,0.4768722394558396
2528,2026-07-30T09:12:59.265434Z,moon,39.759062,-104.62011683333333,1672.4,205.0689698875957,28.36746994202824,394360.46953042684,-0.3728293087410178,-0.7970287448758971,0.47512470614065844
2529,2026-07-30T09:14:29.288877Z,moon,39.759062,-104.62011683333333,1672.4,205.44433886620905,28.25193953047646,394368.6675672679,-0.37845377958952414,-0.7954325871551202,0.4733494861158252
2530,2026-07-30T09:15:59.312321Z,moon,39.759062,-104.62011683333333,1672.4,205.81863072283207,28.134740253184706,394377.0406131198,-0.38406282023197774,-0.7938132659282533,0.4715466561770742
2531,2026-07-30T09:17:29.335765Z,moon,39.759062,-104.62011683333333,1672.4,206.19183670174334,28.01588216546528,394385.58818851365,-0.38965619759591574,-0.7921708467812433,0.4697162943575417
2532,2026-07-30T09:18:59.359208Z,moon,39.759062,-104.62011683333333,1672.4,206.5639483794851,27.895375388819804,394394.3098068081,-0.39523367931035247,-0.7905053962853517,0.4678584798660175
2533,2026-07-30T09:20:29.382652Z,moon,39.759062,-104.62011683333333,1672.4,206.934957675718,27.773230103536658,394403.20497434546,-0.40079503390106136,-0.788816981937326,0.46597329301960566
2534,2026-07-30T09:21:59.406095Z,moon,39.759062,-104.62011683333333,1672.4,207.30485682268963,27.649456554849795,394412.27318981645,-0.4063400303678754,-0.787105672285974,0.46406081538509475
2535,2026-07-30T09:23:29.429539Z,moon,39.759062,-104.62011683333333,1672.4,207.67363839638503,27.524065038850857,394421.51394517417,-0.4118684386890239,-0.7853715367787744,0.4621211296073922
2536,2026-07-30T09:24:59.452983Z,moon,39.759062,-104.62011683333333,1672.4,208.04129528578324,27.39706590884118,394430.9267248916,-0.41738002940006497,-0.7836146458909177,0.4601543195529655
2537,2026-07-30T09:26:29.476426Z,moon,39.759062,-104.62011683333333,1672.4,208.40782070310243,27.268469568153655,394440.51100614335,-0.42287457378931465,-0.7818350710658143,0.4581604702437985
2538,2026-07-30T09:27:59.499870Z,moon,39.759062,-104.62011683333333,1672.4,208.7732081937297,27.138286462637218,394450.2662594871,-0.4283518440908168,-0.7800328846509839,0.45613966778505616
2539,2026-07-30T09:29:29.523313Z,moon,39.759062,-104.62011683333333,1672.4,209.13745160531934,27.00652708760942,394460.1919478165,-0.43381161306728944,-0.7782081600336586,0.4540919995166003
2540,2026-07-30T09:30:59.546757Z,moon,39.759062,-104.62011683333333,1672.4,209.50054511775187,26.87320197323606,394470.2875273952,-0.4392536545072877,-0.7763609714767787,0.45201755382907927
2541,2026-07-30T09:32:29.570201Z,moon,39.759062,-104.62011683333333,1672.4,209.86248321208853,26.73832169172202,394480.5524470922,-0.44467774280987177,-0.7744913942567294,0.449916420318024
2542,2026-07-30T09:33:59.593644Z,moon,39.759062,-104.62011683333333,1672.4,210.22326067999657,26.60189685003314,394490.98614876135,-0.45008365317766846,-0.772599504599728,0.4477886897125687
2543,2026-07-30T09:35:29.617088Z,moon,39.759062,-104.62011683333333,1672.4,210.58287263281667,26.46393808232873,394501.5880675839,-0.4554711618062496,-0.7706853796139034,0.4456344537984454
2544,2026-07-30T09:36:59.640531Z,moon,39.759062,-104.62011683333333,1672.4,210.94131447050543,26.324456057745245,394512.35763125337,-0.46084004547387514,-0.7687490974332156,0.44345380557985176
2545,2026-07-30T09:38:29.663975Z,moon,39.759062,-104.62011683333333,1672.4,211.2985819104748,26.183461465283518,394523.2942610183,-0.46619008203024703,-0.7667907370435272,0.44124683908315515
2546,2026-07-30T09:39:59.687419Z,moon,39.759062,-104.62011683333333,1672.4,211.6546709564633,26.040965021842457,394534.3973707519,-0.4715210499882307,-0.7648103784284723,0.43901364952139393
2547,2026-07-30T09:41:29.710862Z,moon,39.759062,-104.62011683333333,1672.4,212.00957790723785,25.896977464875963,394545.66636754805,-0.4768327287138067,-0.7628081025020761,0.4367543332178028
2548,2026-07-30T09:42:59.734306Z,moon,39.759062,-104.62011683333333,1672.4,212.36329936491535,25.751509544838527,394557.1006518653,-0.4821248986112558,-0.7607839910371135,0.43446898752468804
2549,2026-07-30T09:44:29.757749Z,moon,39.759062,-104.62011683333333,1672.4,212.71583220395172,25.604572033767635,394568.6996168633,-0.48739734072095847,-0.7587381268170063,0.43215771099490796
2550,2026-07-30T09:45:59.781193Z,moon,39.759062,-104.62011683333333,1672.4,213.0671735989766,25.456175709751253,394580.4626493912,-0.49264983719892946,-0.7566705934521101,0.4298206031738123
2551,2026-07-30T09:47:29.804637Z,moon,39.759062,-104.62011683333333,1672.4,213.41732099370526,25.306331365776714,394592.3891290698,-0.49788217091580533,-0.7545814755339383,0.4274577647735381
2552,2026-07-30T09:48:59.828080Z,moon,39.759062,-104.62011683333333,1672.4,213.76627210905067,25.155049802389605,394604.4784287612,-0.5030941256433372,-0.7524708585638287,0.42506929759202866
2553,2026-07-30T09:50:29.851524Z,moon,39.759062,-104.62011683333333,1672.4,214.11402495089695,25.002341820140707,394616.72991496004,-0.5082854862361995,-0.7503388288774016,0.4226553044272838
2554,2026-07-30T09:51:59.874967Z,moon,39.759062,-104.62011683333333,1672.4,214.46057777918028,24.84821822898925,394629.14294696244,-0.5134560382368727,-0.7481854738048712,0.42021588925869435
2555,2026-07-30T09:53:29.898411Z,moon,39.759062,-104.62011683333333,1672.4,214.80592913490915,24.69268983236929,394641.7168778692,-0.5186055683464018,-0.7460108814773364,0.41775115702713866
2556,2026-07-30T09:54:59.921855Z,moon,39.759062,-104.62011683333333,1672.4,215.15007780923787,24.535767436867214,394654.4510537231,-0.5237338640307694,-0.7438151409891962,0.4152612138192318
2557,2026-07-30T09:56:29.945298Z,moon,39.759062,-104.62011683333333,1672.4,215.49302285110056,24.377461844880134,394667.3448139212,-0.528840713703645,-0.7415983423232115,0.4127461667815755
2558,2026-07-30T09:57:59.968742Z,moon,39.759062,-104.62011683333333,1672.4,215.83476357458068,24.217783847098705,394680.39749169047,-0.5339259069048039,-0.7393605762708517,0.4102061240307326
2559,2026-07-30T09:59:29.992185Z,moon,39.759062,-104.62011683333333,1672.4,216.17529952821204,24.056744232698897,394693.60841311986,-0.538989233912599,-0.7371019346009969,0.4076411948439182
2560,2026-07-30T10:01:00.015629Z,moon,39.759062,-104.62011683333333,1672.4,216.51463052125635,23.894353773083083,394706.97689833445,-0.5440304862046643,-0.7348225098565654,0.405051489428214
2561,2026-07-30T10:02:30.039073Z,moon,39.759062,-104.62011683333333,1672.4,216.85275659314968,23.73062323229544,394720.5022605259,-0.5490494560735467,-0.7325223955245734,0.4024371191133877
2562,2026-07-30T10:04:00.062516Z,moon,39.759062,-104.62011683333333,1672.4,217.18967802068653,23.565563359771005,394734.1838063483,-0.554045936804082,-0.7302016859580402,0.39979819626271795
2563,2026-07-30T10:05:30.085960Z,moon,39.759062,-104.62011683333333,1672.4,217.52539532512807,23.39918488281512,394748.0208364756,-0.55901972284882,-0.7278604762922976,0.3971348341779885
2564,2026-07-30T10:07:00.109403Z,moon,39.759062,-104.62011683333333,1672.4,217.859909241851,23.231498517584996,394762.012644591,-0.5639706094486013,-0.7254988626216615,0.39444714729967145
2565,2026-07-30T10:08:30.132847Z,moon,39.759062,-104.62011683333333,1672.4,218.1932207460234,23.062514952498066,394776.1585185654,-0.5688983930832966,-0.7231169417864706,0.3917352509650172
2566,2026-07-30T10:10:00.156291Z,moon,39.759062,-104.62011683333333,1672.4,218.525331022377,22.89224485943873,394790.45773950225,-0.5738028710948128,-0.7207148115516143,0.38899926161044424
2567,2026-07-30T10:11:30.179734Z,moon,39.759062,-104.62011683333333,1672.4,218.8562414722539,22.720698886501506,394804.90958211507,-0.5786838418620485,-0.7182925705239669,0.3862392966773989
2568,2026-07-30T10:13:00.203178Z,moon,39.759062,-104.62011683333333,1672.4,219.1859537204093,22.547887650548432,394819.51331529056,-0.5835411049709742,-0.7158503180656808,0.38345547451368855
2569,2026-07-30T10:14:30.226622Z,moon,39.759062,-104.62011683333333,1672.4,219.51446958878873,22.37382174700113,394834.2682012665,-0.588374460897869,-0.7133881544508572,0.38064791455141583
2570,2026-07-30T10:16:00.250065Z,moon,39.759062,-104.62011683333333,1672.4,219.84179110344684,22.198511742614652,394849.17349596455,-0.5931837111814656,-0.7109061807810079,0.37781673721044257
2571,2026-07-30T10:17:30.273509Z,moon,39.759062,-104.62011683333333,1672.4,220.16792050127268,22.02196816803929,394864.22844964964,-0.5979686585907349,-0.7084044988961972,0.3749620637968925
2572,2026-07-30T10:19:00.296952Z,moon,39.759062,-104.62011683333333,1672.4,220.4928602004206,21.844201530014065,394879.4323057302,-0.6027291067596787,-0.7058832115637675,0.3720840167181346
2573,2026-07-30T10:20:30.320396Z,moon,39.759062,-104.62011683333333,1672.4,220.81661282518976,21.665222294237893,394894.7843021685,-0.607464860621003,-0.7033424222509497,0.369182719222978
2574,2026-07-30T10:22:00.343840Z,moon,39.759062,-104.62011683333333,1672.4,221.1391811766243,21.48504089779207,394910.2836703844,-0.6121757260433489,-0.7007822353153037,0.36625829561906853
2575,2026-07-30T10:23:30.367283Z,moon,39.759062,-104.62011683333333,1672.4,221.46056823934052,21.303667741925917,394925.92963564885,-0.616861509999528,-0.6982027559165495,0.3633108711718346
2576,2026-07-30T10:25:00.390727Z,moon,39.759062,-104.62011683333333,1672.4,221.78077718812384,21.121113184659706,394941.72141776496,-0.6215220207294475,-0.6956040899246215,0.36034057199894
2577,2026-07-30T10:26:30.414170Z,moon,39.759062,-104.62011683333333,1672.4,222.0998113589526,20.937387553704056,394957.65822983626,-0.6261570673843772,-0.6929863441155107,0.35734752529437724
2578,2026-07-30T10:28:00.437614Z,moon,39.759062,-104.62011683333333,1672.4,222.4176742734811,20.752501129008458,394973.7392797655,-0.6307664604493995,-0.6903496259351347,0.3543318590577987
2579,2026-07-30T10:29:30.461058Z,moon,39.759062,-104.62011683333333,1672.4,222.73436961022387,20.566464155892938,394989.9637689509,-0.635350011389838,-0.6876940436972168,0.35129370232086865
2580,2026-07-30T10:31:00.484501Z,moon,39.759062,-104.62011683333333,1672.4,223.04990121132323,20.379286837862004,395006.3308928711,-0.6399075328149137,-0.6850197064918156,0.3482331850421453
2581,2026-07-30T10:32:30.507945Z,moon,39.759062,-104.62011683333333,1672.4,223.36427308915387,20.190979329246648,395022.83984180173,-0.6444388386365163,-0.6823267240896,0.3451504379976551
2582,2026-07-30T10:34:00.531388Z,moon,39.759062,-104.62011683333333,1672.4,223.6774893979239,20.00155174877972,395039.4897993989,-0.6489437437226527,-0.6796152071454964,0.3420455930132884
2583,2026-07-30T10:35:30.554832Z,moon,39.759062,-104.62011683333333,1672.4,223.98955445783844,19.811014161878706,395056.2799442618,-0.6534220643082106,-0.6768852669536771,0.3389187826843561
2584,2026-07-30T10:37:00.578276Z,moon,39.759062,-104.62011683333333,1672.4,224.30047272694281,19.619376594416856,395073.2094487626,-0.6578736176514539,-0.674137015652502,0.335770140610101
2585,2026-07-30T10:38:30.601719Z,moon,39.759062,-104.62011683333333,1672.4,224.61024880787974,19.426649025565904,395090.2774794656,-0.6622982221928627,-0.6713705661298487,0.33259980128475725
2586,2026-07-30T10:40:00.625163Z,moon,39.759062,-104.62011683333333,1672.4,224.9188874544771,19.232841380470283,395107.4831979985,-0.6666956977087003,-0.668586031924529,0.329407899984384
2587,2026-07-30T10:41:30.648606Z,moon,39.759062,-104.62011683333333,1672.4,225.22639354408426,19.03796354445328,395124.82575942896,-0.6710658649753998,-0.6657835274361146,0.32619457300749627
2588,2026-07-30T10:43:00.672050Z,moon,39.759062,-104.62011683333333,1672.4,225.5327721013776,18.842025345011944,395142.3043140554,-0.6754085461672842,-0.662963167672435,0.3229599573846986
2589,2026-07-30T10:44:30.695494Z,moon,39.759062,-104.62011683333333,1672.4,225.83802827089355,18.645036566228644,395159.91800606606,-0.6797235645233228,-0.6601250684612054,0.3197041911217258
2590,2026-07-30T10:46:00.718937Z,moon,39.759062,-104.62011683333333,1672.4,226.14216732385518,18.447006941602226,395177.6659740962,-0.6840107445015984,-0.6572693463519296,0.31642741308628203
2591,2026-07-30T10:47:30.742381Z,moon,39.759062,-104.62011683333333,1672.4,226.4451946647951,18.24794614676448,395195.5473519793,-0.6882699119276012,-0.654396118514341,0.3131297628915796
2592,2026-07-30T10:49:00.765824Z,moon,39.759062,-104.62011683333333,1672.4,226.7471158045671,18.047863814264712,395213.56126714137,-0.6925008936689767,-0.6515055029551822,0.30981138114469553
2593,2026-07-30T10:50:30.789268Z,moon,39.759062,-104.62011683333333,1672.4,227.04793638391104,17.84676951530208,395231.7068425719,-0.6967035180206373,-0.6485976182575245,0.30647240914694734
2594,2026-07-30T10:52:00.812712Z,moon,39.759062,-104.62011683333333,1672.4,227.34766214669358,17.644672774700606,395249.983195128,-0.700877614382267,-0.6456725837990016,0.3031129891445488
2595,2026-07-30T10:53:30.836155Z,moon,39.759062,-104.62011683333333,1672.4,227.64629894677833,17.441583063779884,395268.38943654456,-0.7050230134073767,-0.6427305196507981,0.29973326421236085
2596,2026-07-30T10:55:00.859599Z,moon,39.759062,-104.62011683333333,1672.4,227.94385275473857,17.237509793039795,395286.9246737127,-0.7091395471467501,-0.6397715464731645,0.2963333781332062
2597,2026-07-30T10:56:30.883042Z,moon,39.759062,-104.62011683333333,1672.4,228.24032963157202,17.032462327536873,395305.58800748613,-0.7132270487338832,-0.6367957857385216,0.292913475654525
2598,2026-07-30T10:58:00.906486Z,moon,39.759062,-104.62011683333333,1672.4,228.5357357520417,16.826449968323296,395324.37853434426,-0.7172853527570575,-0.6338033594631861,0.2894737021792531
2599,2026-07-30T10:59:30.929930Z,moon,39.759062,-104.62011683333333,1672.4,228.83007737861666,16.619481967982487,395343.2953450889,-0.7213142949476268,-0.6307943904320179,0.2860142040243932
2600,2026-07-30T11:01:00.953373Z,moon,39.759062,-104.62011683333333,1672.4,229.12336086842453,16.41156752347672,395362.3375251562,-0.7253137123239395,-0.627769002094592,0.2825351283009352
2601,2026-07-30T11:02:30.976817Z,moon,39.759062,-104.62011683333333,1672.4,229.4155926800884,16.2027157688504,395381.504155776,-0.7292834433297215,-0.6247273184574593,0.27903662279008623
2602,2026-07-30T11:04:01.000260Z,moon,39.759062,-104.62011683333333,1672.4,229.70677934810791,15.992935791112954,395400.7943120328,-0.7332233275303023,-0.6216694643139975,0.275518836207143
2603,2026-07-30T11:05:31.023704Z,moon,39.759062,-104.62011683333333,1672.4,229.9969275060211,15.782236611421373,395420.20706514147,-0.7371332059713803,-0.6185955649684355,0.27198191788377524
2604,2026-07-30T11:07:01.047148Z,moon,39.759062,-104.62011683333333,1672.4,230.2860438610259,15.570627201119656,395439.74148035585,-0.7410129208783116,-0.6155057464669682,0.2684260180338959
2605,2026-07-30T11:08:31.070591Z,moon,39.759062,-104.62011683333333,1672.4,230.57413520106678,15.358116474562417,395459.3966183564,-0.7448623157951502,-0.6124001354906768,0.26485128763003346
2606,2026-07-30T11:10:01.094035Z,moon,39.759062,-104.62011683333333,1672.4,230.86120840174837,15.144713281816584,395479.171535318,-0.7486812357172183,-0.6092788592454422,0.2612578782764483
2607,2026-07-30T11:11:31.117479Z,moon,39.759062,-104.62011683333333,1672.4,231.14727040459073,14.93042642265703,395499.06528210134,-0.7524695268407303,-0.6061420456627349,0.25764594244016853
2608,2026-07-30T11:13:01.140922Z,moon,39.759062,-104.62011683333333,1672.4,231.43232822415385,14.715264639387946,395519.07690460386,-0.7562270366982854,-0.6029898232911849,0.2540156333255804
2609,2026-07-30T11:14:31.164366Z,moon,39.759062,-104.62011683333333,1672.4,231.71638895508175,14.49923660949784,395539.205444742,-0.7599536142889102,-0.5998223211842008,0.2503671047450518
2610,2026-07-30T11:16:01.187809Z,moon,39.759062,-104.62011683333333,1672.4,231.99945974752868,14.282350962353158,395559.4499387807,-0.7636491097919339,-0.5966396691399523,0.24670051139500143
2611,2026-07-30T11:17:31.211253Z,moon,39.759062,-104.62011683333333,1672.4,232.2815478301016,14.064616259912,395579.80941917526,-0.7673133749042806,-0.5934419974134238,0.24301600852406569
2612,2026-07-30T11:19:01.234697Z,moon,39.759062,-104.62011683333333,1672.4,232.56266048553138,13.846041013516187,395600.2829131041,-0.7709462625577697,-0.5902294369575269,0.23931375221037174
2613,2026-07-30T11:20:31.258140Z,moon,39.759062,-104.62011683333333,1672.4,232.84280505792685,13.626633676707797,395620.86944316915,-0.7745476270492606,-0.5870021193116548,0.23559389923337426
2614,2026-07-30T11:22:01.281584Z,moon,39.759062,-104.62011683333333,1672.4,233.1219889599079,13.406402637831443,395641.5680280309,-0.7781173241648663,-0.5837601764871646,0.23185660694097734
2615,2026-07-30T11:23:31.305027Z,moon,39.759062,-104.62011683333333,1672.4,233.40021964872548,13.185356237180239,395662.3776810035,-0.7816552109059548,-0.5805037412126017,0.22810203353267208
2616,2026-07-30T11:25:01.328471Z,moon,39.759062,-104.62011683333333,1672.4,233.6775046490299,12.96350274742213,395683.2974118068,-0.785161145812004,-0.5772329466393086,0.22433033771935998
2617,2026-07-30T11:26:31.351915Z,moon,39.759062,-104.62011683333333,1672.4,233.95385152918533,12.740850390854195,395704.3262250285,-0.7886349886895734,-0.5739479265882448,0.22054167900796273
2618,2026-07-30T11:28:01.375358Z,moon,39.759062,-104.62011683333333,1672.4,234.22926790864963,12.517407332134011,395725.46312094753,-0.7920766007371679,-0.5706488154358623,0.21673621756942324
2619,2026-07-30T11:29:31.398802Z,moon,39.759062,-104.62011683333333,1672.4,234.5037614652355,12.293181670885287,395746.7070961314,-0.7954858446637115,-0.5673357479968606,0.21291411410356098
2620,2026-07-30T11:31:01.422245Z,moon,39.759062,-104.62011683333333,1672.4,234.77733991182558,12.068181459226059,395768.0571419587,-0.7988625844262999,-0.5640088597755303,0.20907553012832245
2621,2026-07-30T11:32:31.445689Z,moon,39.759062,-104.62011683333333,1672.4,235.05001101903352,11.842414681950645,395789.51224648266,-0.8022066855387756,-0.5606682866643171,0.20522062763229024
2622,2026-07-30T11:34:01.469133Z,moon,39.759062,-104.62011683333333,1672.4,235.32178259212898,11.615889274151534,395811.07139284903,-0.8055180148127637,-0.5573141651963771,0.20134956936524429
2623,2026-07-30T11:35:31.492576Z,moon,39.759062,-104.62011683333333,1672.4,235.59266247853012,11.388613113935177,395832.7335600447,-0.8087964404767906,-0.553946632428824,0.1974625187037753
2624,2026-07-30T11:37:01.516020Z,moon,39.759062,-104.62011683333333,1672.4,235.8626585751433,11.160594014978438,395854.4977236133,-0.8120418322886082,-0.5505658258236336,0.19355963951325283
2625,2026-07-30T11:38:31.539463Z,moon,39.759062,-104.62011683333333,1672.4,236.13177880577257,10.931839744397916,395876.3628541056,-0.8152540612862205,-0.5471718835031099,0.18964109644268237
2626,2026-07-30T11:40:01.562907Z,moon,39.759062,-104.62011683333333,1672.4,236.40003114352504,10.702358002726333,395898.3279190706,-0.8184330000802735,-0.5437649439438134,0.18570705457086026
2627,2026-07-30T11:41:31.586351Z,moon,39.759062,-104.62011683333333,1672.4,236.66742358843035,10.472156441870945,395920.39188119903,-0.8215785226084942,-0.5403451462330283,0.18175767970253998
2628,2026-07-30T11:43:01.609794Z,moon,39.759062,-104.62011683333333,1672.4,236.93396417499034,10.24124265777086,395942.55369930237,-0.8246905042485818,-0.5369126299502825,0.17779313823117768
2629,2026-07-30T11:44:31.633238Z,moon,39.759062,-104.62011683333333,1672.4,237.19966097963615,10.009624182922169,395964.812329133,-0.8277688219246475,-0.5334675350458535,0.17381359699857213
2630,2026-07-30T11:46:01.656681Z,moon,39.759062,-104.62011683333333,1672.4,237.46452209869358,9.777308504597816,395987.16672143334,-0.8308133538705753,-0.5300100021015611,0.16981922359565074
2631,2026-07-30T11:47:31.680125Z,moon,39.759062,-104.62011683333333,1672.4,237.72855567070843,9.54430304454207,396009.6158242332,-0.8338239799078406,-0.526540172018127,0.16581018600125355
2632,2026-07-30T11:49:01.703569Z,moon,39.759062,-104.62011683333333,1672.4,237.99176985456631,9.310615177308504,396032.15858108975,-0.8368005812118136,-0.5230581862774994,0.16178665288479133
2633,2026-07-30T11:50:31.727012Z,moon,39.759062,-104.62011683333333,1672.4,238.25417283719486,9.076252222828744,396054.7939317436,-0.8397430404193535,-0.5195641868213506,0.15774879346584061
2634,2026-07-30T11:52:01.750456Z,moon,39.759062,-104.62011683333333,1672.4,238.51577284108726,8.841221438898533,396077.5208130899,-0.8426512417288665,-0.5160583159279539,0.15369677737156193
2635,2026-07-30T11:53:31.773899Z,moon,39.759062,-104.62011683333333,1672.4,238.7765781028293,8.605530039712077,396100.3381573391,-0.8455250706766009,-0.5125407164775402,0.14963077494292049
2636,2026-07-30T11:55:01.797343Z,moon,39.759062,-104.62011683333333,1672.4,239.03659689529013,8.369185175323475,396123.24489423016,-0.8483644143989489,-0.5090115316341715,0.14555095686722042
2637,2026-07-30T11:56:31.820787Z,moon,39.759062,-104.62011683333333,1672.4,239.29583750628169,8.132193950276319,396146.2399490601,-0.851169161411676,-0.505470905112775,0.14145749448585684
2638,2026-07-30T11:58:01.844230Z,moon,39.759062,-104.62011683333333,1672.4,239.55430824635087,7.894563416143249,396169.3222438383,-0.8539392017114352,-0.5019189810554281,0.13735055965199985
2639,2026-07-30T11:59:31.867674Z,moon,39.759062,-104.62011683333333,1672.4,239.81201745637765,7.6563005639144475,396192.4906976643,-0.8566744268696362,-0.4983559039065905,0.13323032458500403
2640,2026-07-30T12:01:01.891117Z,moon,39.759062,-104.62011683333333,1672.4,240.0689734866572,7.417412342871362,396215.7442254203,-0.8593747298219907,-0.494781818682345,0.12909696218258407
2641,2026-07-30T12:02:31.914561Z,moon,39.759062,-104.62011683333333,1672.4,240.3251847189244,7.177905639777669,396239.0817395741,-0.8620400051148345,-0.49119687064768824,0.12495064564672836
2642,2026-07-30T12:04:01.938005Z,moon,39.759062,-104.62011683333333,1672.4,240.58065954554783,6.9377872978114565,396262.5021485225,-0.8646701486976455,-0.4876012055875774,0.12079154879681131
2643,2026-07-30T12:05:31.961448Z,moon,39.759062,-104.62011683333333,1672.4,240.83540637737977,6.697064109048682,396286.00435741496,-0.867265058018232,-0.48399496968154276,0.11661984592510624
2644,2026-07-30T12:07:01.984892Z,moon,39.759062,-104.62011683333333,1672.4,241.08943365147684,6.455742806773293,396309.5872689815,-0.8698246321107422,-0.4803783093765348,0.11243571164871916
2645,2026-07-30T12:08:32.008336Z,moon,39.759062,-104.62011683333333,1672.4,241.34274981342142,6.213830081956283,396333.2497819858,-0.8723487714257523,-0.4767513716208893,0.10823932118034281
2646,2026-07-30T12:10:02.031779Z,moon,39.759062,-104.62011683333333,1672.4,241.59536332523015,5.97133257564669,396356.9907921562,-0.8748373779219503,-0.47311430373764135,0.10403085018153804
2647,2026-07-30T12:11:32.055223Z,moon,39.759062,-104.62011683333333,1672.4,241.84728267309234,5.728256871291062,396380.8091927709,-0.877290355150045,-0.4694672532967404,0.09981047461425112
2648,2026-07-30T12:13:02.078666Z,moon,39.759062,-104.62011683333333,1672.4,242.0985163472042,5.484609514036817,396404.70387324,-0.8797076080634614,-0.465810368391102,0.09557837106066129
2649,2026-07-30T12:14:32.102110Z,moon,39.759062,-104.62011683333333,1672.4,242.3490728636087,5.240396989538081,396428.6737208797,-0.8820890432391602,-0.46214379730613825,0.09133471633987778
2650,2026-07-30T12:16:02.125554Z,moon,39.759062,-104.62011683333333,1672.4,242.5989607441472,4.995625743336333,396452.7176194573,-0.884434568691529,-0.45846768879716865,0.08707968782908972
2651,2026-07-30T12:17:32.148997Z,moon,39.759062,-104.62011683333333,1672.4,242.84818852440176,4.750302173210699,396476.834449653,-0.8867440939574818,-0.4547821919614498,0.08281346331523445
2652,2026-07-30T12:19:02.172441Z,moon,39.759062,-104.62011683333333,1672.4,243.09676476154962,4.504432621417493,396501.0230903369,-0.889017530174389,-0.4510874561081513,0.07853622084430804
2653,2026-07-30T12:20:32.195884Z,moon,39.759062,-104.62011683333333,1672.4,243.34469801460483,4.258023394224671,396525.28241630126,-0.8912547899040744,-0.44738363103866885,0.07424813904536885
2654,2026-07-30T12:22:02.219328Z,moon,39.759062,-104.62011683333333,1672.4,243.59199686615145,4.011080740528604,396549.6113009154,-0.8934557873373642,-0.4436708667116894,0.0699493967427093
2655,2026-07-30T12:23:32.242772Z,moon,39.759062,-104.62011683333333,1672.4,243.83866990274512,3.763610871452209,396574.00861381233,-0.8956204381217532,-0.4399493135240098,0.06564017328093642
2656,2026-07-30T12:25:02.266215Z,moon,39.759062,-104.62011683333333,1672.4,244.08472572288545,3.515619952638021,396598.47322220454,-0.8977486594399061,-0.4362191221814247,0.06132064837490451
2657,2026-07-30T12:26:32.289659Z,moon,39.759062,-104.62011683333333,1672.4,244.33017294495656,3.2671140964163983,396623.00399131543,-0.8998403700813105,-0.4324804435669343,0.05699100195713315
2658,2026-07-30T12:28:02.313102Z,moon,39.759062,-104.62011683333333,1672.4,244.57502018788878,3.018099381577331,396647.5997829163,-0.9018954902800494,-0.42873342902440176,0.05265141450604727
2659,2026-07-30T12:29:32.336546Z,moon,39.759062,-104.62011683333333,1672.4,244.81927609276028,2.7685818317725324,396672.2594572408,-0.9039139419026956,-0.4249782300200065,0.048302066653432896
2660,2026-07-30T12:31:02.359990Z,moon,39.759062,-104.62011683333333,1672.4,245.06294930362208,2.5185674353292864,396696.9818713565,-0.9058956482899015,-0.42121499842613247,0.04394313951337797
2661,2026-07-30T12:32:32.383433Z,moon,39.759062,-104.62011683333333,1672.4,245.30604847551777,2.2680621374904746,396721.765879819,-0.9078405343284159,-0.41744388639092267,0.039574814530693135
2662,2026-07-30T12:34:02.406877Z,moon,39.759062,-104.62011683333333,1672.4,245.54858228249884,2.0170718325058954,396746.61033576133,-0.9097485265163269,-0.41366504620496075,0.03519727332649305
2663,2026-07-30T12:35:32.430320Z,moon,39.759062,-104.62011683333333,1672.4,245.7905593986481,1.7656023836154788,396771.51408885745,-0.9116195528145613,-0.40987863058846247,0.03081069803016394
2664,2026-07-30T12:37:02.453764Z,moon,39.759062,-104.62011683333333,1672.4,246.03198851960323,1.5136596012741677,396796.4759876401,-0.9134535428182707,-0.4060847923487495,0.026415270883005482
2665,2026-07-30T12:38:32.477208Z,moon,39.759062,-104.62011683333333,1672.4,246.27287834373882,1.2612492631396086,396821.494877528,-0.9152504276122145,-0.4022836846675453,0.022011174570235218
2666,2026-07-30T12:40:02.500651Z,moon,39.759062,-104.62011683333333,1672.4,246.51323758026385,1.0083771062632085,396846.56960186583,-0.9170101398364857,-0.39847546096878944,0.017598592068107086
2667,2026-07-30T12:41:32.524095Z,moon,39.759062,-104.62011683333333,1672.4,246.75307495727145,0.7550488191225923,396871.6990028046,-0.918732613744999,-0.3946602747845236,0.013177706488110645
2668,2026-07-30T12:43:02.547538Z,moon,39.759062,-104.62011683333333,1672.4,246.99239920313437,0.5012700618011501,396896.8819190693,-0.9204177850711385,-0.3908382800447488,0.008748701412319737
2669,2026-07-30T12:44:32.570982Z,moon,39.759062,-104.62011683333333,1672.4,247.23121906795507,0.2470464439917669,396922.11718879006,-0.9220655911824488,-0.38700963073134864,0.0043117604926982646
2670,2026-07-30T12:46:02.594426Z,moon,39.759062,-104.62011683333333,1672.4,247.46954330504713,-0.007616454762148863,396947.4036469977,-0.9236759709497147,-0.38317448116899555,-0.00013293221253719232
2671,2026-07-30T12:47:32.617869Z,moon,39.759062,-104.62011683333333,1672.4,247.70738067914036,-0.2627130930066075,396972.7401270057,-0.9252488648065597,-0.37933298589086484,-0.004585192394405418
2672,2026-07-30T12:49:02.641313Z,moon,39.759062,-104.62011683333333,1672.4,247.9447399744426,-0.5182379753519665,396998.12546102767,-0.926784214801006,-0.3754852995042009,-0.009044835649315843
2673,2026-07-30T12:50:32.664756Z,moon,39.759062,-104.62011683333333,1672.4,248.1816299764162,-0.7741856321433702,397023.55847831874,-0.9282819644756156,-0.3716315769819925,-0.013511677141255672
2674,2026-07-30T12:52:02.688200Z,moon,39.759062,-104.62011683333333,1672.4,248.41805949309813,-1.0305506416181198,397049.0380075617,-0.929742059004879,-0.36777197331477846,-0.017985532005531848
2675,2026-07-30T12:53:32.711644Z,moon,39.759062,-104.62011683333333,1672.4,248.6540373369492,-1.2873276094995294,397074.56287479814,-0.9311644450787853,-0.36390664380340115,-0.022466215009706164
2676,2026-07-30T12:55:02.735087Z,moon,39.759062,-104.62011683333333,1672.4,248.88957233307713,-1.54451117698911,397100.1319043661,-0.9325490709556016,-0.36003574392416654,-0.02695354071019885
2677,2026-07-30T12:56:32.758531Z,moon,39.759062,-104.62011683333333,1672.4,249.12467332738623,-1.8020960288077892,397125.7439199561,-0.9338958865069941,-0.3561594291930256,-0.031447323609707714
2678,2026-07-30T12:58:02.781974Z,moon,39.759062,-104.62011683333333,1672.4,249.35934916864412,-2.0600768726839735,397151.39774241194,-0.935204843112315,-0.3522778554598462,-0.035947377816497504
2679,2026-07-30T12:59:32.805418Z,moon,39.759062,-104.62011683333333,1672.4,249.59360872973826,-2.318448461689041,397177.09219232923,-0.9364758937789427,-0.3483911785575979,-0.040453517451250094
2680,2026-07-30T13:01:02.828862Z,moon,39.759062,-104.62011683333333,1672.4,249.82746088982987,-2.577205573665084,397202.82608777593,-0.9377089930401716,-0.3444995545972904,-0.04496555630541877
2681,2026-07-30T13:02:32.852305Z,moon,39.759062,-104.62011683333333,1672.4,250.06091454263304,-2.8363430192702643,397228.59824558184,-0.9389040970013834,-0.3406031398321323,-0.04948330799885619
2682,2026-07-30T13:04:02.875749Z,moon,39.759062,-104.62011683333333,1672.4,250.29397860462126,-3.09585565008037,397254.40748198295,-0.9400611633784693,-0.33670209052099287,-0.05400658613828476
2683,2026-07-30T13:05:32.899192Z,moon,39.759062,-104.62011683333333,1672.4,250.5266619973716,-3.3557383379093646,397280.2526106549,-0.9411801514064451,-0.33279656322481976,-0.05853520397410023
2684,2026-07-30T13:07:02.922636Z,moon,39.759062,-104.62011683333333,1672.4,250.75897366878735,-3.615985997312237,397306.13244525716,-0.9422610219427158,-0.32888671445331435,-0.06306897480990886
2685,2026-07-30T13:08:32.946080Z,moon,39.759062,-104.62011683333333,1672.4,250.990922575522,-3.8765935648475334,397332.0457973346,-0.9433037373793196,-0.32497270096196057,-0.0676077116584765
2686,2026-07-30T13:10:02.969523Z,moon,39.759062,-104.62011683333333,1672.4,251.22251769131233,-4.137556007198746,397357.99147717224,-0.944308261682393,-0.3210546796154084,-0.07215122740068071
2687,2026-07-30T13:11:32.992967Z,moon,39.759062,-104.62011683333333,1672.4,251.4537680152515,-4.398868329291732,397383.9682948517,-0.9452745604239534,-0.3171328072502517,-0.07669933494415802
2688,2026-07-30T13:13:03.016411Z,moon,39.759062,-104.62011683333333,1672.4,251.6846825569679,-4.660525556408584,397409.975058537,-0.9462026007150685,-0.31320724092941743,-0.08125184692930054
2689,2026-07-30T13:14:33.039854Z,moon,39.759062,-104.62011683333333,1672.4,251.91527034498623,-4.922522742282037,397436.0105752034,-0.9470923512413284,-0.3092781378052741,-0.08580857588769501
2690,2026-07-30T13:16:03.063298Z,moon,39.759062,-104.62011683333333,1672.4,252.14554043504205,-5.184854977286609,397462.073651888,-0.9479437822905544,-0.30534565498206523,-0.09036933440194994
2691,2026-07-30T13:17:33.086741Z,moon,39.759062,-104.62011683333333,1672.4,252.37550189285875,-5.447517367539075,397488.1630933998,-0.9487568656846652,-0.30140994981461183,-0.0949339347597226
2692,2026-07-30T13:19:03.110185Z,moon,39.759062,-104.62011683333333,1672.4,252.6051638152927,-5.710505057618559,397514.27770488133,-0.9495315748551357,-0.2974711795526735,-0.09950218936619941
2693,2026-07-30T13:20:33.133629Z,moon,39.759062,-104.62011683333333,1672.4,252.83453531317411,-5.973813209600481,397540.41628975497,-0.9502678847785246,-0.29352950164026914,-0.10407391039719834
2694,2026-07-30T13:22:03.157072Z,moon,39.759062,-104.62011683333333,1672.4,253.06362551975698,-6.237437011254154,397566.5776506168,-0.9509657720052919,-0.2895850735777711,-0.1086489099592643
2695,2026-07-30T13:23:33.180516Z,moon,39.759062,-104.62011683333333,1672.4,253.29244359907585,-6.501371684256986,397592.7605902045,-0.9516252146806458,-0.285638052784427,-0.11322700024965714
2696,2026-07-30T13:25:03.203959Z,moon,39.759062,-104.62011683333333,1672.4,253.52099872897548,-6.7656124631359145,397618.9639094818,-0.9522461924911069,-0.28168859689801,-0.11780799320852661
2697,2026-07-30T13:26:33.227403Z,moon,39.759062,-104.62011683333333,1672.4,253.74930012224792,-7.030154618161394,397645.1864097595,-0.9528286867225233,-0.27773686341789655,-0.12239170093360198
2698,2026-07-30T13:28:03.250847Z,moon,39.759062,-104.62011683333333,1672.4,253.97735700970776,-7.294993434222506,397671.42689107993,-0.9533726802102516,-0.27378301000549704,-0.1269779353315025
2699,2026-07-30T13:29:33.274290Z,moon,39.759062,-104.62011683333333,1672.4,254.20517864869018,-7.560124219061251,397697.68415276316,-0.9538781573611386,-0.2698271943462828,-0.13156650827825525
2700,2026-07-30T13:31:03.297734Z,moon,39.759062,-104.62011683333333,1672.4,254.43277433153034,-7.825542311550401,397723.9569945909,-0.9543451041677898,-0.2658695740113151,-0.13615723178007164
2701,2026-07-30T13:32:33.321177Z,moon,39.759062,-104.62011683333333,1672.4,254.66015336876202,-8.091243060481196,397750.24421474215,-0.9547735081695744,-0.2619103067586425,-0.1407499176239805
2702,2026-07-30T13:34:03.344621Z,moon,39.759062,-104.62011683333333,1672.4,254.88732511031674,-8.3572218476055,397776.5446121209,-0.9551633584933793,-0.2579495501746542,-0.14534437779405796
2703,2026-07-30T13:35:33.368065Z,moon,39.759062,-104.62011683333333,1672.4,255.1142989287701,-8.623474066346994,397802.85698438715,-0.9555146458183313,-0.2539874619760949,-0.14994042412108385
2704,2026-07-30T13:37:03.391508Z,moon,39.759062,-104.62011683333333,1672.4,255.34108422795532,-8.889995130122845,397829.1801289962,-0.9558273623910749,-0.25002419987116586,-0.15453786844428827
2705,2026-07-30T13:38:33.414952Z,moon,39.759062,-104.62011683333333,1672.4,255.56769045150799,-9.156780480601974,397855.5128439355,-0.9561015020333054,-0.24605992142135383,-0.15913652277140763
2706,2026-07-30T13:40:03.438395Z,moon,39.759062,-104.62011683333333,1672.4,255.79412706628622,-9.423825566426213,397881.8539258017,-0.9563370601173983,-0.24209478434308734,-0.16373619892951494
2707,2026-07-30T13:41:33.461839Z,moon,39.759062,-104.62011683333333,1672.4,256.02040358358533,-9.69112586629813,397908.20217229094,-0.9565340335897645,-0.23812894614894498,-0.16833670898080483
2708,2026-07-30T13:43:03.485283Z,moon,39.759062,-104.62011683333333,1672.4,256.24652954260574,-9.958676867641536,397934.5563800579,-0.9566924209501949,-0.2341625644497776,-0.17293786487278834
2709,2026-07-30T13:44:33.508726Z,moon,39.759062,-104.62011683333333,1672.4,256.47251451913917,-10.22647407489449,397960.9153457231,-0.9568122222604439,-0.2301957968160015,-0.17753947859920277
2710,2026-07-30T13:46:03.532170Z,moon,39.759062,-104.62011683333333,1672.4,256.6983681342317,-10.494513017847561,397987.2778667136,-0.9568934391449628,-0.22622880063909165,-0.1821413623610063
2711,2026-07-30T13:47:33.555613Z,moon,39.759062,-104.62011683333333,1672.4,256.92410003777303,-10.762789230195823,398013.64273945085,-0.9569360747812831,-0.22226173343391015,-0.1867433282158806
2712,2026-07-30T13:49:03.579057Z,moon,39.759062,-104.62011683333333,1672.4,257.1497199297973,-11.031298272777262,398040.00876144884,-0.9569401339058562,-0.21829475247927807,-0.1913451884951716
2713,2026-07-30T13:50:33.602501Z,moon,39.759062,-104.62011683333333,1672.4,257.37523754411103,-11.300035712082327,398066.37472960824,-0.9569056228081065,-0.21432801512078584,-0.19594675545314322
2714,2026-07-30T13:52:03.625944Z,moon,39.759062,-104.62011683333333,1672.4,257.60066265709287,-11.568997128589677,398092.7394410021,-0.9568325493322526,-0.21036167863187333,-0.20054784142823107
2715,2026-07-30T13:53:33.649388Z,moon,39.759062,-104.62011683333333,1672.4,257.8260050964728,-11.838178125111762,398119.10169369896,-0.956720922871351,-0.20639590007544564,-0.2051482590036709
2716,2026-07-30T13:55:03.672831Z,moon,39.759062,-104.62011683333333,1672.4,258.05127472511373,-12.10757430526014,398145.4602850284,-0.9565707543723705,-0.20243083660590155,-0.20974782065735254
2717,2026-07-30T13:56:33.696275Z,moon,39.759062,-104.62011683333333,1672.4,258.2764814623609,-12.377181296745583,398171.8140137126,-0.9563820563244945,-0.19846664511056256,-0.21434633917818502
2718,2026-07-30T13:58:03.719719Z,moon,39.759062,-104.62011683333333,1672.4,258.50163526787554,-12.646994729789126,398198.16167802125,-0.9561548427679767,-0.19450348251186594,-0.21894362731557673
2719,2026-07-30T13:59:33.743162Z,moon,39.759062,-104.62011683333333,1672.4,258.72674615054933,-12.917010245477634,398224.50207669096,-0.955889129289192,-0.19054150562860964,-0.22353949794059388
2720,2026-07-30T14:01:03.766606Z,moon,39.759062,-104.62011683333333,1672.4,258.95182417739846,-13.187223504123931,398250.83400965575,-0.9555849330079105,-0.18658087103808083,-0.22813376420630568
2721,2026-07-30T14:02:33.790049Z,moon,39.759062,-104.62011683333333,1672.4,259.17687945752215,-13.457630163622735,398277.1562763951,-0.9552422725971141,-0.18262173537757231,-0.2327262391978713
2722,2026-07-30T14:04:03.813493Z,moon,39.759062,-104.62011683333333,1672.4,259.40192216355484,-13.72822590281319,398303.46767801326,-0.95486116825387,-0.17866425498659924,-0.2373167363481516
2723,2026-07-30T14:05:33.836937Z,moon,39.759062,-104.62011683333333,1672.4,259.62696251569065,-13.999006399822335,398329.7670153534,-0.95444164172282,-0.17470858620821805,-0.2419050690882145
2724,2026-07-30T14:07:03.860380Z,moon,39.759062,-104.62011683333333,1672.4,259.8520107907016,-14.26996734039165,398356.0530899925,-0.9539837162845595,-0.17075488525105725,-0.24649105100753554
2725,2026-07-30T14:08:33.883824Z,moon,39.759062,-104.62011683333333,1672.4,260.0770773309912,-14.54110442624718,398382.32470501954,-0.9534874167362507,-0.16680330805164564,-0.2510744960139504
2726,2026-07-30T14:10:03.907268Z,moon,39.759062,-104.62011683333333,1672.4,260.3021725312095,-14.81241335640355,398408.58066345274,-0.9529527694198087,-0.16285401053138937,-0.25565521803585195
2727,2026-07-30T14:11:33.930711Z,moon,39.759062,-104.62011683333333,1672.4,260.5273068473572,-15.083889835488108,398434.8197691311,-0.9523798022062712,-0.15890714845890397,-0.26023303118206104
2728,2026-07-30T14:13:03.954155Z,moon,39.759062,-104.62011683333333,1672.4,260.7524908059473,-15.35552958210989,398461.0408275873,-0.9517685444724464,-0.15496287731244845,-0.2648077499014101
2729,2026-07-30T14:14:33.977598Z,moon,39.759062,-104.62011683333333,1672.4,260.9777349881861,-15.627328307076262,398487.24264411203,-0.9511190271440189,-0.15102135258063412,-0.26937918863440585
2730,2026-07-30T14:16:04.001042Z,moon,39.759062,-104.62011683333333,1672.4,261.2030500517009,-15.899281736835052,398513.4240261582,-0.9504312826387453,-0.14708272940590938,-0.2739471622269109
2731,2026-07-30T14:17:34.024486Z,moon,39.759062,-104.62011683333333,1672.4,261.4284467147866,-16.17138559164194,398539.5837812149,-0.9497053449133788,-0.14314716288495397,-0.2785114855817417
2732,2026-07-30T14:19:04.047929Z,moon,39.759062,-104.62011683333333,1672.4,261.65393576568886,-16.443635593909978,398565.7207178446,-0.9489412494412862,-0.13921480793121235,-0.28307197381847315
2733,2026-07-30T14:20:34.071373Z,moon,39.759062,-104.62011683333333,1672.4,261.8795280719424,-16.716027476582486,398591.83364663995,-0.9481390331823812,-0.13528581913798504,-0.28762844243249586
2734,2026-07-30T14:22:04.094816Z,moon,39.759062,-104.62011683333333,1672.4,262.10523456467655,-16.988556961216357,398617.9213781011,-0.9472987346409626,-0.13136035107832444,-0.2921807069472769
2735,2026-07-30T14:23:34.118260Z,moon,39.759062,-104.62011683333333,1672.4,262.3310662605771,-17.261219781487902,398643.98272509617,-0.9464203937915732,-0.12743855794948797,-0.29672858332684876
2736,2026-07-30T14:25:04.141704Z,moon,39.759062,-104.62011683333333,1672.4,262.55703424624573,-17.534011661261236,398670.01650087384,-0.9455040521404501,-0.12352059387261534,-0.3012718876286755
2737,2026-07-30T14:26:34.165147Z,moon,39.759062,-104.62011683333333,1672.4,262.7831496876746,-17.80692832291262,398696.02151996817,-0.9445497526965746,-0.1196066127558128,-0.30581043616253645
2738,2026-07-30T14:28:04.188591Z,moon,39.759062,-104.62011683333333,1672.4,263.00942384041605,-18.07996560298785,398721.9965990906,-0.9435575393593922,-0.11569676807687736,-0.31034404742900124
2739,2026-07-30T14:29:34.212034Z,moon,39.759062,-104.62011683333333,1672.4,263.23586803155996,-18.353119001571002,398747.940555189,-0.942527459281814,-0.11179121350619826,-0.31487253465899484
2740,2026-07-30T14:31:04.235478Z,moon,39.759062,-104.62011683333333,1672.4,263.46249368560024,-18.626384347934714,398773.8522077708,-0.9414595593603104,-0.107890102065621,-0.3193957168863729
2741,2026-07-30T14:32:34.258922Z,moon,39.759062,-104.62011683333333,1672.4,263.6893123064898,-18.89975735095751,398799.73037692043,-0.9403538885784264,-0.10399358675239537,-0.32391341150036446
2742,2026-07-30T14:34:04.282365Z,moon,39.759062,-104.62011683333333,1672.4,263.9163354879634,-19.173233714196485,398825.5738843533,-0.9392104974071845,-0.10010182032091353,-0.3284254361778157
2743,2026-07-30T14:35:34.305809Z,moon,39.759062,-104.62011683333333,1672.4,264.1435749232674,-19.446809144206632,398851.38155403576,-0.9380294377618313,-0.09621495514803342,-0.33293160904018176
2744,2026-07-30T14:37:04.329252Z,moon,39.759062,-104.62011683333333,1672.4,264.3710423897668,-19.720479328468684,398877.15221055434,-0.9368107630885765,-0.09233314352921561,-0.3374317483098062
2745,2026-07-30T14:38:34.352696Z,moon,39.759062,-104.62011683333333,1672.4,264.59874977138986,-19.99423995887523,398902.88468122913,-0.9355545282563318,-0.088456537327733,-0.3419256727171269
2746,2026-07-30T14:40:04.376140Z,moon,39.759062,-104.62011683333333,1672.4,264.8267090432844,-20.268086709643047,398928.5777941782,-0.9342607896469958,-0.08458528827054698,-0.3464132011577508
2747,2026-07-30T14:41:34.399583Z,moon,39.759062,-104.62011683333333,1672.4,265.0549322817291,-20.542015245576412,398954.2303793689,-0.9329296051133523,-0.08071954781320796,-0.3508941528493679
2748,2026-07-30T14:43:04.423027Z,moon,39.759062,-104.62011683333333,1672.4,265.2834316741648,-20.81602123035846,398979.8412692519,-0.9315610339293322,-0.0768594670054163,-0.35536834748772544
2749,2026-07-30T14:44:34.446470Z,moon,39.759062,-104.62011683333333,1672.4,265.51221950388117,-21.090100304376396,399005.40929722553,-0.9301551368910982,-0.07300519678588334,-0.3598356049050132
2750,2026-07-30T14:46:04.469914Z,moon,39.759062,-104.62011683333333,1672.4,265.7413081728291,-21.364248108207356,399030.9332994516,-0.9287119761918162,-0.0691568876334323,-0.36429574547439936
2751,2026-07-30T14:47:34.493358Z,moon,39.759062,-104.62011683333333,1672.4,265.9707101863656,-21.6384602604225,399056.4121133105,-0.927231615526301,-0.06531468986141145,-0.3687485897692269
2752,2026-07-30T14:49:04.516801Z,moon,39.759062,-104.62011683333333,1672.4,266.2004381634576,-21.912732365824898,399081.84457815473,-0.9257141200423259,-0.061478753483168086,-0.3731939587190797
2753,2026-07-30T14:50:34.540245Z,moon,39.759062,-104.62011683333333,1672.4,266.430504846982,-22.187060023655217,399107.2295361423,-0.9241595562846318,-0.05764922807902815,-0.37763167376384704
2754,2026-07-30T14:52:04.563688Z,moon,39.759062,-104.62011683333333,1672.4,266.66092308854365,-22.461438805369717,399132.5658304433,-0.92256799230999,-0.053826263088670896,-0.38206155651546975
2755,2026-07-30T14:53:34.587132Z,moon,39.759062,-104.62011683333333,1672.4,266.8917058716599,-22.73586427806829,399157.8523074153,-0.9209394975453109,-0.05001000746517359,-0.38648342915877204
2756,2026-07-30T14:55:04.610576Z,moon,39.759062,-104.62011683333333,1672.4,267.1228662966161,-23.01033198219657,399183.0878147163,-0.9192741429065592,-0.04620060996725854,-0.39089711411324635
2757,2026-07-30T14:56:34.634019Z,moon,39.759062,-104.62011683333333,1672.4,267.3544175909904,-23.2848374397352,399208.2712022164,-0.9175720007435604,-0.04239821902554531,-0.39530243418795374
2758,2026-07-30T14:58:04.657463Z,moon,39.759062,-104.62011683333333,1672.4,267.5863731202509,-23.5593761623559,399233.40132292506,-0.915833144777519,-0.03860298261110123,-0.39969921273433484
2759,2026-07-30T14:59:34.680906Z,moon,39.759062,-104.62011683333333,1672.4,267.81874637269635,-23.83394362907439,399258.4770309318,-0.914057650230409,-0.03481504852518001,-0.40408727331042316
2760,2026-07-30T15:01:04.704350Z,moon,39.759062,-104.62011683333333,1672.4,268.05155098307023,-24.10853530965943,399283.4971837911,-0.9122455936662028,-0.031034564056416067,-0.40846644007852767
2761,2026-07-30T15:02:34.727794Z,moon,39.759062,-104.62011683333333,1672.4,268.2848007175383,-24.38314664219498,399308.4606407099,-0.9103970531241962,-0.027261676270418655,-0.4128365374693795
2762,2026-07-30T15:04:04.751237Z,moon,39.759062,-104.62011683333333,1672.4,268.5185094845329,-24.657773041243804,399333.366263183,-0.9085121080570709,-0.023496531877479146,-0.4171973903363105
2763,2026-07-30T15:05:34.774681Z,moon,39.759062,-104.62011683333333,1672.4,268.7526913457249,-24.93240990589925,399358.2129160813,-0.9065908392622948,-0.01973927710215427,-0.42154882410602484
2764,2026-07-30T15:07:04.798125Z,moon,39.759062,-104.62011683333333,1672.4,268.98736050366233,-25.207052600390433,399382.9994658946,-0.9046333290035548,-0.015990057928977362,-0.4258906644942742
2765,2026-07-30T15:08:34.821568Z,moon,39.759062,-104.62011683333333,1672.4,269.2225313128293,-25.481696462146626,399407.72478170256,-0.9026396609453481,-0.012249019971040864,-0.4302227376583159
2766,2026-07-30T15:10:04.845012Z,moon,39.759062,-104.62011683333333,1672.4,269.4582182908562,-25.75633680983947,399432.3877360392,-0.9006099200803029,-0.008516308340314523,-0.434544870347359
2767,2026-07-30T15:11:34.868455Z,moon,39.759062,-104.62011683333333,1672.4,269.69443610359605,-26.030968920841527,399456.9872029425,-0.8985441928811412,-0.004792067933450949,-0.4388568895716458
2768,2026-07-30T15:13:04.891899Z,moon,39.759062,-104.62011683333333,1672.4,269.9311995895679,-26.30558805451205,399481.522060189,-0.8964425671155694,-0.001076443094307912,-0.44315862299351977
2769,2026-07-30T15:14:34.915343Z,moon,39.759062,-104.62011683333333,1672.4,270.1685237451267,-26.580189429640026,399505.9911875532,-0.8943051320015681,0.0026304221013494808,-0.4474498985978503
2770,2026-07-30T15:16:04.938786Z,moon,39.759062,-104.62011683333333,1672.4,270.4064237358834,-26.854768232393365,399530.39346752653,-0.8921319781358178,0.006328383975323678,-0.451730544842535
2771,2026-07-30T15:17:34.962230Z,moon,39.759062,-104.62011683333333,1672.4,270.64491490835786,-27.129319624242108,399554.7277862602,-0.8899231974149205,0.010017299375551191,-0.45600039080687743
2772,2026-07-30T15:19:04.985673Z,moon,39.759062,-104.62011683333333,1672.4,270.8840127751624,-27.403838719361094,399578.9930316081,-0.8876788832007465,0.01369702539351622,-0.46025926586527793
2773,2026-07-30T15:20:35.009117Z,moon,39.759062,-104.62011683333333,1672.4,271.12373304000783,-27.678320607739717,399603.18809551455,-0.8853991301196269,0.017367419697473133,-0.4645070000726145
2774,2026-07-30T15:22:05.032561Z,moon,39.759062,-104.62011683333333,1672.4,271.36409158298284,-27.952760332557858,399627.3118719187,-0.8830840342310312,0.02102834025101969,-0.468743423839241
2775,2026-07-30T15:23:35.056004Z,moon,39.759062,-104.62011683333333,1672.4,271.605104472453,-28.227152898009816,399651.36325790326,-0.8807336929498354,0.024679645441736786,-0.47296836807953163
2776,2026-07-30T15:25:05.079448Z,moon,39.759062,-104.62011683333333,1672.4,271.846787977093,-28.50149327708483,399675.3411542325,-0.8783482049615831,0.028321194206893063,-0.4771816643579888
2777,2026-07-30T15:26:35.102891Z,moon,39.759062,-104.62011683333333,1672.4,272.08915855123337,-28.775776388867754,399699.2444637788,-0.8759276704013212,0.0319528457552743,-0.4813831445672501
2778,2026-07-30T15:28:05.126335Z,moon,39.759062,-104.62011683333333,1672.4,272.3322328604893,-29.049997121523045,399723.07209356077,-0.8734721906367133,0.035574459895792096,-0.4855726413086139
2779,2026-07-30T15:29:35.149779Z,moon,39.759062,-104.62011683333333,1672.4,272.57602776715345,-29.32415030953404,399746.8229529023,-0.8709818684504126,0.039185896759720555,-0.4897499875709694
2780,2026-07-30T15:31:05.173222Z,moon,39.759062,-104.62011683333333,1672.4,272.82056034253714,-29.598230741366304,399770.49595437374,-0.8684568079564082,0.042787016927186866,-0.49391501687703215
2781,2026-07-30T15:32:35.196666Z,moon,39.759062,-104.62011683333333,1672.4,273.06584787956194,-29.872233167168535,399794.09001455107,-0.8658971145086546,0.04637768155202091,-0.49806756342834185
2782,2026-07-30T15:34:05.220109Z,moon,39.759062,-104.62011683333333,1672.4,273.31190787814376,-30.14615227587254,399817.60405225743,-0.8633028948940229,0.049957752086422856,-0.5022074617865323
2783,2026-07-30T15:35:35.243553Z,moon,39.759062,-104.62011683333333,1672.4,273.55875807155473,-30.41998271805772,399841.03699067095,-0.8606742570992257,0.05352709060534077,-0.5063345472491717
2784,2026-07-30T15:37:05.266997Z,moon,39.759062,-104.62011683333333,1672.4,273.8064164119216,-30.69371908303796,399864.3877555178,-0.8580113105067703,0.05708555953260463,-0.5104486555328598
2785,2026-07-30T15:38:35.290440Z,moon,39.759062,-104.62011683333333,1672.4,274.0549010830851,-30.9673559064024,399887.65527599485,-0.8553141658049171,0.06063302176567183,-0.5145496229179477
2786,2026-07-30T15:40:05.313884Z,moon,39.759062,-104.62011683333333,1672.4,274.30423051369866,-31.24088767746309,399910.83848540334,-0.8525829348911056,0.06416934079812822,-0.518637286390019
2787,2026-07-30T15:41:35.337327Z,moon,39.759062,-104.62011683333333,1672.4,274.5544233627409,-31.514308816326743,399933.93631961173,-0.8498177310771915,0.0676943804488867,-0.5227114833275193
2788,2026-07-30T15:43:05.360771Z,moon,39.759062,-104.62011683333333,1672.4,274.8054985466352,-31.78761369646267,399956.94771899475,-0.8470186688417002,0.07120800518147859,-0.5267720518703595
2789,2026-07-30T15:44:35.384215Z,moon,39.759062,-104.62011683333333,1672.4,275.0574752248282,-32.06079662170981,399979.87162665196,-0.8441858640384432,0.07471007983406892,-0.5308188306087626
2790,2026-07-30T15:46:05.407658Z,moon,39.759062,-104.62011683333333,1672.4,275.31037281322983,-32.333851833602054,400002.70698941767,-0.8413194338007348,0.0782004697427029,-0.534851658725325
2791,2026-07-30T15:47:35.431102Z,moon,39.759062,-104.62011683333333,1672.4,275.5642109978549,-32.60677351862703,400025.4527584119,-0.8384194964389441,0.08167904086126115,-0.5388703761342349
2792,2026-07-30T15:49:05.454545Z,moon,39.759062,-104.62011683333333,1672.4,275.8190097204544,-32.879555785137946,400048.1078875006,-0.8354861716588217,0.0851456594955417,-0.542874823173773
2793,2026-07-30T15:50:35.477989Z,moon,39.759062,-104.62011683333333,1672.4,276.074789206431,-33.15219268570963,400070.6713352397,-0.8325195802983156,0.08860019261671978,-0.5468648409691341
2794,2026-07-30T15:52:05.501433Z,moon,39.759062,-104.62011683333333,1672.4,276.33156995053463,-33.42467819396497,400093.1420631905,-0.8295198445493535,0.09204250759632673,-0.5508402711260284
2795,2026-07-30T15:53:35.524876Z,moon,39.759062,-104.62011683333333,1672.4,276.589372730847,-33.697006211691914,400115.51903675793,-0.8264870878561817,0.09547247232679874,-0.5548009558704967
2796,2026-07-30T15:55:05.548320Z,moon,39.759062,-104.62011683333333,1672.4,276.848218623091,-33.969170575884355,400137.8012258858,-0.8234214348070064,0.0988899553400767,-0.5587467381857442
2797,2026-07-30T15:56:35.571763Z,moon,39.759062,-104.62011683333333,1672.4,277.1081289862597,-34.24116503546943,400159.98760340083,-0.8203230113654366,0.10229482554537139,-0.5626774615096857
2798,2026-07-30T15:58:05.595207Z,moon,39.759062,-104.62011683333333,1672.4,277.3691254914824,-34.51298327340746,400182.0771470474,-0.8171919445920255,0.10568695253785766,-0.5665929700915504
2799,2026-07-30T15:59:35.618651Z,moon,39.759062,-104.62011683333333,1672.4,277.63123010773984,-34.78461888333139,400204.06883784826,-0.8140283628790241,0.10906620633780967,-0.5704931086906958
2800,2026-07-30T16:01:05.642094Z,moon,39.759062,-104.62011683333333,1672.4,277.894465116483,-35.05606537643348,400225.9616606972,-0.8108323958427539,0.11243245750921425,-0.5743777227141896
2801,2026-07-30T16:02:35.665538Z,moon,39.759062,-104.62011683333333,1672.4,278.15885312657304,-35.32731618821761,400247.75460538926,-0.8076041742098964,0.11578557727595938,-0.5782466583505903
2802,2026-07-30T16:04:05.688982Z,moon,39.759062,-104.62011683333333,1672.4,278.42441706291334,-35.5983646580811,400269.44666493835,-0.8043438300248621,0.11912543730170906,-0.582099762316231
2803,2026-07-30T16:05:35.712425Z,moon,39.759062,-104.62011683333333,1672.4,278.6911801814507,-35.86920403602999,400291.03683651966,-0.8010514965387975,0.12245190980719296,-0.5859368819911612
2804,2026-07-30T16:07:05.735869Z,moon,39.759062,-104.62011683333333,1672.4,278.95916608451176,-36.13982748924382,400312.5241221793,-0.7977273080926799,0.1257648676850323,-0.5897578655510861
2805,2026-07-30T16:08:35.759312Z,moon,39.759062,-104.62011683333333,1672.4,279.2283987064521,-36.410228078545614,400333.90752719913,-0.7943714003684111,0.12906418424530003,-0.5935625616746937
2806,2026-07-30T16:10:05.782756Z,moon,39.759062,-104.62011683333333,1672.4,279.49890234407604,-36.68039877994022,400355.18606200285,-0.7909839100871762,0.13234973351493834,-0.5973508198887206
2807,2026-07-30T16:11:35.806200Z,moon,39.759062,-104.62011683333333,1672.4,279.77070164232487,-36.950332460963196,400376.3587405455,-0.7875649752639847,0.13562138998445195,-0.6011224902764198
2808,2026-07-30T16:13:05.829643Z,moon,39.759062,-104.62011683333333,1672.4,280.0438216099565,-37.22002188707071,400397.4245811678,-0.7841147350911772,0.13887902872341723,-0.6048774236105471
2809,2026-07-30T16:14:35.853087Z,moon,39.759062,-104.62011683333333,1672.4,280.31828763550084,-37.48945972789505,400418.3826071466,-0.7806333298160452,0.1421225254922507,-0.6086154714826254
2810,2026-07-30T16:16:05.876530Z,moon,39.759062,-104.62011683333333,1672.4,280.5941254728869,-37.75863853351556,400439.2318452044,-0.7771209010038866,0.14535175649355003,-0.6123364860165914
2811,2026-07-30T16:17:35.899974Z,moon,39.759062,-104.62011683333333,1672.4,280.8713612728429,-38.027550755569735,400459.9713274564,-0.77357759122249,0.14856659866484576,-0.6160403202060468
2812,2026-07-30T16:19:05.923418Z,moon,39.759062,-104.62011683333333,1672.4,281.1500215685058,-38.29618872339333,400480.6000897166,-0.7700035443086509,0.1517669294307313,-0.6197268276291442
2813,2026-07-30T16:20:35.946861Z,moon,39.759062,-104.62011683333333,1672.4,281.43013329173556,-38.56454465006445,400501.1171722638,-0.7663989052461387,0.15495262681596406,-0.6233958625787891
2814,2026-07-30T16:22:05.970305Z,moon,39.759062,-104.62011683333333,1672.4,281.7117237897059,-38.83261063829984,400521.52162058913,-0.7627638200379695,0.15812356955454004,-0.6270472801889939
2815,2026-07-30T16:23:35.993748Z,moon,39.759062,-104.62011683333333,1672.4,281.99482081038934,-39.10037865644878,400541.8124838975,-0.7590984359818003,0.16127963684675659,-0.6306809361543783
2816,2026-07-30T16:25:06.017192Z,moon,39.759062,-104.62011683333333,1672.4,282.279452534952,-39.36784055919884,400561.9888167708,-0.7554029013400576,0.16442070864499642,-0.6342966870603224
2817,2026-07-30T16:26:36.040636Z,moon,39.759062,-104.62011683333333,1672.4,282.5656475632035,-39.63498806346794,400582.0496777432,-0.7516773656182405,0.16754666541186575,-0.6378943901043388
2818,2026-07-30T16:28:06.064079Z,moon,39.759062,-104.62011683333333,1672.4,282.85343493045633,-39.90181275401372,400601.99413005507,-0.7479219794380801,0.170657388230268,-0.6414739032227637
2819,2026-07-30T16:29:36.087523Z,moon,39.759062,-104.62011683333333,1672.4,283.14284412475615,-40.168306088927494,400621.8212423093,-0.7441368944044177,0.17375275891035716,-0.6450350852141206
2820,2026-07-30T16:31:06.110966Z,moon,39.759062,-104.62011683333333,1672.4,283.43390507205237,-40.43445937543353,400641.5300868825,-0.7403222633916277,0.17683265975180226,-0.6485777954662038
2821,2026-07-30T16:32:36.134410Z,moon,39.759062,-104.62011683333333,1672.4,283.726648169579,-40.70026378998768,400661.1197418156,-0.7364782402012252,0.1798969738229006,-0.6521018942768599
2822,2026-07-30T16:34:06.157854Z,moon,39.759062,-104.62011683333333,1672.4,284.0211042709894,-40.96571035394645,400680.5892892934,-0.7326049798511325,0.18294558472479686,-0.6556072425828012
2823,2026-07-30T16:35:36.181297Z,moon,39.759062,-104.62011683333333,1672.4,284.3173047036865,-41.230789938760516,400699.93781634193,-0.7287026384434235,0.1859783766984317,-0.6590937020835574
2824,2026-07-30T16:37:06.204741Z,moon,39.759062,-104.62011683333333,1672.4,284.6152812865602,-41.49549327095655,400719.1644154856,-0.724771373026713,0.18899523472891136,-0.662561135360909
2825,2026-07-30T16:38:36.228184Z,moon,39.759062,-104.62011683333333,1672.4,284.91506631470116,-41.759810907669575,400738.2681832702,-0.7208113418936932,0.19199604431392053,-0.6660094056131792
2826,2026-07-30T16:40:06.251628Z,moon,39.759062,-104.62011683333333,1672.4,285.2166925936759,-42.02373325617395,400757.24822198215,-0.7168227042255348,0.19498069173548654,-0.6694383769676957
2827,2026-07-30T16:41:36.275072Z,moon,39.759062,-104.62011683333333,1672.4,285.5201934240996,-42.2872505492766,400776.1036382978,-0.7128056203922047,0.1979490638301391,-0.672847914216917
2828,2026-07-30T16:43:06.298515Z,moon,39.759062,-104.62011683333333,1672.4,285.8256026193319,-42.55035284997203,400794.8335438759,-0.7087602518156306,0.20090104809337353,-0.6762378829385617
2829,2026-07-30T16:44:36.321959Z,moon,39.759062,-104.62011683333333,1672.4,286.13295452355965,-42.81303005596327,400813.437055986,-0.7046867608266215,0.20383653278102337,-0.6796081496123296
2830,2026-07-30T16:46:06.345402Z,moon,39.759062,-104.62011683333333,1672.4,286.4422839957473,-43.07527187483973,400831.9132960989,-0.7005853109740813,0.20675540668370457,-0.6829585813608361
2831,2026-07-30T16:47:36.368846Z,moon,39.759062,-104.62011683333333,1672.4,286.7536264447248,-43.33706784301732,400850.26139181573,-0.6964560666558859,0.20965755939164638,-0.6862890462539458
2832,2026-07-30T16:49:06.392290Z,moon,39.759062,-104.62011683333333,1672.4,287.0670178128448,-43.59840730078951,400868.4804749183,-0.6922991934306308,0.21254288107050445,-0.6895994130519162
2833,2026-07-30T16:50:36.415733Z,moon,39.759062,-104.62011683333333,1672.4,287.38249459382746,-43.859279396438396,400886.56968256977,-0.6881148578758292,0.21541126256327348,-0.6928895513221598
2834,2026-07-30T16:52:06.439177Z,moon,39.759062,-104.62011683333333,1672.4,287.700093850963,-44.119673090198205,400904.52815766004,-0.683903227439951,0.21826259548895938,-0.696159331552513
2835,2026-07-30T16:53:36.462620Z,moon,39.759062,-104.62011683333333,1672.4,288.01985319991957,-44.37957712913256,400922.35504746664,-0.6796644707622367,0.2210967720228812,-0.69940862490003
2836,2026-07-30T16:55:06.486064Z,moon,39.759062,-104.62011683333333,1672.4,288.34181084435835,-44.63898006533055,400940.04950540164,-0.6753987572915972,0.2239136851540891,-0.7026373034857184
2837,2026-07-30T16:56:36.509508Z,moon,39.759062,-104.62011683333333,1672.4,288.6660055583475,-44.89787023066065,400957.61068944255,-0.6711062576084655,0.2267132284678878,-0.7058452401457611
2838,2026-07-30T16:58:06.532951Z,moon,39.759062,-104.62011683333333,1672.4,288.9924767039759,-45.15623574028501,400975.03776298644,-0.6667871432783823,0.22949529624465673,-0.7090323085447033
2839,2026-07-30T16:59:36.556395Z,moon,39.759062,-104.62011683333333,1672.4,289.32126424924763,-45.41406449600959,400992.32989530364,-0.6624415866996717,0.23225978355501314,-0.7121983832850225
2840,2026-07-30T17:01:06.579838Z,moon,39.759062,-104.62011683333333,1672.4,289.65240874935756,-45.671344160828184,401009.4862602618,-0.6580697614333465,0.2350065860475674,-0.715343339663777
2841,2026-07-30T17:02:36.603282Z,moon,39.759062,-104.62011683333333,1672.4,289.9859513823991,-45.92806217636209,401026.5060378714,-0.6536718418101424,0.23773560019779202,-0.7184670539580308
2842,2026-07-30T17:04:06.626726Z,moon,39.759062,-104.62011683333333,1672.4,290.32193392997084,-46.18420573727763,401043.3884130794,-0.6492480032624973,0.24044672309752205,-0.7215694031840069
2843,2026-07-30T17:05:36.650169Z,moon,39.759062,-104.62011683333333,1672.4,290.66039879407145,-46.43976179416887,401060.1325762548,-0.6447984221736422,0.24313985255063206,-0.7246502652066295
2844,2026-07-30T17:07:06.673613Z,moon,39.759062,-104.62011683333333,1672.4,291.0013890142103,-46.69471705626321,401076.7377238124,-0.6403232757208204,0.24581488716515595,-0.7277095188453562
2845,2026-07-30T17:08:36.697057Z,moon,39.759062,-104.62011683333333,1672.4,291.3449482502198,-46.949057968455996,401093.2030571694,-0.6358227421651522,0.24847172617703567,-0.7307470436725628
2846,2026-07-30T17:10:06.720500Z,moon,39.759062,-104.62011683333333,1672.4,291.6911207984525,-47.202770713840145,401109.5277832379,-0.6312970006974455,0.2511102695442444,-0.7337627201213117
2847,2026-07-30T17:11:36.743944Z,moon,39.759062,-104.62011683333333,1672.4,292.0399516080669,-47.455841215997246,401125.7111150923,-0.6267462312790973,0.2537304180368796,-0.7367564295886928
2848,2026-07-30T17:13:06.767387Z,moon,39.759062,-104.62011683333333,1672.4,292.39148625823196,-47.708255113027256,401141.75227071793,-0.6221706149878464,0.2563320730356643,-0.7397280542056546
2849,2026-07-30T17:14:36.790831Z,moon,39.759062,-104.62011683333333,1672.4,292.7457709928746,-47.95999777367713,401157.6504743679,-0.6175703336062992,0.2589151367680298,-0.7426774771068506
2850,2026-07-30T17:16:06.814275Z,moon,39.759062,-104.62011683333333,1672.4,293.102852696675,-48.21105427123303,401173.4049555686,-0.6129455699697609,0.26147951210866666,-0.7456045822028312
2851,2026-07-30T17:17:36.837718Z,moon,39.759062,-104.62011683333333,1672.4,293.4627789092798,-48.46140938538572,401189.0149493698,-0.6082965078080931,0.26402510266980933,-0.7485092542839235
2852,2026-07-30T17:19:06.861162Z,moon,39.759062,-104.62011683333333,1672.4,293.82559783954343,-48.71104760383226,401204.479697202,-0.6036233315825829,0.2665518128885684,-0.7513913791194046
2853,2026-07-30T17:20:36.884605Z,moon,39.759062,-104.62011683333333,1672.4,294.1913583389093,-48.95995309605232,401219.79844549537,-0.5989262268407279,0.26905954783258357,-0.7542508432361574
2854,2026-07-30T17:22:06.908049Z,moon,39.759062,-104.62011683333333,1672.4,294.560109934395,-49.208109728603496,401234.97044719046,-0.5942053797936907,0.2715482134274979,-0.7570875341785583
2855,2026-07-30T17:23:36.931493Z,moon,39.759062,-104.62011683333333,1672.4,294.9319028001923,-49.45550103870194,401249.99496043136,-0.5894609776743797,0.27401771626432914,-0.7599013402886234
2856,2026-07-30T17:25:06.954936Z,moon,39.759062,-104.62011683333333,1672.4,295.30678776893893,-49.70211023549549,401264.871249271,-0.5846932085741816,0.27646796368726717,-0.7626921508064997
2857,2026-07-30T17:26:36.978380Z,moon,39.759062,-104.62011683333333,1672.4,295.6848163426527,-49.94792020102863,401279.5985841198,-0.5799022612760313,0.2788988638771233,-0.7654598559656772
2858,2026-07-30T17:28:07.001823Z,moon,39.759062,-104.62011683333333,1672.4,296.0660406608827,-50.19291346379581,401294.1762405786,-0.5750883256185788,0.28131032566430714,-0.7682043467801135
2859,2026-07-30T17:29:37.025267Z,moon,39.759062,-104.62011683333333,1672.4,296.4505135307098,-50.437072213211124,401308.6035008216,-0.5702515920630574,0.2837022587478604,-0.7709255152937348
2860,2026-07-30T17:31:07.048711Z,moon,39.759062,-104.62011683333333,1672.4,296.8382883924809,-50.680378273060505,401322.8796524964,-0.5653922520599948,0.2860745735100266,-0.7736232543697118
2861,2026-07-30T17:32:37.072154Z,moon,39.759062,-104.62011683333333,1672.4,297.2294193265633,-50.92281310218327,401337.0039891558,-0.5605104978822529,0.28842718110069293,-0.7762974577867024
2862,2026-07-30T17:34:07.095598Z,moon,39.759062,-104.62011683333333,1672.4,297.62396105949824,-51.16435779487135,401350.9758109432,-0.5556065224542056,0.2907599935176793,-0.7789480203299469
2863,2026-07-30T17:35:37.119041Z,moon,39.759062,-104.62011683333333,1672.4,298.0219689251181,-51.40499305437485,401364.79442322924,-0.5506805197246356,0.29307292342671537,-0.781574837587498
2864,2026-07-30T17:37:07.142485Z,moon,39.759062,-104.62011683333333,1672.4,298.42349888994676,-51.64469920661584,401378.45913820196,-0.5457326842234146,0.29536588437213435,-0.7841778061889878
2865,2026-07-30T17:38:37.165929Z,moon,39.759062,-104.62011683333333,1672.4,298.82860751109297,-51.88345617366347,401391.9692734921,-0.5407632114368105,0.297638790598613,-0.7867568236040551
2866,2026-07-30T17:40:07.189372Z,moon,39.759062,-104.62011683333333,1672.4,299.23735193661213,-52.1212434739644,401405.32415294944,-0.5357722976368428,0.2998915571323391,-0.7893117882343323
2867,2026-07-30T17:41:37.212816Z,moon,39.759062,-104.62011683333333,1672.4,299.6497899048673,-52.35804022234153,401418.5231069406,-0.5307601397066799,0.30212409985767585,-0.7918425995005162
2868,2026-07-30T17:43:07.236259Z,moon,39.759062,-104.62011683333333,1672.4,300.0659796964566,-52.59382510365061,401431.5654713427,-0.5257269355217805,0.30433633534514903,-0.7943491576476699
2869,2026-07-30T17:44:37.259703Z,moon,39.759062,-104.62011683333333,1672.4,300.4859801528122,-52.82857638590715,401444.4505888685,-0.5206728834972292,0.3065281810525487,-0.7968313639731412
2870,2026-07-30T17:46:07.283147Z,moon,39.759062,-104.62011683333333,1672.4,300.90985062392326,-53.0622718940403,401457.17780797085,-0.5155981829708117,0.3086995551549529,-0.7992891206342868
2871,2026-07-30T17:47:37.306590Z,moon,39.759062,-104.62011683333333,1672.4,301.33765095986803,-53.29488900990868,401469.74648319493,-0.5105030340290858,0.31085037662190657,-0.80172233073622
2872,2026-07-30T17:49:07.330034Z,moon,39.759062,-104.62011683333333,1672.4,301.76944150093664,-53.52640467212981,401482.15597580373,-0.5053876373292361,0.3129805652907552,-0.8041308984145876
2873,2026-07-30T17:50:37.353477Z,moon,39.759062,-104.62011683333333,1672.4,302.2052830176121,-53.7567953502334,401494.40565288597,-0.5002521944880128,0.31509004170248806,-0.8065147286502905
2874,2026-07-30T17:52:07.376921Z,moon,39.759062,-104.62011683333333,1672.4,302.6452367198244,-53.98603705748288,401506.49488819554,-0.4950969076197476,0.31717872729348906,-0.8088737274864636
2875,2026-07-30T17:53:37.400365Z,moon,39.759062,-104.62011683333333,1672.4,303.08936419146875,-54.2141053252506,401518.4230614385,-0.48992197972780654,0.31924654423343857,-0.8112078018452447
2876,2026-07-30T17:55:07.423808Z,moon,39.759062,-104.62011683333333,1672.4,303.5377273703087,-54.44097520320589,401530.18955866306,-0.4847276145267136,0.321293415498994,-0.8135168596115464
2877,2026-07-30T17:56:37.447252Z,moon,39.759062,-104.62011683333333,1672.4,303.9903885258701,-54.6666212593697,401541.7937726397,-0.47951401626053974,0.32331926494350444,-0.8158008097115856
2878,2026-07-30T17:58:07.470695Z,moon,39.759062,-104.62011683333333,1672.4,304.4474101841946,-54.89101755521509,401553.2351020083,-0.4742813900997656,0.3253240171407767,-0.8180595619369176
2879,2026-07-30T17:59:37.494139Z,moon,39.759062,-104.62011683333333,1672.4,304.9088551246371,-55.114137658581136,401564.5129522714,-0.4690299416707446,0.32730759756728045,-0.820293027150099
2880,2026-07-30T18:01:07.517583Z,moon,39.759062,-104.62011683333333,1672.4,305.3747862978224,-55.33595461927787,401575.6267349856,-0.4637598774539718,0.329269932448319,-0.8225011171113122
2881,2026-07-30T18:02:37.541026Z,moon,39.759062,-104.62011683333333,1672.4,305.8452667905165,-55.556440969926506,401586.575868244,-0.45847140460315167,0.3312109488280029,-0.8246837445576742
2882,2026-07-30T18:04:07.564470Z,moon,39.759062,-104.62011683333333,1672.4,306.32035978781033,-55.77556872677149,401597.35977674235,-0.4531647307608019,0.333130574635124,-0.8268408232772266
2883,2026-07-30T18:05:37.587914Z,moon,39.759062,-104.62011683333333,1672.4,306.80012848436894,-55.9933093688318,401607.97789149825,-0.4478400644027761,0.33502873855622095,-0.828972267966272
2884,2026-07-30T18:07:07.611357Z,moon,39.759062,-104.62011683333333,1672.4,307.28463603854874,-56.20963383950054,401618.42964989215,-0.4424976146550332,0.33690537010321747,-0.8310779943063226
2885,2026-07-30T18:08:37.634801Z,moon,39.759062,-104.62011683333333,1672.4,307.7739455234227,-56.424512548140804,401628.71449626307,-0.4371375911076506,0.3387603996775562,-0.8331579190351028
2886,2026-07-30T18:10:07.658244Z,moon,39.759062,-104.62011683333333,1672.4,308.2681198193985,-56.637915348246494,401638.83188095904,-0.43176020422273614,0.34059375842651685,-0.8352119597865207
2887,2026-07-30T18:11:37.681688Z,moon,39.759062,-104.62011683333333,1672.4,308.76722158383853,-56.8498115518504,401648.7812614033,-0.4263656648504738,0.34240537841059093,-0.8372400352778846
2888,2026-07-30T18:13:07.705132Z,moon,39.759062,-104.62011683333333,1672.4,309.27131313439156,-57.060169908713846,401658.5621011406,-0.4209541846387795,0.3441951924623677,-0.8392420651521788
2889,2026-07-30T18:14:37.728575Z,moon,39.759062,-104.62011683333333,1672.4,309.7804563821177,-57.2689586098098,401668.1738705078,-0.4155259758479196,0.34596313425060665,-0.8412179700500524
2890,2026-07-30T18:16:07.752019Z,moon,39.759062,-104.62011683333333,1672.4,310.29471276094546,-57.476145291113625,401677.6160465724,-0.41008125116041244,0.3477091383403352,-0.8431676716770706
2891,2026-07-30T18:17:37.775462Z,moon,39.759062,-104.62011683333333,1672.4,310.8141430951599,-57.68169701489483,401686.8881127275,-0.4046202240962319,0.3494331400578492,-0.8450910926531096
2892,2026-07-30T18:19:07.798906Z,moon,39.759062,-104.62011683333333,1672.4,311.33880754734497,-57.88558028628841,401695.9895594375,-0.3991431085209708,0.35113507564806395,-0.8469881566880643
2893,2026-07-30T18:20:37.822350Z,moon,39.759062,-104.62011683333333,1672.4,311.8687654751433,-58.08776103613494,401704.9198834563,-0.39365011906243214,0.35281488214164997,-0.8488587884339224
2894,2026-07-30T18:22:07.845793Z,moon,39.759062,-104.62011683333333,1672.4,312.40407534004186,-58.28820462754659,401713.67858834175,-0.38814147092175794,0.354472497415587,-0.8507029135524639
2895,2026-07-30T18:23:37.869237Z,moon,39.759062,-104.62011683333333,1672.4,312.9447946118762,-58.48687586298291,401722.2651845623,-0.3826173796807747,0.3561078602493446,-0.8525204587778825
2896,2026-07-30T18:25:07.892680Z,moon,39.759062,-104.62011683333333,1672.4,313.49097960786304,-58.68373897003207,401730.6791889292,-0.37707806172367936,0.3577209101983083,-0.8543113517761584
2897,2026-07-30T18:26:37.916124Z,moon,39.759062,-104.62011683333333,1672.4,314.0426854160171,-58.8787576213705,401738.9201254399,-0.3715237337378974,0.3593115877410653,-0.8560755213089828
2898,2026-07-30T18:28:07.939568Z,moon,39.759062,-104.62011683333333,1672.4,314.5999657225362,-59.07189492269622,401746.9875244617,-0.3659546131366682,0.36087983415516256,-0.8578128970959424
2899,2026-07-30T18:29:37.963011Z,moon,39.759062,-104.62011683333333,1672.4,315.1628726938007,-59.263113423736584,401754.8809233164,-0.3603709178674208,0.3624255915739759,-0.8595234098776171
2900,2026-07-30T18:31:07.986455Z,moon,39.759062,-104.62011683333333,1672.4,315.73145685380575,-59.45237513005028,401762.59986619063,-0.3547728662169319,0.3639488030385871,-0.8612069914735961
2901,2026-07-30T18:32:38.009898Z,moon,39.759062,-104.62011683333333,1672.4,316.30576689294264,-59.63964149489011,401770.14390379627,-0.34916067723858424,0.3654494123800222,-0.862863574652094
2902,2026-07-30T18:34:08.033342Z,moon,39.759062,-104.62011683333333,1672.4,316.8858495657611,-59.82487344401565,401777.5125941125,-0.34353457024615686,0.3669273643567841,-0.8644930932818214
2903,2026-07-30T18:35:38.056786Z,moon,39.759062,-104.62011683333333,1672.4,317.4717494879087,-60.008031370382255,401784.70550156175,-0.33789476524288975,0.36838260453856997,-0.8660954822043768
2904,2026-07-30T18:37:08.080229Z,moon,39.759062,-104.62011683333333,1672.4,318.06350899117587,-60.18907515121565,401791.72219755687,-0.3322414827266223,0.3698150793596547,-0.867670677292847
2905,2026-07-30T18:38:38.103673Z,moon,39.759062,-104.62011683333333,1672.4,318.66116797421734,-60.36796416615409,401798.5622604929,-0.3265749434931214,0.3712247361667961,-0.8692186155049587
2906,2026-07-30T18:40:08.127116Z,moon,39.759062,-104.62011683333333,1672.4,319.2647636819659,-60.54465729698858,401805.22527547664,-0.32089536906815375,0.37261152311017226,-0.8707392347632734
2907,2026-07-30T18:41:38.150560Z,moon,39.759062,-104.62011683333333,1672.4,319.87433057939245,-60.719112958936236,401811.7108347112,-0.3152029811958984,0.3739753892704677,-0.872232474094619
2908,2026-07-30T18:43:08.174004Z,moon,39.759062,-104.62011683333333,1672.4,320.48990012061137,-60.891289103933055,401818.0185370887,-0.3094980022722486,0.3753162845516554,-0.8736982735131322
2909,2026-07-30T18:44:38.197447Z,moon,39.759062,-104.62011683333333,1672.4,321.11150058013607,-61.061143245442395,401824.14798857877,-0.3037806551486711,0.3766341597301261,-0.8751365740739133
2910,2026-07-30T18:46:08.220891Z,moon,39.759062,-104.62011683333333,1672.4,321.7391568813159,-61.22863248469493,401830.09880219045,-0.2980511629324464,0.3779289664988882,-0.8765473179216845
2911,2026-07-30T18:47:38.244334Z,moon,39.759062,-104.62011683333333,1672.4,322.37289035146597,-61.39371352007758,401835.8705975903,-0.2923097494240459,0.3792006573672962,-0.8779304481813248
2912,2026-07-30T18:49:08.267778Z,moon,39.759062,-104.62011683333333,1672.4,323.01271857800015,-61.55634268651991,401841.4630017609,-0.286556638600327,0.38044918577734643,-0.8792859090850005
2913,2026-07-30T18:50:38.291222Z,moon,39.759062,-104.62011683333333,1672.4,323.6586551570413,-61.71647596911413,401846.8756484739,-0.2807920550520197,0.3816745060059251,-0.8806136458656524
2914,2026-07-30T18:52:08.314665Z,moon,39.759062,-104.62011683333333,1672.4,324.3107095096064,-61.87406903731504,401852.10817848373,-0.27501622378533663,0.3828765732095607,-0.8819136048061383
2915,2026-07-30T18:53:38.338109Z,moon,39.759062,-104.62011683333333,1672.4,324.96888669742185,-62.02907728075266,401857.160239742,-0.2692293700211981,0.3840553434646217,-0.8831857332827904
2916,2026-07-30T18:55:08.361552Z,moon,39.759062,-104.62011683333333,1672.4,325.6331871650093,-62.18145582991477,401862.03148694953,-0.26343171963596695,0.3852107736760113,-0.8844299796668847
2917,2026-07-30T18:56:38.384996Z,moon,39.759062,-104.62011683333333,1672.4,326.30360659076655,-62.33115960492492,401866.7215821661,-0.2576234986400596,0.3863428216833008,-0.8856462934390007
2918,2026-07-30T18:58:08.408440Z,moon,39.759062,-104.62011683333333,1672.4,326.98013562876275,-62.47814334091724,401871.2301942904,-0.2518049336200225,0.38745144617124133,-0.8868346250933314
2919,2026-07-30T18:59:38.431883Z,moon,39.759062,-104.62011683333333,1672.4,327.66275972530474,-62.62236163275185,401875.5569992467,-0.24597625153764605,0.3885366067109856,-0.8879949261820146
2920,2026-07-30T19:01:08.455327Z,moon,39.759062,-104.62011683333333,1672.4,328.3514589389888,-62.763768981442006,401879.7016802497,-0.24013767952759293,0.3895982637962715,-0.8891271493538109
2921,2026-07-30T19:02:38.478771Z,moon,39.759062,-104.62011683333333,1672.4,329.0462076955691,-62.90231982858051,401883.6639274177,-0.23428944527776344,0.3906363787722492,-0.8902312482783008
2922,2026-07-30T19:04:08.502214Z,moon,39.759062,-104.62011683333333,1672.4,329.74697461514126,-63.037968607584645,401887.4434379803,-0.22843177682722185,0.3916509138740485,-0.8913071776874575
2923,2026-07-30T19:05:38.525658Z,moon,39.759062,-104.62011683333333,1672.4,330.45372234588086,-63.17066979658366,401891.03991645103,-0.22256490236291193,0.3926418322606302,-0.8923548934113616
2924,2026-07-30T19:07:08.549101Z,moon,39.759062,-104.62011683333333,1672.4,331.16640732609375,-63.300377958705646,401894.4530742144,-0.21668905066703412,0.39360909793760185,-0.8933743522968224
2925,2026-07-30T19:08:38.572545Z,moon,39.759062,-104.62011683333333,1672.4,331.88497967141114,-63.42704780677106,401897.6826300189,-0.21080445058774283,0.39455267584634346,-0.8943655123018162
2926,2026-07-30T19:10:08.595989Z,moon,39.759062,-104.62011683333333,1672.4,332.60938295287383,-63.550634248121426,401900.72830954863,-0.20491133148792712,0.39547253178944364,-0.8953283324166015
2927,2026-07-30T19:11:38.619432Z,moon,39.759062,-104.62011683333333,1672.4,333.33955406396785,-63.671092446171606,401903.58984577097,-0.1990099230413134,0.39636863246508747,-0.8962627727005328
2928,2026-07-30T19:13:08.642876Z,moon,39.759062,-104.62011683333333,1672.4,334.0754231001768,-63.788377883284646,401906.266978777,-0.19310045502776121,0.3972409454965119,-0.8971687943130372
2929,2026-07-30T19:14:38.666319Z,moon,39.759062,-104.62011683333333,1672.4,334.816913169863,-63.902446412346556,401908.75945582736,-0.1871831577839478,0.39808943936448227,-0.8980463594428196
2930,2026-07-30T19:16:08.689763Z,moon,39.759062,-104.62011683333333,1672.4,335.56394034137327,-64.01325432981373,401911.067031417,-0.18125826167064288,0.39891408348529767,-0.8988954313896704
2931,2026-07-30T19:17:38.713207Z,moon,39.759062,-104.62011683333333,1672.4,336.3164134827857,-64.12075843098249,401913.18946707516,-0.1753259975238579,0.39971484814532576,-0.8997159744966315
2932,2026-07-30T19:19:08.736650Z,moon,39.759062,-104.62011683333333,1672.4,337.0742342000964,-64.22491607961592,401915.1265316834,-0.16938659645044285,0.40049170453158517,-0.9005079541815942
2933,2026-07-30T19:20:38.760094Z,moon,39.759062,-104.62011683333333,1672.4,337.837296794454,-64.32568527825751,401916.87800131936,-0.16344028962151969,0.40124462475702005,-0.9012713369635317
2934,2026-07-30T19:22:08.783537Z,moon,39.759062,-104.62011683333333,1672.4,338.6054881539396,-64.42302472832583,401918.44365913863,-0.15748730872637517,0.4019735818017137,-0.9020060904027336
2935,2026-07-30T19:23:38.806981Z,moon,39.759062,-104.62011683333333,1672.4,339.37868779251824,-64.51689390808028,401919.82329570316,-0.15152788543609486,0.40267854958082244,-0.9027121831695587
2936,2026-07-30T19:25:08.830425Z,moon,39.759062,-104.62011683333333,1672.4,340.15676778307215,-64.60725313472025,401921.0167086868,-0.14556225185780025,0.4033595028877913,-0.9033895849876731
2937,2026-07-30T19:26:38.853868Z,moon,39.759062,-104.62011683333333,1672.4,340.93959279775885,-64.69406363800739,401922.02370296436,-0.13959064032905905,0.4040164174208157,-0.9040382666607496
2938,2026-07-30T19:28:08.877312Z,moon,39.759062,-104.62011683333333,1672.4,341.7270201729221,-64.77728763347197,401922.8440908565,-0.13361328320978627,0.4046492698042982,-0.9046582000936871
2939,2026-07-30T19:29:38.900755Z,moon,39.759062,-104.62011683333333,1672.4,342.5188999107784,-64.85688838622836,401923.4776916976,-0.12763041333928377,0.4052580375389928,-0.905249358243842
2940,2026-07-30T19:31:08.924199Z,moon,39.759062,-104.62011683333333,1672.4,343.315074837271,-64.93283028856892,401923.9243321917,-0.12164226349624038,0.40584269905918097,-0.9058117151769844
2941,2026-07-30T19:32:38.947643Z,moon,39.759062,-104.62011683333333,1672.4,344.1153806539555,-65.00507892332259,401924.1838463337,-0.11564906685616154,0.40640323368528597,-0.9063452460213172
2942,2026-07-30T19:34:08.971086Z,moon,39.759062,-104.62011683333333,1672.4,344.9196461036368,-65.0736011355244,401924.25607535144,-0.10965105678424966,0.406939621645907,-0.9068499269894569
2943,2026-07-30T19:35:38.994530Z,moon,39.759062,-104.62011683333333,1672.4,345.7276931633418,-65.13836510222981,401924.14086774277,-0.10364846662636909,0.4074518440952145,-0.9073257353946329
2944,2026-07-30T19:37:09.017973Z,moon,39.759062,-104.62011683333333,1672.4,346.5393371739676,-65.19934039356697,401923.8380792922,-0.097641530168175,0.40793988307258033,-0.907772649612857
2945,2026-07-30T19:38:39.041417Z,moon,39.759062,-104.62011683333333,1672.4,347.35438713099904,-65.25649804308057,401923.3475731184,-0.09163048109323105,0.4084037215485846,-0.9081906491259911
2946,2026-07-30T19:40:09.064861Z,moon,39.759062,-104.62011683333333,1672.4,348.1726458666523,-65.30981060544707,401922.669219567,-0.0856155534419,0.4088433433869744,-0.9085797144868455
2947,2026-07-30T19:41:39.088304Z,moon,39.759062,-104.62011683333333,1672.4,348.99391034781866,-65.3592522189559,401921.8028963496,-0.0795969814031288,0.40925873336258756,-0.9089398273361997
2948,2026-07-30T19:43:09.111748Z,moon,39.759062,-104.62011683333333,1672.4,349.81797199993184,-65.40479866459728,401920.7484883722,-0.07357499910559678,0.40964987717463475,-0.9092709704138905
2949,2026-07-30T19:44:39.135191Z,moon,39.759062,-104.62011683333333,1672.4,350.64461696389367,-65.44642741707241,401919.50588799414,-0.06754984107759253,0.4100167614155309,-0.9095731275322021
2950,2026-07-30T19:46:09.158635Z,moon,39.759062,-104.62011683333333,1672.4,351.47362651367223,-65.48411770041905,401918.0749947611,-0.06152174170380243,0.410359373605881,-0.9098462836059285
2951,2026-07-30T19:47:39.182079Z,moon,39.759062,-104.62011683333333,1672.4,352.3047773588956,-65.51785053276764,401916.4557156779,-0.05549093568540597,0.4106777021660007,-0.9100904246284606
2952,2026-07-30T19:49:09.205522Z,moon,39.759062,-104.62011683333333,1672.4,353.13784206006613,-65.54760877236099,401914.64796486887,-0.049457657831381834,0.4109717364294158,-0.9103055376839277
2953,2026-07-30T19:50:39.228966Z,moon,39.759062,-104.62011683333333,1672.4,353.9725894637267,-65.57337715879288,401912.6516639621,-0.04342214284922176,0.4112414666522364,-0.9104916109531703
2954,2026-07-30T19:52:09.252409Z,moon,39.759062,-104.62011683333333,1672.4,354.80878506277344,-65.59514234713563,401910.46674184216,-0.03738462580569433,0.4114868839909401,-0.9106486336984176
2955,2026-07-30T19:53:39.275853Z,moon,39.759062,-104.62011683333333,1672.4,355.64619151166727,-65.61289294216154,401908.0931346911,-0.03134534158252425,0.4117079805267331,-0.9107765962801603
2956,2026-07-30T19:55:09.299297Z,moon,39.759062,-104.62011683333333,1672.4,356.4845690165124,-65.62661952391707,401905.53078607476,-0.02530452533748088,0.41190474924631976,-0.9108754901443836
2957,2026-07-30T19:56:39.322740Z,moon,39.759062,-104.62011683333333,1672.4,357.32367582971017,-65.6363146713657,401902.7796468863,-0.019262412295422176,0.4120771840511241,-0.9109453078297606
2958,2026-07-30T19:58:09.346184Z,moon,39.759062,-104.62011683333333,1672.4,358.163268754557,-65.64197298034708,401899.8396752912,-0.013219237538223658,0.41222527976244233,-0.9109860429686528
2959,2026-07-30T19:59:39.369628Z,moon,39.759062,-104.62011683333333,1672.4,359.0031035731264,-65.6435910758626,401896.710836906,-0.0071752363994622365,0.41234903211004975,-0.9109976902827565
2960,2026-07-30T20:01:09.393071Z,moon,39.759062,-104.62011683333333,1672.4,359.8429355629686,-65.64116762052555,401893.39310466795,-0.00113064425509968,0.41244843773923223,-0.9109802455871561
2961,2026-07-30T20:02:39.416515Z,moon,39.759062,-104.62011683333333,1672.4,0.6825200164079289,-65.63470331714346,401889.8864586935,0.004914303686252722,0.41252349421304396,-0.9109337057884839
2962,2026-07-30T20:04:09.439958Z,moon,39.759062,-104.62011683333333,1672.4,1.5216126666312868,-65.624200906802,401886.1908866959,0.010959371921728698,0.41257420000557365,-0.9108580688871577
2963,2026-07-30T20:05:39.463402Z,moon,39.759062,-104.62011683333333,1672.4,2.3599702512179133,-65.60966516104116,401882.30638344947,0.01700432519931819,0.4126005545085328,-0.9107533339734569
2964,2026-07-30T20:07:09.486846Z,moon,39.759062,-104.62011683333333,1672.4,3.197350931037602,-65.5911028702831,401878.23295138334,0.023048928056007566,0.4126025580267506,-0.9106195012326778
2965,2026-07-30T20:08:39.510289Z,moon,39.759062,-104.62011683333333,1672.4,4.033514795260522,-65.56852282646342,401873.9706000324,0.02909294502769073,0.4125802117811666,-0.9104565719441117
2966,2026-07-30T20:10:09.533733Z,moon,39.759062,-104.62011683333333,1672.4,4.868224356579524,-65.5419358000262,401869.5193463323,0.03513614085840083,0.41253351790677606,-0.9102645484742544
2967,2026-07-30T20:11:39.557176Z,moon,39.759062,-104.62011683333333,1672.4,5.701244941990261,-65.51135451500257,401864.8792146932,0.041178280038861294,0.4124624794552277,-0.910043434290192
2968,2026-07-30T20:13:09.580620Z,moon,39.759062,-104.62011683333333,1672.4,6.532345208803577,-65.4767936153226,401860.05023663805,0.047219127351617415,0.4123671003904388,-0.9097932339425995
2969,2026-07-30T20:14:39.604064Z,moon,39.759062,-104.62011683333333,1672.4,7.361297505797594,-65.4382696313431,401855.0324512059,0.053258447409202166,0.4122473855936228,-0.9095139530819657
2970,2026-07-30T20:16:09.627507Z,moon,39.759062,-104.62011683333333,1672.4,8.187878309401171,-65.39580093913202,401849.82590482663,0.05929600486394967,0.4121033408617432,-0.9092055984527176
2971,2026-07-30T20:17:39.650951Z,moon,39.759062,-104.62011683333333,1672.4,9.011868640001563,-65.34940771496292,401844.4306509968,0.06533156461733328,0.4119349729015641,-0.9088681778812805
2972,2026-07-30T20:19:09.674394Z,moon,39.759062,-104.62011683333333,1672.4,9.833054365644823,-65.2991118911088,401838.8467508865,0.0713648913586463,0.41174228934152046,-0.9085017003006501
2973,2026-07-30T20:20:39.697838Z,moon,39.759062,-104.62011683333333,1672.4,10.651226620857402,-65.24493710065327,401833.0742728028,0.07739575010948704,0.41152529871631666,-0.9081061757203484
2974,2026-07-30T20:22:09.721282Z,moon,39.759062,-104.62011683333333,1672.4,11.466182064844576,-65.18690862699856,401827.1132923928,0.08342390576276444,0.4112840104810828,-0.9076816152538741
2975,2026-07-30T20:23:39.744725Z,moon,39.759062,-104.62011683333333,1672.4,12.277723206714576,-65.12505334514178,401820.9638927919,0.08944912329241245,0.41101843500621066,-0.9072280311075404
2976,2026-07-30T20:25:09.768169Z,moon,39.759062,-104.62011683333333,1672.4,13.085658704702,-65.05939965958378,401814.6261642416,0.09547116796172428,0.4107285835667833,-0.9067454365637845
2977,2026-07-30T20:26:39.791612Z,moon,39.759062,-104.62011683333333,1672.4,13.889803549731012,-64.98997744703641,401808.1002045712,0.10148980486328711,0.41041446836365364,-0.9062338460169049
2978,2026-07-30T20:28:09.815056Z,moon,39.759062,-104.62011683333333,1672.4,14.689979357543283,-64.91681798633277,401801.3861186056,0.10750479946277644,0.4100761024973611,-0.9056932749297866
2979,2026-07-30T20:29:39.838500Z,moon,39.759062,-104.62011683333333,1672.4,15.486014499721241,-64.83995389771108,401794.48401881236,0.11351591713814757,0.4097134999919598,-0.905123739872413
2980,2026-07-30T20:31:09.861943Z,moon,39.759062,-104.62011683333333,1672.4,16.277744298118424,-64.75941907326785,401787.39402490633,0.11952292338965151,0.40932667578468485,-0.904525258506058
2981,2026-07-30T20:32:39.885387Z,moon,39.759062,-104.62011683333333,1672.4,17.06501119174915,-64.67524860547174,401780.1162637224,0.12552558404697506,0.40891564571206035,-0.9038978495613067
2982,2026-07-30T20:34:09.908830Z,moon,39.759062,-104.62011683333333,1672.4,17.847664790255124,-64.58747872406646,401772.65086964,0.13152366481142572,0.4084804265399927,-0.9032415328849075
2983,2026-07-30T20:35:39.932274Z,moon,39.759062,-104.62011683333333,1672.4,18.6255620328313,-64.49614671857427,401764.9979841794,0.13751693179634444,0.4080210359269031,-0.9025563293836326
2984,2026-07-30T20:37:09.955718Z,moon,39.759062,-104.62011683333333,1672.4,19.398567191504675,-64.40129087466357,401757.1577562691,0.14350515107016235,0.40753749245634285,-0.9018422610738123
2985,2026-07-30T20:38:39.979161Z,moon,39.759062,-104.62011683333333,1672.4,20.16655193707222,-64.30295040104377,401749.13034221274,0.14948808886358075,0.40702981562331525,-0.90109935106045
2986,2026-07-30T20:40:10.002605Z,moon,39.759062,-104.62011683333333,1672.4,20.929395380836205,-64.20116535584658,401740.9159053114,0.15546551177766668,0.4064980258155506,-0.9003276235103354
2987,2026-07-30T20:41:40.026048Z,moon,39.759062,-104.62011683333333,1672.4,21.68698400867131,-64.09597658469173,401732.5146165343,0.1614371863260439,0.40594214435311865,-0.8995271037101228
2988,2026-07-30T20:43:10.049492Z,moon,39.759062,-104.62011683333333,1672.4,22.43921172120781,-63.98742564260348,401723.926653794,0.16740287947536184,0.4053621934406812,-0.89869781799686
2989,2026-07-30T20:44:40.072936Z,moon,39.759062,-104.62011683333333,1672.4,23.185979726575585,-63.875554734004524,401715.152202452,0.17336235818820225,0.40475819620935355,-0.8978397938189062
2990,2026-07-30T20:46:10.096379Z,moon,39.759062,-104.62011683333333,1672.4,23.927196498597542,-63.76040664235755,401706.1914552414,0.1793153896304584,0.4041301766988126,-0.8969530597099624
2991,2026-07-30T20:47:40.119823Z,moon,39.759062,-104.62011683333333,1672.4,24.662777716025705,-63.642024660396295,401697.0446118698,0.18526174137836868,0.4034781598345521,-0.8960376452571499
2992,2026-07-30T20:49:10.143266Z,moon,39.759062,-104.62011683333333,1672.4,25.39264610296475,-63.520452534891305,401687.71187965455,0.19120118096308683,0.40280217147665,-0.895093581170157
2993,2026-07-30T20:50:40.166710Z,moon,39.759062,-104.62011683333333,1672.4,26.116731376888875,-63.3957343934128,401678.1934727426,0.1971334764077856,0.40210223836098974,-0.8941208991990193
2994,2026-07-30T20:52:10.190154Z,moon,39.759062,-104.62011683333333,1672.4,26.834970060130892,-63.26791469268577,401668.48961293214,0.20305839577349702,0.40137838815087906,-0.8931196322057287
2995,2026-07-30T20:53:40.213597Z,moon,39.759062,-104.62011683333333,1672.4,27.5473053601968,-63.13703815557086,401658.600529134,0.20897570736581114,0.4006306494143428,-0.8920898141335326
2996,2026-07-30T20:55:10.237041Z,moon,39.759062,-104.62011683333333,1672.4,28.253687037278517,-63.00314970930555,401648.52645727346,0.21488517993978246,0.39985905159780133,-0.8910314799700144
2997,2026-07-30T20:56:40.260485Z,moon,39.759062,-104.62011683333333,1672.4,28.95407119061558,-62.86629443907447,401638.267640758,0.2207865823133752,0.39906362507472726,-0.8899446658150139
2998,2026-07-30T20:58:10.283928Z,moon,39.759062,-104.62011683333333,1672.4,29.648420107416477,-62.72651753069238,401627.8243302328,0.22667968357357707,0.39824440112120235,-0.8888294088466008
2999,2026-07-30T20:59:40.307372Z,moon,39.759062,-104.62011683333333,1672.4,30.33670210274771,-62.58386421486946,401617.19678322517,0.23256425328044564,0.39740141188655975,-0.8876857472814789
3000,2026-07-30T21:01:10.330815Z,moon,39.759062,-104.62011683333333,1672.4,31.01889127615218,-62.43837972943104,401606.3852648804,0.2384400610171909,0.396534690456836,-0.8865137204614599
3001,2026-07-30T21:02:40.354259Z,moon,39.759062,-104.62011683333333,1672.4,31.69496737773438,-62.290109260147595,401595.39004709234,0.2443068769208838,0.39564427077904474,-0.8853133687507955
3002,2026-07-30T21:04:10.377703Z,moon,39.759062,-104.62011683333333,1672.4,32.36491555562177,-62.139097907699245,401584.21140927734,0.2501644712343449,0.3947301877267299,-0.8840847336252681
3003,2026-07-30T21:05:40.401146Z,moon,39.759062,-104.62011683333333,1672.4,33.02872617605556,-61.9853906409916,401572.8496380585,0.2560126145093526,0.3937924770715992,-0.8828278576335817
3004,2026-07-30T21:07:10.424590Z,moon,39.759062,-104.62011683333333,1672.4,33.68639464014216,-61.82903225213161,401561.3050267968,0.26185107781033057,0.39283117544979423,-0.8815427843526945
3005,2026-07-30T21:08:40.448033Z,moon,39.759062,-104.62011683333333,1672.4,34.33792112559162,-61.670067330973396,401549.5778765398,0.2676796322669261,0.3918463204347284,-0.8802295584852894
3006,2026-07-30T21:10:10.471477Z,moon,39.759062,-104.62011683333333,1672.4,34.98331043796848,-61.508540215921066,401537.66849491623,0.2734980496019887,0.39083795045036523,-0.8788882257441307
3007,2026-07-30T21:11:40.494921Z,moon,39.759062,-104.62011683333333,1672.4,35.62257175259873,-61.34449497315801,401525.5771971372,0.279306101685164,0.38980610484618466,-0.8775188329523658
3008,2026-07-30T21:13:10.518364Z,moon,39.759062,-104.62011683333333,1672.4,36.25571843042397,-61.17797536051126,401513.30430554075,0.285103560736607,0.38875082386438514,-0.8761214279996065
3009,2026-07-30T21:14:40.541808Z,moon,39.759062,-104.62011683333333,1672.4,36.88276783403807,-61.00902479297931,401500.85014910763,0.2908901995270227,0.38767214860245314,-0.8746960597928211
3010,2026-07-30T21:16:10.565251Z,moon,39.759062,-104.62011683333333,1672.4,37.503741076187566,-60.83768632896978,401488.2150644581,0.29666579093583967,0.3865701210946548,-0.8732427783642283
3011,2026-07-30T21:17:40.588695Z,moon,39.759062,-104.62011683333333,1672.4,38.1186628756867,-60.66400263055088,401475.3993948358,0.302430108473064,0.3854447842151237,-0.8717616347433096
3012,2026-07-30T21:19:10.612139Z,moon,39.759062,-104.62011683333333,1672.4,38.72756131249708,-60.48801595391453,401462.403490915,0.3081829258382928,0.38429618176141356,-0.8702526810676011
3013,2026-07-30T21:20:40.635582Z,moon,39.759062,-104.62011683333333,1672.4,39.33046765585039,-60.30976812287016,401449.2277103901,0.3139240171216756,0.38312435841800524,-0.8687159705340876
3014,2026-07-30T21:22:10.659026Z,moon,39.759062,-104.62011683333333,1672.4,39.92741619525437,-60.12930050374378,401435.872417667,0.3196531570023088,0.38192935971464925,-0.8671515573453209
3015,2026-07-30T21:23:40.682469Z,moon,39.759062,-104.62011683333333,1672.4,40.5184440095263,-59.94665400194634,401422.3379847557,0.32537012031125817,0.38071123211683106,-0.8655594968277581
3016,2026-07-30T21:25:10.705913Z,moon,39.759062,-104.62011683333333,1672.4,41.10359084009376,-59.76186903036907,401408.624790015,0.3310746825475297,0.37947002291835996,-0.8639398452915527
3017,2026-07-30T21:26:40.729357Z,moon,39.759062,-104.62011683333333,1672.4,41.68289887026048,-59.574985509517376,401394.73321937054,0.33676661944185554,0.37820578033396995,-0.8622926601518055
3018,2026-07-30T21:28:10.752800Z,moon,39.759062,-104.62011683333333,1672.4,42.25641257568144,-59.38604284909457,401380.66366566584,0.3424457071559109,0.37691855345851966,-0.8606179998752206
3019,2026-07-30T21:29:40.776244Z,moon,39.759062,-104.62011683333333,1672.4,42.82417857894895,-59.19507993066207,401366.4165283529,0.3481117224785525,0.37560839222176123,-0.8589159239213107
3020,2026-07-30T21:31:10.799687Z,moon,39.759062,-104.62011683333333,1672.4,43.38624544652595,-59.002135112854425,401351.99221437954,0.35376444239324123,0.37427534748712304,-0.857186492871646
3021,2026-07-30T21:32:40.823131Z,moon,39.759062,-104.62011683333333,1672.4,43.9426635858998,-58.807246206234666,401337.39113714587,0.3594036445885857,0.3729194709345743,-0.8554297682769281
3022,2026-07-30T21:34:10.846575Z,moon,39.759062,-104.62011683333333,1672.4,44.493485054349634,-58.61045048131899,401322.61371736135,0.3650291070277647,0.37154081516123566,-0.8536458127887919
3023,2026-07-30T21:35:40.870018Z,moon,39.759062,-104.62011683333333,1672.4,45.038763435866,-58.41178465656693,401307.6603826939,0.370640608144054,0.3701394336375613,-0.8518346901019418
3024,2026-07-30T21:37:10.893462Z,moon,39.759062,-104.62011683333333,1672.4,45.57855372297414,-58.21128488708699,401292.53156733094,0.3762379270363986,0.36871538065717635,-0.8499964648904059
3025,2026-07-30T21:38:40.916905Z,moon,39.759062,-104.62011683333333,1672.4,46.11291214383177,-58.008986776665296,401277.22771283926,0.38182084304085057,0.36726871144524,-0.8481312029473549
3026,2026-07-30T21:40:10.940349Z,moon,39.759062,-104.62011683333333,1672.4,46.64189608522801,-57.80492535747791,401261.74926719774,0.3873891362359367,0.36579948203034895,-0.8462389710198316
3027,2026-07-30T21:41:40.963793Z,moon,39.759062,-104.62011683333333,1672.4,47.16556393148094,-57.59913510425633,401246.0966855917,0.3929425870161204,0.36430774935462823,-0.8443198369511663
3028,2026-07-30T21:43:10.987236Z,moon,39.759062,-104.62011683333333,1672.4,47.683974968594086,-57.391649926988784,401230.2704302193,0.39848097628675244,0.362793571225007,-0.8423738696180945
3029,2026-07-30T21:44:41.010680Z,moon,39.759062,-104.62011683333333,1672.4,48.19718929269556,-57.18250316411417,401214.2709695177,0.40400408565563933,0.3612570062602155,-0.8404011388625419
3030,2026-07-30T21:46:11.034123Z,moon,39.759062,-104.62011683333333,1672.4,48.70526766667084,-56.971727599691725,401198.098779405,0.4095116970107941,0.35969811400695817,-0.8384017156418377
3031,2026-07-30T21:47:41.057567Z,moon,39.759062,-104.62011683333333,1672.4,49.20827146767226,-56.75935544649056,401181.75434198574,0.41500359301906586,0.3581169548020655,-0.8363756718512088
3032,2026-07-30T21:49:11.081011Z,moon,39.759062,-104.62011683333333,1672.4,49.70626255450673,-56.54541836468199,401165.23814660474,0.42047955670567977,0.3565135898911145,-0.8343230804763495
3033,2026-07-30T21:50:41.104454Z,moon,39.759062,-104.62011683333333,1672.4,50.199303196720855,-56.329947457883165,401148.5506894526,0.42593937164610607,0.3548880813757955,-0.832244015526172
3034,2026-07-30T21:52:11.127898Z,moon,39.759062,-104.62011683333333,1672.4,50.687456007476634,-56.1129732694279,401131.69247293187,0.43138282215504337,0.35324049215708925,-0.830138551959953
3035,2026-07-30T21:53:41.151341Z,moon,39.759062,-104.62011683333333,1672.4,51.17078382679487,-55.894525803206065,401114.6640068695,0.4368096928708644,0.3515708860600213,-0.8280067658473768
3036,2026-07-30T21:55:11.174785Z,moon,39.759062,-104.62011683333333,1672.4,51.649349690741964,-55.67463450895892,401097.465807086,0.44221976924635126,0.3498793276855535,-0.8258487341795766
3037,2026-07-30T21:56:41.198229Z,moon,39.759062,-104.62011683333333,1672.4,52.12321672399218,-55.45332830414588,401080.0983966454,0.4476128371350136,0.3481658825379774,-0.8236645350314017
3038,2026-07-30T21:58:11.221672Z,moon,39.759062,-104.62011683333333,1672.4,52.59244809052175,-55.23063557216625,401062.56230541406,0.4529886829794849,0.3464306169684921,-0.8214542474899875
3039,2026-07-30T21:59:41.245116Z,moon,39.759062,-104.62011683333333,1672.4,53.05710694759466,-55.00658416053646,401044.85806914157,0.4583470939989783,0.3446735981140419,-0.8192179515768753
3040,2026-07-30T22:01:11.268560Z,moon,39.759062,-104.62011683333333,1672.4,53.5172563567731,-54.78120140183246,401026.9862310121,0.46368785783772987,0.3428948940112785,-0.8169557283934371
3041,2026-07-30T22:02:41.292003Z,moon,39.759062,-104.62011683333333,1672.4,53.972959245948985,-54.55451411264475,401008.9473407562,0.4690107627535376,0.3410945735376733,-0.814667660045799
3042,2026-07-30T22:04:11.315447Z,moon,39.759062,-104.62011683333333,1672.4,54.42427837399034,-54.32654859257846,400990.74195405596,0.4743155978017109,0.3392727063483877,-0.8123538295650771
3043,2026-07-30T22:05:41.338890Z,moon,39.759062,-104.62011683333333,1672.4,54.87127624857542,-54.097330648731685,400972.3706341558,0.47960215242962057,0.3374293630148912,-0.8100143210834237
3044,2026-07-30T22:07:11.362334Z,moon,39.759062,-104.62011683333333,1672.4,55.31401512274276,-53.8668855824765,400953.83394985844,0.4848702169558058,0.33556461486087014,-0.8076492196260117
3045,2026-07-30T22:08:41.385778Z,moon,39.759062,-104.62011683333333,1672.4,55.75255691959284,-53.63523821444375,400935.1324772307,0.49011958216623613,0.33367853410291815,-0.8052586112896414
3046,2026-07-30T22:10:11.409221Z,moon,39.759062,-104.62011683333333,1672.4,56.18696320997698,-53.402412884300276,400916.2667989393,0.4953500394991436,0.3317711937879963,-0.802842583163527
3047,2026-07-30T22:11:41.432665Z,moon,39.759062,-104.62011683333333,1672.4,56.61729519221943,-53.168433450408976,400897.2375034378,0.5005613812262036,0.32984266772652593,-0.8004012232449198
3048,2026-07-30T22:13:11.456108Z,moon,39.759062,-104.62011683333333,1672.4,57.04361362659042,-52.933323315542225,400878.0451864997,0.5057534000539986,0.32789303063938474,-0.7979346206249855
3049,2026-07-30T22:14:41.479552Z,moon,39.759062,-104.62011683333333,1672.4,57.46597884433501,-52.69710541377862,400858.6904496413,0.5109258895947556,0.3259223579839297,-0.7954428652694062
3050,2026-07-30T22:16:11.502996Z,moon,39.759062,-104.62011683333333,1672.4,57.884450687628785,-52.459802236454905,400839.17390133557,0.5160786439701679,0.32393072610302354,-0.7929260482064394
3051,2026-07-30T22:17:41.526439Z,moon,39.759062,-104.62011683333333,1672.4,58.29908849953549,-52.22143583219598,400819.49615655513,0.5212114579927865,0.32191821215860655,-0.7903842614435337
3052,2026-07-30T22:19:11.549883Z,moon,39.759062,-104.62011683333333,1672.4,58.709951115377606,-51.98202780672799,400799.657836051,0.5263241273437074,0.31988489406151105,-0.7878175978785577
3053,2026-07-30T22:20:41.573326Z,moon,39.759062,-104.62011683333333,1672.4,59.117096810489684,-51.741599349274246,400779.65956774325,0.5314164481818466,0.31783085062598126,-0.785226151495323
3054,2026-07-30T22:22:11.596770Z,moon,39.759062,-104.62011683333333,1672.4,59.520583318581984,-51.500171219106356,400759.5019851083,0.5364882176060819,0.31575616138670193,-0.7826100171325334
3055,2026-07-30T22:23:41.620214Z,moon,39.759062,-104.62011683333333,1672.4,59.92046778367515,-51.25776377206783,400739.1857285739,0.5415392332659067,0.31366090675559183,-0.7799692906820331
3056,2026-07-30T22:25:11.643657Z,moon,39.759062,-104.62011683333333,1672.4,60.316806759384995,-51.01439696039692,400718.711444955,0.5465692935403256,0.3115451679516978,-0.7773040690005282
3057,2026-07-30T22:26:41.667101Z,moon,39.759062,-104.62011683333333,1672.4,60.70965620905192,-50.770090332354194,400698.079786638,0.5515781977116561,0.3094090269276929,-0.7746144498166939
3058,2026-07-30T22:28:11.690544Z,moon,39.759062,-104.62011683333333,1672.4,61.09907146379035,-50.52486305892598,400677.29141324415,0.5565657455826399,0.30725256653199,-0.7719005319363015
3059,2026-07-30T22:29:41.713988Z,moon,39.759062,-104.62011683333333,1672.4,61.48510724760472,-50.27873391978013,400656.3469896462,0.5615317379293938,0.30507587031661915,-0.7691624149999478
3060,2026-07-30T22:31:11.737432Z,moon,39.759062,-104.62011683333333,1672.4,61.86781763860044,-50.031721329952084,400635.2471876846,0.5664759761203777,0.30287902270182976,-0.7664001996905075
3061,2026-07-30T22:32:41.760875Z,moon,39.759062,-104.62011683333333,1672.4,62.24725607503251,-49.783843339290655,400613.9926854002,0.5713982622911944,0.30066210890259376,-0.7636139876409076
3062,2026-07-30T22:34:11.784319Z,moon,39.759062,-104.62011683333333,1672.4,62.62347536191501,-49.53511763163396,400592.58416629565,0.5762983995152967,0.298425214851156,-0.7608038813368061
3063,2026-07-30T22:35:41.807762Z,moon,39.759062,-104.62011683333333,1672.4,62.996527636847865,-49.28556155155104,400571.0223210237,0.5811761914289436,0.29616842736747845,-0.7579699843310568
3064,2026-07-30T22:37:11.831206Z,moon,39.759062,-104.62011683333333,1672.4,63.366464399845086,-49.03519208955067,400549.3078453358,0.5860314426747191,0.2938918339574602,-0.7551124009905467
3065,2026-07-30T22:38:41.854650Z,moon,39.759062,-104.62011683333333,1672.4,63.73333648153662,-48.78402590872748,400527.44144185307,0.5908639585287022,0.2915955229855537,-0.7522312367128697
3066,2026-07-30T22:40:11.878093Z,moon,39.759062,-104.62011683333333,1672.4,64.09719405404418,-48.5320793436389,400505.42381924094,0.5956735450717516,0.2892795835977398,-0.7493265978297915
3067,2026-07-30T22:41:41.901537Z,moon,39.759062,-104.62011683333333,1672.4,64.45808664213058,-48.27936839892176,400483.25569159334,0.6004600093563687,0.28694410564039796,-0.7463985915058937
3068,2026-07-30T22:43:11.924980Z,moon,39.759062,-104.62011683333333,1672.4,64.81606309488915,-48.025908775898394,400460.9377798828,0.6052231590401492,0.2845891798386236,-0.7434473259621303
3069,2026-07-30T22:44:41.948424Z,moon,39.759062,-104.62011683333333,1672.4,65.17117161859672,-47.77171585694988,400438.4708101743,0.6099628028192817,0.2822148975854052,-0.7404729102119167
3070,2026-07-30T22:46:11.971868Z,moon,39.759062,-104.62011683333333,1672.4,65.52345975016036,-47.51680473198833,400415.8555152792,0.6146787500644009,0.27982135112176065,-0.7374754542868923
3071,2026-07-30T22:47:41.995311Z,moon,39.759062,-104.62011683333333,1672.4,65.87297437128261,-47.26119019668529,400393.09263390384,0.6193708109882481,0.27740863345610384,-0.7344550691361431
3072,2026-07-30T22:49:12.018755Z,moon,39.759062,-104.62011683333333,1672.4,66.21976172261,-47.00488675047051,400370.18290994357,0.6240387968080735,0.2749768382801655,-0.731411866521029
3073,2026-07-30T22:50:42.042198Z,moon,39.759062,-104.62011683333333,1672.4,66.56386737982604,-46.74790862288234,400347.1270942212,0.6286825193885466,0.27252606015434794,-0.7283459592474022
3074,2026-07-30T22:52:12.065642Z,moon,39.759062,-104.62011683333333,1672.4,66.90533628825077,-46.49026975708939,400323.92594240233,0.6333017916645645,0.270056394288246,-0.7252574608912921
3075,2026-07-30T22:53:42.089086Z,moon,39.759062,-104.62011683333333,1672.4,67.24421274015015,-46.231983836097704,400300.58021675743,0.6378964272862928,0.2675679367281524,-0.7221464860334244
3076,2026-07-30T22:55:12.112529Z,moon,39.759062,-104.62011683333333,1672.4,67.58054039095332,-45.973064280338,400277.090685449,0.6424662407823482,0.26506078427331403,-0.7190131501547196
3077,2026-07-30T22:56:42.135973Z,moon,39.759062,-104.62011683333333,1672.4,67.91436227538112,-45.713524244968816,400253.4581216062,0.647011047718713,0.26253503438820264,-0.7158575695267311
3078,2026-07-30T22:58:12.159417Z,moon,39.759062,-104.62011683333333,1672.4,68.24572079038121,-45.45337664306229,400229.6833047913,0.6515306644008438,0.2599907853666319,-0.7126798614173386
3079,2026-07-30T22:59:42.182860Z,moon,39.759062,-104.62011683333333,1672.4,68.57465771215637,-45.19263414275108,400205.7670205166,0.6560249080348349,0.2574281362462483,-0.7094801439833743
3080,2026-07-30T23:01:12.206304Z,moon,39.759062,-104.62011683333333,1672.4,68.90121421300876,-44.931309164202034,400181.7100590813,0.6604935968829032,0.2548471867188757,-0.7062585361594997
3081,2026-07-30T23:02:42.229747Z,moon,39.759062,-104.62011683333333,1672.4,69.2254308420811,-44.66941390545508,400157.5132175843,0.6649365499219134,0.2522480373273278,-0.7030151579037638
3082,2026-07-30T23:04:12.253191Z,moon,39.759062,-104.62011683333333,1672.4,69.54734756089294,-44.40696032463996,400133.17729763524,0.6693535872478322,0.24963078923281434,-0.6997501299074269
3083,2026-07-30T23:05:42.276635Z,moon,39.759062,-104.62011683333333,1672.4,69.86700372477802,-44.1439601656863,400108.7031073208,0.673744529736445,0.24699554441332766,-0.6964635738430118
3084,2026-07-30T23:07:12.300078Z,moon,39.759062,-104.62011683333333,1672.4,70.18443810070427,-43.88042495483827,400084.0914603163,0.6781091992000484,0.24434240557487893,-0.6931556122532302
3085,2026-07-30T23:08:42.323522Z,moon,39.759062,-104.62011683333333,1672.4,70.49968888483413,-43.616365996981315,400059.34317512665,0.6824474185386878,0.24167147605871675,-0.6898263684359146
3086,2026-07-30T23:10:12.346965Z,moon,39.759062,-104.62011683333333,1672.4,70.81279368511191,-43.351794401181174,400034.4590767338,0.6867590114084174,0.23898286004501837,-0.6864759666980602
3087,2026-07-30T23:11:42.370409Z,moon,39.759062,-104.62011683333333,1672.4,71.1237895566548,-43.08672106211383,400009.43999463686,0.6910438026142316,0.23627666231212593,-0.6831045320557496
3088,2026-07-30T23:13:12.393853Z,moon,39.759062,-104.62011683333333,1672.4,71.43271298479449,-42.82115668545574,399984.2867645928,0.6953016177808591,0.23355298844195455,-0.6797121904903225
3089,2026-07-30T23:14:42.417296Z,moon,39.759062,-104.62011683333333,1672.4,71.73959990318465,-42.555111783808016,399959.0002278281,0.6995322835048507,0.23081194472780356,-0.6762990688337952
3090,2026-07-30T23:16:12.440740Z,moon,39.759062,-104.62011683333333,1672.4,72.04448571157995,-42.28859667240732,399933.5812301774,0.703735627501451,0.22805363807859963,-0.6728652946498681
3091,2026-07-30T23:17:42.464183Z,moon,39.759062,-104.62011683333333,1672.4,72.34740525968202,-42.021621494363586,399908.0306239458,0.7079114782829484,0.2252781762296197,-0.669410996496104
3092,2026-07-30T23:19:12.487627Z,moon,39.759062,-104.62011683333333,1672.4,72.64839288204506,-41.7541962013708,399882.34926565347,0.7120596655396861,0.22248566749331833,-0.6659363036143645
3093,2026-07-30T23:20:42.511071Z,moon,39.759062,-104.62011683333333,1672.4,72.94748238222942,-41.486330578791055,399856.5380179996,0.7161800198212882,0.21967622097145925,-0.6624413461948746
3094,2026-07-30T23:22:12.534514Z,moon,39.759062,-104.62011683333333,1672.4,73.24470705077317,-41.218034241022984,399830.5977490412,0.7202723726838747,0.21684994646032682,-0.6589262552581244
3095,2026-07-30T23:23:42.557958Z,moon,39.759062,-104.62011683333333,1672.4,73.54009968290345,-40.94931662663918,399804.5293311583,0.7243365568326501,0.21400695435137299,-0.6553911625320183
3096,2026-07-30T23:25:12.581401Z,moon,39.759062,-104.62011683333333,1672.4,73.83369256321932,-40.68018702336108,399778.3336431458,0.7283724058104326,0.21114735584881156,-0.6518362007222196
3097,2026-07-30T23:26:42.604845Z,moon,39.759062,-104.62011683333333,1672.4,74.12551749984182,-40.41065454809207,399752.01156785764,0.7323797543664532,0.20827126271263935,-0.6482615031931299
3098,2026-07-30T23:28:12.628289Z,moon,39.759062,-104.62011683333333,1672.4,74.41560580930309,-40.14072817171821,399725.5639941618,0.7363584381482692,0.2053787874774115,-0.6446672042396371
3099,2026-07-30T23:29:42.651732Z,moon,39.759062,-104.62011683333333,1672.4,74.70398833421376,-39.87041671397253,399698.99181603995,0.7403082938442337,0.2024700433539479,-0.6410534389656529
3100,2026-07-30T23:31:12.675176Z,moon,39.759062,-104.62011683333333,1672.4,74.99069546056259,-39.599728838064415,399672.2959317502,0.7442291593210246,0.19954514412782928,-0.637420343157735
3101,2026-07-30T23:32:42.698619Z,moon,39.759062,-104.62011683333333,1672.4,75.27575710302973,-39.32867307535963,399645.4772458411,0.7481208733236271,0.19660420438264334,-0.6337680535626274
3102,2026-07-30T23:34:12.722063Z,moon,39.759062,-104.62011683333333,1672.4,75.55920273817456,-39.05725780486685,399618.53666653036,0.7519832758305737,0.19364733923597843,-0.6300967075599945
3103,2026-07-30T23:35:42.745507Z,moon,39.759062,-104.62011683333333,1672.4,75.84106138984976,-38.785491277740086,399591.47510810004,0.7558162077574723,0.19067466456404594,-0.6264064434410792
3104,2026-07-30T23:37:12.768950Z,moon,39.759062,-104.62011683333333,1672.4,76.1213616463313,-38.513381611672536,399564.293489766,0.7596195110944853,0.1876862969009623,-0.6226974002837806
3105,2026-07-30T23:38:42.792394Z,moon,39.759062,-104.62011683333333,1672.4,76.40013167713877,-38.240936785105035,399536.9927348022,0.763393029038534,0.18468235333408145,-0.6189697178233823
3106,2026-07-30T23:40:12.815837Z,moon,39.759062,-104.62011683333333,1672.4,76.67739921870951,-37.96816466163717,399509.57377250894,0.7671366057048208,0.18166295173332106,-0.615223536737033
3107,2026-07-30T23:41:42.839281Z,moon,39.759062,-104.62011683333333,1672.4,76.95319160656764,-37.69507296896648,399482.03753586655,0.7708500864688969,0.17862821048032673,-0.6114589983077281
3108,2026-07-30T23:43:12.862725Z,moon,39.759062,-104.62011683333333,1672.4,77.2275357610496,-37.421669323190564,399454.38496369735,0.7745333176812279,0.17557824869880925,-0.6076762447105936
3109,2026-07-30T23:44:42.886168Z,moon,39.759062,-104.62011683333333,1672.4,77.50045820385917,-37.14796122275338,399426.61699951376,0.778186146800002,0.17251318615081687,-0.6038754188842755
3110,2026-07-30T23:46:12.909612Z,moon,39.759062,-104.62011683333333,1672.4,77.77198507426041,-36.87395604224997,399398.73459076625,0.7818084225179922,0.16943314312991806,-0.6000566643984927
3111,2026-07-30T23:47:42.933055Z,moon,39.759062,-104.62011683333333,1672.4,78.04214211497954,-36.599661056626616,399370.73869076226,0.785399994485622,0.16633824069601771,-0.5962201257456331
3112,2026-07-30T23:49:12.956499Z,moon,39.759062,-104.62011683333333,1672.4,78.31095470335065,-36.325083419638894,399342.6302563945,0.7889607136394942,0.16322860039763895,-0.5923659479964121
3113,2026-07-30T23:50:42.979943Z,moon,39.759062,-104.62011683333333,1672.4,78.57844783720843,-36.050230187934474,399314.4102500498,0.792490431928703,0.16010434450799885,-0.5884942770929227
3114,2026-07-30T23:52:13.003386Z,moon,39.759062,-104.62011683333333,1672.4,78.84464615078704,-35.775108314636064,399286.07963877456,0.7959890024423238,0.15696559591871703,-0.5846052597169786
3115,2026-07-30T23:53:43.026830Z,moon,39.759062,-104.62011683333333,1672.4,79.10957393028514,-35.49972464278145,399257.63939332054,0.7994562795309998,0.1538124780304132,-0.5806990431545377
3116,2026-07-30T23:55:13.050274Z,moon,39.759062,-104.62011683333333,1672.4,79.37325510280718,-35.22408592625696,399229.09048981615,0.8028921185799717,0.1506451149575993,-0.5767757755502362
3117,2026-07-30T23:56:43.073717Z,moon,39.759062,-104.62011683333333,1672.4,79.63571325185067,-34.94819882315394,399200.4339090505,0.8062963761335847,0.14746363142108512,-0.5728356057735545
3118,2026-07-30T23:58:13.097161Z,moon,39.759062,-104.62011683333333,1672.4,79.89697163252956,-34.67206988903496,399171.6706352325,0.809668910013509,0.1442681526364389,-0.5688786832817744
3119,2026-07-30T23:59:43.120604Z,moon,39.759062,-104.62011683333333,1672.4,80.15705315756917,-34.39570560079167,399142.8016583616,0.8130095790612089,0.1410588045580796,-0.5649051584216253
3120,2026-07-31T00:01:13.144048Z,moon,39.759062,-104.62011683333333,1672.4,80.415980426847,-34.11911233448568,399113.82797152904,0.816318243443691,0.13783571359095395,-0.5609151820729044
3121,2026-07-31T00:02:43.167492Z,moon,39.759062,-104.62011683333333,1672.4,80.67377571335497,-33.842296389140365,399084.75057322247,0.8195947643990249,0.1345990068355446,-0.5569089059519445
3122,2026-07-31T00:04:13.190935Z,moon,39.759062,-104.62011683333333,1672.4,80.93046097808116,-33.565263979771466,399055.5704661433,0.8228390043557632,0.13134881197703224,-0.5528864824745117
3123,2026-07-31T00:05:43.214379Z,moon,39.759062,-104.62011683333333,1672.4,81.18605788453152,-33.28802123037343,399026.2886564731,0.8260508270453166,0.12808525717223976,-0.5488480646161281
3124,2026-07-31T00:07:13.237822Z,moon,39.759062,-104.62011683333333,1672.4,81.44058778474538,-33.01057419763417,398996.90615588176,0.8292300972565978,0.12480847129851795,-0.5447938062202436
3125,2026-07-31T00:08:43.261266Z,moon,39.759062,-104.62011683333333,1672.4,81.69407174790041,-32.73292884838002,398967.4239789222,0.8323766811278523,0.12151858365903416,-0.5407238616337215
3126,2026-07-31T00:10:13.284710Z,moon,39.759062,-104.62011683333333,1672.4,81.94653054623504,-32.45509108325308,398937.84314542287,0.8354904459041124,0.11821572423318132,-0.5366383860170383
3127,2026-07-31T00:11:43.308153Z,moon,39.759062,-104.62011683333333,1672.4,82.19798466929487,-32.17706672944715,398908.16467925505,0.8385712600513224,0.11490002356325893,-0.5325375352039514
3128,2026-07-31T00:13:13.331597Z,moon,39.759062,-104.62011683333333,1672.4,82.44845433783006,-31.89886153345782,398878.38960745186,0.8416189933628534,0.1115716126392007,-0.5284214655594391
3129,2026-07-31T00:14:43.355040Z,moon,39.759062,-104.62011683333333,1672.4,82.69795948979409,-31.62048118461336,398848.51896244875,0.8446335167271115,0.10823062315205945,-0.5242903342932321
3130,2026-07-31T00:16:13.378484Z,moon,39.759062,-104.62011683333333,1672.4,82.94651980800504,-31.34193129226575,398818.5537794334,0.8476147024040763,0.10487718719394976,-0.5201442990889494
3131,2026-07-31T00:17:43.401928Z,moon,39.759062,-104.62011683333333,1672.4,83.19415470605443,-31.06321740927537,398788.4950985221,0.8505624237959679,0.10151143751289654,-0.5159835184193324
3132,2026-07-31T00:19:13.425371Z,moon,39.759062,-104.62011683333333,1672.4,83.44088334193162,-30.784345024566285,398758.3439637828,0.8534765555551782,0.09813350739727121,-0.5118081514039987
3133,2026-07-31T00:20:43.448815Z,moon,39.759062,-104.62011683333333,1672.4,83.68672463131664,-30.505319555601996,398728.10142229445,0.8563569736854465,0.09474353055865344,-0.5076183576640871
3134,2026-07-31T00:22:13.472258Z,moon,39.759062,-104.62011683333333,1672.4,83.93169723353485,-30.226146371809264,398697.7685262002,0.8592035553220935,0.09134164138961248,-0.5034142976417393
3135,2026-07-31T00:23:43.495702Z,moon,39.759062,-104.62011683333333,1672.4,84.17581957837206,-29.94683077149951,398667.3463303421,0.8620161789935742,0.08792797465815562,-0.4991961322224293
3136,2026-07-31T00:25:13.519146Z,moon,39.759062,-104.62011683333333,1672.4,84.41910985191778,-29.667378005229743,398636.8358941522,0.8647947244050174,0.08450266576713604,-0.49496402305571435
3137,2026-07-31T00:26:43.542589Z,moon,39.759062,-104.62011683333333,1672.4,84.66158600957753,-29.38779326815309,398606.23828103615,0.8675390725403282,0.08106585063703757,-0.49071813241040996
3138,2026-07-31T00:28:13.566033Z,moon,39.759062,-104.62011683333333,1672.4,84.90326578887874,-29.108081692295418,398575.5545569197,0.8702491057576166,0.07761766558579883,-0.4864586230267481
3139,2026-07-31T00:29:43.589476Z,moon,39.759062,-104.62011683333333,1672.4,85.1441666952796,-28.828248369871385,398544.7857928677,0.8729247075822915,0.07415824759196195,-0.48218565844128974
3140,2026-07-31T00:31:13.612920Z,moon,39.759062,-104.62011683333333,1672.4,85.38430602825274,-28.54829832994689,398513.9330622798,0.8755657629536303,0.07068773398317978,-0.4778994026024206
3141,2026-07-31T00:32:43.636364Z,moon,39.759062,-104.62011683333333,1672.4,85.6237008670223,-28.268236561739066,398482.99744304613,0.8781721580209615,0.06720626270031911,-0.47360002019706793
3142,2026-07-31T00:34:13.659807Z,moon,39.759062,-104.62011683333333,1672.4,85.86236808305863,-27.988068006742992,398451.98001670674,0.8807437802403048,0.06371397217792563,-0.4692876765027272
3143,2026-07-31T00:35:43.683251Z,moon,39.759062,-104.62011683333333,1672.4,86.1003243523502,-27.707797550861912,398420.8818672276,0.883280518463586,0.06021100122240613,-0.4649625372376727
3144,2026-07-31T00:37:13.706694Z,moon,39.759062,-104.62011683333333,1672.4,86.33758614114966,-27.427430047594914,398389.70408358064,0.8857822627452241,0.05669748927892857,-0.46062476889048914
3145,2026-07-31T00:38:43.730138Z,moon,39.759062,-104.62011683333333,1672.4,86.57416973131626,-27.14697029454465,398358.44775656844,0.8882489045727385,0.053173576115373614,-0.4562745383301951
3146,2026-07-31T00:40:13.753582Z,moon,39.759062,-104.62011683333333,1672.4,86.81009120598505,-26.866423056572437,398327.11398156715,0.8906803366766552,0.049639402090253075,-0.45191201313716156
3147,2026-07-31T00:41:43.777025Z,moon,39.759062,-104.62011683333333,1672.4,87.04536646156416,-26.58579305779991,398295.70385733346,0.8930764531209194,0.04609510803124048,-0.44753736145326056
3148,2026-07-31T00:43:13.800469Z,moon,39.759062,-104.62011683333333,1672.4,87.28001121953585,-26.305084973576037,398264.2184848085,0.8954371493861704,0.04254083511152518,-0.443150751829649
3149,2026-07-31T00:44:43.823912Z,moon,39.759062,-104.62011683333333,1672.4,87.51404101209576,-26.024303453584455,398232.658969636,0.8977623221896643,0.038976725120771015,-0.4387523535611876
3150,2026-07-31T00:46:13.847356Z,moon,39.759062,-104.62011683333333,1672.4,87.74747120686722,-25.743453098164153,398201.0264193405,0.9000518697002328,0.03540292014411977,-0.43434233629060875
3151,2026-07-31T00:47:43.870800Z,moon,39.759062,-104.62011683333333,1672.4,87.9803169924657,-25.46253848139711,398169.32194560097,0.9023056913615171,0.03181956283411464,-0.4299208703443701
3152,2026-07-31T00:49:13.894243Z,moon,39.759062,-104.62011683333333,1672.4,88.21259339004276,-25.18156414295995,398137.5466633016,0.9045236879764404,0.0282267962874153,-0.42548812658034024
3153,2026-07-31T00:50:43.917687Z,moon,39.759062,-104.62011683333333,1672.4,88.44431526467223,-24.900534579972906,398105.7016893444,0.9067057617842683,0.024624763919190166,-0.4210442762336688
3154,2026-07-31T00:52:13.941131Z,moon,39.759062,-104.62011683333333,1672.4,88.67549731344567,-24.619454266890326,398073.78814475966,0.9088518163178745,0.021013609697709358,-0.4165894912058788
3155,2026-07-31T00:53:43.964574Z,moon,39.759062,-104.62011683333333,1672.4,88.90615407677372,-24.338327647307114,398041.8071535853,0.9109617564843442,0.017393478019858192,-0.4121239439116965
3156,2026-07-31T00:55:13.988018Z,moon,39.759062,-104.62011683333333,1672.4,89.13629994950088,-24.05715912573859,398009.75984181475,0.9130354886383031,0.013764513585079243,-0.4076478071237247
3157,2026-07-31T00:56:44.011461Z,moon,39.759062,-104.62011683333333,1672.4,89.36594916642775,-23.77595309055952,397977.64733974065,0.9150729204240274,0.010126861671357852,-0.4031612543131232
3158,2026-07-31T00:58:14.034905Z,moon,39.759062,-104.62011683333333,1672.4,89.59511582607928,-23.49471389015327,397945.4707791562,0.917073960964281,0.006480667808042429,-0.3986644592461764
3159,2026-07-31T00:59:44.058349Z,moon,39.759062,-104.62011683333333,1672.4,89.82381387612791,-23.213445855865782,397913.2312957342,0.9190385207056163,0.002826078053164075,-0.39415759632673564
3160,2026-07-31T01:01:14.081792Z,moon,39.759062,-104.62011683333333,1672.4,90.05205712433501,-22.932153293638553,397880.9300279754,0.920966511493256,-0.0008367611331381874,-0.3896408404399472
3161,2026-07-31T01:02:44.105236Z,moon,39.759062,-104.62011683333333,1672.4,90.2798592492621,-22.650840475763903,397848.5681161448,0.9228578466376244,-0.004507703015613162,-0.38511436679626715
3162,2026-07-31T01:04:14.128679Z,moon,39.759062,-104.62011683333333,1672.4,90.50723378570646,-22.369511663716995,397816.1467044882,0.9247124407705861,-0.008186600304953237,-0.3805783512754664
3163,2026-07-31T01:05:44.152123Z,moon,39.759062,-104.62011683333333,1672.4,90.7341941479809,-22.088171084205953,397783.6669386115,0.9265302100178737,-0.01187330548881844,-0.3760329700185929
3164,2026-07-31T01:07:14.175567Z,moon,39.759062,-104.62011683333333,1672.4,90.9607536152544,-21.806822952021555,397751.1299677611,0.9283110718585683,-0.015567670551639093,-0.3714783997736498
3165,2026-07-31T01:08:44.199010Z,moon,39.759062,-104.62011683333333,1672.4,91.1869253420971,-21.525471461687676,397718.5369438512,0.9300549451929825,-0.019269547101963155,-0.3669148177391635
3166,2026-07-31T01:10:14.222454Z,moon,39.759062,-104.62011683333333,1672.4,91.4127223689383,-21.24412077897107,397685.88902014616,0.9317617504039137,-0.02297878650208824,-0.36234240140387425
3167,2026-07-31T01:11:44.245897Z,moon,39.759062,-104.62011683333333,1672.4,91.63815760732018,-20.962775063807534,397653.18735394464,0.9334314092258853,-0.026695239584908534,-0.357761328896909
3168,2026-07-31T01:13:14.269341Z,moon,39.759062,-104.62011683333333,1672.4,91.86324386280158,-20.681438446152402,397620.4331034773,0.9350638449017351,-0.030418756989398374,-0.35317177857354914
3169,2026-07-31T01:14:44.292785Z,moon,39.759062,-104.62011683333333,1672.4,92.08799382017474,-20.400115048845535,397587.6274304733,0.9366589820556885,-0.03414918887716202,-0.34857392936568454
3170,2026-07-31T01:16:14.316228Z,moon,39.759062,-104.62011683333333,1672.4,92.31242005370595,-20.118808979092794,397554.7714990987,0.9382167467554862,-0.03788638506134846,-0.34396796062211243
3171,2026-07-31T01:17:44.339672Z,moon,39.759062,-104.62011683333333,1672.4,92.53653503728428,-19.837524320042196,397521.8664746978,0.9397370665663453,-0.04163019513730854,-0.3393540519488607
3172,2026-07-31T01:19:14.363115Z,moon,39.759062,-104.62011683333333,1672.4,92.7603511296041,-19.556265153502824,397488.9135262923,0.9412198704353071,-0.04538046819736165,-0.33473238356025864
3173,2026-07-31T01:20:44.386559Z,moon,39.759062,-104.62011683333333,1672.4,92.98388059663938,-19.27503553583706,397455.9138237184,0.9426650888304104,-0.04913705316866843,-0.3301031358624968
3174,2026-07-31T01:22:14.410003Z,moon,39.759062,-104.62011683333333,1672.4,93.20713559680684,-18.993839520702625,397422.8685400847,0.9440726536283671,-0.05289979852801045,-0.32546648980623033
3175,2026-07-31T01:23:44.433446Z,moon,39.759062,-104.62011683333333,1672.4,93.43012819090399,-18.71268115051623,397389.77885062783,0.9454424981700043,-0.056668552431611355,-0.3208226267259949
3176,2026-07-31T01:25:14.456890Z,moon,39.759062,-104.62011683333333,1672.4,93.65287035199427,-18.4315644479253,397356.6459316138,0.9467745573080196,-0.0604431628469332,-0.3161717281783153
3177,2026-07-31T01:26:44.480333Z,moon,39.759062,-104.62011683333333,1672.4,93.875373950489,-18.15049343851715,397323.4709627321,0.9480687673053577,-0.06422347726518167,-0.31151397629651867
3178,2026-07-31T01:28:14.503777Z,moon,39.759062,-104.62011683333333,1672.4,94.09765077609833,-17.869472018583494,397290.2551242779,0.9493250665350517,-0.06800934308022445,-0.30684955157538696
3179,2026-07-31T01:29:44.527221Z,moon,39.759062,-104.62011683333333,1672.4,94.31971252365373,-17.58850441056769,397256.9995995444,0.9505433930607016,-0.07180060714970424,-0.30217864041255893
3180,2026-07-31T01:31:14.550664Z,moon,39.759062,-104.62011683333333,1672.4,94.54157080166182,-17.307594504498027,397223.7055738076,0.9517236881856126,-0.07559711615117443,-0.29750142415793696
3181,2026-07-31T01:32:44.574108Z,moon,39.759062,-104.62011683333333,1672.4,94.76323714269236,-17.026746283313017,397190.37423300504,0.9528658941484798,-0.0793987165659097,-0.29281808614958277
3182,2026-07-31T01:34:14.597551Z,moon,39.759062,-104.62011683333333,1672.4,94.98472298818628,-16.745963736870916,397157.00676640234,0.9539699546257214,-0.08320525442656077,-0.2881288102693139
3183,2026-07-31T01:35:44.620995Z,moon,39.759062,-104.62011683333333,1672.4,95.20603971030623,-16.465250837776065,397123.60436358524,0.9550358148366136,-0.08701657566030843,-0.28343378051975293
3184,2026-07-31T01:37:14.644439Z,moon,39.759062,-104.62011683333333,1672.4,95.42719859689046,-16.18461156395039,397090.1682168822,0.9560634214600652,-0.09083252579947551,-0.2787331813813371
3185,2026-07-31T01:38:44.667882Z,moon,39.759062,-104.62011683333333,1672.4,95.64821086090662,-15.904049890073344,397056.6995204516,0.9570527226767168,-0.09465295011325381,-0.274027197650053
3186,2026-07-31T01:40:14.691326Z,moon,39.759062,-104.62011683333333,1672.4,95.86908764991246,-15.623569778957263,397023.19946870697,0.9580036682035852,-0.09847769374163023,-0.2693160142728328
3187,2026-07-31T01:41:44.714769Z,moon,39.759062,-104.62011683333333,1672.4,96.08984003090396,-15.343175204099422,396989.6692594204,0.9589162092216711,-0.10230660140392878,-0.26459981670650845
3188,2026-07-31T01:43:14.738213Z,moon,39.759062,-104.62011683333333,1672.4,96.31047901195598,-15.062870125522776,396956.1100901915,0.9597902984636971,-0.10613951774468552,-0.25987879049259227
3189,2026-07-31T01:44:44.761657Z,moon,39.759062,-104.62011683333333,1672.4,96.53101552701715,-14.782658512270764,396922.5231613573,0.9606258901456132,-0.10997628704182656,-0.25515312161610326
3190,2026-07-31T01:46:14.785100Z,moon,39.759062,-104.62011683333333,1672.4,96.75146044522731,-14.502544333822973,396888.9096745187,0.9614229400019885,-0.11381675334025301,-0.25042299634222287
3191,2026-07-31T01:47:44.808544Z,moon,39.759062,-104.62011683333333,1672.4,96.97182458015237,-14.222531551450139,396855.270831788,0.9621814053140401,-0.11766076058574494,-0.24568860105076684
3192,2026-07-31T01:49:14.831987Z,moon,39.759062,-104.62011683333333,1672.4,97.1921186745357,-13.942624140707425,396821.60783792764,0.9629012448518474,-0.12150815233243353,-0.24095012259702372
3193,2026-07-31T01:50:44.855431Z,moon,39.759062,-104.62011683333333,1672.4,97.41235342172199,-13.662826067271357,396787.9218975731,0.9635824189448097,-0.12535877209027768,-0.23620774788411797
3194,2026-07-31T01:52:14.878875Z,moon,39.759062,-104.62011683333333,1672.4,97.63253945035078,-13.383141309400523,396754.21421768406,0.9642248894276708,-0.12921246303215578,-0.23146166422403486
3195,2026-07-31T01:53:44.902318Z,moon,39.759062,-104.62011683333333,1672.4,97.85268733347957,-13.103573849280208,396720.4860064963,0.9648286196695244,-0.1330690681278377,-0.22671205917239862
3196,2026-07-31T01:55:14.925762Z,moon,39.759062,-104.62011683333333,1672.4,98.0728075976938,-12.8241276644167,396686.7384721834,0.965393574594837,-0.13692843027900614,-0.2219591203630304
3197,2026-07-31T01:56:44.949206Z,moon,39.759062,-104.62011683333333,1672.4,98.29291071013903,-12.544806746947287,396652.9728251908,0.9659197206461858,-0.14079039206786997,-0.21720303581711237
3198,2026-07-31T01:58:14.972649Z,moon,39.759062,-104.62011683333333,1672.4,98.51300708758744,-12.26561509500889,396619.1902770699,0.9664070258090425,-0.14465479589210375,-0.21244399377797102
3199,2026-07-31T01:59:44.996093Z,moon,39.759062,-104.62011683333333,1672.4,98.7331071054346,-11.98655670409049,396585.3920391477,0.9668554596289681,-0.14852148409969593,-0.2076821825445809
3200,2026-07-31T02:01:15.019536Z,moon,39.759062,-104.62011683333333,1672.4,98.95322108222786,-11.707635589438587,396551.57932525635,0.9672649931774263,-0.1523902986944371,-0.2029177908348445
3201,2026-07-31T02:02:45.042980Z,moon,39.759062,-104.62011683333333,1672.4,99.17335930086792,-11.4288557618948,396517.75334869244,0.9676355990943502,-0.1562610816860521,-0.19815100735455038
3202,2026-07-31T02:04:15.066424Z,moon,39.759062,-104.62011683333333,1672.4,99.39353199306714,-11.150221250280046,396483.9153247099,0.967967251557773,-0.160133674795231,-0.193382021160878
3203,2026-07-31T02:05:45.089867Z,moon,39.759062,-104.62011683333333,1672.4,99.61374934826797,-10.871736092727287,396450.066469287,0.9682599263020116,-0.1640079195889419,-0.18861102149590875
3204,2026-07-31T02:07:15.113311Z,moon,39.759062,-104.62011683333333,1672.4,99.8340215225269,-10.59340432807756,396416.2079981888,0.9685136006279117,-0.16788365761583432,-0.18383819762031858
3205,2026-07-31T02:08:45.136754Z,moon,39.759062,-104.62011683333333,1672.4,100.05435862289238,-10.315230018179477,396382.3411293133,0.9687282533836573,-0.17176073011091827,-0.1790637391769003
3206,2026-07-31T02:10:15.160198Z,moon,39.759062,-104.62011683333333,1672.4,100.27477072849676,-10.037217223811604,396348.4670796874,0.9689038649895966,-0.17563897834660686,-0.17428783575907353
3207,2026-07-31T02:11:45.183642Z,moon,39.759062,-104.62011683333333,1672.4,100.49526787488657,-9.759370026934524,396314.5870681931,0.9690404174228872,-0.17951824333742597,-0.1695106772740918
3208,2026-07-31T02:13:15.207085Z,moon,39.759062,-104.62011683333333,1672.4,100.71586006280099,-9.481692522101845,396280.7023142057,0.9691378942287318,-0.18339836597533282,-0.16473245377726065
3209,2026-07-31T02:14:45.230529Z,moon,39.759062,-104.62011683333333,1672.4,100.93655726695711,-9.204188807820064,396246.8140365292,0.96919628052395,-0.18727918716552397,-0.15995335530448038
3210,2026-07-31T02:16:15.253972Z,moon,39.759062,-104.62011683333333,1672.4,101.15736942029356,-8.926863008787757,396212.9234558905,0.96921556299257,-0.1911605475310315,-0.1551735722364862
3211,2026-07-31T02:17:45.277416Z,moon,39.759062,-104.62011683333333,1672.4,101.37830643495808,-8.649719251870357,396179.0317919974,0.9691957298930918,-0.19504228776390764,-0.15039329486655345
3212,2026-07-31T02:19:15.300860Z,moon,39.759062,-104.62011683333333,1672.4,101.5993781865022,-8.372761688299677,396145.1402660329,0.9691367710578919,-0.19892424832993585,-0.14561271376447005
3213,2026-07-31T02:20:45.324303Z,moon,39.759062,-104.62011683333333,1672.4,101.82059452253681,-8.095994485073875,396111.25009951275,0.9690386778978113,-0.20280626960387677,-0.1408320196099648
3214,2026-07-31T02:22:15.347747Z,moon,39.759062,-104.62011683333333,1672.4,102.04196527145342,-7.819421816342117,396077.3625131434,0.9689014433987805,-0.20668819200583274,-0.13605140302517962
3215,2026-07-31T02:23:45.371190Z,moon,39.759062,-104.62011683333333,1672.4,102.26350022649125,-7.543047885581594,396043.47872923786,0.968725062132318,-0.2105698557055566,-0.13127105493930386
3216,2026-07-31T02:25:15.394634Z,moon,39.759062,-104.62011683333333,1672.4,102.48520916667292,-7.2668769016176595,396009.5999689112,0.9685095302451715,-0.21445110097382342,-0.1264911661555555
3217,2026-07-31T02:26:45.418078Z,moon,39.759062,-104.62011683333333,1672.4,102.7071018408185,-6.990913100783195,395975.72745447804,0.9682548454735853,-0.21833176788689296,-0.12171192771584623
3218,2026-07-31T02:28:15.441521Z,moon,39.759062,-104.62011683333333,1672.4,102.92918797615793,-6.715160738285505,395941.8624083165,0.9679610071410325,-0.22221169646266334,-0.11693353073307629
3219,2026-07-31T02:29:45.464965Z,moon,39.759062,-104.62011683333333,1672.4,103.15147728693078,-6.439624079672039,395908.0060517614,0.9676280161480276,-0.2260907267962192,-0.11215616622455428
3220,2026-07-31T02:31:15.488408Z,moon,39.759062,-104.62011683333333,1672.4,103.37397945829034,-6.164307422890803,395874.15960759146,0.96725587499757,-0.2299686987646391,-0.10738002547580067
3221,2026-07-31T02:32:45.511852Z,moon,39.759062,-104.62011683333333,1672.4,103.5967041672234,-5.8892150744177245,395840.32429700746,0.9668445877669852,-0.23384545237832477,-0.10260529960808477
3222,2026-07-31T02:34:15.535296Z,moon,39.759062,-104.62011683333333,1672.4,103.81966106638866,-5.614351371295342,395806.50134222204,0.9663941601371584,-0.237720827485879,-0.09783217994210935
3223,2026-07-31T02:35:45.558739Z,moon,39.759062,-104.62011683333333,1672.4,104.04285979262598,-5.339720672578207,395772.6919652854,0.9659045993834303,-0.24159466390974974,-0.09306085783115303
3224,2026-07-31T02:37:15.582183Z,moon,39.759062,-104.62011683333333,1672.4,104.26630997552553,-5.0653273507879,395738.89738692646,0.9653759143585198,-0.24546680158219952,-0.08829152449389932
3225,2026-07-31T02:38:45.605626Z,moon,39.759062,-104.62011683333333,1672.4,104.4900212211172,-4.79117581391708,395705.1188290495,0.9648081155329024,-0.24933708025026996,-0.08352437137817986
3226,2026-07-31T02:40:15.629070Z,moon,39.759062,-104.62011683333333,1672.4,104.71400313279665,-4.517270481636858,395671.3575117982,0.9642012149489377,-0.2532053398266747,-0.07875958972881134
3227,2026-07-31T02:41:45.652514Z,moon,39.759062,-104.62011683333333,1672.4,104.9382652949764,-4.243615807243793,395637.61465603585,0.9635552262649589,-0.2570714200954535,-0.07399737095053212
3228,2026-07-31T02:43:15.675957Z,moon,39.759062,-104.62011683333333,1672.4,105.1628172815273,-3.970216269149945,395603.89148223505,0.96287016473933,-0.26093516084739987,-0.06923790644146406
3229,2026-07-31T02:44:45.699401Z,moon,39.759062,-104.62011683333333,1672.4,105.3876686642784,-3.697076362386674,395570.18920923985,0.9621460472065697,-0.26479640201546334,-0.06448138742643894
3230,2026-07-31T02:46:15.722844Z,moon,39.759062,-104.62011683333333,1672.4,105.6128289965251,-3.424200620476728,395536.50905690243,0.9613828921325416,-0.268654983381047,-0.05972800531910728
3231,2026-07-31T02:47:45.746288Z,moon,39.759062,-104.62011683333333,1672.4,105.83830783395601,-3.1515935917971394,395502.8522429628,0.9605807195509192,-0.27251074492360133,-0.05497795129160774
3232,2026-07-31T02:49:15.769732Z,moon,39.759062,-104.62011683333333,1672.4,106.06411471809672,-2.8792598614040976,395469.2199857868,0.9597395511221398,-0.2763635265273206,-0.050231416635970125
3233,2026-07-31T02:50:45.793175Z,moon,39.759062,-104.62011683333333,1672.4,106.29025918470842,-2.607204042562789,395435.61350288545,0.9588594101105664,-0.28021316811649155,-0.04548859259787537
3234,2026-07-31T02:52:15.816619Z,moon,39.759062,-104.62011683333333,1672.4,106.51675077221982,-2.335430768312457,395402.0340101242,0.9579403213538634,-0.2840595097900632,-0.04074967021076071
3235,2026-07-31T02:53:45.840063Z,moon,39.759062,-104.62011683333333,1672.4,106.74359900755722,-2.0639447102073114,395368.48272360483,0.9569823113220408,-0.28790239157223485,-0.036014840603731696
3236,2026-07-31T02:55:15.863506Z,moon,39.759062,-104.62011683333333,1672.4,106.97081341448067,-1.7927505698843922,395334.9608585433,0.9559854080906685,-0.2917416535470145,-0.031284294835781296
3237,2026-07-31T02:56:45.886950Z,moon,39.759062,-104.62011683333333,1672.4,107.19840352202529,-1.5218530706442839,395301.4696284101,0.9549496413060081,-0.2955771359930133,-0.026558223730027457
3238,2026-07-31T02:58:15.910393Z,moon,39.759062,-104.62011683333333,1672.4,107.42637884763971,-1.2512569791476906,395268.01024700294,0.9538750422638932,-0.29940867909180796,-0.02183681823331478
3239,2026-07-31T02:59:45.933837Z,moon,39.759062,-104.62011683333333,1672.4,107.6547489181844,-0.9809670819936799,395234.5839257903,0.9527616438180074,-0.3032361232751847,-0.01712026898870033
3240,2026-07-31T03:01:15.957281Z,moon,39.759062,-104.62011683333333,1672.4,107.88352325300139,-0.7109882073598244,395201.1918762836,0.9516094804624687,-0.30705930893409206,-0.01240876669408735
3241,2026-07-31T03:02:45.980724Z,moon,39.759062,-104.62011683333333,1672.4,108.1127113722251,-0.4413252166241306,395167.8353089352,0.9504185882981288,-0.31087807655301286,-0.007702501937107471
3242,2026-07-31T03:04:16.004168Z,moon,39.759062,-104.62011683333333,1672.4,108.34232280518091,-0.1719829960066334,395134.51543204376,0.9491890049909198,-0.3146922668439657,-0.003001665030244941
3243,2026-07-31T03:05:46.027611Z,moon,39.759062,-104.62011683333333,1672.4,108.57236707325049,0.09703352184287206,395101.23345408635,0.9479207698655366,-0.3185017204563044,0.0016935536314093
3244,2026-07-31T03:07:16.051055Z,moon,39.759062,-104.62011683333333,1672.4,108.80285371097222,0.36571938115205826,395067.99058090744,0.9466139237960057,-0.32230627832258557,0.006382963995967644
3245,2026-07-31T03:08:46.074499Z,moon,39.759062,-104.62011683333333,1672.4,109.03379224880369,0.6340695814612636,395034.7880182215,0.9452685093031915,-0.32610578136857,0.011066375997431191
3246,2026-07-31T03:10:16.097942Z,moon,39.759062,-104.62011683333333,1672.4,109.26519222144343,0.9020790859828902,395001.62697039597,0.9438845705140062,-0.32990007064780247,0.015743599720680703
3247,2026-07-31T03:11:46.121386Z,moon,39.759062,-104.62011683333333,1672.4,109.49706317614607,1.1697428298818826,394968.50863929035,0.9424621531132583,-0.33368898747395204,0.020414445565087713
3248,2026-07-31T03:13:16.144829Z,moon,39.759062,-104.62011683333333,1672.4,109.72941465534917,1.437055698818883,394935.4342268586,0.9410013044517336,-0.3374723731333057,0.025078723889200794
3249,2026-07-31T03:14:46.168273Z,moon,39.759062,-104.62011683333333,1672.4,109.96225621781014,1.7040125520849274,394902.4049321354,0.9395020734195881,-0.3412500692275491,0.029736245433609927
3250,2026-07-31T03:16:16.191717Z,moon,39.759062,-104.62011683333333,1672.4,110.1955974211467,1.9706082011851043,394869.4219536624,0.9379645105580857,-0.3450219173869299,0.03438682096642892
3251,2026-07-31T03:17:46.215160Z,moon,39.759062,-104.62011683333333,1672.4,110.4294478300583,2.2368374181420596,394836.4864884336,0.9363886680123611,-0.3487877594030246,0.03903026144742062
3252,2026-07-31T03:19:16.238604Z,moon,39.759062,-104.62011683333333,1672.4,110.66381702465024,2.502694943683829,394803.59973078757,0.9347745994763174,-0.35254743736078764,0.04366637818999915
3253,2026-07-31T03:20:46.262047Z,moon,39.759062,-104.62011683333333,1672.4,110.89871458271507,2.76817546593442,394770.76287480013,0.9331223603154689,-0.35630079335269466,0.0482949825088348
3254,2026-07-31T03:22:16.285491Z,moon,39.759062,-104.62011683333333,1672.4,111.13415010102241,3.033273643396307,394737.9771113527,0.9314320074226531,-0.36004766981975644,0.05291588613989571
3255,2026-07-31T03:23:46.308935Z,moon,39.759062,-104.62011683333333,1672.4,111.37013317749867,3.297984083661669,394705.24363072467,0.9297035993445522,-0.36378790926629273,0.057528900888545786
3256,2026-07-31T03:25:16.332378Z,moon,39.759062,-104.62011683333333,1672.4,111.60667341942006,3.5623013516253255,394672.5636212837,0.9279371962276669,-0.36752135439195033,0.062133838792102034
3257,2026-07-31T03:26:46.355822Z,moon,39.759062,-104.62011683333333,1672.4,111.84378045172888,3.8262199776525,394639.9382684939,0.9261328597563292,-0.37124784822302415,0.06673051228139806
3258,2026-07-31T03:28:16.379265Z,moon,39.759062,-104.62011683333333,1672.4,112.0814638989499,4.089734436377888,394607.3687573239,0.9242906532901988,-0.3749672338287032,0.07131873383079779
3259,2026-07-31T03:29:46.402709Z,moon,39.759062,-104.62011683333333,1672.4,112.31973340661028,4.352839169521636,394574.8562693807,0.9224106417026019,-0.37867935465938085,0.07589831637493036
3260,2026-07-31T03:31:16.426153Z,moon,39.759062,-104.62011683333333,1672.4,112.55859862307246,4.6155285647485815,394542.40198520775,0.9204928915214766,-0.38238405426403677,0.0804690729599215
3261,2026-07-31T03:32:46.449596Z,moon,39.759062,-104.62011683333333,1672.4,112.79806920767975,4.877796963819079,394510.0070834479,0.9185374708686731,-0.3860811764210843,0.08503081690477256
3262,2026-07-31T03:34:16.473040Z,moon,39.759062,-104.62011683333333,1672.4,113.03815483903898,5.139638670660607,394477.67273942544,0.9165444493913276,-0.38977056526847004,0.08958336196105422
3263,2026-07-31T03:35:46.496483Z,moon,39.759062,-104.62011683333333,1672.4,113.2788651965851,5.401047930363803,394445.40012778423,0.9145138984135447,-0.3934520650229882,0.0941265219670169
3264,2026-07-31T03:37:16.519927Z,moon,39.759062,-104.62011683333333,1672.4,113.52020998210719,5.662018951774239,394413.1904194966,0.9124458907577689,-0.3971255203150133,0.09866011125977726
3265,2026-07-31T03:38:46.543371Z,moon,39.759062,-104.62011683333333,1672.4,113.76219890121683,5.922545886527158,394381.0447843185,0.9103405008999187,-0.40079077590898565,0.10318394433029991
3266,2026-07-31T03:40:16.566814Z,moon,39.759062,-104.62011683333333,1672.4,114.00484167145119,6.182622837127928,394348.9643897275,0.9081978049020005,-0.40444767683310284,0.10769783598333653
3267,2026-07-31T03:41:46.590258Z,moon,39.759062,-104.62011683333333,1672.4,114.2481480304959,6.442243864949818,394316.950399773,0.90601788033702,-0.40809606850771446,0.11220160149552362
3268,2026-07-31T03:43:16.613701Z,moon,39.759062,-104.62011683333333,1672.4,114.49212771737974,6.701402969389745,394285.0039774643,0.9038008064546561,-0.411735796468245,0.1166950562730622
3269,2026-07-31T03:44:46.637145Z,moon,39.759062,-104.62011683333333,1672.4,114.73679049410774,6.960094110264842,394253.12628196675,0.9015466639858436,-0.415366706695878,0.12117801625962021
3270,2026-07-31T03:46:16.660589Z,moon,39.759062,-104.62011683333333,1672.4,114.98214612674099,7.2183111870410945,394221.31847096456,0.8992555353118468,-0.4189886453415744,0.12565029759549423
3271,2026-07-31T03:47:46.684032Z,moon,39.759062,-104.62011683333333,1672.4,115.2282043934225,7.476048046800837,394189.58169962466,0.8969275043905248,-0.42260145885406547,0.13011171677524208
3272,2026-07-31T03:49:16.707476Z,moon,39.759062,-104.62011683333333,1672.4,115.47497509259031,7.733298492206666,394157.9171193466,0.894562656674351,-0.42620499410727436,0.13456209080474923
3273,2026-07-31T03:50:46.730920Z,moon,39.759062,-104.62011683333333,1672.4,115.72246802644729,7.99005626365872,394126.3258800434,0.8921610792636169,-0.42979909816587397,0.13900123691168992
3274,2026-07-31T03:52:16.754363Z,moon,39.759062,-104.62011683333333,1672.4,115.97069300900382,8.246315047253786,394094.809128826,0.8897228608283103,-0.43338361841320744,0.14342897270273727
3275,2026-07-31T03:53:46.777807Z,moon,39.759062,-104.62011683333333,1672.4,116.219659874226,8.50206848268661,394063.3680090183,0.8872480915225015,-0.4369584026772318,0.1478451163192106
3276,2026-07-31T03:55:16.801250Z,moon,39.759062,-104.62011683333333,1672.4,116.46937845646424,8.757310142658946,394032.0036625652,0.8847368631728938,-0.44052329895828113,0.15224948610061337
3277,2026-07-31T03:56:46.824694Z,moon,39.759062,-104.62011683333333,1672.4,116.71985861239197,9.012033555005488,394000.71722713,0.8821892690558397,-0.44407815575442583,0.15664190098588326
3278,2026-07-31T03:58:16.848138Z,moon,39.759062,-104.62011683333333,1672.4,116.97111020127709,9.266232182167125,393969.5098385024,0.8796054040894155,-0.4476228217901022,0.16102218017826825
3279,2026-07-31T03:59:46.871581Z,moon,39.759062,-104.62011683333333,1672.4,117.2231430929654,9.519899429096448,393938.38262951176,0.8769853647486628,-0.45115714614258623,0.16539014330101967
3280,2026-07-31T04:01:16.895025Z,moon,39.759062,-104.62011683333333,1672.4,117.47596717594087,9.77302865104802,393907.3367290339,0.8743292489738177,-0.4546809783658631,0.16974561055044007
3281,2026-07-31T04:02:46.918468Z,moon,39.759062,-104.62011683333333,1672.4,117.72959233732726,10.025613133243116,393876.3732641528,0.8716371563719808,-0.45819416822328546,0.174088402364829
3282,2026-07-31T04:04:16.941912Z,moon,39.759062,-104.62011683333333,1672.4,117.98402848487274,10.277646112720777,393845.49335747736,0.8689091879785007,-0.46169656600696757,0.1784183398194159
3283,2026-07-31T04:05:46.965356Z,moon,39.759062,-104.62011683333333,1672.4,118.2392855267942,10.52912075806789,393814.69812961464,0.8661454464620184,-0.4651880222715906,0.1827352442966513
3284,2026-07-31T04:07:16.988799Z,moon,39.759062,-104.62011683333333,1672.4,118.49537337962981,10.780030177233881,393783.9886978828,0.8633460360336962,-0.46866838795844135,0.1870389376395719
3285,2026-07-31T04:08:47.012243Z,moon,39.759062,-104.62011683333333,1672.4,118.75230197624636,11.030367425244192,393753.36617529666,0.860511062348913,-0.47213751451778374,0.19132924230267273
3286,2026-07-31T04:10:17.035686Z,moon,39.759062,-104.62011683333333,1672.4,119.0100812452936,11.28012548409962,393722.831673083,0.857640632722556,-0.47559525364552224,0.1956059810259013
3287,2026-07-31T04:11:47.059130Z,moon,39.759062,-104.62011683333333,1672.4,119.2687211333345,11.529297284390214,393692.38629758253,0.8547348558741158,-0.47904145759779815,0.1998689772236591
3288,2026-07-31T04:13:17.082574Z,moon,39.759062,-104.62011683333333,1672.4,119.5282315841292,11.777875685261684,393662.03115295176,0.8517938421463003,-0.4824759789289007,0.20411805466014651
3289,2026-07-31T04:14:47.106017Z,moon,39.759062,-104.62011683333333,1672.4,119.78862254641076,12.025853482169902,393631.7673397369,0.8488177034077034,-0.4858986706137588,0.20835303760073645
3290,2026-07-31T04:16:17.129461Z,moon,39.759062,-104.62011683333333,1672.4,120.04990398177652,12.27322341449713,393601.59595408494,0.8458065529485004,-0.48930938616800973,0.21257375096013423
3291,2026-07-31T04:17:47.152904Z,moon,39.759062,-104.62011683333333,1672.4,120.31208584356877,12.519978145728288,393571.5180899146,0.8427605057089439,-0.49270797938917194,0.21678001998211102
3292,2026-07-31T04:19:17.176348Z,moon,39.759062,-104.62011683333333,1672.4,120.57517809915672,12.766110284800686,393541.53483630344,0.83967967800839,-0.4960943046662815,0.22097167062183537
3293,2026-07-31T04:20:47.199792Z,moon,39.759062,-104.62011683333333,1672.4,120.8391907086021,13.011612366350795,393511.6472795955,0.8365641877773167,-0.49946821672195324,0.22514852922697604
3294,2026-07-31T04:22:17.223235Z,moon,39.759062,-104.62011683333333,1672.4,121.10413363233167,13.256476858379573,393481.8565024883,0.8334141544536805,-0.5028295707331175,0.22931042268637827
3295,2026-07-31T04:23:47.246679Z,moon,39.759062,-104.62011683333333,1672.4,121.37001683891762,13.50069616981562,393452.1635830339,0.8302296988723941,-0.5061782224489321,0.23345717857605763
3296,2026-07-31T04:25:17.270122Z,moon,39.759062,-104.62011683333333,1672.4,121.63685028333465,13.744262630944341,393422.5695967787,0.8270109435069769,-0.5095140279367677,0.2375886248441848
3297,2026-07-31T04:26:47.293566Z,moon,39.759062,-104.62011683333333,1672.4,121.9046439293504,13.987168514537531,393393.0756141202,0.8237580121829371,-0.5128368438858986,0.24170459018720866
3298,2026-07-31T04:28:17.317010Z,moon,39.759062,-104.62011683333333,1672.4,122.17340772758806,14.22940601636142,393363.68270260247,0.8204710303225685,-0.5161465273549867,0.2458049037362983
3299,2026-07-31T04:29:47.340453Z,moon,39.759062,-104.62011683333333,1672.4,122.44315162302996,14.470967262793849,393334.39192589716,0.8171501248353717,-0.5194429358901924,0.24988939520378595
3300,2026-07-31T04:31:17.363897Z,moon,39.759062,-104.62011683333333,1672.4,122.71388556268714,14.711844318310497,393305.20434265543,0.813795424001322,-0.5227259276411419,0.25395789502635324
3301,2026-07-31T04:32:47.387340Z,moon,39.759062,-104.62011683333333,1672.4,122.98561947315493,14.952029166207927,393276.12100891647,0.8104070577256705,-0.5259953611115503,0.2580102340558444
3302,2026-07-31T04:34:17.410784Z,moon,39.759062,-104.62011683333333,1672.4,123.25836328316291,15.191513729494108,393247.14297532075,0.8069851572364749,-0.5292510954574968,0.2620462439285504
3303,2026-07-31T04:35:47.434228Z,moon,39.759062,-104.62011683333333,1672.4,123.53212690092118,15.430289851712846,393218.27128944435,0.8035298553424081,-0.5324929902396042,0.26606575675778643
3304,2026-07-31T04:37:17.457671Z,moon,39.759062,-104.62011683333333,1672.4,123.80692022147394,15.668349304484812,393189.5069946416,0.8000412863171187,-0.535720905539059,0.27006860527736426
3305,2026-07-31T04:38:47.481115Z,moon,39.759062,-104.62011683333333,1672.4,124.08275313422736,15.905683794950024,393160.85112913686,0.7965195857763724,-0.5389347020713005,0.2740546229822712
3306,2026-07-31T04:40:17.504558Z,moon,39.759062,-104.62011683333333,1672.4,124.35963549975143,16.14228494679706,393132.3047282371,0.7929648909458611,-0.542134240941572,0.27802364382534833
3307,2026-07-31T04:41:47.528002Z,moon,39.759062,-104.62011683333333,1672.4,124.6375771724844,16.378144320933632,393103.868821727,0.7893773403430265,-0.5453193839374105,0.28197550257973275
3308,2026-07-31T04:43:17.551446Z,moon,39.759062,-104.62011683333333,1672.4,124.91658797730904,16.61325339661568,393075.54443596164,0.7857570740478417,-0.548489993285859,0.2859100345371826
3309,2026-07-31T04:44:47.574889Z,moon,39.759062,-104.62011683333333,1672.4,125.19667771674698,16.847603578972056,393047.33259294706,0.782104233580892,-0.5516459317673099,0.28982707564929494
3310,2026-07-31T04:46:17.598333Z,moon,39.759062,-104.62011683333333,1672.4,125.4778561782656,17.081186206346455,393019.23430932336,0.7784189617753001,-0.554787062826183,0.29372646266443314
3311,2026-07-31T04:47:47.621777Z,moon,39.759062,-104.62011683333333,1672.4,125.76013311352706,17.313992534334464,392991.2505982534,0.774701403014424,-0.5579132503675736,0.29760803287507576
3312,2026-07-31T04:49:17.645220Z,moon,39.759062,-104.62011683333333,1672.4,126.04351824542948,17.54601374323027,392963.3824683549,0.7709517031069603,-0.5610243588692865,0.30147162425638574
3313,2026-07-31T04:50:47.668664Z,moon,39.759062,-104.62011683333333,1672.4,126.32802127531117,17.77724094538178,392935.6309228151,0.7671700091551363,-0.5641202534910189,0.3053170756019663
3314,2026-07-31T04:52:17.692107Z,moon,39.759062,-104.62011683333333,1672.4,126.61365185856533,18.007665166843545,392907.996961369,0.7633564698413556,-0.5672007998398452,0.30914422623167903
3315,2026-07-31T04:53:47.715551Z,moon,39.759062,-104.62011683333333,1672.4,126.90041962742156,18.23727736759886,392880.4815780318,0.7595112350873426,-0.5702658642509553,0.3129529163407978
3316,2026-07-31T04:55:17.738995Z,moon,39.759062,-104.62011683333333,1672.4,127.18833416630564,18.466068423335056,392853.08576295304,0.7556344563436368,-0.5733153135548527,0.3167429867096626
3317,2026-07-31T04:56:47.762438Z,moon,39.759062,-104.62011683333333,1672.4,127.47740501865864,18.694029132896024,392825.81050159805,0.7517262864588429,-0.5763490151866166,0.3205142788398276
3318,2026-07-31T04:58:17.785882Z,moon,39.759062,-104.62011683333333,1672.4,127.76764169395175,18.921150225577453,392798.65677378007,0.7477868795420752,-0.5793668372927349,0.3242666350862198
3319,2026-07-31T04:59:47.809325Z,moon,39.759062,-104.62011683333333,1672.4,128.05905364240346,19.14742234319607,392771.6255556613,0.7438163912619865,-0.5823686485019398,0.3279998983719653
3320,2026-07-31T05:01:17.832769Z,moon,39.759062,-104.62011683333333,1672.4,128.35165027792138,19.3728360600746,392744.71781735524,0.73981497849079,-0.5853543181997188,0.33171391252947796
3321,2026-07-31T05:02:47.856213Z,moon,39.759062,-104.62011683333333,1672.4,128.64544095253132,19.597381865247836,392717.9345250153,0.7357827996062261,-0.5883237163006876,0.33540852201721433
3322,2026-07-31T05:04:17.879656Z,moon,39.759062,-104.62011683333333,1672.4,128.94043496298917,19.821050169864936,392691.2766398155,0.7317200143550325,-0.591276713355651,0.33908357205209777
3323,2026-07-31T05:05:47.903100Z,moon,39.759062,-104.62011683333333,1672.4,129.2366415575668,20.043831314498412,392664.74511707824,0.7276267837097021,-0.5942131806554987,0.3427389087389263
3324,2026-07-31T05:07:17.926543Z,moon,39.759062,-104.62011683333333,1672.4,129.5340699098698,20.265715551668652,392638.34090835357,0.7235032701791777,-0.5971329900082235,0.34637437879247757
3325,2026-07-31T05:08:47.949987Z,moon,39.759062,-104.62011683333333,1672.4,129.83272914186165,20.486693065554235,392612.0649587747,0.7193496374389888,-0.600036014006076,0.3499898298695199
3326,2026-07-31T05:10:17.973431Z,moon,39.759062,-104.62011683333333,1672.4,130.13262829737693,20.70675395467694,392585.91820946196,0.7151660506447918,-0.6029221258041257,0.35358511029307377
3327,2026-07-31T05:11:47.996874Z,moon,39.759062,-104.62011683333333,1672.4,130.4337763485022,20.92588823933402,392559.90159618494,0.7109526762899512,-0.6057911992246572,0.35716006918202337
3328,2026-07-31T05:13:18.020318Z,moon,39.759062,-104.62011683333333,1672.4,130.73618220208883,21.14408586885034,392534.0160487916,0.7067096820574406,-0.6086431088579742,0.3607145565762094
3329,2026-07-31T05:14:48.043761Z,moon,39.759062,-104.62011683333333,1672.4,131.03985467264965,21.36133670464341,392508.2624929818,0.7024372371415001,-0.6114777298459271,0.3642484231667824
3330,2026-07-31T05:16:18.067205Z,moon,39.759062,-104.62011683333333,1672.4,131.34480250545678,21.577630539663485,392482.64184805047,0.6981355118643411,-0.6142949381413303,0.3677615206188022
3331,2026-07-31T05:17:48.090649Z,moon,39.759062,-104.62011683333333,1672.4,131.65103434913036,21.792957081620468,392457.15502889926,0.6938046780005351,-0.617094610293238,0.37125370130358354
3332,2026-07-31T05:19:18.114092Z,moon,39.759062,-104.62011683333333,1672.4,131.95855876172848,22.00730596039357,392431.8029448787,0.6894449086296918,-0.6198766235482226,0.3747248184242018
3333,2026-07-31T05:20:48.137536Z,moon,39.759062,-104.62011683333333,1672.4,132.26738421700844,22.220666735342615,392406.586499353,0.6850563779828588,-0.6226408559479998,0.37817472613773206
3334,2026-07-31T05:22:18.160979Z,moon,39.759062,-104.62011683333333,1672.4,132.57751907635037,22.433028878872193,392381.5065911763,0.6806392617754295,-0.6253871861198153,0.381603279292694
3335,2026-07-31T05:23:48.184423Z,moon,39.759062,-104.62011683333333,1672.4,132.88897161197033,22.64438179566535,392356.56411267584,0.6761937368101243,-0.6281154935280439,0.385010333742852
3336,2026-07-31T05:25:18.207867Z,moon,39.759062,-104.62011683333333,1672.4,133.20174997849128,22.8547148064599,392331.7599515871,0.6717199813127751,-0.6308256582658006,0.3883957460872666
3337,2026-07-31T05:26:48.231310Z,moon,39.759062,-104.62011683333333,1672.4,133.51586221880007,23.064017155511948,392307.0949898648,0.6672181747793166,-0.6335175611535051,0.3917593737924749
3338,2026-07-31T05:28:18.254754Z,moon,39.759062,-104.62011683333333,1672.4,133.83131627003863,23.272278017898863,392282.57010321197,0.6626884978174317,-0.6361910838333882,0.3951010753103244
3339,2026-07-31T05:29:48.278197Z,moon,39.759062,-104.62011683333333,1672.4,134.1481199345054,23.479486483722,392258.18616281246,0.6581311324902316,-0.6388461085662771,0.3984207098242379
3340,2026-07-31T05:31:18.301641Z,moon,39.759062,-104.62011683333333,1672.4,134.4662809030265,23.685631577094334,392233.9440329211,0.6535462619057929,-0.641482518475607,0.40171813755313207
3341,2026-07-31T05:32:48.325085Z,moon,39.759062,-104.62011683333333,1672.4,134.7858067254806,23.89070224051143,392209.8445730546,0.6489340705641635,-0.644100197345541,0.40499321949936457
3342,2026-07-31T05:34:18.348528Z,moon,39.759062,-104.62011683333333,1672.4,135.10670481641034,24.094687342396416,392185.88863687706,0.6442947441989848,-0.6466990297164266,0.4082458175675498
3343,2026-07-31T05:35:48.371972Z,moon,39.759062,-104.62011683333333,1672.4,135.42898246077837,24.297575684447867,392162.07707154646,0.6396284696141098,-0.6492789009762391,0.41147579467837353
3344,2026-07-31T05:37:18.395415Z,moon,39.759062,-104.62011683333333,1672.4,135.75264678386586,24.499355986495125,392138.41071927326,0.6349354350375691,-0.6518396971644953,0.41468301452332473
3345,2026-07-31T05:38:48.418859Z,moon,39.759062,-104.62011683333333,1672.4,136.07770477472465,24.70001690524082,392114.89041560155,0.6302158296992488,-0.6543813052072565,0.41786734185831614
3346,2026-07-31T05:40:18.442303Z,moon,39.759062,-104.62011683333333,1672.4,136.4041632557665,24.89954701931986,392091.5169907421,0.6254698441872906,-0.6569036127230968,0.42102864226044057
3347,2026-07-31T05:41:48.465746Z,moon,39.759062,-104.62011683333333,1672.4,136.73202888810005,25.09793483691657,392068.29126904876,0.620697670285219,-0.659406508114917,0.42416678224277937
3348,2026-07-31T05:43:18.489190Z,moon,39.759062,-104.62011683333333,1672.4,137.06130817705878,25.295168803185014,392045.2140680876,0.6158995008038513,-0.6618898806580119,0.427281629364158
3349,2026-07-31T05:44:48.512633Z,moon,39.759062,-104.62011683333333,1672.4,137.3920074411146,25.491237285815743,392022.2862005043,0.6110755299450421,-0.664353620311421,0.4303730519926802
3350,2026-07-31T05:46:18.536077Z,moon,39.759062,-104.62011683333333,1672.4,137.724132835491,25.68612859355144,391999.5084717721,0.6062259528674379,-0.6667976179440668,0.4334409195889161
3351,2026-07-31T05:47:48.559521Z,moon,39.759062,-104.62011683333333,1672.4,138.05769032077504,25.879830961964764,391976.88168213336,0.6013509660526413,-0.6692217651482439,0.4364851024713486
3352,2026-07-31T05:49:18.582964Z,moon,39.759062,-104.62011683333333,1672.4,138.39268566804188,26.072332561175084,391954.4066255517,0.5964507671377318,-0.6716259543279467,0.43950547192712636
3353,2026-07-31T05:50:48.606408Z,moon,39.759062,-104.62011683333333,1672.4,138.72912446420193,26.263621503384368,391932.08408922295,0.591525554742457,-0.6740100787834093,0.4425019003179655
3354,2026-07-31T05:52:18.629852Z,moon,39.759062,-104.62011683333333,1672.4,139.06701208370825,26.453685831286815,391909.9148548705,0.5865755287875245,-0.6763740325562746,0.44547426088518227
3355,2026-07-31T05:53:48.653295Z,moon,39.759062,-104.62011683333333,1672.4,139.4063536935859,26.642513525844713,391887.89969788154,0.5816008903244294,-0.6787177105159158,0.44842242785777847
3356,2026-07-31T05:55:18.676739Z,moon,39.759062,-104.62011683333333,1672.4,139.7471542587238,26.830092513920526,391866.03938673175,0.5766018413595255,-0.6810410084419521,0.4513462765562306
3357,2026-07-31T05:56:48.700182Z,moon,39.759062,-104.62011683333333,1672.4,140.08941850922218,27.01641065503059,391844.3346845041,0.5715785852336535,-0.683343822847676,0.4542456831696027
3358,2026-07-31T05:58:18.723626Z,moon,39.759062,-104.62011683333333,1672.4,140.43315096443217,27.201455759539183,391822.78634704056,0.5665313261691394,-0.6856260511917248,0.4571205250218792
3359,2026-07-31T05:59:48.747070Z,moon,39.759062,-104.62011683333333,1672.4,140.77835590006362,27.38521557571762,391801.39512447163,0.5614602696510522,-0.6878875917036079,0.4599706803521046
3360,2026-07-31T06:01:18.770513Z,moon,39.759062,-104.62011683333333,1672.4,141.1250373531474,27.56767779765153,391780.1617605104,0.5563656222522352,-0.6901283434668044,0.4627960284181872
3361,2026-07-31T06:02:48.793957Z,moon,39.759062,-104.62011683333333,1672.4,141.47319912717907,27.748830072975416,391759.0869917859,0.5512475914541243,-0.6923482064970581,0.46559644959592833
3362,2026-07-31T06:04:18.817400Z,moon,39.759062,-104.62011683333333,1672.4,141.82284475867442,27.9286599905115,391738.1715493304,0.5461063860341919,-0.6945470815742211,0.46837182516608133
3363,2026-07-31T06:05:48.840844Z,moon,39.759062,-104.62011683333333,1672.4,142.17397754154354,28.107155098234156,391717.416156691,0.5409422156025633,-0.6967248704442582,0.4711220375692708
3364,2026-07-31T06:07:18.864288Z,moon,39.759062,-104.62011683333333,1672.4,142.52660049336438,28.284302891185206,391696.8215316807,0.5357552909921693,-0.6988814756527176,0.4738469701954163
3365,2026-07-31T06:08:48.887731Z,moon,39.759062,-104.62011683333333,1672.4,142.88071636033223,28.460090819531892,391676.3883854577,0.5305458240796932,-0.7010168006240588,0.4765465074831709
3366,2026-07-31T06:10:18.911175Z,moon,39.759062,-104.62011683333333,1672.4,143.23632762248428,28.63450629647433,391656.11742189346,0.5253140276015478,-0.7031307497365326,0.47922053501491546
3367,2026-07-31T06:11:48.934618Z,moon,39.759062,-104.62011683333333,1672.4,143.59343645942826,28.80753668674715,391636.00933913526,0.5200601155507211,-0.7052232281617412,0.48186893931286257
3368,2026-07-31T06:13:18.958062Z,moon,39.759062,-104.62011683333333,1672.4,143.9520447752227,28.9791693243829,391616.06482775765,0.5147843027027177,-0.7072941420570702,0.48449160808277125
3369,2026-07-31T06:14:48.981506Z,moon,39.759062,-104.62011683333333,1672.4,144.31215416395852,29.149391501540997,391596.28457233217,0.5094868050138002,-0.709343398407488,0.48708843001301716
3370,2026-07-31T06:16:19.004949Z,moon,39.759062,-104.62011683333333,1672.4,144.67376591479555,29.31819047672513,391576.66925058514,0.5041678394384019,-0.7113709051007927,0.4896592948694968
3371,2026-07-31T06:17:49.028393Z,moon,39.759062,-104.62011683333333,1672.4,145.03688101737526,29.48555348284133,391557.2195329274,0.4988276237409287,-0.7133765709989331,0.4922040935859663
3372,2026-07-31T06:19:19.051836Z,moon,39.759062,-104.62011683333333,1672.4,145.40150012690256,29.65146771666349,391537.9360837924,0.49346637690075523,-0.7153603057855596,0.49472271807026647
3373,2026-07-31T06:20:49.075280Z,moon,39.759062,-104.62011683333333,1672.4,145.7676235896887,29.81592035635122,391518.81955990987,0.48808431862805723,-0.7173220201489391,0.4972150614360251
3374,2026-07-31T06:22:19.098724Z,moon,39.759062,-104.62011683333333,1672.4,146.13525140809486,29.978898551228216,391499.8706118152,0.48268166977090726,-0.7192616256314855,0.4996810178114851
3375,2026-07-31T06:23:49.122167Z,moon,39.759062,-104.62011683333333,1672.4,146.50438324593563,30.14038943019285,391481.089883221,0.47725865212771346,-0.7211790347017187,0.5021204824301985
3376,2026-07-31T06:25:19.145611Z,moon,39.759062,-104.62011683333333,1672.4,146.8750184341743,30.300380109917004,391462.4780101373,0.4718154882559583,-0.7230741608214201,0.5045333517164062
3377,2026-07-31T06:26:49.169054Z,moon,39.759062,-104.62011683333333,1672.4,147.24715593553853,30.458857685295943,391444.0356225401,0.46635240188486665,-0.7249469183015699,0.506919523101323
3378,2026-07-31T06:28:19.192498Z,moon,39.759062,-104.62011683333333,1672.4,147.62079437087468,30.615809246723707,391425.76334262546,0.4608696174218787,-0.7267972224751474,0.5092788952428936
3379,2026-07-31T06:29:49.215942Z,moon,39.759062,-104.62011683333333,1672.4,147.99593198373717,30.77122187086322,391407.66178615234,0.45536736036687875,-0.7286249895553744,0.5116113678447066
3380,2026-07-31T06:31:19.239385Z,moon,39.759062,-104.62011683333333,1672.4,148.3725666462136,30.92508262921799,391389.73156189366,0.4498458571216693,-0.7304301367033352,0.5139168417419473
3381,2026-07-31T06:32:49.262829Z,moon,39.759062,-104.62011683333333,1672.4,148.75069586516955,31.077378596478198,391371.9732708957,0.4443053347948837,-0.7322125820914429,0.516195218981916
3382,2026-07-31T06:34:19.286272Z,moon,39.759062,-104.62011683333333,1672.4,149.13031674661985,31.22809684200339,391354.3875079039,0.43874602162155996,-0.7339722447678944,0.5184464026508737
3383,2026-07-31T06:35:49.309716Z,moon,39.759062,-104.62011683333333,1672.4,149.51142602306004,31.377224446785917,391336.9748598778,0.43316814646146706,-0.7357090448191587,0.5206702970810013
3384,2026-07-31T06:37:19.333160Z,moon,39.759062,-104.62011683333333,1672.4,149.89402001789463,31.524748495274117,391319.7359070468,0.4275719392201429,-0.7374229032365923,0.5228668076801604
3385,2026-07-31T06:38:49.356603Z,moon,39.759062,-104.62011683333333,1672.4,150.2780946519789,31.67065608405086,391302.6712225648,0.42195763065482433,-0.739113741980581,0.5250358410124303
3386,2026-07-31T06:40:19.380047Z,moon,39.759062,-104.62011683333333,1672.4,150.66364545060512,31.81493433037427,391285.78137182916,0.41632545217580824,-0.7407814840394619,0.5271773048746515
3387,2026-07-31T06:41:49.403490Z,moon,39.759062,-104.62011683333333,1672.4,151.05066750777755,31.957570364608454,391269.0669136846,0.41067563627409714,-0.7424260533027597,0.5292911081325222
3388,2026-07-31T06:43:19.426934Z,moon,39.759062,-104.62011683333333,1672.4,151.43915551491204,32.0985513469502,391252.52839909645,0.40500841600947934,-0.7440473747135006,0.5313771609162743
3389,2026-07-31T06:44:49.450378Z,moon,39.759062,-104.62011683333333,1672.4,151.82910372522355,32.237864460194146,391236.1663721611,0.39932402544013273,-0.7456453741433444,0.5334353744596624
3390,2026-07-31T06:46:19.473821Z,moon,39.759062,-104.62011683333333,1672.4,152.22050596127335,32.37549691861062,391219.9813697793,0.3936226994240606,-0.7472199784525287,0.5354656611768098
3391,2026-07-31T06:47:49.497265Z,moon,39.759062,-104.62011683333333,1672.4,152.61335562291478,32.51143597652858,391203.9739209681,0.3879046734180294,-0.7487711155449307,0.5374679347329029
3392,2026-07-31T06:49:19.520709Z,moon,39.759062,-104.62011683333333,1672.4,153.00764565621034,32.64566892330554,391188.1445478812,0.3821701838474278,-0.7502987142668673,0.539442109913111
3393,2026-07-31T06:50:49.544152Z,moon,39.759062,-104.62011683333333,1672.4,153.4033685616727,32.77818309225741,391172.4937652811,0.37641946790575437,-0.7518027044645823,0.5413881026964747
3394,2026-07-31T06:52:19.567596Z,moon,39.759062,-104.62011683333333,1672.4,153.80051640286936,32.908965869269764,391157.02208011464,0.37065276335263225,-0.7532830170365068,0.5433058303234335
3395,2026-07-31T06:53:49.591039Z,moon,39.759062,-104.62011683333333,1672.4,154.19908077131757,33.038004686926875,391141.72999247094,0.3648703089497762,-0.754739583820904,0.5451952111498628
3396,2026-07-31T06:55:19.614483Z,moon,39.759062,-104.62011683333333,1672.4,154.59905281758662,33.16528704054238,391126.61799443804,0.3590723439385943,-0.7561723377308519,0.5470561648214032
3397,2026-07-31T06:56:49.637927Z,moon,39.759062,-104.62011683333333,1672.4,155.0004232164655,33.29080048259615,391111.6865709954,0.35325910847822345,-0.7575812126437957,0.5488886121302997
3398,2026-07-31T06:58:19.661370Z,moon,39.759062,-104.62011683333333,1672.4,155.4031821764854,33.414532631663704,391096.9361996986,0.3474308434432848,-0.7589661434546805,0.550692475083705
3399,2026-07-31T06:59:49.684814Z,moon,39.759062,-104.62011683333333,1672.4,155.8073194500666,33.536471181072436,391082.3673501416,0.3415877902173024,-0.7603270661246009,0.5524676769665509
3400,2026-07-31T07:01:19.708257Z,moon,39.759062,-104.62011683333333,1672.4,156.21282429894424,33.656603893996525,391067.9804849291,0.33573019113659025,-0.761663917576641,0.5542141422060541
3401,2026-07-31T07:02:49.731701Z,moon,39.759062,-104.62011683333333,1672.4,156.6196855273196,33.77491861901461,391053.77605853486,0.3298582889589024,-0.7629766358206642,0.5559317965334297
3402,2026-07-31T07:04:19.755145Z,moon,39.759062,-104.62011683333333,1672.4,157.02789144772643,33.89140328549652,391039.7545183396,0.3239723273085536,-0.7642651598514265,0.557620566851289
3403,2026-07-31T07:05:49.778588Z,moon,39.759062,-104.62011683333333,1672.4,157.4374298922548,34.006045912494784,391025.91630403564,0.31807255047047894,-0.7655294296979656,0.5592803812968165
3404,2026-07-31T07:07:19.802032Z,moon,39.759062,-104.62011683333333,1672.4,157.8482882243165,34.118834617365216,391012.26184732147,0.31215920318175094,-0.766769386467401,0.5609111692998632
3405,2026-07-31T07:08:49.825475Z,moon,39.759062,-104.62011683333333,1672.4,158.26045330511414,34.229757611774744,390998.79157276277,0.3062325310800125,-0.7679849722505578,0.5625128614579751
3406,2026-07-31T07:10:19.848919Z,moon,39.759062,-104.62011683333333,1672.4,158.6739115288647,34.33880321668167,390985.5058967729,0.3002927801666572,-0.7691761302350674,0.564085389685273
3407,2026-07-31T07:11:49.872363Z,moon,39.759062,-104.62011683333333,1672.4,159.08864878981433,34.44595985861696,390972.4052284753,0.29434019725639854,-0.7703428046131774,0.5656286870905404
3408,2026-07-31T07:13:19.895806Z,moon,39.759062,-104.62011683333333,1672.4,159.50465049532488,34.55121607846802,390959.4899692948,0.2883750297689488,-0.7714849406265787,0.5671426880355264
3409,2026-07-31T07:14:49.919250Z,moon,39.759062,-104.62011683333333,1672.4,159.9219015795494,34.65456053992701,390946.760512485,0.2823975255183906,-0.7726024846059737,0.5686273281875979
3410,2026-07-31T07:16:19.942693Z,moon,39.759062,-104.62011683333333,1672.4,160.3403864711478,34.75598202638916,390934.2172441165,0.27640793316647555,-0.7736953838857729,0.5700825444060569
3411,2026-07-31T07:17:49.966137Z,moon,39.759062,-104.62011683333333,1672.4,160.76008913090476,34.855469455197195,390921.8605420237,0.2704065016796065,-0.7747635869063488,0.5715082748774557
3412,2026-07-31T07:19:19.989581Z,moon,39.759062,-104.62011683333333,1672.4,161.1809930200805,34.95301187477277,390909.69077656954,0.2643934807832905,-0.7758070431309398,0.5729044590049233
3413,2026-07-31T07:20:50.013024Z,moon,39.759062,-104.62011683333333,1672.4,161.60308111558024,35.048598473173065,390897.70831041184,0.2583691207516827,-0.7768257030859781,0.5742710374613874
3414,2026-07-31T07:22:20.036468Z,moon,39.759062,-104.62011683333333,1672.4,162.02633592577823,35.14221858624793,390885.91349801427,0.2523336721946302,-0.7778195183965974,0.5756079522366401
3415,2026-07-31T07:23:50.059911Z,moon,39.759062,-104.62011683333333,1672.4,162.45073945972618,35.233861695348104,390874.306686358,0.24628738651530782,-0.7787884417104733,0.576915146535114
3416,2026-07-31T07:25:20.083355Z,moon,39.759062,-104.62011683333333,1672.4,162.87627326728486,35.32351744071231,390862.8882142745,0.2402305153621691,-0.7797324267887482,0.5781925648976782
3417,2026-07-31T07:26:50.106799Z,moon,39.759062,-104.62011683333333,1672.4,163.30291840907105,35.41117561933537,390851.65841305087,0.2341633110873819,-0.7806514284325162,0.5794401531019973
3418,2026-07-31T07:28:20.130242Z,moon,39.759062,-104.62011683333333,1672.4,163.73065547387083,35.496826193174954,390840.6176060588,0.2280860265345503,-0.7815454025185633,0.5806578582106483
3419,2026-07-31T07:29:50.153686Z,moon,39.759062,-104.62011683333333,1672.4,164.15946459676246,35.58045929691706,390829.7661084306,0.22199891482360243,-0.7824143060304863,0.5818456286129298
3420,2026-07-31T07:31:20.177129Z,moon,39.759062,-104.62011683333333,1672.4,164.58932543001197,35.66206523636266,390819.1042278705,0.21590222981233365,-0.7832580969920709,0.5830034139337623
3421,2026-07-31T07:32:50.200573Z,moon,39.759062,-104.62011683333333,1672.4,165.02021718581017,35.74163450082031,390808.632263741,0.20979622554402172,-0.784076734546666,0.5841311651419732
3422,2026-07-31T07:34:20.224017Z,moon,39.759062,-104.62011683333333,1672.4,165.4521186079979,35.819157761622236,390798.3505077456,0.20368115670906511,-0.7848701788932141,0.5852288344620344
3423,2026-07-31T07:35:50.247460Z,moon,39.759062,-104.62011683333333,1672.4,165.8850079918182,35.89462587981769,390788.2592437122,0.1975572784312387,-0.7856383913176259,0.5862963754166444
3424,2026-07-31T07:37:20.270904Z,moon,39.759062,-104.62011683333333,1672.4,166.31886320439105,35.96802991341676,390778.3587470671,0.19142484605101726,-0.7863813342192671,0.587333742863348
3425,2026-07-31T07:38:50.294347Z,moon,39.759062,-104.62011683333333,1672.4,166.75366165744262,36.03936111635644,390768.64928583265,0.185284115590157,-0.7870989710539125,0.5883408929148521
3426,2026-07-31T07:40:20.317791Z,moon,39.759062,-104.62011683333333,1672.4,167.189380352689,36.10861094972334,390759.13111948024,0.17913534319532629,-0.7877912664017683,0.5893177830333909
3427,2026-07-31T07:41:50.341235Z,moon,39.759062,-104.62011683333333,1672.4,167.62599585535534,36.17577108080978,390749.804499899,0.17297878560344843,-0.7884581859127635,0.590264371954051
3428,2026-07-31T07:43:20.364678Z,moon,39.759062,-104.62011683333333,1672.4,168.06348431636764,36.240833390160276,390740.6696708973,0.1668146999254942,-0.789099696333725,0.5911806197219174
3429,2026-07-31T07:44:50.388122Z,moon,39.759062,-104.62011683333333,1672.4,168.50182149513086,36.30378997815031,390731.72686805617,0.1606433434290539,-0.7897157655300598,0.5920664877234706
3430,2026-07-31T07:46:20.411566Z,moon,39.759062,-104.62011683333333,1672.4,168.94098273898555,36.36463316503261,390722.97631901863,0.15446497393726394,-0.7903063624451064,0.592921938627122
3431,2026-07-31T07:47:50.435009Z,moon,39.759062,-104.62011683333333,1672.4,169.38094300678807,36.42335549758924,390714.4182436281,0.1482798496116717,-0.7908714571239821,0.5937469364179737
3432,2026-07-31T07:49:20.458453Z,moon,39.759062,-104.62011683333333,1672.4,169.82167689307994,36.47994975517652,390706.0528532291,0.14208822873387664,-0.7914110207332045,0.5945414464251394
3433,2026-07-31T07:50:50.481896Z,moon,39.759062,-104.62011683333333,1672.4,170.26315860368956,36.53440894937908,390697.8803514925,0.1358903701753255,-0.7919250255186696,0.5953054352606463
3434,2026-07-31T07:52:20.505340Z,moon,39.759062,-104.62011683333333,1672.4,170.70536200526786,36.586726333066466,390689.90093368676,0.12968653283409332,-0.7924134448553665,0.5960388708917588
3435,2026-07-31T07:53:50.528784Z,moon,39.759062,-104.62011683333333,1672.4,171.148260601617,36.63689540001837,390682.1147872341,0.12347697610552981,-0.792876253208056,0.5967417225823823
3436,2026-07-31T07:55:20.552227Z,moon,39.759062,-104.62011683333333,1672.4,171.59182755946102,36.68490989067935,390674.5220914702,0.11726195966400559,-0.7933134261508581,0.5974139609220261
3437,2026-07-31T07:56:50.575671Z,moon,39.759062,-104.62011683333333,1672.4,172.03603573481323,36.730763797309216,390667.1230173355,0.11104174324261228,-0.7937249403823693,0.5980555578478023
3438,2026-07-31T07:58:20.599114Z,moon,39.759062,-104.62011683333333,1672.4,172.4808576502464,36.774451363916405,390659.91772806854,0.10481658710561442,-0.7941107736930813,0.5986664865950884
3439,2026-07-31T07:59:50.622558Z,moon,39.759062,-104.62011683333333,1672.4,172.92626554663542,36.815967093737484,390652.9063783941,0.09858675148313012,-0.7944709050036064,0.5992467217555338
3440,2026-07-31T08:01:20.646002Z,moon,39.759062,-104.62011683333333,1672.4,173.37223136115583,36.855305749104424,390646.089115159,0.09235249704313944,-0.7948053143349005,0.5997962392303713
3441,2026-07-31T08:02:50.669445Z,moon,39.759062,-104.62011683333333,1672.4,173.8187267550216,36.89246235618017,390639.4660770655,0.08611408467195823,-0.7951139828234945,0.600315016253692
3442,2026-07-31T08:04:20.692889Z,moon,39.759062,-104.62011683333333,1672.4,174.26572314163917,36.92743220908792,390633.0373944877,0.07987177525419911,-0.7953968927317755,0.6008030314091125
3443,2026-07-31T08:05:50.716332Z,moon,39.759062,-104.62011683333333,1672.4,174.713191665418,36.96021086999276,390626.8031898994,0.07362583014624376,-0.7956540274253103,0.6012602645919319
3444,2026-07-31T08:07:20.739776Z,moon,39.759062,-104.62011683333333,1672.4,175.16110325543104,36.99079417491454,390620.76357740606,0.06737651060855274,-0.7958853713992259,0.6016866970533185
3445,2026-07-31T08:08:50.763220Z,moon,39.759062,-104.62011683333333,1672.4,175.60942860474017,37.01917823369672,390614.91866306734,0.061124078279875614,-0.7960909102582252,0.6020823113650376
3446,2026-07-31T08:10:20.786663Z,moon,39.759062,-104.62011683333333,1672.4,176.05813819975276,37.045359433622394,390609.2685448261,0.05486879495668653,-0.7962706307272983,0.6024470914372079
3447,2026-07-31T08:11:50.810107Z,moon,39.759062,-104.62011683333333,1672.4,176.5072023498577,37.06933444242757,390603.8133122438,0.04861092237279142,-0.7964245206571601,0.6027810225298067
3448,2026-07-31T08:13:20.833550Z,moon,39.759062,-104.62011683333333,1672.4,176.9565911674686,37.09110020841987,390598.5530469612,0.04235072267340252,-0.7965525690116405,0.603084091226088
3449,2026-07-31T08:14:50.856994Z,moon,39.759062,-104.62011683333333,1672.4,177.4062746230816,37.110653964522186,390593.4878221985,0.03608845784679995,-0.7966547658820576,0.6033562854629457
3450,2026-07-31T08:16:20.880438Z,moon,39.759062,-104.62011683333333,1672.4,177.8562225256866,37.12799322827013,390588.61770321365,0.029824390198932172,-0.7967311024770805,0.6035975945072326
3451,2026-07-31T08:17:50.903881Z,moon,39.759062,-104.62011683333333,1672.4,178.30640455324146,37.14311580421671,390583.94274697977,0.023558782133016248,-0.7967815711288583,0.6038080089679478
3452,2026-07-31T08:19:20.927325Z,moon,39.759062,-104.62011683333333,1672.4,178.75679028341509,37.15601978573707,390579.4630021863,0.017291895928061674,-0.7968061652937565,0.6039875208024351
3453,2026-07-31T08:20:50.950768Z,moon,39.759062,-104.62011683333333,1672.4,179.20734917441885,37.166703555129494,390575.1785095158,0.011023994213958029,-0.7968048795496085,0.6041361233012841
3454,2026-07-31T08:22:20.974212Z,moon,39.759062,-104.62011683333333,1672.4,179.6580506209819,37.175165785791634,390571.0893012805,0.004755339402637224,-0.7967777095983647,0.6042538111045306
3455,2026-07-31T08:23:50.997656Z,moon,39.759062,-104.62011683333333,1672.4,180.10886393540886,37.18140544221717,390567.19540171575,-0.0015138058369130176,-0.7967246522654626,0.6043405801899835
3456,2026-07-31T08:25:21.021099Z,moon,39.759062,-104.62011683333333,1672.4,180.55975837877602,37.18542178111233,390563.4968268557,-0.007783178800019973,-0.7966457055016045,0.6043964278795977
3457,2026-07-31T08:26:51.044543Z,moon,39.759062,-104.62011683333333,1672.4,181.0107031921442,37.187214351933285,390559.9935844038,-0.014052516966808749,-0.796540868378791,0.6044213528402675
3458,2026-07-31T08:28:21.067986Z,moon,39.759062,-104.62011683333333,1672.4,181.46166757781486,37.18678299693665,390556.68567406107,-0.020321557527512878,-0.7964101410973865,0.6044153550803428
3459,2026-07-31T08:29:51.091430Z,moon,39.759062,-104.62011683333333,1672.4,181.9126207557007,37.18412785147278,390553.57308707904,-0.02659003795177911,-0.7962535249767633,0.6043784359520135
3460,2026-07-31T08:31:21.114874Z,moon,39.759062,-104.62011683333333,1672.4,182.36353194452943,37.1792493438933,390550.6558067692,-0.03285769551292114,-0.7960710224648082,0.6043105981508308
3461,2026-07-31T08:32:51.138317Z,moon,39.759062,-104.62011683333333,1672.4,182.8143703931926,37.172148195408376,390547.9338081372,-0.03912426750951583,-0.795862637134744,0.6042118457170254
3462,2026-07-31T08:34:21.161761Z,moon,39.759062,-104.62011683333333,1672.4,183.26510541200966,37.1628254193059,390545.40705784643,-0.04538949148629588,-0.7956283736768215,0.6040821840304442
3463,2026-07-31T08:35:51.185204Z,moon,39.759062,-104.62011683333333,1672.4,183.71570635387448,37.151282320969834,390543.07551463094,-0.05165310475922151,-0.7953682379148834,0.6039216198190841
3464,2026-07-31T08:37:21.208648Z,moon,39.759062,-104.62011683333333,1672.4,184.16614267040617,37.137520496238416,390540.9391287723,-0.057914844984220955,-0.7950822367855169,0.6037301611470084
3465,2026-07-31T08:38:51.232092Z,moon,39.759062,-104.62011683333333,1672.4,184.6163838929251,37.121541831284624,390538.9978425673,-0.06417444968232343,-0.7947703783570512,0.6035078174258893
3466,2026-07-31T08:40:21.255535Z,moon,39.759062,-104.62011683333333,1672.4,185.0663996633948,37.10334850116873,390537.25158995343,-0.07043165646098185,-0.7944326718219844,0.6032545994105187
3467,2026-07-31T08:41:51.278979Z,moon,39.759062,-104.62011683333333,1672.4,185.51615976513656,37.08294296779824,390535.7002967737,-0.07668620323425289,-0.7940691274839334,0.6029705191884753
3468,2026-07-31T08:43:21.302423Z,moon,39.759062,-104.62011683333333,1672.4,185.96563410848313,37.060327979640114,390534.34388067946,-0.08293782781858347,-0.7936797567794968,0.6026555901965681
3469,2026-07-31T08:44:51.325866Z,moon,39.759062,-104.62011683333333,1672.4,186.41479276115604,37.03550656951398,390533.18225107004,-0.0891862681528951,-0.7932645722680997,0.6023098272129292
3470,2026-07-31T08:46:21.349310Z,moon,39.759062,-104.62011683333333,1672.4,186.86360597848062,37.008482051828985,390532.21530925215,-0.09543126251927113,-0.7928235876159052,0.6019332463436649
3471,2026-07-31T08:47:51.372753Z,moon,39.759062,-104.62011683333333,1672.4,187.31204418349117,36.97925802252383,390531.4429482858,-0.1016725490694758,-0.7923568176284107,0.6015258650494529
3472,2026-07-31T08:49:21.396197Z,moon,39.759062,-104.62011683333333,1672.4,187.76007802156124,36.947838354498714,390530.8650531133,-0.10790986639154902,-0.7918642782103449,0.60108770211157
3473,2026-07-31T08:50:51.419641Z,moon,39.759062,-104.62011683333333,1672.4,188.2076783401028,36.91422719745156,390530.481500472,-0.11414295303718673,-0.7913459864006102,0.6006187776615012
3474,2026-07-31T08:52:21.443084Z,moon,39.759062,-104.62011683333333,1672.4,188.65481621777062,36.87842897451024,390530.2921589516,-0.12037154774164145,-0.7908019603571245,0.6001191131680532
3475,2026-07-31T08:53:51.466528Z,moon,39.759062,-104.62011683333333,1672.4,189.1014629933258,36.84044837826806,390530.29688899114,-0.12659538964313763,-0.7902322193364432,0.5995887314182128
3476,2026-07-31T08:55:21.489971Z,moon,39.759062,-104.62011683333333,1672.4,189.5475902446164,36.800290370790485,390530.49554284423,-0.13281421781141992,-0.7896367837358909,0.5990276565555037
3477,2026-07-31T08:56:51.513415Z,moon,39.759062,-104.62011683333333,1672.4,189.9931698415959,36.75796017727994,390530.8879646977,-0.1390277718121894,-0.7890156750419306,0.5984359140317904
3478,2026-07-31T08:58:21.536859Z,moon,39.759062,-104.62011683333333,1672.4,190.4381739246875,36.713463286025664,390531.47399054375,-0.1452357912356627,-0.7883689158746411,0.5978135306488086
3479,2026-07-31T08:59:51.560302Z,moon,39.759062,-104.62011683333333,1672.4,190.88257493244294,36.66680544391526,390532.2534482421,-0.15143801591679473,-0.7876965299679638,0.5971605345395938
3480,2026-07-31T09:01:21.583746Z,moon,39.759062,-104.62011683333333,1672.4,191.32634562862958,36.61799265138309,390533.2261575727,-0.15763418615292094,-0.7869985421449678,0.5964769551437856
3481,2026-07-31T09:02:51.607189Z,moon,39.759062,-104.62011683333333,1672.4,191.7694590797145,36.56703116258469,390534.3919301565,-0.1638240422339332,-0.7862749783695006,0.5957628232578598
3482,2026-07-31T09:04:21.630633Z,moon,39.759062,-104.62011683333333,1672.4,192.21188870595893,36.51392747741017,390535.750569542,-0.1700073250053327,-0.7855258656828159,0.5950181709727811
3483,2026-07-31T09:05:51.654077Z,moon,39.759062,-104.62011683333333,1672.4,192.65360825815802,36.45868834161782,390537.30187121494,-0.17618377539830535,-0.7847512322578893,0.594243031727023
3484,2026-07-31T09:07:21.677520Z,moon,39.759062,-104.62011683333333,1672.4,193.09459184330635,36.401320741366476,390539.04562240676,-0.18235313464845715,-0.7839511073750782,0.5934374402826891
3485,2026-07-31T09:08:51.700964Z,moon,39.759062,-104.62011683333333,1672.4,193.53481394971138,36.3418318972079,390540.9816025204,-0.18851514451304985,-0.7831255213926656,0.5926014326954414
3486,2026-07-31T09:10:21.724407Z,moon,39.759062,-104.62011683333333,1672.4,193.97424942276885,36.28022926449616,390543.10958265746,-0.1946695468035018,-0.7822745058083652,0.5917350463759918
3487,2026-07-31T09:11:51.747851Z,moon,39.759062,-104.62011683333333,1672.4,194.4128735137021,36.21652052391827,390545.4293260704,-0.2008160839447881,-0.7813980931842317,0.590838320014136
3488,2026-07-31T09:13:21.771295Z,moon,39.759062,-104.62011683333333,1672.4,194.8506618545943,36.15071358191539,390547.9405878096,-0.20695449850891376,-0.7804963172105753,0.5899112936430806
3489,2026-07-31T09:14:51.794738Z,moon,39.759062,-104.62011683333333,1672.4,195.28759048180112,36.08281656437197,390550.6431148955,-0.21308453343160005,-0.7795692126771373,0.5889540086103375
3490,2026-07-31T09:16:21.818182Z,moon,39.759062,-104.62011683333333,1672.4,195.7236358588823,36.01283780976534,390553.5366464668,-0.21920593222903184,-0.7786168154390712,0.587966507541986
3491,2026-07-31T09:17:51.841625Z,moon,39.759062,-104.62011683333333,1672.4,196.158774850469,35.940785869972,390556.6209134673,-0.22531843853203684,-0.777639162488106,0.5869488344159834
3492,2026-07-31T09:19:21.865069Z,moon,39.759062,-104.62011683333333,1672.4,196.59298476858157,35.86666949941435,390559.8956389911,-0.23142179664331416,-0.7766362918658164,0.5859010344719447
3493,2026-07-31T09:20:51.888513Z,moon,39.759062,-104.62011683333333,1672.4,197.02624334569785,35.79049765593708,390563.3605380823,-0.23751575107232184,-0.7756082427372175,0.5848231542873763
3494,2026-07-31T09:22:21.911956Z,moon,39.759062,-104.62011683333333,1672.4,197.458528755975,35.71227949374934,390567.01531768916,-0.24360004675246572,-0.774555055357217,0.5837152417427312
3495,2026-07-31T09:23:51.935400Z,moon,39.759062,-104.62011683333333,1672.4,197.8898196356618,35.632024355925736,390570.8596770229,-0.24967442925391323,-0.7734767710324304,0.582577345980753
3496,2026-07-31T09:25:21.958843Z,moon,39.759062,-104.62011683333333,1672.4,198.320095055265,35.54974177567626,390574.89330716274,-0.2557386443232592,-0.7723734322015899,0.5814095174907593
3497,2026-07-31T09:26:51.982287Z,moon,39.759062,-104.62011683333333,1672.4,198.74933456314116,35.46544146432148,390579.11589142686,-0.2617924384351129,-0.7712450823374523,0.5802118080050543
3498,2026-07-31T09:28:22.005731Z,moon,39.759062,-104.62011683333333,1672.4,199.17751815679304,35.379133312693,390583.5271050506,-0.26783555833147044,-0.7700917660298489,0.5789842705862551
3499,2026-07-31T09:29:52.029174Z,moon,39.759062,-104.62011683333333,1672.4,199.6046263016481,35.290827383517495,390588.1266153628,-0.2738677512360748,-0.7689135289478642,0.5777269595871716
3500,2026-07-31T09:31:22.052618Z,moon,39.759062,-104.62011683333333,1672.4,200.03063994920063,35.20053390336967,390592.91408194206,-0.2798887650667332,-0.7677104177969205,0.5764399306046526
3501,2026-07-31T09:32:52.076061Z,moon,39.759062,-104.62011683333333,1672.4,200.45554050733116,35.108263264575776,390597.88915638096,-0.28589834797792973,-0.7664824804086786,0.5751232405754876
3502,2026-07-31T09:34:22.099505Z,moon,39.759062,-104.62011683333333,1672.4,200.87930988125262,35.014026012118904,390603.05148246576,-0.2918962489075183,-0.7652297656319175,0.5737769476587925
3503,2026-07-31T09:35:52.122949Z,moon,39.759062,-104.62011683333333,1672.4,201.3019304431176,34.91783284572949,390608.4006961005,-0.2978822171206661,-0.7639523234244863,0.5724011113350546
3504,2026-07-31T09:37:22.146392Z,moon,39.759062,-104.62011683333333,1672.4,201.72338504847082,34.81969461181213,390613.93642530515,-0.30385600242208705,-0.7626502048114033,0.570995792360323
3505,2026-07-31T09:38:52.169836Z,moon,39.759062,-104.62011683333333,1672.4,202.1436570520842,34.71962229502499,390619.65829050745,-0.30981735536598565,-0.7613234618374002,0.5695610527151089
3506,2026-07-31T09:40:22.193279Z,moon,39.759062,-104.62011683333333,1672.4,202.56273027666236,34.61762702087214,390625.5659039868,-0.31576602680346194,-0.7599721476663553,0.5680969557110325
3507,2026-07-31T09:41:52.216723Z,moon,39.759062,-104.62011683333333,1672.4,202.98058905120968,34.51372004176533,390631.6588706867,-0.32170176842327786,-0.7585963164606101,0.5666035658604078
3508,2026-07-31T09:43:22.240167Z,moon,39.759062,-104.62011683333333,1672.4,203.3972181790903,34.407912739829094,390637.9367873913,-0.32762433230070104,-0.7571960234826062,0.565080948985761
3509,2026-07-31T09:44:52.263610Z,moon,39.759062,-104.62011683333333,1672.4,203.8126029523284,34.30021661856708,390644.3992433208,-0.33353347110767245,-0.7557713250481392,0.5635291721693275
3510,2026-07-31T09:46:22.287054Z,moon,39.759062,-104.62011683333333,1672.4,204.22672916524039,34.190643294144,390651.045820077,-0.33942893831972965,-0.754322278475178,0.5619483036963073
3511,2026-07-31T09:47:52.310498Z,moon,39.759062,-104.62011683333333,1672.4,204.63958308635287,34.07920449757006,390657.8760913293,-0.34531048783424895,-0.7528489421754649,0.5603384131549045
3512,2026-07-31T09:49:22.333941Z,moon,39.759062,-104.62011683333333,1672.4,205.05115147145253,33.965912066238154,390664.8896231824,-0.35117787417871715,-0.7513513756054528,0.5586995713826088
3513,2026-07-31T09:50:52.357385Z,moon,39.759062,-104.62011683333333,1672.4,205.46142157609165,33.850777935097454,390672.0859741877,-0.3570308527169954,-0.7498296392122101,0.5570318504062958
3514,2026-07-31T09:52:22.380828Z,moon,39.759062,-104.62011683333333,1672.4,205.87038112209785,33.73381414062871,390679.4646949759,-0.36286917920416883,-0.7482837945474341,0.5553353235671094
3515,2026-07-31T09:53:52.404272Z,moon,39.759062,-104.62011683333333,1672.4,206.27801833224225,33.61503280572558,390687.02532887424,-0.368692610318243,-0.7467139041290699,0.5536100653682537
3516,2026-07-31T09:55:22.427716Z,moon,39.759062,-104.62011683333333,1672.4,206.68432189625932,33.49444614393117,390694.7674114259,-0.37450090321663376,-0.7451200315575333,0.5518561516025948
3517,2026-07-31T09:56:52.451159Z,moon,39.759062,-104.62011683333333,1672.4,207.08928098207417,33.37206645082477,390702.6904704751,-0.38029381574225074,-0.7435022414625424,0.550073659293348
3518,2026-07-31T09:58:22.474603Z,moon,39.759062,-104.62011683333333,1672.4,207.49288524652545,33.24790609515468,390710.7940266239,-0.38607110662699395,-0.7418605994442374,0.5482626666298235
3519,2026-07-31T09:59:52.498046Z,moon,39.759062,-104.62011683333333,1672.4,207.89512480088555,33.121977523690084,390719.07759261574,-0.3918325350526752,-0.7401951721966394,0.5464232531023743
3520,2026-07-31T10:01:22.521490Z,moon,39.759062,-104.62011683333333,1672.4,208.29599024342113,32.99429324558581,390727.54067401093,-0.3975778611749981,-0.7385060273582675,0.5445554993377845
3521,2026-07-31T10:02:52.544934Z,moon,39.759062,-104.62011683333333,1672.4,208.69547262453767,32.86486583754315,390736.18276855827,-0.40330684568617664,-0.7367932336375604,0.5426594872372305
3522,2026-07-31T10:04:22.568377Z,moon,39.759062,-104.62011683333333,1672.4,209.09356345645725,32.7337079351864,390745.00336656184,-0.40901925001866024,-0.7350568607550456,0.5407352999121753
3523,2026-07-31T10:05:52.591821Z,moon,39.759062,-104.62011683333333,1672.4,209.49025472233222,32.600832224181474,390754.0019512303,-0.4147148365448043,-0.7332969793808357,0.5387830216149712
3524,2026-07-31T10:07:22.615264Z,moon,39.759062,-104.62011683333333,1672.4,209.88553884111278,32.46625144607247,390763.17799783946,-0.42039336814468636,-0.7315136612665345,0.536802737884594
3525,2026-07-31T10:08:52.638708Z,moon,39.759062,-104.62011683333333,1672.4,210.2794086982597,32.329978382176634,390772.5309747439,-0.426054608722172,-0.7297069790854035,0.5347945353690998
3526,2026-07-31T10:10:22.662152Z,moon,39.759062,-104.62011683333333,1672.4,210.67185761029157,32.19202585974231,390782.060342623,-0.43169832277380116,-0.727877006566647,0.5327585019742664
3527,2026-07-31T10:11:52.685595Z,moon,39.759062,-104.62011683333333,1672.4,211.062879333136,32.052406743380025,390791.76555473096,-0.4373242755894102,-0.7260238184333343,0.5306947267946784
3528,2026-07-31T10:13:22.709039Z,moon,39.759062,-104.62011683333333,1672.4,211.45246807002104,31.911133926213424,390801.6460573838,-0.4429322334493999,-0.7241474903356794,0.5286033000389455
3529,2026-07-31T10:14:52.732482Z,moon,39.759062,-104.62011683333333,1672.4,211.84061843581884,31.7682203367614,390811.70128911216,-0.4485219631976806,-0.7222480989921616,0.5264843131865444
3530,2026-07-31T10:16:22.755926Z,moon,39.759062,-104.62011683333333,1672.4,212.2273254862939,31.623678922411422,390821.930681654,-0.4540932327510453,-0.7203257220187154,0.524337858797094
3531,2026-07-31T10:17:52.779370Z,moon,39.759062,-104.62011683333333,1672.4,212.61258468230164,31.4775226566267,390832.3336591317,-0.4596458106741354,-0.7183804380717823,0.5221640306699716
3532,2026-07-31T10:19:22.802813Z,moon,39.759062,-104.62011683333333,1672.4,212.99639189705192,31.32976453044825,390842.9096384183,-0.4651794663766106,-0.7164123267825575,0.5199629237701222
3533,2026-07-31T10:20:52.826257Z,moon,39.759062,-104.62011683333333,1672.4,213.37874342303562,31.180417543776777,390853.658029618,-0.47069397030747995,-0.714421468685746,0.5177346341486949
3534,2026-07-31T10:22:22.849700Z,moon,39.759062,-104.62011683333333,1672.4,213.75963593621876,31.029494713250124,390864.5782350842,-0.4761890935351482,-0.7124079453695469,0.5154792591099225
3535,2026-07-31T10:23:52.873144Z,moon,39.759062,-104.62011683333333,1672.4,214.13906652394311,30.87700905542915,390875.66965058283,-0.48166460824751106,-0.7103718392944703,0.5131968970085097
3536,2026-07-31T10:25:22.896588Z,moon,39.759062,-104.62011683333333,1672.4,214.51703264911666,30.7229735949778,390886.93166433193,-0.4871202873347248,-0.7083132339450933,0.5108876474188615
3537,2026-07-31T10:26:52.920031Z,moon,39.759062,-104.62011683333333,1672.4,214.89353215666188,30.567401356344917,390898.3636575579,-0.49255590458263404,-0.7062322137599949,0.5085516110567737
3538,2026-07-31T10:28:22.943475Z,moon,39.759062,-104.62011683333333,1672.4,215.2685632796769,30.41030535515872,390909.96500465524,-0.49797123486358746,-0.7041288640568394,0.5061888896948045
3539,2026-07-31T10:29:52.966918Z,moon,39.759062,-104.62011683333333,1672.4,215.6421246037322,30.251698607136202,390921.7350726195,-0.5033660537237841,-0.702003271190777,0.5037995863396405
3540,2026-07-31T10:31:22.990362Z,moon,39.759062,-104.62011683333333,1672.4,216.0142150937394,30.09159411097152,390933.67322188214,-0.5087401378748424,-0.6998555223628402,0.5013838050169973
3541,2026-07-31T10:32:53.013806Z,moon,39.759062,-104.62011683333333,1672.4,216.38483405825434,29.93000485755682,390945.77880550496,-0.5140932647828923,-0.6976857057806887,0.4989416509514608
3542,2026-07-31T10:34:23.037249Z,moon,39.759062,-104.62011683333333,1672.4,216.7539811554486,29.766943821782046,390958.0511696218,-0.5194252128598081,-0.695493910583992,0.49647323048290254
3543,2026-07-31T10:35:53.060693Z,moon,39.759062,-104.62011683333333,1672.4,217.12165639866305,29.602423954111174,390970.4896538424,-0.5247357616492235,-0.6932802267661545,0.4939786509774269
3544,2026-07-31T10:37:23.084136Z,moon,39.759062,-104.62011683333333,1672.4,217.4878601210869,29.436458190496424,390983.09359032224,-0.5300246914223099,-0.6910447453405418,0.4914580210149295
3545,2026-07-31T10:38:53.107580Z,moon,39.759062,-104.62011683333333,1672.4,217.85259300171393,29.26905943499573,390995.86230493867,-0.5352917836591953,-0.6887875581395033,0.4889114501616603
3546,2026-07-31T10:40:23.131024Z,moon,39.759062,-104.62011683333333,1672.4,218.21585603010777,29.100240570004882,391008.7951163041,-0.540536820646505,-0.6865087579828129,0.4863390491604223
3547,2026-07-31T10:41:53.154467Z,moon,39.759062,-104.62011683333333,1672.4,218.57765051197927,28.930014448192818,391021.8913362709,-0.5457595856646833,-0.6842084385995141,0.4837409298419229
3548,2026-07-31T10:43:23.177911Z,moon,39.759062,-104.62011683333333,1672.4,218.9379780743866,28.758393884274874,391035.15027026687,-0.5509598631696742,-0.6818866945458752,0.481117205031533
3549,2026-07-31T10:44:53.201355Z,moon,39.759062,-104.62011683333333,1672.4,219.2968406349386,28.585391663945863,391048.57121670514,-0.5561374384547083,-0.6795436213535192,0.47846798871688434
3550,2026-07-31T10:46:23.224798Z,moon,39.759062,-104.62011683333333,1672.4,219.65424040718725,28.41102053592392,391062.1534670905,-0.5612920978346512,-0.6771793154493285,0.4757933959566435
3551,2026-07-31T10:47:53.248242Z,moon,39.759062,-104.62011683333333,1672.4,220.01017990575565,28.23529320382299,391075.8963068671,-0.56642362882577,-0.6747938740707584,0.47309354278453614
3552,2026-07-31T10:49:23.271685Z,moon,39.759062,-104.62011683333333,1672.4,220.36466191189749,28.058222337572754,391089.7990141342,-0.5715318197546275,-0.6723873954454783,0.47036854641228926
3553,2026-07-31T10:50:53.295129Z,moon,39.759062,-104.62011683333333,1672.4,220.71768949850542,27.87982055568922,391103.86086107703,-0.5766164602236534,-0.6699599785742489,0.4676185249837048
3554,2026-07-31T10:52:23.318573Z,moon,39.759062,-104.62011683333333,1672.4,221.0692659958587,27.700100436993722,391118.08111277357,-0.5816773407219791,-0.6675117234126949,0.4648435977801788
3555,2026-07-31T10:53:53.342016Z,moon,39.759062,-104.62011683333333,1672.4,221.41939499691557,27.519074512816708,391132.45902779384,-0.5867142528058168,-0.6650427307873333,0.4620438851250371
3556,2026-07-31T10:55:23.365460Z,moon,39.759062,-104.62011683333333,1672.4,221.76808036238486,27.336755259032124,391146.99385864526,-0.5917269892742377,-0.6625531023070033,0.45921950828314306
3557,2026-07-31T10:56:53.388903Z,moon,39.759062,-104.62011683333333,1672.4,222.11532618704007,27.153155108365826,391161.6848508162,-0.5967153437870047,-0.6600429405504367,0.45637058967322774
3558,2026-07-31T10:58:23.412347Z,moon,39.759062,-104.62011683333333,1672.4,222.46113682425857,26.96828643245915,391176.53124386026,-0.6016791113188301,-0.6575123488400003,0.45349725261073914
3559,2026-07-31T10:59:53.435791Z,moon,39.759062,-104.62011683333333,1672.4,222.80551685258342,26.782161554468175,391191.53227047884,-0.6066180877793798,-0.6549614314311829,0.45059962152281563
3560,2026-07-31T11:01:23.459234Z,moon,39.759062,-104.62011683333333,1672.4,223.14847108104956,26.594792741411045,391206.6871570789,-0.6115320701896241,-0.6523902934247338,0.4476778218482375
3561,2026-07-31T11:02:53.482678Z,moon,39.759062,-104.62011683333333,1672.4,223.49000455427884,26.406192196337063,391221.99512414436,-0.6164208568530525,-0.649799040674761,0.44473197993253055
3562,2026-07-31T11:04:23.506121Z,moon,39.759062,-104.62011683333333,1672.4,223.83012251962808,26.216372071502693,391237.4553852141,-0.6212842469824338,-0.6471877799841163,0.44176222324990777
3563,2026-07-31T11:05:53.529565Z,moon,39.759062,-104.62011683333333,1672.4,224.16883045143203,26.025344450212465,391253.06714822754,-0.6261220411430846,-0.6445566188687223,0.43876868013491815
3564,2026-07-31T11:07:23.553009Z,moon,39.759062,-104.62011683333333,1672.4,224.50613401844797,25.833121360248676,391268.8296143832,-0.6309340408821784,-0.6419056657547761,0.4357514800066701
3565,2026-07-31T11:08:53.576452Z,moon,39.759062,-104.62011683333333,1672.4,224.84203908928717,25.639714766327128,391284.74197866785,-0.6357200489007035,-0.6392350298874289,0.4327107532642391
3566,2026-07-31T11:10:23.599896Z,moon,39.759062,-104.62011683333333,1672.4,225.17655173763322,25.44513656242796,391300.80343049444,-0.6404798692198058,-0.6365448212353098,0.4296466311780972
3567,2026-07-31T11:11:53.623339Z,moon,39.759062,-104.62011683333333,1672.4,225.50967821031392,25.24939858575196,391317.0131523417,-0.6452133068172649,-0.6338351506935376,0.4265592461209001
3568,2026-07-31T11:13:23.646783Z,moon,39.759062,-104.62011683333333,1672.4,225.84142495133042,25.05251259832413,391333.3703214078,-0.6499201680593116,-0.6311061298389563,0.4234487312880397
3569,2026-07-31T11:14:53.670227Z,moon,39.759062,-104.62011683333333,1672.4,226.17179857021912,24.854490301222825,391349.87410823855,-0.6546002603392252,-0.6283578711350252,0.42031522093124063
3570,2026-07-31T11:16:23.693670Z,moon,39.759062,-104.62011683333333,1672.4,226.50080584768182,24.65534332714244,391366.52367740247,-0.6592533922448851,-0.6255904878367654,0.4171588502498413
3571,2026-07-31T11:17:53.717114Z,moon,39.759062,-104.62011683333333,1672.4,226.82845374097997,24.455083232819806,391383.3181879836,-0.6638793737201748,-0.6228040938922144,0.41397975527796815
3572,2026-07-31T11:19:23.740557Z,moon,39.759062,-104.62011683333333,1672.4,227.15474935301117,24.253721513715472,391400.25679247157,-0.6684780157119489,-0.6199988041524173,0.4107780731239045
3573,2026-07-31T11:20:53.764001Z,moon,39.759062,-104.62011683333333,1672.4,227.47969995610526,24.051269585447486,391417.3386381325,-0.6730491305886555,-0.6171747341184111,0.40755394168100456
3574,2026-07-31T11:22:23.787445Z,moon,39.759062,-104.62011683333333,1672.4,227.80331296144348,23.84773879867993,391434.5628658399,-0.6775925317902036,-0.6143320001528206,0.40430749986906855
3575,2026-07-31T11:23:53.810888Z,moon,39.759062,-104.62011683333333,1672.4,228.1255959248491,23.643140431808664,391451.9286106227,-0.6821080339898045,-0.6114707193819681,0.40103888752222305
3576,2026-07-31T11:25:23.834332Z,moon,39.759062,-104.62011683333333,1672.4,228.44655655245313,23.43748568345777,391469.43500228756,-0.6865954532508528,-0.6085910095937733,0.3977482452719153
3577,2026-07-31T11:26:53.857775Z,moon,39.759062,-104.62011683333333,1672.4,228.76620267073847,23.23078568785218,391487.08116415975,-0.6910546066840105,-0.6056929894550637,0.39443571479494066
3578,2026-07-31T11:28:23.881219Z,moon,39.759062,-104.62011683333333,1672.4,229.08454225024985,23.02305149601454,391504.8662145932,-0.695485312853635,-0.6027767782497113,0.39110143851407636
3579,2026-07-31T11:29:53.904663Z,moon,39.759062,-104.62011683333333,1672.4,229.40158337595608,22.814294091332197,391522.7892656833,-0.6998873914375093,-0.5998424960978113,0.38774555984813774
3580,2026-07-31T11:31:23.928106Z,moon,39.759062,-104.62011683333333,1672.4,229.71733425331573,22.604524382287938,391540.84942394856,-0.7042606633840511,-0.5968902638543458,0.3843682230956998
3581,2026-07-31T11:32:53.951550Z,moon,39.759062,-104.62011683333333,1672.4,230.03180321423068,22.393753195038414,391559.04579085635,-0.7086049510642132,-0.5939202030035542,0.38096957331459025
3582,2026-07-31T11:34:23.974993Z,moon,39.759062,-104.62011683333333,1672.4,230.34499868803442,22.18199128939634,391577.3774614965,-0.7129200779389397,-0.5909324358837791,0.37754975657785744
3583,2026-07-31T11:35:53.998437Z,moon,39.759062,-104.62011683333333,1672.4,230.65692922512815,21.969249339822902,391595.84352638613,-0.717205868952587,-0.5879270854170541,0.3741089196650792
3584,2026-07-31T11:37:24.021881Z,moon,39.759062,-104.62011683333333,1672.4,230.96760346834182,21.755537951570073,391614.4430697725,-0.7214621502037875,-0.5849042753351277,0.37064721032002496
3585,2026-07-31T11:38:54.045324Z,moon,39.759062,-104.62011683333333,1672.4,231.27703015925468,21.540867653488394,391633.1751706016,-0.7256887490972319,-0.581864130074953,0.36716477713121265
3586,2026-07-31T11:40:24.068768Z,moon,39.759062,-104.62011683333333,1672.4,231.58521814439584,21.325248890619175,391652.0389030312,-0.7298854944901414,-0.5788067746704805,0.3636617694072853
3587,2026-07-31T11:41:54.092212Z,moon,39.759062,-104.62011683333333,1672.4,231.89217635067968,21.10869203835488,391671.0333352207,-0.7340522164175868,-0.5757323349490027,0.3601383374018902
3588,2026-07-31T11:43:24.115655Z,moon,39.759062,-104.62011683333333,1672.4,232.19791379188166,20.891207395246187,391690.15753004525,-0.7381887462411455,-0.5726409374249446,0.35659463219180193
3589,2026-07-31T11:44:54.139099Z,moon,39.759062,-104.62011683333333,1672.4,232.50243957499768,20.67280517561584,391709.4105456917,-0.7422949167920376,-0.5695327091899367,0.35303080555027033
3590,2026-07-31T11:46:24.162542Z,moon,39.759062,-104.62011683333333,1672.4,232.80576287285612,20.45349552645014,391728.79143439984,-0.7463705620572193,-0.5664077781472057,0.349447010215764
3591,2026-07-31T11:47:54.185986Z,moon,39.759062,-104.62011683333333,1672.4,233.1078929475706,20.233288507995816,391748.2992438543,-0.7504155175504567,-0.5632662727295319,0.34584339956815857
3592,2026-07-31T11:49:24.209430Z,moon,39.759062,-104.62011683333333,1672.4,233.40883912343173,20.01219411081331,391767.9330162433,-0.7544296200010099,-0.5601083221356086,0.342220127899522
3593,2026-07-31T11:50:54.232873Z,moon,39.759062,-104.62011683333333,1672.4,233.708610793684,19.790222248565513,391787.6917883885,-0.7584127074974418,-0.5569340562204682,0.3385773502882557
3594,2026-07-31T11:52:24.256317Z,moon,39.759062,-104.62011683333333,1672.4,234.00721742715666,19.567382750651447,391807.5745928895,-0.7623646196252041,-0.5537436053826307,0.3349152224691545
3595,2026-07-31T11:53:54.279760Z,moon,39.759062,-104.62011683333333,1672.4,234.30466854176134,19.343685379609187,391827.5804563756,-0.7662851971638778,-0.5505371008052645,0.3312339011098517
3596,2026-07-31T11:55:24.303204Z,moon,39.759062,-104.62011683333333,1672.4,234.6009737278943,19.119139811476938,391847.7084013942,-0.770174282444306,-0.5473146741664716,0.32753354347829383
3597,2026-07-31T11:56:54.326648Z,moon,39.759062,-104.62011683333333,1672.4,234.8961426222652,18.89375565329455,391867.9574449408,-0.7740317190493603,-0.544076457881677,0.32381430772036585
3598,2026-07-31T11:58:24.350091Z,moon,39.759062,-104.62011683333333,1672.4,235.1901849148914,18.66754243591566,391888.3265990327,-0.7778573519517652,-0.5408225849915198,0.32007635273115376
3599,2026-07-31T11:59:54.373535Z,moon,39.759062,-104.62011683333333,1672.4,235.48311035599815,18.440509606624545,391908.8148715983,-0.7816510276461995,-0.5375531890461306,0.3163198380215432
3600,2026-07-31T12:01:24.396978Z,moon,39.759062,-104.62011683333333,1672.4,235.7749287304044,18.212666547003444,391929.42126486107,-0.7854125938584436,-0.5342684043522696,0.3125449240020241
3601,2026-07-31T12:02:54.420422Z,moon,39.759062,-104.62011683333333,1672.4,236.0656498808445,17.984022553028566,391950.1447771402,-0.7891418998880589,-0.5309683656766934,0.30875177164137235
3602,2026-07-31T12:04:24.443866Z,moon,39.759062,-104.62011683333333,1672.4,236.35528368267177,17.75458685303653,391970.98440143646,-0.7928387963210664,-0.5276532084943697,0.3049405427517961
3603,2026-07-31T12:05:54.467309Z,moon,39.759062,-104.62011683333333,1672.4,236.64384005109426,17.52436860049143,391991.93912607385,-0.7965031351623031,-0.5243230688735986,0.30111139985658725
3604,2026-07-31T12:07:24.490753Z,moon,39.759062,-104.62011683333333,1672.4,236.931328948285,17.293376866604167,392013.00793534156,-0.8001347699613695,-0.5209780833579813,0.29726450605396953
3605,2026-07-31T12:08:54.514196Z,moon,39.759062,-104.62011683333333,1672.4,237.2177603586394,17.061620658597068,392034.18980813096,-0.8037335555343559,-0.5176183892189736,0.2934000253075272
3606,2026-07-31T12:10:24.537640Z,moon,39.759062,-104.62011683333333,1672.4,237.5031443120175,16.829108899548302,392055.48371974815,-0.8072993482917247,-0.514244124152488,0.28951812209669564
3607,2026-07-31T12:11:54.561084Z,moon,39.759062,-104.62011683333333,1672.4,237.78749085922965,16.59585044678917,392076.88864019857,-0.8108320059627638,-0.5108554265333248,0.2856189617092244
3608,2026-07-31T12:13:24.584527Z,moon,39.759062,-104.62011683333333,1672.4,238.0708100795327,16.361854084604044,392098.4035351189,-0.8143313877227318,-0.5074524352970957,0.28170271010520387
3609,2026-07-31T12:14:54.607971Z,moon,39.759062,-104.62011683333333,1672.4,238.3531120879497,16.12712851682511,392120.02736649633,-0.8177973543127832,-0.504035289819791,0.27776953377807934
3610,2026-07-31T12:16:24.631414Z,moon,39.759062,-104.62011683333333,1672.4,238.634407011278,15.891682385486199,392141.7590908679,-0.8212297677737652,-0.5006041301764057,0.2738196000518808
3611,2026-07-31T12:17:54.654858Z,moon,39.759062,-104.62011683333333,1672.4,238.91470501128472,15.655524250427028,392163.59766155813,-0.8246284917593054,-0.49715909683050197,0.2698530767240806
3612,2026-07-31T12:19:24.678302Z,moon,39.759062,-104.62011683333333,1672.4,239.1940162609769,15.418662608007434,392185.5420268943,-0.8279933912731127,-0.493700330894081,0.26587013236376317
3613,2026-07-31T12:20:54.701745Z,moon,39.759062,-104.62011683333333,1672.4,239.472350952242,15.18110588382994,392207.5911309324,-0.8313243327895182,-0.49022797400749135,0.26187093617385815
3614,2026-07-31T12:22:24.725189Z,moon,39.759062,-104.62011683333333,1672.4,239.74971930339595,14.94286242524132,392229.74391428544,-0.834621184367865,-0.4867421682162958,0.257855657848498
3615,2026-07-31T12:23:54.748632Z,moon,39.759062,-104.62011683333333,1672.4,240.0261315359233,14.703940520352132,392251.99931249407,-0.837883815398906,-0.4832430562352359,0.25382446787691815
3616,2026-07-31T12:25:24.772076Z,moon,39.759062,-104.62011683333333,1672.4,240.30159789758693,14.464348377370186,392274.3562579986,-0.841112096902615,-0.47973078113158973,0.2497775371785076
3617,2026-07-31T12:26:54.795520Z,moon,39.759062,-104.62011683333333,1672.4,240.5761286393962,14.224094143706013,392296.8136784806,-0.8443059012778666,-0.4762054865904727,0.24571503740817421
3618,2026-07-31T12:28:24.818963Z,moon,39.759062,-104.62011683333333,1672.4,240.84973402344843,13.983185898567857,392319.3704976393,-0.8474651024175242,-0.4726673167920768,0.2416371408145564
3619,2026-07-31T12:29:54.842407Z,moon,39.759062,-104.62011683333333,1672.4,241.12242433062292,13.741631645458519,392342.02563589596,-0.8505895758162639,-0.4691164162865905,0.2375440200955066
3620,2026-07-31T12:31:24.865850Z,moon,39.759062,-104.62011683333333,1672.4,241.39420983803464,13.499439331495271,392364.7780088768,-0.8536791983302315,-0.46555293026286193,0.23343584870776835
3621,2026-07-31T12:32:54.889294Z,moon,39.759062,-104.62011683333333,1672.4,241.66510084201164,13.256616826512444,392387.62652932084,-0.8567338484588339,-0.4619770042263552,0.22931280049521474
3622,2026-07-31T12:34:24.912738Z,moon,39.759062,-104.62011683333333,1672.4,241.93510763577237,13.01317194243522,392410.57010546664,-0.8597534061079193,-0.45838878426892593,0.2251750499995222
3623,2026-07-31T12:35:54.936181Z,moon,39.759062,-104.62011683333333,1672.4,242.20424051738016,12.769112425861277,392433.60764170915,-0.8627377526982759,-0.4547884169442246,0.22102277231655248
3624,2026-07-31T12:37:24.959625Z,moon,39.759062,-104.62011683333333,1672.4,242.47250979761841,12.524445950470264,392456.73803958157,-0.8656867712675603,-0.4511760491401347,0.21685614294883515
3625,2026-07-31T12:38:54.983069Z,moon,39.759062,-104.62011683333333,1672.4,242.73992578102246,12.279180133895206,392479.9601961565,-0.8686003462751561,-0.4475518283122793,0.21267533807429317
3626,2026-07-31T12:40:25.006512Z,moon,39.759062,-104.62011683333333,1672.4,243.00649877393758,12.03332253025188,392503.2730049094,-0.871478363707206,-0.4439159023577873,0.20848053440089376
3627,2026-07-31T12:41:55.029956Z,moon,39.759062,-104.62011683333333,1672.4,243.27223909247334,11.786880622497467,392526.6753565195,-0.87432071117476,-0.44026841948659046,0.20427190901747014
3628,2026-07-31T12:43:25.053399Z,moon,39.759062,-104.62011683333333,1672.4,243.53715704093153,11.539861842218071,392550.16613708757,-0.8771272776944413,-0.43660952849789125,0.20004963971271592
3629,2026-07-31T12:44:55.076843Z,moon,39.759062,-104.62011683333333,1672.4,243.80126293461504,11.292273548350932,392573.74423038255,-0.8798979539446048,-0.4329393784494016,0.19581390459296752
3630,2026-07-31T12:46:25.100287Z,moon,39.759062,-104.62011683333333,1672.4,244.0645670784875,11.044123047003755,392597.4085158487,-0.8826326320499003,-0.4292581189342956,0.19156488240190472
3631,2026-07-31T12:47:55.123730Z,moon,39.759062,-104.62011683333333,1672.4,244.32707977530814,10.795417583894551,392621.1578696728,-0.8853312056797813,-0.4255658999535693,0.18730275237244473
3632,2026-07-31T12:49:25.147174Z,moon,39.759062,-104.62011683333333,1672.4,244.5888113337197,10.546164336689479,392644.9911653984,-0.8879935701402153,-0.42186287178517273,0.18302769407606426
3633,2026-07-31T12:50:55.170617Z,moon,39.759062,-104.62011683333333,1672.4,244.84977204722563,10.29637043499994,392668.90727234795,-0.8906196221679595,-0.4181491852650613,0.17873988774631833
3634,2026-07-31T12:52:25.194061Z,moon,39.759062,-104.62011683333333,1672.4,245.1099722169185,10.046042938892267,392692.9050575868,-0.8932092601705443,-0.41442499145092615,0.17443951389088616
3635,2026-07-31T12:53:55.217505Z,moon,39.759062,-104.62011683333333,1672.4,245.36942213064188,9.795188858948704,392716.9833842659,-0.8957623840241291,-0.41069044190407156,0.17012675361637628
3636,2026-07-31T12:55:25.240948Z,moon,39.759062,-104.62011683333333,1672.4,245.62813207126703,9.543815148632593,392741.1411123823,-0.8982788951659715,-0.4069456885592061,0.1658017884779148
3637,2026-07-31T12:56:55.264392Z,moon,39.759062,-104.62011683333333,1672.4,245.88611232484493,9.291928696556203,392765.3770996729,-0.9007586966793734,-0.4031908835924444,0.16146480032632687
3638,2026-07-31T12:58:25.287835Z,moon,39.759062,-104.62011683333333,1672.4,246.14337316013987,9.039536346705951,392789.6901997787,-0.9032016931020224,-0.3994261797057748,0.15711597163652752
3639,2026-07-31T12:59:55.311279Z,moon,39.759062,-104.62011683333333,1672.4,246.39992485121326,8.786644876724477,392814.07926435233,-0.9056077906491772,-0.3956517297866289,0.15275548511383963
3640,2026-07-31T13:01:25.334723Z,moon,39.759062,-104.62011683333333,1672.4,246.6557776570957,8.533261018213793,392838.5431414047,-0.9079768970253583,-0.39186768719357407,0.14838352402393298
3641,2026-07-31T13:02:55.358166Z,moon,39.759062,-104.62011683333333,1672.4,246.91094183014613,8.279391449013184,392863.08067600644,-0.9103089215103845,-0.38807420562437317,0.14400027204006396
3642,2026-07-31T13:04:25.381610Z,moon,39.759062,-104.62011683333333,1672.4,247.16542762430828,8.025042785389452,392887.69071127824,-0.9126037750378971,-0.38427143898213373,0.13960591308816236
3643,2026-07-31T13:05:55.405053Z,moon,39.759062,-104.62011683333333,1672.4,247.41924527510153,7.770221602483365,392912.3720863742,-0.9148613700175129,-0.380459541663784,0.13520063167996987
3644,2026-07-31T13:07:25.428497Z,moon,39.759062,-104.62011683333333,1672.4,247.67240502207605,7.514934412389186,392937.12363882834,-0.9170816205410931,-0.3766386682155753,0.13078461251431803
3645,2026-07-31T13:08:55.451941Z,moon,39.759062,-104.62011683333333,1672.4,247.92491708900224,7.259187684621269,392961.9442027238,-0.9192644422089142,-0.372808973621591,0.12635804081082355
3646,2026-07-31T13:10:25.475384Z,moon,39.759062,-104.62011683333333,1672.4,248.17679169222924,7.002987838375168,392986.8326094097,-0.9214097522085694,-0.3689706131712546,0.12192110215615337
3647,2026-07-31T13:11:55.498828Z,moon,39.759062,-104.62011683333333,1672.4,248.42803904907944,6.746341234587901,393011.7876885894,-0.9235174693873942,-0.36512374232308253,0.11747398234626645
3648,2026-07-31T13:13:25.522271Z,moon,39.759062,-104.62011683333333,1672.4,248.67866935821047,6.489254196643865,393036.8082662423,-0.925587514088226,-0.3612685169975728,0.11301686772492227
3649,2026-07-31T13:14:55.545715Z,moon,39.759062,-104.62011683333333,1672.4,248.92869282204182,6.231732988171018,393061.8931669417,-0.9276198083393657,-0.3574050932275106,0.1085499447787644
3650,2026-07-31T13:16:25.569159Z,moon,39.759062,-104.62011683333333,1672.4,249.17811962728172,5.973783833783297,393087.0412120939,-0.9296142756942054,-0.35353362745114036,0.10407340047666365
3651,2026-07-31T13:17:55.592602Z,moon,39.759062,-104.62011683333333,1672.4,249.42695995340657,5.715412911182638,393112.2512206373,-0.9315708413041015,-0.34965427637727936,0.09958742211268373
3652,2026-07-31T13:19:25.616046Z,moon,39.759062,-104.62011683333333,1672.4,249.6752239810756,5.456626343235638,393137.52200999815,-0.9334894319836308,-0.34576719684842144,0.09509219714815374
3653,2026-07-31T13:20:55.639489Z,moon,39.759062,-104.62011683333333,1672.4,249.92292187294132,5.197430218773211,393162.85239423934,-0.9353699760611619,-0.341872546136024,0.09058791355260044
3654,2026-07-31T13:22:25.662933Z,moon,39.759062,-104.62011683333333,1672.4,250.17006379592738,4.937830570262527,393188.24118629744,-0.9372124035512185,-0.33797048158786286,0.08607475939563179
3655,2026-07-31T13:23:55.686377Z,moon,39.759062,-104.62011683333333,1672.4,250.4166599021555,4.677833394674916,393213.6871960701,-0.9390166460086519,-0.3340611609240926,0.08155292318923754
3656,2026-07-31T13:25:25.709820Z,moon,39.759062,-104.62011683333333,1672.4,250.66272033747725,4.417444645553078,393239.18923132226,-0.9407826365947761,-0.3301447421009851,0.07702259372973266
3657,2026-07-31T13:26:55.733264Z,moon,39.759062,-104.62011683333333,1672.4,250.90825524995807,4.156670224990924,393264.7460985209,-0.9425103101359822,-0.32622138317269544,0.07248395993782386
3658,2026-07-31T13:28:25.756707Z,moon,39.759062,-104.62011683333333,1672.4,251.15327477102852,3.8955160046124786,393290.35660102137,-0.944199602988622,-0.32229124258974357,0.06793721120334183
3659,2026-07-31T13:29:55.780151Z,moon,39.759062,-104.62011683333333,1672.4,251.39778903767933,3.633987803070064,393316.0195413765,-0.9458504531941084,-0.31835447884288964,0.0633825369733001
3660,2026-07-31T13:31:25.803595Z,moon,39.759062,-104.62011683333333,1672.4,251.64180817372736,3.3720914070578325,393341.73371920077,-0.9474628003475404,-0.3144112507621892,0.05882012709738603
3661,2026-07-31T13:32:55.827038Z,moon,39.759062,-104.62011683333333,1672.4,251.88534229842605,3.1098325632935233,393367.4979323177,-0.9490365856572981,-0.3104617173790006,0.054250171668112745
3662,2026-07-31T13:34:25.850482Z,moon,39.759062,-104.62011683333333,1672.4,252.1284015349443,2.8472169704933954,393393.31097762496,-0.9505717519964689,-0.3065060377876557,0.04967286086059131
3663,2026-07-31T13:35:55.873926Z,moon,39.759062,-104.62011683333333,1672.4,252.37099599460572,2.5842502975057826,393419.17164921755,-0.9520682437991778,-0.3025443714013912,0.045088385228198295
3664,2026-07-31T13:37:25.897369Z,moon,39.759062,-104.62011683333333,1672.4,252.61313578548243,2.3209381753141627,393445.0787395424,-0.9535260071158208,-0.298576877814389,0.040496935542966045
3665,2026-07-31T13:38:55.920813Z,moon,39.759062,-104.62011683333333,1672.4,252.85483102092928,2.0572861889294503,393471.0310402861,-0.9549449896605826,-0.29460371666249713,0.035898702633839145
3666,2026-07-31T13:40:25.944256Z,moon,39.759062,-104.62011683333333,1672.4,253.09609180130738,1.7932998985661608,393497.02734019636,-0.956325140700087,-0.2906250479246846,0.031293877735644016
3667,2026-07-31T13:41:55.967700Z,moon,39.759062,-104.62011683333333,1672.4,253.33692823597843,1.5289848169083269,393523.06642771995,-0.957666411180096,-0.2866410315635645,0.026682652072295178
3668,2026-07-31T13:43:25.991144Z,moon,39.759062,-104.62011683333333,1672.4,253.57735042512357,1.2643464303215413,393549.1470888472,-0.9589687536179067,-0.28265182782736253,0.02206521720648571
3669,2026-07-31T13:44:56.014587Z,moon,39.759062,-104.62011683333333,1672.4,253.81736846837453,0.999390190776547,393575.2681080433,-0.9602321221507911,-0.2786575971110596,0.017441764878544624
3670,2026-07-31T13:46:26.038031Z,moon,39.759062,-104.62011683333333,1672.4,254.05699247341894,0.7341215076754648,393601.42826929217,-0.9614564725767552,-0.27465849981595114,0.012812486843489635
3671,2026-07-31T13:47:56.061474Z,moon,39.759062,-104.62011683333333,1672.4,254.2962325379705,0.46854576919251684,393627.6263540027,-0.962641762257767,-0.27065469665374464,0.008177575223150428
3672,2026-07-31T13:49:26.084918Z,moon,39.759062,-104.62011683333333,1672.4,254.53509877173914,0.20266831934729385,393653.8611433877,-0.9637879502290336,-0.26664634828407735,0.003537222085800271
3673,2026-07-31T13:50:56.108362Z,moon,39.759062,-104.62011683333333,1672.4,254.7736012784767,-0.06350552061962923,393680.1314165024,-0.9648949971059507,-0.26263361561924486,-0.001108380201063476
3674,2026-07-31T13:52:26.131805Z,moon,39.759062,-104.62011683333333,1672.4,255.01175016468042,-0.32997046038985445,393706.43595124,-0.9659628651258555,-0.258616659684004,-0.005759039133090324
3675,2026-07-31T13:53:56.155249Z,moon,39.759062,-104.62011683333333,1672.4,255.249555548237,-0.5967212487952649,393732.77352506376,-0.966991518181833,-0.25459564147465247,-0.010414562232937956
3676,2026-07-31T13:55:26.178692Z,moon,39.759062,-104.62011683333333,1672.4,255.48702754066613,-0.8637526523816228,393759.1429132348,-0.9679809217408961,-0.2505707222645732,-0.015074756696386709
3677,2026-07-31T13:56:56.202136Z,moon,39.759062,-104.62011683333333,1672.4,255.72417626899428,-1.1310594784023866,393785.5428911058,-0.968931042935311,-0.24654206324056263,-0.019739429813875622
3678,2026-07-31T13:58:26.225580Z,moon,39.759062,-104.62011683333333,1672.4,255.9610118580939,-1.3986365533891678,393811.9722320299,-0.9698418504846462,-0.24250982580846328,-0.02440838861674148
3679,2026-07-31T13:59:56.249023Z,moon,39.759062,-104.62011683333333,1672.4,256.19754443940525,-1.666478731335349,393838.4297085084,-0.9707133147305297,-0.23847417145269834,-0.02908144004028457
3680,2026-07-31T14:01:26.272467Z,moon,39.759062,-104.62011683333333,1672.4,256.4337841596459,-1.9345809019397842,393864.9140929022,-0.9715454076636013,-0.23443526159460373,-0.03375839108779207
3681,2026-07-31T14:02:56.295910Z,moon,39.759062,-104.62011683333333,1672.4,256.6697411632615,-2.2029379690754984,393891.4241555626,-0.9723381028565324,-0.230393257899808,-0.03843904847511166
3682,2026-07-31T14:04:26.319354Z,moon,39.759062,-104.62011683333333,1672.4,256.9054256142882,-2.471544873927829,393917.95866710605,-0.9730913755376396,-0.22634832191258458,-0.04312321905449113
3683,2026-07-31T14:05:56.342798Z,moon,39.759062,-104.62011683333333,1672.4,257.14084767890915,-2.740396573421507,393944.5163966445,-0.9738052025278624,-0.22230061536294668,-0.04781070945848957
3684,2026-07-31T14:07:26.366241Z,moon,39.759062,-104.62011683333333,1672.4,257.3760175342032,-3.0094880484633584,393971.0961123889,-0.9744795622685418,-0.21825030002598494,-0.052501326263996194
3685,2026-07-31T14:08:56.389685Z,moon,39.759062,-104.62011683333333,1672.4,257.61094537693606,-3.278814312228625,393997.69658291136,-0.9751144348415387,-0.21419753757938648,-0.057194876156819965
3686,2026-07-31T14:10:26.413128Z,moon,39.759062,-104.62011683333333,1672.4,257.84564140620296,-3.5483703885239515,394024.31657491584,-0.9757098019171999,-0.2101424899121942,-0.06189116557475741
3687,2026-07-31T14:11:56.436572Z,moon,39.759062,-104.62011683333333,1672.4,258.08011584528725,-3.8181513350298633,394050.9548556509,-0.9762656468101538,-0.20608531875774613,-0.06659000113283
3688,2026-07-31T14:13:26.460016Z,moon,39.759062,-104.62011683333333,1672.4,258.31437892438265,-4.088152221631335,394077.61019108765,-0.9767819544311667,-0.2020261860024137,-0.0712911892659146
3689,2026-07-31T14:14:56.483459Z,moon,39.759062,-104.62011683333333,1672.4,258.54844088944805,-4.358368138711367,394104.2813465558,-0.9772587113081912,-0.19796525354361735,-0.07599453639351227
3690,2026-07-31T14:16:26.506903Z,moon,39.759062,-104.62011683333333,1672.4,258.78231201100346,-4.628794205439347,394130.9670879882,-0.9776959055993675,-0.19390268314809397,-0.08069984908413763
3691,2026-07-31T14:17:56.530346Z,moon,39.759062,-104.62011683333333,1672.4,259.0160025670036,-4.899425548070158,394157.6661797279,-0.978093527056171,-0.18983863676067197,-0.0854069336978482
3692,2026-07-31T14:19:26.553790Z,moon,39.759062,-104.62011683333333,1672.4,259.24952286466134,-5.170257323251733,394184.3773869738,-0.978451567061201,-0.1857732761370662,-0.09011559681199206
3693,2026-07-31T14:20:56.577234Z,moon,39.759062,-104.62011683333333,1672.4,259.48288322338647,-5.441284696305839,394211.09947368054,-0.97877001859516,-0.1817067631526955,-0.09482564486361388
3694,2026-07-31T14:22:26.600677Z,moon,39.759062,-104.62011683333333,1672.4,259.7160939836573,-5.712502849496322,394237.831203751,-0.9790488762509095,-0.1776392596611826,-0.09953688431359585
3695,2026-07-31T14:23:56.624121Z,moon,39.759062,-104.62011683333333,1672.4,259.9491655159291,-5.9839069903941065,394264.57134167623,-0.9792881362396108,-0.17357092735177984,-0.10424912181209316
3696,2026-07-31T14:25:26.647564Z,moon,39.759062,-104.62011683333333,1672.4,260.1821082036212,-6.255492330056143,394291.31865063205,-0.9794877963688238,-0.16950192805952063,-0.10896216383979684
3697,2026-07-31T14:26:56.671008Z,moon,39.759062,-104.62011683333333,1672.4,260.41493246503137,-6.527254106432505,394318.0718950365,-0.9796478560625568,-0.1654324233964388,-0.11367581713459264
3698,2026-07-31T14:28:26.694452Z,moon,39.759062,-104.62011683333333,1672.4,260.64764873636494,-6.799187562549286,394344.8298382257,-0.9797683163431172,-0.16136257506198676,-0.11838988833316091
3699,2026-07-31T14:29:56.717895Z,moon,39.759062,-104.62011683333333,1672.4,260.8802674807037,-7.071287954805145,394371.59124368784,-0.9798491798383423,-0.15729254470091877,-0.12310418413537998
3700,2026-07-31T14:31:26.741339Z,moon,39.759062,-104.62011683333333,1672.4,261.1127991970067,-7.343550561350775,394398.35487588076,-0.9798904507808428,-0.15322249376051714,-0.12781851146968062
3701,2026-07-31T14:32:56.764782Z,moon,39.759062,-104.62011683333333,1672.4,261.3452544032256,-7.615970660190505,394425.11949811626,-0.979892135001145,-0.14915258380121701,-0.132532677134052
3702,2026-07-31T14:34:26.788226Z,moon,39.759062,-104.62011683333333,1672.4,261.5776436582559,-7.888543552675749,394451.88387515716,-0.9798542399297255,-0.14508297612794868,-0.13724648822318575
3703,2026-07-31T14:35:56.811670Z,moon,39.759062,-104.62011683333333,1672.4,261.809977545124,-8.161264541549759,394478.64677102887,-0.9797767745941388,-0.14101383210038082,-0.14195975176884376
3704,2026-07-31T14:37:26.835113Z,moon,39.759062,-104.62011683333333,1672.4,262.0422666800355,-8.434128939322393,394505.40695015073,-0.9796597496191973,-0.1369453129907754,-0.14667227490534887
3705,2026-07-31T14:38:56.858557Z,moon,39.759062,-104.62011683333333,1672.4,262.2745217214355,-8.707132076633833,394532.163178036,-0.9795031772192644,-0.13287757984190957,-0.15138386503429976
3706,2026-07-31T14:40:26.882001Z,moon,39.759062,-104.62011683333333,1672.4,262.5067533558733,-8.98026928332296,394558.9142197376,-0.9793070712041868,-0.12881079373166315,-0.15609432951807264
3707,2026-07-31T14:41:56.905444Z,moon,39.759062,-104.62011683333333,1672.4,262.7389723070804,-9.253535896756235,394585.6588407905,-0.9790714469753972,-0.12474511563135181,-0.16080347584434443
3708,2026-07-31T14:43:26.928888Z,moon,39.759062,-104.62011683333333,1672.4,262.9711893451108,-9.526927270223538,394612.3958079944,-0.9787963215140414,-0.12068070626345383,-0.16551111179112854
3709,2026-07-31T14:44:56.952331Z,moon,39.759062,-104.62011683333333,1672.4,263.2034152696747,-9.800438750923957,394639.12388753943,-0.9784817133983199,-0.11661772641146353,-0.17021704506808102
3710,2026-07-31T14:46:26.975775Z,moon,39.759062,-104.62011683333333,1672.4,263.4356609321807,-10.074065703489975,394665.84184747573,-0.9781276427769157,-0.11255633655257337,-0.1749210837421791
3711,2026-07-31T14:47:56.999219Z,moon,39.759062,-104.62011683333333,1672.4,263.6679372191377,-10.347803488000675,394692.5484553989,-0.9777341313900849,-0.10849669716695078,-0.17962303587997555
3712,2026-07-31T14:49:27.022662Z,moon,39.759062,-104.62011683333333,1672.4,263.90025506134936,-10.62164746828835,394719.24247969245,-0.977301202558989,-0.10443896859596878,-0.18432270971143017
3713,2026-07-31T14:50:57.046106Z,moon,39.759062,-104.62011683333333,1672.4,264.1326254431323,-10.895593020345814,394745.9226904058,-0.9768288811668157,-0.10038331090085867,-0.1890199137947338
3714,2026-07-31T14:52:27.069549Z,moon,39.759062,-104.62011683333333,1672.4,264.36505938574777,-11.169635510203783,394772.58785704535,-0.9763171936913144,-0.09632988417195586,-0.19371445665756062
3715,2026-07-31T14:53:57.092993Z,moon,39.759062,-104.62011683333333,1672.4,264.5975679695976,-11.443770317560361,394799.2367512329,-0.9757661681602097,-0.09227884816161915,-0.19840614722307928
3716,2026-07-31T14:55:27.116437Z,moon,39.759062,-104.62011683333333,1672.4,264.8301623176719,-11.717992813632486,394825.8681445073,-0.9751758341875404,-0.08823036259366278,-0.20309479445132372
3717,2026-07-31T14:56:57.139880Z,moon,39.759062,-104.62011683333333,1672.4,265.0628536048757,-11.99229836954526,394852.4808094256,-0.9745462229558706,-0.08418458702156888,-0.2077802075041184
3718,2026-07-31T14:58:27.163324Z,moon,39.759062,-104.62011683333333,1672.4,265.2956530673761,-12.266682364653814,394879.07352024096,-0.9738773671908163,-0.0801416806875649,-0.21246219590801638
3719,2026-07-31T14:59:57.186767Z,moon,39.759062,-104.62011683333333,1672.4,265.5285719860905,-12.541140164415179,394905.6450512298,-0.9731693012083643,-0.0761018028313581,-0.21714056919756128
3720,2026-07-31T15:01:27.210211Z,moon,39.759062,-104.62011683333333,1672.4,265.7616217090555,-12.815667143982273,394932.19417876913,-0.9724220608526986,-0.07206511232385372,-0.22181513733904892
3721,2026-07-31T15:02:57.233655Z,moon,39.759062,-104.62011683333333,1672.4,265.9948136349253,-13.090258666038679,394958.7196795474,-0.9716356835473511,-0.06803176797602697,-0.22648571037380671
3722,2026-07-31T15:04:27.257098Z,moon,39.759062,-104.62011683333333,1672.4,266.2281592224378,-13.364910089121114,394985.2203313479,-0.9708102082707595,-0.06400192839740917,-0.231152098581643
3723,2026-07-31T15:05:57.280542Z,moon,39.759062,-104.62011683333333,1672.4,266.46166999987884,-13.63961677595486,395011.6949142003,-0.9699456755238434,-0.059975751856148105,-0.23581411264359237
3724,2026-07-31T15:07:27.303985Z,moon,39.759062,-104.62011683333333,1672.4,266.69535754868076,-13.914374071272539,395038.1422080702,-0.9690421273922932,-0.05595339658573778,-0.24047156328667552
3725,2026-07-31T15:08:57.327429Z,moon,39.759062,-104.62011683333333,1672.4,266.9292335258944,-14.18917732536544,395064.5609954737,-0.9680996074667716,-0.05193502042160011,-0.24512426170514193
3726,2026-07-31T15:10:27.350873Z,moon,39.759062,-104.62011683333333,1672.4,267.1633096478071,-14.464021871890866,395090.9500593484,-0.9671181609089455,-0.0479207811076439,-0.24977201920577935
3727,2026-07-31T15:11:57.374316Z,moon,39.759062,-104.62011683333333,1672.4,267.39759769952536,-14.73890303616637,395117.3081841598,-0.966097834420209,-0.043910836155782354,-0.25441464737055264
3728,2026-07-31T15:13:27.397760Z,moon,39.759062,-104.62011683333333,1672.4,267.6321095445857,-15.013816143452635,395143.63415657607,-0.965038676202589,-0.03990534270689829,-0.259051958218037
3729,2026-07-31T15:14:57.421203Z,moon,39.759062,-104.62011683333333,1672.4,267.86685710860604,-15.288756496733548,395169.92676365294,-0.9639407360358208,-0.035904457835953904,-0.26368376385023456
3730,2026-07-31T15:16:27.444647Z,moon,39.759062,-104.62011683333333,1672.4,268.10185240196205,-15.563719400248361,395196.1847952213,-0.9628040651799746,-0.03190833819058801,-0.26830987687155716
3731,2026-07-31T15:17:57.468091Z,moon,39.759062,-104.62011683333333,1672.4,268.337107503446,-15.838700137214914,395222.40704174695,-0.9616287164564516,-0.027917140296137975,-0.27293011003552375
3732,2026-07-31T15:19:27.491534Z,moon,39.759062,-104.62011683333333,1672.4,268.5726345700237,-16.113693978136283,395248.5922953764,-0.9604147442097211,-0.023931020415602088,-0.2775442764072862
3733,2026-07-31T15:20:57.514978Z,moon,39.759062,-104.62011683333333,1672.4,268.80844584657575,-16.388696188985648,395274.73935084237,-0.9591622042617753,-0.019950134412183684,-0.282152189523009
3734,2026-07-31T15:22:27.538421Z,moon,39.759062,-104.62011683333333,1672.4,269.0445536496,-16.66370200897296,395300.84700340475,-0.957871154003782,-0.015974638052227638,-0.286753663039486
3735,2026-07-31T15:23:57.561865Z,moon,39.759062,-104.62011683333333,1672.4,269.2809703901381,-16.938706674019198,395326.9140513357,-0.956541652281364,-0.012004686645967008,-0.29134851115008337
3736,2026-07-31T15:25:27.585309Z,moon,39.759062,-104.62011683333333,1672.4,269.5177085574487,-17.21370539443832,395352.9392938778,-0.9551737594902767,-0.008040435350855787,-0.2959365482338736
3737,2026-07-31T15:26:57.608752Z,moon,39.759062,-104.62011683333333,1672.4,269.7547807289081,-17.488693363166433,395378.9215320537,-0.9537675375315552,-0.004082039032906673,-0.30051758901656156
3738,2026-07-31T15:28:27.632196Z,moon,39.759062,-104.62011683333333,1672.4,269.9921995799876,-17.76366576393647,395404.85956976615,-0.9523230497591509,-0.00012965212943513344,-0.3050914487293194
3739,2026-07-31T15:29:57.655639Z,moon,39.759062,-104.62011683333333,1672.4,270.2299778685194,-18.038617856149727,395430.7522118032,-0.950840360507026,0.003816571056927474,-0.3096579445391904
3740,2026-07-31T15:31:27.679083Z,moon,39.759062,-104.62011683333333,1672.4,270.4681284555525,-18.313544570062472,395456.59826595505,-0.9493195372630759,0.007756476682699167,-0.314216888852414
3741,2026-07-31T15:32:57.702527Z,moon,39.759062,-104.62011683333333,1672.4,270.7066642925564,-18.588441125982122,395482.3965414146,-0.9477606473375961,0.011689911114363233,-0.31876809962158864
3742,2026-07-31T15:34:27.725970Z,moon,39.759062,-104.62011683333333,1672.4,270.9455984291697,-18.863302615258856,395508.14584932494,-0.9461637600949346,0.015616721029099181,-0.3233113934078325
3743,2026-07-31T15:35:57.749414Z,moon,39.759062,-104.62011683333333,1672.4,271.1849440239549,-19.138124115048477,395533.84500395064,-0.9445289463266398,0.019536753560504896,-0.3278465873109004
3744,2026-07-31T15:37:27.772858Z,moon,39.759062,-104.62011683333333,1672.4,271.42471433073314,-19.412900668992425,395559.49282089295,-0.9428562783536699,0.023449856042936187,-0.3323734986737549
3745,2026-07-31T15:38:57.796301Z,moon,39.759062,-104.62011683333333,1672.4,271.664922708789,-19.687627295336632,395585.0881179517,-0.941145829970955,0.027355876148379442,-0.3368919452412552
3746,2026-07-31T15:40:27.819745Z,moon,39.759062,-104.62011683333333,1672.4,271.9055826331657,-19.962298994981204,395610.62971617095,-0.9393976763846259,0.03125466202152437,-0.34140174531640266
3747,2026-07-31T15:41:57.843188Z,moon,39.759062,-104.62011683333333,1672.4,272.1467076783207,-20.236910729082492,395636.116437763,-0.9376118943416518,0.03514606198228326,-0.3459027174166123
3748,2026-07-31T15:43:27.866632Z,moon,39.759062,-104.62011683333333,1672.4,272.38831154185493,-20.511457442362495,395661.547108442,-0.9357885619703163,0.039029924877722943,-0.35039468068103835
3749,2026-07-31T15:44:57.890076Z,moon,39.759062,-104.62011683333333,1672.4,272.630408028156,-20.785934040639027,395686.9205555292,-0.9339277589138131,0.04290609978487495,-0.3548774545268733
3750,2026-07-31T15:46:27.913519Z,moon,39.759062,-104.62011683333333,1672.4,272.8730110588137,-21.060335398865853,395712.23560889205,-0.9320295662682506,0.04677443614630572,-0.3593508588065592
3751,2026-07-31T15:47:57.936963Z,moon,39.759062,-104.62011683333333,1672.4,273.1161346831725,-21.33465636914889,395737.4911016634,-0.930094066513071,0.05063478390428424,-0.3638147139632281
3752,2026-07-31T15:49:27.960406Z,moon,39.759062,-104.62011683333333,1672.4,273.35979306190154,-21.60889175822607,395762.68586846563,-0.9281213436554869,0.054486993205450765,-0.36826884068919397
3753,2026-07-31T15:50:57.983850Z,moon,39.759062,-104.62011683333333,1672.4,273.6040004911188,-21.88303635070869,395787.81874776323,-0.9261114830537942,0.05833091474971469,-0.372713060329744
3754,2026-07-31T15:52:28.007294Z,moon,39.759062,-104.62011683333333,1672.4,273.8487713859872,-22.157084886561236,395812.8885796713,-0.9240645715652596,0.0621663994960031,-0.37714719454294865
3755,2026-07-31T15:53:58.030737Z,moon,39.759062,-104.62011683333333,1672.4,274.0941202913198,-22.431032069022486,395837.8942071447,-0.9219806974778371,0.06599329879585349,-0.38157106545481434
3756,2026-07-31T15:55:28.054181Z,moon,39.759062,-104.62011683333333,1672.4,274.34006189241376,-22.704872572534804,395862.8344767019,-0.9198599504340482,0.06981146452667626,-0.3859844958131233
3757,2026-07-31T15:56:58.077624Z,moon,39.759062,-104.62011683333333,1672.4,274.58661099854675,-22.978601020186524,395887.70823649585,-0.9177024215895386,0.07362074879947007,-0.3903873086498868
3758,2026-07-31T15:58:28.101068Z,moon,39.759062,-104.62011683333333,1672.4,274.8337825674759,-23.25221200679325,395912.5143386819,-0.9155082034198933,0.07742100430348905,-0.39477932768005775
3759,2026-07-31T15:59:58.124512Z,moon,39.759062,-104.62011683333333,1672.4,275.0815916889627,-23.525700076325386,395937.25163750036,-0.9132773898826768,0.0812120840152622,-0.3991603769651779
3760,2026-07-31T16:01:28.147955Z,moon,39.759062,-104.62011683333333,1672.4,275.3300535956438,-23.79905972975615,395961.9189900475,-0.9110100763424775,0.08499384133108333,-0.40353028106730715
3761,2026-07-31T16:02:58.171399Z,moon,39.759062,-104.62011683333333,1672.4,275.57918367409707,-24.07228543283714,395986.5152572399,-0.9087063594887241,0.08876613019825595,-0.4078888652002846
3762,2026-07-31T16:04:28.194842Z,moon,39.759062,-104.62011683333333,1672.4,275.82899744823317,-24.34537159349299,396011.03930196207,-0.906366337508272,0.09252880482612019,-0.41223595489633247
3763,2026-07-31T16:05:58.218286Z,moon,39.759062,-104.62011683333333,1672.4,276.07951060425086,-24.618312584765793,396035.48999123403,-0.9039901098755598,0.0962817200269342,-0.4165713764000453
3764,2026-07-31T16:07:28.241730Z,moon,39.759062,-104.62011683333333,1672.4,276.3307389740174,-24.891102722173294,396059.8661942806,-0.9015777775288026,0.10002473092778957,-0.42089495633595825
3765,2026-07-31T16:08:58.265173Z,moon,39.759062,-104.62011683333333,1672.4,276.5826985462338,-25.163736271431283,396084.1667836282,-0.8991294427886337,0.10375769310217421,-0.4252065218605144
3766,2026-07-31T16:10:28.288617Z,moon,39.759062,-104.62011683333333,1672.4,276.8354054777284,-25.436207456103343,396108.3906357231,-0.8966452092696966,0.10748046269885267,-0.4295059008113191
3767,2026-07-31T16:11:58.312060Z,moon,39.759062,-104.62011683333333,1672.4,277.0888760767247,-25.708510434926495,396132.53662916366,-0.8941251820671929,0.11119289615674938,-0.43379292137791203
3768,2026-07-31T16:13:28.335504Z,moon,39.759062,-104.62011683333333,1672.4,277.34312682826004,-25.980639324601647,396156.60364687984,-0.8915694675305644,0.114894850541346,-0.43806741249075754
3769,2026-07-31T16:14:58.358948Z,moon,39.759062,-104.62011683333333,1672.4,277.5981743774327,-26.252588177072703,396180.59057441575,-0.8889781734536519,0.1185861832605562,-0.442329203492944
3770,2026-07-31T16:16:28.382391Z,moon,39.759062,-104.62011683333333,1672.4,277.8540355407869,-26.524350987114502,396204.4963005265,-0.8863514089870947,0.12226675219396604,-0.4465781242901753
3771,2026-07-31T16:17:58.405835Z,moon,39.759062,-104.62011683333333,1672.4,278.1107273178968,-26.795921699813317,396228.31971834827,-0.8836892845438927,0.12593641582018164,-0.4508140054974662
3772,2026-07-31T16:19:28.429278Z,moon,39.759062,-104.62011683333333,1672.4,278.3682668744808,-27.067294187885253,396252.05972326396,-0.8809919119992085,0.12959503293595098,-0.45503667811541165
3773,2026-07-31T16:20:58.452722Z,moon,39.759062,-104.62011683333333,1672.4,278.62667156826507,-27.338462274199674,396275.71521525807,-0.8782594044485582,0.13324246298717876,-0.45924597391242755
3774,2026-07-31T16:22:28.476166Z,moon,39.759062,-104.62011683333333,1672.4,278.8859589320501,-27.609419709039493,396299.285097086,-0.8754918764112815,0.13687856578894023,-0.46344172510189036
3775,2026-07-31T16:23:58.499609Z,moon,39.759062,-104.62011683333333,1672.4,279.14614668537973,-27.880160177526328,396322.76827502914,-0.8726894437367274,0.14050320165329896,-0.4676237644898445
3776,2026-07-31T16:25:28.523053Z,moon,39.759062,-104.62011683333333,1672.4,279.40725274635025,-28.150677306911156,396346.1636597555,-0.8698522235040484,0.1441162315140253,-0.4717919256189733
3777,2026-07-31T16:26:58.546496Z,moon,39.759062,-104.62011683333333,1672.4,279.66929521452363,-28.420964643848563,396369.47016462596,-0.8669803342352829,0.14771751665030008,-0.4759460424501348
3778,2026-07-31T16:28:28.569940Z,moon,39.759062,-104.62011683333333,1672.4,279.93229239727515,-28.691015676687567,396392.6867076471,-0.8640738956378254,0.15130691901232216,-0.4800859497384514
3779,2026-07-31T16:29:58.593384Z,moon,39.759062,-104.62011683333333,1672.4,280.19626279264776,-28.960823812666124,396415.81220984546,-0.8611330288212635,0.15488430094611086,-0.484211482715509
3780,2026-07-31T16:31:28.616827Z,moon,39.759062,-104.62011683333333,1672.4,280.46122510121967,-29.23038238515308,396438.84559599636,-0.8581578561976485,0.15844952531863465,-0.48832247723461947
3781,2026-07-31T16:32:58.640271Z,moon,39.759062,-104.62011683333333,1672.4,280.7271982382125,-29.499684660760536,396461.785795485,-0.8551485013751832,0.16200245564103496,-0.4924187699124118
3782,2026-07-31T16:34:28.663715Z,moon,39.759062,-104.62011683333333,1672.4,280.9942013190558,-29.768723819543133,396484.6317408189,-0.852105089350626,0.1655429558356076,-0.49650019786095945
3783,2026-07-31T16:35:58.687158Z,moon,39.759062,-104.62011683333333,1672.4,281.2622536713996,-30.037492962075373,396507.3823682964,-0.8490277464063631,0.16907089035986106,-0.5005665988308211
3784,2026-07-31T16:37:28.710602Z,moon,39.759062,-104.62011683333333,1672.4,281.5313748473781,-30.3059851164788,396530.03661903756,-0.8459166000002419,0.17258612432851214,-0.504617811351615
3785,2026-07-31T16:38:58.734045Z,moon,39.759062,-104.62011683333333,1672.4,281.80158460598034,-30.574193215567686,396552.59343710763,-0.8427717790000855,0.1760885232439037,-0.5086536744218134
3786,2026-07-31T16:40:28.757489Z,moon,39.759062,-104.62011683333333,1672.4,282.07290294023267,-30.842110118716207,396575.05177153886,-0.839593413401398,0.1795779533129588,-0.512674027874358
3787,2026-07-31T16:41:58.780933Z,moon,39.759062,-104.62011683333333,1672.4,282.3453500595151,-31.10972858895799,396597.4105747485,-0.83638163456511,0.18305428117944547,-0.5166787120678297
3788,2026-07-31T16:43:28.804376Z,moon,39.759062,-104.62011683333333,1672.4,282.6189464017644,-31.377041299885747,396619.6688031562,-0.8331365751085299,0.18651737404559074,-0.520667568027399
3789,2026-07-31T16:44:58.827820Z,moon,39.759062,-104.62011683333333,1672.4,282.89371264593194,-31.644040842433395,396641.8254181806,-0.8298583687896826,0.18996709979152554,-0.5246404375822776
3790,2026-07-31T16:46:28.851263Z,moon,39.759062,-104.62011683333333,1672.4,283.16966969395855,-31.91071970196939,396663.87938432477,-0.8265471507545186,0.19340332671100094,-0.5285971630615369
3791,2026-07-31T16:47:58.874707Z,moon,39.759062,-104.62011683333333,1672.4,283.4468386984557,-32.17707027984701,396685.82967145124,-0.8232030572396519,0.1968259238223849,-0.5325375876525102
3792,2026-07-31T16:49:28.898151Z,moon,39.759062,-104.62011683333333,1672.4,283.7252410445329,-32.44308487044778,396707.67525272083,-0.8198262258229242,0.2002347606054667,-0.5364615550980435
3793,2026-07-31T16:50:58.921594Z,moon,39.759062,-104.62011683333333,1672.4,284.0048983621907,-32.708755667842865,396729.4151057276,-0.8164167953085423,0.20362970712125705,-0.5403689098346064
3794,2026-07-31T16:52:28.945038Z,moon,39.759062,-104.62011683333333,1672.4,284.28583253893066,-32.97407477233707,396751.0482131119,-0.8129749056057916,0.20701063412882445,-0.5442594971269095
3795,2026-07-31T16:53:58.968481Z,moon,39.759062,-104.62011683333333,1672.4,284.5680657011907,-33.23903416749486,396772.57356089825,-0.8095006979889057,0.21037741282614628,-0.5481331627698253
3796,2026-07-31T16:55:28.991925Z,moon,39.759062,-104.62011683333333,1672.4,284.8516202424851,-33.50362574134423,396793.99014050246,-0.8059943147851828,0.2137299151547087,-0.5519897534392505
3797,2026-07-31T16:56:59.015369Z,moon,39.759062,-104.62011683333333,1672.4,285.13651880468746,-33.76784126337688,396815.2969470366,-0.8024558996377628,0.21706801354203833,-0.5558291163959138
3798,2026-07-31T16:58:29.038812Z,moon,39.759062,-104.62011683333333,1672.4,285.42278429047207,-34.03167239093834,396836.4929801561,-0.7988855973854406,0.22039158101856807,-0.5596510996203291
3799,2026-07-31T16:59:59.062256Z,moon,39.759062,-104.62011683333333,1672.4,285.71043987602974,-34.29511067551212,396857.57724462415,-0.7952835539357995,0.2237004913321546,-0.5634555519444252
3800,2026-07-31T17:01:29.085699Z,moon,39.759062,-104.62011683333333,1672.4,285.99950899182494,-34.55814753968416,396878.5487489979,-0.7916499165374428,0.2269946186943367,-0.5672423227599229
3801,2026-07-31T17:02:59.109143Z,moon,39.759062,-104.62011683333333,1672.4,286.2900153511631,-34.82077429799553,396899.406507153,-0.7879848334534757,0.23027383807850754,-0.5710112623616906
3802,2026-07-31T17:04:29.132587Z,moon,39.759062,-104.62011683333333,1672.4,286.58198293071064,-35.08298213384947,396920.1495371228,-0.7842884542369589,0.23353802496763332,-0.5747622216576335
3803,2026-07-31T17:05:59.156030Z,moon,39.759062,-104.62011683333333,1672.4,286.8754359829588,-35.344762105650624,396940.7768614405,-0.7805609296048978,0.2367870554690014,-0.5784950523009321
3804,2026-07-31T17:07:29.179474Z,moon,39.759062,-104.62011683333333,1672.4,287.1703990488982,-35.606105152801916,396961.2875080785,-0.7768024113061606,0.2400208064257379,-0.5822096068184318
3805,2026-07-31T17:08:59.202917Z,moon,39.759062,-104.62011683333333,1672.4,287.466896937938,-35.86700207262203,396981.68050888594,-0.7730130524056493,0.24323915516890096,-0.585905738325902
3806,2026-07-31T17:10:29.226361Z,moon,39.759062,-104.62011683333333,1672.4,287.76495475679195,-36.127443540772575,397001.9549013525,-0.7691930069439881,0.24644197980877341,-0.5895833008629046
3807,2026-07-31T17:11:59.249805Z,moon,39.759062,-104.62011683333333,1672.4,288.0645978890958,-36.387420088155174,397022.10972708894,-0.7653424302244436,0.24962915898850932,-0.5932421491101524
3808,2026-07-31T17:13:29.273248Z,moon,39.759062,-104.62011683333333,1672.4,288.36585200769633,-36.64692210671824,397042.14403259964,-0.7614614786820842,0.25280057199600053,-0.5968821385179729
3809,2026-07-31T17:14:59.296692Z,moon,39.759062,-104.62011683333333,1672.4,288.6687430871639,-36.90593985516634,397062.05686986825,-0.757550309746402,0.2559560988725431,-0.6005031254315661
3810,2026-07-31T17:16:29.320135Z,moon,39.759062,-104.62011683333333,1672.4,288.9732973826926,-37.16446343586528,397081.8472950192,-0.7536090821366938,0.25909562017144305,-0.6041049668137692
3811,2026-07-31T17:17:59.343579Z,moon,39.759062,-104.62011683333333,1672.4,289.27954145912776,-37.42248281480357,397101.5143699027,-0.749637955508683,0.26221901724151603,-0.6076875205709391
3812,2026-07-31T17:19:29.367023Z,moon,39.759062,-104.62011683333333,1672.4,289.58750216943616,-37.67998779844374,397121.0571607659,-0.7456370907530795,0.2653261719869958,-0.611250645277378
3813,2026-07-31T17:20:59.390466Z,moon,39.759062,-104.62011683333333,1672.4,289.8972066666718,-37.93696803926761,397140.4747388232,-0.7416066498591116,0.26841696697657874,-0.6147942003010757
3814,2026-07-31T17:22:29.413910Z,moon,39.759062,-104.62011683333333,1672.4,290.2086824161792,-38.19341304115694,397159.7661810812,-0.7375467957720622,0.27149128554980306,-0.6183180459252983
3815,2026-07-31T17:23:59.437353Z,moon,39.759062,-104.62011683333333,1672.4,290.52195717306626,-38.44931213624982,397178.930568707,-0.7334576927006964,0.27454901158077843,-0.6218220430783943
3816,2026-07-31T17:25:29.460797Z,moon,39.759062,-104.62011683333333,1672.4,290.8370590113237,-38.70465450447963,397197.96698882943,-0.729339505749954,0.2775900297551219,-0.6253060536513007
3817,2026-07-31T17:26:59.484241Z,moon,39.759062,-104.62011683333333,1672.4,291.1540163008046,-38.95942915038307,397216.8745331457,-0.725192401231231,0.28061422533579794,-0.6287699402290724
3818,2026-07-31T17:28:29.507684Z,moon,39.759062,-104.62011683333333,1672.4,291.4728577186517,-39.2136249083746,397235.65229859005,-0.7210165465203197,0.28362148426952144,-0.6322135662137165
3819,2026-07-31T17:29:59.531128Z,moon,39.759062,-104.62011683333333,1672.4,291.79361226083654,-39.46723044775238,397254.29938778206,-0.7168121099109396,0.28661169328955566,-0.6356367959414565
3820,2026-07-31T17:31:29.554572Z,moon,39.759062,-104.62011683333333,1672.4,292.1163092216268,-39.72023425242077,397272.81490817986,-0.7125792608851195,0.28958473971957527,-0.6390394944586467
3821,2026-07-31T17:32:59.578015Z,moon,39.759062,-104.62011683333333,1672.4,292.4409782044666,-39.97262462588662,397291.1979723832,-0.7083181699694482,0.2925405115778636,-0.6424215276412316
3822,2026-07-31T17:34:29.601459Z,moon,39.759062,-104.62011683333333,1672.4,292.7676491330956,-40.224389696180694,397309.4476989916,-0.7040290085842228,0.29547889767897334,-0.6457827623112397
3823,2026-07-31T17:35:59.624902Z,moon,39.759062,-104.62011683333333,1672.4,293.0963522261289,-40.4755173927004,397327.5632111775,-0.6997119493688986,0.29839978740785794,-0.6491230659784947
3824,2026-07-31T17:37:29.648346Z,moon,39.759062,-104.62011683333333,1672.4,293.42711802569625,-40.72599546502265,397345.5436382012,-0.6953671657939076,0.3013030709844372,-0.6524423071437777
3825,2026-07-31T17:38:59.671790Z,moon,39.759062,-104.62011683333333,1672.4,293.7599773712802,-40.97581145974266,397363.38811425905,-0.6909948324885338,0.304188639239887,-0.6557403550427021
3826,2026-07-31T17:40:29.695233Z,moon,39.759062,-104.62011683333333,1672.4,294.0949614095383,-41.224952725235326,397381.09577891586,-0.6865951250914963,0.30705638371805016,-0.6590170797624187
3827,2026-07-31T17:41:59.718677Z,moon,39.759062,-104.62011683333333,1672.4,294.4321016042491,-41.473406416216335,397398.6657778428,-0.6821682200961263,0.3099061967739233,-0.6622723523536259
3828,2026-07-31T17:43:29.742120Z,moon,39.759062,-104.62011683333333,1672.4,294.7714297085191,-41.7211594707195,397416.09726148786,-0.6777142951856499,0.3127379713545078,-0.665506044581178
3829,2026-07-31T17:44:59.765564Z,moon,39.759062,-104.62011683333333,1672.4,295.1129777926379,-41.96819862837802,397433.38938654226,-0.6732335288334483,0.31555160125526494,-0.6687180292168745
3830,2026-07-31T17:46:29.789008Z,moon,39.759062,-104.62011683333333,1672.4,295.45677821536935,-42.214510407408,397450.54131471284,-0.6687261006406029,0.31834698090357755,-0.6719081797921436
3831,2026-07-31T17:47:59.812451Z,moon,39.759062,-104.62011683333333,1672.4,295.802863632161,-42.46008110903042,397467.5522133593,-0.6641921911829175,0.3211240054565205,-0.6750763707101556
3832,2026-07-31T17:49:29.835895Z,moon,39.759062,-104.62011683333333,1672.4,296.1512670035417,-42.704896821849196,397484.4212559787,-0.6596319818502487,0.3238825708964501,-0.6782224773551958
3833,2026-07-31T17:50:59.859338Z,moon,39.759062,-104.62011683333333,1672.4,296.5020215643253,-42.948943398882605,397501.1476210707,-0.655045655193184,0.32662257381874604,-0.6813463758504553
3834,2026-07-31T17:52:29.882782Z,moon,39.759062,-104.62011683333333,1672.4,296.8551608502948,-43.19220647544654,397517.7304934966,-0.6504333945105422,0.3293439116802563,-0.6844479433416694
3835,2026-07-31T17:53:59.906226Z,moon,39.759062,-104.62011683333333,1672.4,297.2107186662102,-43.43467144627042,397534.16906332766,-0.6457953841978863,0.33204648258909947,-0.6875270577576648
3836,2026-07-31T17:55:29.929669Z,moon,39.759062,-104.62011683333333,1672.4,297.5687290920139,-43.67632346974164,397550.46252633794,-0.6411318095890678,0.33473018539999444,-0.6905835979192763
3837,2026-07-31T17:56:59.953113Z,moon,39.759062,-104.62011683333333,1672.4,297.9292264889929,-43.91714747200762,397566.6100848061,-0.636442856792049,0.33739491980614217,-0.6936174436441044
3838,2026-07-31T17:58:29.976556Z,moon,39.759062,-104.62011683333333,1672.4,298.29224546537233,-44.15712812428499,397582.61094588,-0.6317287130448557,0.3400405861343141,-0.6966284755133991
3839,2026-07-31T18:00:00Z,moon,39.759062,-104.62011683333333,1672.4,298.6578209011663,-44.39624986030435,397598.4643233505,-0.6269895662921521,0.3426670855843677,-0.6996165751451967
