index,utc_iso,celestial_body,observer_latitude_deg,observer_longitude_deg,observer_elevation_m,azimuth_deg,elevation_deg,range_km,unit_east,unit_north,unit_up
0,2026-07-27T18:00:00Z,sun,39.759062,-104.62011683333333,1672.4,141.18973630282989,65.02889395429105,151902533.3130256,0.2645867254214494,-0.32895882921489134,0.9065207959072547
1,2026-07-27T18:01:30.023444Z,sun,39.759062,-104.62011683333333,1672.4,141.91688269266362,65.20799261536084,151902508.32385585,0.2586416001470271,-0.330058104127698,0.9078359821977839
2,2026-07-27T18:03:00.046887Z,sun,39.759062,-104.62011683333333,1672.4,142.65294543565042,65.38419184898426,151902483.52546796,0.2526853713676773,-0.3311324644463361,0.9091212207876763
3,2026-07-27T18:04:30.070331Z,sun,39.759062,-104.62011683333333,1672.4,143.39796899348977,65.55742695702524,151902458.9182144,0.2467182942231533,-0.3321818641963357,0.9103764564149628
4,2026-07-27T18:06:00.093774Z,sun,39.759062,-104.62011683333333,1672.4,144.15199010469448,65.72763250652429,151902434.50244096,0.24074062458395637,-0.3332062584258961,0.9116016350472071
5,2026-07-27T18:07:30.117218Z,sun,39.759062,-104.62011683333333,1672.4,144.91503732643838,65.89474240014638,151902410.27848402,0.23475261851018978,-0.3342056033010601,0.9127967039953551
6,2026-07-27T18:09:00.140662Z,sun,39.759062,-104.62011683333333,1672.4,145.68713044328862,66.05868992337919,151902386.2466723,0.22875453270498558,-0.3351798560272651,0.9139616118199196
7,2026-07-27T18:10:30.164105Z,sun,39.759062,-104.62011683333333,1672.4,146.4682799526195,66.21940781650211,151902362.40732664,0.22274662430484707,-0.33612897488656784,0.9150963083755176
8,2026-07-27T18:12:00.187549Z,sun,39.759062,-104.62011683333333,1672.4,147.25848654793856,66.37682835170102,151902338.76075855,0.21672915066798118,-0.33705291926979847,0.9162007448493165
9,2026-07-27T18:13:30.210992Z,sun,39.759062,-104.62011683333333,1672.4,148.05774051361885,66.53088339849128,151902315.3072723,0.210702369830545,-0.3379516496052276,0.9172748736757689
10,2026-07-27T18:15:00.234436Z,sun,39.759062,-104.62011683333333,1672.4,148.86602125268828,66.68150452153002,151902292.0471631,0.20466653996100848,-0.33882512744234755,0.9183186486367713
11,2026-07-27T18:16:30.257880Z,sun,39.759062,-104.62011683333333,1672.4,149.68329668773202,66.82862305845242,151902268.98071826,0.198621919817321,-0.33967331538296075,0.9193320247793119
12,2026-07-27T18:18:00.281323Z,sun,39.759062,-104.62011683333333,1672.4,150.50952275863867,66.97217022119209,151902246.10821694,0.1925687685354732,-0.34049617711399477,0.9203149584547056
13,2026-07-27T18:19:30.304767Z,sun,39.759062,-104.62011683333333,1672.4,151.34464293478788,67.11207720270295,151902223.42992935,0.18650734541628727,-0.3412936774352088,0.921267407351699
14,2026-07-27T18:21:00.328210Z,sun,39.759062,-104.62011683333333,1672.4,152.18858765154883,67.24827527406808,151902200.94611803,0.1804379103850744,-0.34206578219744976,0.9221893304227254
15,2026-07-27T18:22:30.351654Z,sun,39.759062,-104.62011683333333,1672.4,153.04127390655222,67.38069591104744,151902178.65703627,0.17436072344200673,-0.34281245837496643,0.9230806879702835
16,2026-07-27T18:24:00.375098Z,sun,39.759062,-104.62011683333333,1672.4,153.90260474208455,67.50927090331713,151902156.56293008,0.16827604512255193,-0.3435336740061058,0.9239414415761312
17,2026-07-27T18:25:30.398541Z,sun,39.759062,-104.62011683333333,1672.4,154.77246885092902,67.6339324847334,151902134.66403654,0.1621841362845211,-0.3442293982216748,0.9247715541351753
18,2026-07-27T18:27:00.421985Z,sun,39.759062,-104.62011683333333,1672.4,155.65074021925645,67.75461346817896,151902112.960584,0.15608525789336808,-0.34489960126819935,0.9255709898832168
19,2026-07-27T18:28:30.445428Z,sun,39.759062,-104.62011683333333,1672.4,156.53727771243663,67.8712473718851,151902091.45279336,0.14997967148510646,-0.34554425445578535,0.9263397143347656
20,2026-07-27T18:30:00.468872Z,sun,39.759062,-104.62011683333333,1672.4,157.4319248521131,67.98376857071261,151902070.14087585,0.1438676386128916,-0.3461633302189388,0.9270776943555941
21,2026-07-27T18:31:30.492316Z,sun,39.759062,-104.62011683333333,1672.4,158.33450949676075,68.09211243172356,151902049.02503526,0.1377494213105624,-0.3467568020668939,0.9277848981035131
22,2026-07-27T18:33:00.515759Z,sun,39.759062,-104.62011683333333,1672.4,159.2448436753716,68.19621546672911,151902028.105467,0.13162528187810593,-0.34732464460753043,0.928461295056914
23,2026-07-27T18:34:30.539203Z,sun,39.759062,-104.62011683333333,1672.4,160.16272348271409,68.29601548711787,151902007.38235706,0.12549548266608523,-0.34786683356610226,0.9291068560370761
24,2026-07-27T18:36:00.562647Z,sun,39.759062,-104.62011683333333,1672.4,161.08792894777918,68.39145175096874,151901986.85588396,0.11936028647262237,-0.34838334574843033,0.9297215531643349
25,2026-07-27T18:37:30.586090Z,sun,39.759062,-104.62011683333333,1672.4,162.02022406179063,68.48246512258078,151901966.52621773,0.1132199563281697,-0.3488741590621205,0.9303053598833803
26,2026-07-27T18:39:00.609534Z,sun,39.759062,-104.62011683333333,1672.4,162.9593568804377,68.5689982321578,151901946.39351904,0.10707475527951384,-0.3493392525325726,0.9308582509822941
27,2026-07-27T18:40:30.632977Z,sun,39.759062,-104.62011683333333,1672.4,163.90505959832237,68.65099562595411,151901926.4579412,0.10092494685593939,-0.3497786062664447,0.9313802025491144
28,2026-07-27T18:42:00.656421Z,sun,39.759062,-104.62011683333333,1672.4,164.8570488587395,68.72840393042289,151901906.71962816,0.09477079451189925,-0.3501922014938365,0.9318711920219894
29,2026-07-27T18:43:30.679865Z,sun,39.759062,-104.62011683333333,1672.4,165.8150259882475,68.80117200064298,151901887.17871594,0.08861256209386535,-0.35058002053421244,0.9323311981487008
30,2026-07-27T18:45:00.703308Z,sun,39.759062,-104.62011683333333,1672.4,166.77867741912718,68.86925107574767,151901867.8353322,0.08245051362411793,-0.3509420468131051,0.9327602010065328
31,2026-07-27T18:46:30.726752Z,sun,39.759062,-104.62011683333333,1672.4,167.74767519721877,68.93259492999435,151901848.6895953,0.07628491308404856,-0.3512782648735959,0.9331581820158654
32,2026-07-27T18:48:00.750195Z,sun,39.759062,-104.62011683333333,1672.4,168.7216774667124,68.99116001223452,151901829.74161616,0.07011602488196686,-0.3515886603495529,0.9335251239084882
33,2026-07-27T18:49:30.773639Z,sun,39.759062,-104.62011683333333,1672.4,169.70032919983072,69.04490559078356,151901810.99149618,0.06394411329380605,-0.35187321999612997,0.9338610107637132
34,2026-07-27T18:51:00.797083Z,sun,39.759062,-104.62011683333333,1672.4,170.68326284694962,69.09379388160686,151901792.43932903,0.0577694429316721,-0.3521319316654736,0.9341658279796508
35,2026-07-27T18:52:30.820526Z,sun,39.759062,-104.62011683333333,1672.4,171.67009917440848,69.13779017606178,151901774.08519974,0.0515922785267312,-0.35236478431889817,0.9344395622876401
36,2026-07-27T18:54:00.843970Z,sun,39.759062,-104.62011683333333,1672.4,172.6604481795183,69.17686295939811,151901755.9291843,0.04541288471197662,-0.35257176803382395,0.9346822017603845
37,2026-07-27T18:55:30.867413Z,sun,39.759062,-104.62011683333333,1672.4,173.65390996782364,69.21098401558893,151901737.971351,0.03923152649133867,-0.3527528739868168,0.9348937357920419
38,2026-07-27T18:57:00.890857Z,sun,39.759062,-104.62011683333333,1672.4,174.65007586227605,69.24012852891079,151901720.2117587,0.03304846867918447,-0.3529080944723634,0.9350741551202484
39,2026-07-27T18:58:30.914301Z,sun,39.759062,-104.62011683333333,1672.4,175.64852940841612,69.264275168474,151901702.65045854,0.02686397636946166,-0.3530374228884077,0.9352234518092094
40,2026-07-27T19:00:00.937744Z,sun,39.759062,-104.62011683333333,1672.4,176.64884754412506,69.28340616543389,151901685.28749293,0.0206783147184725,-0.3531408537439653,0.9353416192586467
41,2026-07-27T19:01:30.961188Z,sun,39.759062,-104.62011683333333,1672.4,177.6506018168628,69.2975073770838,151901668.12289527,0.014491748727356434,-0.3532183826615122,0.9354286522064676
42,2026-07-27T19:03:00.984631Z,sun,39.759062,-104.62011683333333,1672.4,178.65335952866633,69.30656833656334,151901651.15669116,0.008304543711600219,-0.3532700063698572,0.935484546720673
43,2026-07-27T19:04:31.008075Z,sun,39.759062,-104.62011683333333,1672.4,179.65668507837665,69.31058229208783,151901634.38889703,0.0021169647400544273,-0.35329572271117154,0.9355093002072616
44,2026-07-27T19:06:01.031519Z,sun,39.759062,-104.62011683333333,1672.4,180.6601411584641,69.3095462306809,151901617.81952116,-0.004070722895484946,-0.35329553063635255,0.9355029114051363
45,2026-07-27T19:07:31.054962Z,sun,39.759062,-104.62011683333333,1672.4,181.66329007542205,69.30346088969597,151901601.44856355,-0.010258253897769474,-0.35326943020808915,0.9354653803895796
46,2026-07-27T19:09:01.078406Z,sun,39.759062,-104.62011683333333,1672.4,182.66569507301773,69.29233075362565,151901585.27601483,-0.016445363181622322,-0.35321742259869354,0.9353967085694499
47,2026-07-27T19:10:31.101849Z,sun,39.759062,-104.62011683333333,1672.4,183.66692153753132,69.27616403829902,151901569.30185807,-0.02263178540432232,-0.3531395100928073,0.9352968986909048
48,2026-07-27T19:12:01.125293Z,sun,39.759062,-104.62011683333333,1672.4,184.66653835399765,69.25497265993839,151901553.52606693,-0.0288172555266325,-0.35303569608268365,0.9351659548311881
49,2026-07-27T19:13:31.148737Z,sun,39.759062,-104.62011683333333,1672.4,185.66411907041729,69.2287721930364,151901537.94860715,-0.03500150834324503,-0.35290598507338233,0.9350038824053531
50,2026-07-27T19:15:01.172180Z,sun,39.759062,-104.62011683333333,1672.4,186.65924313934207,69.19758181390816,151901522.56943595,-0.04118427870029396,-0.3527503826812822,0.9348106881642644
51,2026-07-27T19:16:31.195624Z,sun,39.759062,-104.62011683333333,1672.4,187.65149711677626,69.161424230793,151901507.38850158,-0.04736530171272435,-0.3525688956273588,0.9345863801863192
52,2026-07-27T19:18:01.219067Z,sun,39.759062,-104.62011683333333,1672.4,188.6404757006305,69.12032560592816,151901492.40574434,-0.05354431229494957,-0.3523615317497201,0.9343309678929902
53,2026-07-27T19:19:31.242511Z,sun,39.759062,-104.62011683333333,1672.4,189.62578287739817,69.07431546062575,151901477.62109536,-0.05972104572142432,-0.3521282999871479,0.934044462028495
54,2026-07-27T19:21:01.265955Z,sun,39.759062,-104.62011683333333,1672.4,190.60703284008392,69.0234265761349,151901463.03447768,-0.06589523715758068,-0.35186921039411956,0.9337268746783317
55,2026-07-27T19:22:31.289398Z,sun,39.759062,-104.62011683333333,1672.4,191.58385094702757,68.96769488064457,151901448.64580607,-0.07206662187716574,-0.35158427413476256,0.9333782192618091
56,2026-07-27T19:24:01.312842Z,sun,39.759062,-104.62011683333333,1672.4,192.5558746059325,68.9071593265018,151901434.45498604,-0.07823493547907463,-0.35127350347159636,0.9329985105183048
57,2026-07-27T19:25:31.336285Z,sun,39.759062,-104.62011683333333,1672.4,193.5227539718899,68.8418617660997,151901420.46191534,-0.08439991341902792,-0.35093691178787556,0.9325877645346037
58,2026-07-27T19:27:01.359729Z,sun,39.759062,-104.62011683333333,1672.4,194.4841527267078,68.77184681097607,151901406.66648272,-0.09056129156890311,-0.3505745135594092,0.9321459987104787
59,2026-07-27T19:28:31.383173Z,sun,39.759062,-104.62011683333333,1672.4,195.4397486136861,68.69716169525432,151901393.06856865,-0.09671880574872718,-0.3501863243793946,0.931673231789016
60,2026-07-27T19:30:01.406616Z,sun,39.759062,-104.62011683333333,1672.4,196.3892339960974,68.61785612720404,151901379.66804534,-0.1028721919435912,-0.34977236094782477,0.93116948384368
61,2026-07-27T19:31:31.430060Z,sun,39.759062,-104.62011683333333,1672.4,197.3323163300747,68.53398213585578,151901366.46477586,-0.10902118651976804,-0.34933264105569634,0.9306347762591263
62,2026-07-27T19:33:01.453504Z,sun,39.759062,-104.62011683333333,1672.4,198.268718458946,68.44559392273547,151901353.45861542,-0.11516552582601886,-0.34886718361183217,0.9300691317638516
63,2026-07-27T19:34:31.476947Z,sun,39.759062,-104.62011683333333,1672.4,199.19817892011687,68.35274770380694,151901340.64941067,-0.121304946410129,-0.34837600862956924,0.9294725744139878
64,2026-07-27T19:36:01.500391Z,sun,39.759062,-104.62011683333333,1672.4,200.1204521698951,68.25550154934356,151901328.03699937,-0.12743918523450073,-0.3478591372082533,0.9288451295708537
65,2026-07-27T19:37:31.523834Z,sun,39.759062,-104.62011683333333,1672.4,201.0353086275098,68.15391523417256,151901315.62121156,-0.13356797921029934,-0.34731659157123557,0.9281868239471064
66,2026-07-27T19:39:01.547278Z,sun,39.759062,-104.62011683333333,1672.4,201.94253479819488,68.0480500724925,151901303.40186778,-0.13969106575387882,-0.3467483950189872,0.9274976855498357
67,2026-07-27T19:40:31.570722Z,sun,39.759062,-104.62011683333333,1672.4,202.84193317165696,67.93796877045376,151901291.37878117,-0.14580818232106585,-0.3461545719696028,0.9267777437297293
68,2026-07-27T19:42:01.594165Z,sun,39.759062,-104.62011683333333,1672.4,203.73332215564886,67.82373526984853,151901279.551756,-0.15191906662326468,-0.34553514794092705,0.9260270291593857
69,2026-07-27T19:43:31.617609Z,sun,39.759062,-104.62011683333333,1672.4,204.6165359451319,67.70541459370914,151901267.92058778,-0.15802345684196656,-0.34489014952754915,0.9252455738054519
70,2026-07-27T19:45:01.641052Z,sun,39.759062,-104.62011683333333,1672.4,205.49142423491193,67.5830727082782,151901256.4850644,-0.16412109116482493,-0.344219604448556,0.9244334109865063
71,2026-07-27T19:46:31.664496Z,sun,39.759062,-104.62011683333333,1672.4,206.35785202664064,67.45677636936695,151901245.24496445,-0.17021170833956206,-0.343523541489008,0.9235905753021615
72,2026-07-27T19:48:01.687940Z,sun,39.759062,-104.62011683333333,1672.4,207.2156992407324,67.32659299302067,151901234.20005867,-0.17629504721066758,-0.3428019905501563,0.9227171026939075
73,2026-07-27T19:49:31.711383Z,sun,39.759062,-104.62011683333333,1672.4,208.06486038290626,67.19259051769887,151901223.35010958,-0.1823708469342995,-0.34205498262707873,0.9218130304180209
74,2026-07-27T19:51:01.734827Z,sun,39.759062,-104.62011683333333,1672.4,208.90524417073067,67.05483727084416,151901212.6948706,-0.18843884719153134,-0.34128254978118705,0.920878397012319
75,2026-07-27T19:52:31.758270Z,sun,39.759062,-104.62011683333333,1672.4,209.7367730331936,66.91340185609165,151901202.23408747,-0.19449878772721138,-0.3404847251976613,0.9199132423656691
76,2026-07-27T19:54:01.781714Z,sun,39.759062,-104.62011683333333,1672.4,210.5593827222832,66.76835302340412,151901191.96749714,-0.20055040890050352,-0.339661543115366,0.918917607633203
77,2026-07-27T19:55:31.805158Z,sun,39.759062,-104.62011683333333,1672.4,211.37302176112584,66.61975956822003,151901181.89482844,-0.20659345122442072,-0.3388130388867389,0.9178915353087836
78,2026-07-27T19:57:01.828601Z,sun,39.759062,-104.62011683333333,1672.4,212.17765096589494,66.46769022116182,151901172.0158019,-0.2126276555794759,-0.33793924895093763,0.9168350691925194
79,2026-07-27T19:58:31.852045Z,sun,39.759062,-104.62011683333333,1672.4,212.97324295081987,66.31221354311707,151901162.33012953,-0.21865276342538323,-0.33704021080190394,0.9157482543521727
80,2026-07-27T20:00:01.875488Z,sun,39.759062,-104.62011683333333,1672.4,213.7597815334514,66.15339784359216,151901152.83751518,-0.22466851634313104,-0.3361159630554117,0.9146311372042335
81,2026-07-27T20:01:31.898932Z,sun,39.759062,-104.62011683333333,1672.4,214.53726126566238,65.99131107942604,151901143.53765422,-0.230674656581631,-0.3351665453675017,0.9134837654153253
82,2026-07-27T20:03:01.922376Z,sun,39.759062,-104.62011683333333,1672.4,215.30568682866243,65.82602078563303,151901134.43023401,-0.2366709266005591,-0.33419199850397724,0.9123061879862212
83,2026-07-27T20:04:31.945819Z,sun,39.759062,-104.62011683333333,1672.4,216.06507251549712,65.65759399481742,151901125.51493347,-0.24265706928249878,-0.33319236430909355,0.9110984552140042
84,2026-07-27T20:06:01.969263Z,sun,39.759062,-104.62011683333333,1672.4,216.81544171400392,65.48609716180786,151901116.79142314,-0.248632828142964,-0.33216768566919647,0.9098606186481538
85,2026-07-27T20:07:31.992706Z,sun,39.759062,-104.62011683333333,1672.4,217.5568263110174,65.3115961129694,151901108.2593657,-0.25459794687611687,-0.3311180065893288,0.9085927311831056
86,2026-07-27T20:09:02.016150Z,sun,39.759062,-104.62011683333333,1672.4,218.28926622934316,65.13415597265295,151901099.91841516,-0.26055216989680796,-0.33004337210028584,0.9072948469459844
87,2026-07-27T20:10:32.039594Z,sun,39.759062,-104.62011683333333,1672.4,219.0128088495089,64.95384112374578,151901091.76821756,-0.2664952418875,-0.32894382833759567,0.9059670213920202
88,2026-07-27T20:12:02.063037Z,sun,39.759062,-104.62011683333333,1672.4,219.7275085257178,64.77071515425592,151901083.80841085,-0.2724269080084896,-0.32781942250582186,0.9046093112614325
89,2026-07-27T20:13:32.086481Z,sun,39.759062,-104.62011683333333,1672.4,220.4334261127709,64.5848408083006,151901076.03862435,-0.2783469141059068,-0.32667020283783516,0.9032217745302682
90,2026-07-27T20:15:02.109924Z,sun,39.759062,-104.62011683333333,1672.4,221.13062842838224,64.39627996241461,151901068.4584798,-0.2842550062618251,-0.3254962186808431,0.901804470514292
91,2026-07-27T20:16:32.133368Z,sun,39.759062,-104.62011683333333,1672.4,221.81918784871732,64.2050935755758,151901061.0675902,-0.2901509313310799,-0.32429752039218307,0.900357459743178
92,2026-07-27T20:18:02.156812Z,sun,39.759062,-104.62011683333333,1672.4,222.49918180286232,64.01134167463577,151901053.8655609,-0.29603443649252537,-0.32307415942773593,0.8988808040672661
93,2026-07-27T20:19:32.180255Z,sun,39.759062,-104.62011683333333,1672.4,223.17069236218887,63.81508332309477,151901046.8519889,-0.30190526945731905,-0.32182618830184534,0.8973745666091772
94,2026-07-27T20:21:02.203699Z,sun,39.759062,-104.62011683333333,1672.4,223.83380584534095,63.61637659321381,151901040.0264631,-0.30776317867471525,-0.3205536605422596,0.8958388117094465
95,2026-07-27T20:22:32.227142Z,sun,39.759062,-104.62011683333333,1672.4,224.4886123670127,63.41527856373911,151901033.38856435,-0.3136079128868338,-0.3192566307855307,0.8942736050416759
96,2026-07-27T20:24:02.250586Z,sun,39.759062,-104.62011683333333,1672.4,225.13520551553944,63.21184528804593,151901026.93786538,-0.3194392216598392,-0.3179351546616265,0.8926790134732886
97,2026-07-27T20:25:32.274030Z,sun,39.759062,-104.62011683333333,1672.4,225.77368193846175,63.00613179866985,151901020.67393103,-0.32525685493998124,-0.31658928889169113,0.8910551051835152
98,2026-07-27T20:27:02.297473Z,sun,39.759062,-104.62011683333333,1672.4,226.4041410194364,62.79819209264186,151901014.59631798,-0.33106056325968697,-0.3152190912436302,0.8894019496098031
99,2026-07-27T20:28:32.320917Z,sun,39.759062,-104.62011683333333,1672.4,227.02668457140985,62.58807911910484,151901008.70457485,-0.3368500979410326,-0.3138246204827437,0.8877196173882712
100,2026-07-27T20:30:02.344361Z,sun,39.759062,-104.62011683333333,1672.4,227.64141648480444,62.37584479037654,151901002.99824235,-0.3426252107195007,-0.3124059364605545,0.8860081804608927
101,2026-07-27T20:31:32.367804Z,sun,39.759062,-104.62011683333333,1672.4,228.2484424565012,62.16153997466155,151900997.47685328,-0.34838565394887583,-0.3109631000677631,0.8842677120187418
102,2026-07-27T20:33:02.391248Z,sun,39.759062,-104.62011683333333,1672.4,228.84786973422962,61.94521449049699,151900992.13993233,-0.3541311808030301,-0.3094961731823661,0.8824982864394256
103,2026-07-27T20:34:32.414691Z,sun,39.759062,-104.62011683333333,1672.4,229.43980681070926,61.726917127131586,151900986.98699653,-0.3598615448390377,-0.3080052187798571,0.8806999794200256
104,2026-07-27T20:36:02.438135Z,sun,39.759062,-104.62011683333333,1672.4,230.02436323414867,61.5066956307639,151900982.01755458,-0.3655765005182402,-0.3064903008001903,0.8788728678166404
105,2026-07-27T20:37:32.461579Z,sun,39.759062,-104.62011683333333,1672.4,230.60164933484756,61.28459672854712,151900977.23110768,-0.371275802770884,-0.3049514842602794,0.8770170297800882
106,2026-07-27T20:39:02.485022Z,sun,39.759062,-104.62011683333333,1672.4,231.17177603316938,61.06066612997636,151900972.627149,-0.37695920719832565,-0.30338883520273424,0.8751325446940812
107,2026-07-27T20:40:32.508466Z,sun,39.759062,-104.62011683333333,1672.4,231.7348546605616,60.83494852923094,151900968.2051638,-0.3826264702720657,-0.30180242063977525,0.8732194931076105
108,2026-07-27T20:42:02.531909Z,sun,39.759062,-104.62011683333333,1672.4,232.29099673174693,60.60748763371881,151900963.96462965,-0.388277348902836,-0.30019230867250174,0.8712779568787786
109,2026-07-27T20:43:32.555353Z,sun,39.759062,-104.62011683333333,1672.4,232.8403138244125,60.378326156174026,151900959.90501624,-0.3939116009545028,-0.29855856834703187,0.8693080190013384
110,2026-07-27T20:45:02.578797Z,sun,39.759062,-104.62011683333333,1672.4,233.38291737819077,60.14750584537801,151900956.0257855,-0.3995289848147176,-0.29690126977605313,0.8673097637512727
111,2026-07-27T20:46:32.602240Z,sun,39.759062,-104.62011683333333,1672.4,233.91891856808763,59.915067492577265,151900952.3263917,-0.40512925959437834,-0.29522048408335616,0.8652832766199169
112,2026-07-27T20:48:02.625684Z,sun,39.759062,-104.62011683333333,1672.4,234.4484281881379,59.68105093828837,151900948.80628112,-0.41071218532369463,-0.2935162833436085,0.8632286442413676
113,2026-07-27T20:49:32.649127Z,sun,39.759062,-104.62011683333333,1672.4,234.97155648703648,59.445495105662275,151900945.46489257,-0.4162775225276154,-0.29178874071057936,0.861145954547082
114,2026-07-27T20:51:02.672571Z,sun,39.759062,-104.62011683333333,1672.4,235.48841310271735,59.20843799547589,151900942.30165705,-0.42182503273207783,-0.29003793026260377,0.8590352965795797
115,2026-07-27T20:52:32.696015Z,sun,39.759062,-104.62011683333333,1672.4,235.9991069188909,58.96991672062359,151900939.31599805,-0.42735447804112664,-0.28826392713304944,0.8568967606497461
116,2026-07-27T20:54:02.719458Z,sun,39.759062,-104.62011683333333,1672.4,236.5037459894581,58.729967514933044,151900936.50733128,-0.432865621333381,-0.28646680745072084,0.8547304382649875
117,2026-07-27T20:55:32.742902Z,sun,39.759062,-104.62011683333333,1672.4,237.0024374704816,58.48862574197166,151900933.87506482,-0.4383582264550804,-0.2846466482755056,0.8525364220516781
118,2026-07-27T20:57:02.766345Z,sun,39.759062,-104.62011683333333,1672.4,237.49528750479465,58.24592593085951,151900931.4185993,-0.44383205780199547,-0.2828035277355207,0.8503148059204841
119,2026-07-27T20:58:32.789789Z,sun,39.759062,-104.62011683333333,1672.4,237.9824011977975,58.00190177208901,151900929.13732767,-0.44928688081781953,-0.280937524861952,0.8480656848672952
120,2026-07-27T21:00:02.813233Z,sun,39.759062,-104.62011683333333,1672.4,238.46388251769238,57.756586153746724,151900927.03063548,-0.4547224615779903,-0.279048719728372,0.8457891551411674
121,2026-07-27T21:01:32.836676Z,sun,39.759062,-104.62011683333333,1672.4,238.93983425772478,57.51001117093557,151900925.0979005,-0.4601385669830503,-0.27713719338704806,0.8434853141675526
122,2026-07-27T21:03:02.860120Z,sun,39.759062,-104.62011683333333,1672.4,239.410358003683,57.26220813494538,151900923.3384934,-0.46553496494829333,-0.2752030278005819,0.8411542604659288
123,2026-07-27T21:04:32.883563Z,sun,39.759062,-104.62011683333333,1672.4,239.87555405488138,57.01320760989687,151900921.75177714,-0.47091142399297237,-0.2732463059877148,0.838796093825537
124,2026-07-27T21:06:02.907007Z,sun,39.759062,-104.62011683333333,1672.4,240.33552142938973,56.76303940808015,151900920.3371073,-0.47626771372990584,-0.27126711184784474,0.8364109150939013
125,2026-07-27T21:07:32.930451Z,sun,39.759062,-104.62011683333333,1672.4,240.79035779626363,56.51173262655199,151900919.093832,-0.4816036044566788,-0.26926553030897615,0.8339988263551458
126,2026-07-27T21:09:02.953894Z,sun,39.759062,-104.62011683333333,1672.4,241.24015946465116,56.25931565603329,151900918.02129218,-0.4869188673456382,-0.2672416472600111,0.8315599308484005
127,2026-07-27T21:10:32.977338Z,sun,39.759062,-104.62011683333333,1672.4,241.6850213763351,56.00581618941543,151900917.11882123,-0.49221327462992787,-0.26519554947845864,0.8290943328807051
128,2026-07-27T21:12:03.000781Z,sun,39.759062,-104.62011683333333,1672.4,242.12503705280062,55.751261258224744,151900916.38574544,-0.49748659920039456,-0.26312732478476025,0.8266021380129871
129,2026-07-27T21:13:33.024225Z,sun,39.759062,-104.62011683333333,1672.4,242.56029862051358,55.49567722668882,151900915.82138363,-0.5027386150859449,-0.2610370618566488,0.8240834528363704
130,2026-07-27T21:15:03.047669Z,sun,39.759062,-104.62011683333333,1672.4,242.99089676580928,55.23908982788406,151900915.42504737,-0.507969097052533,-0.25892485038558294,0.8215383851606922
131,2026-07-27T21:16:33.071112Z,sun,39.759062,-104.62011683333333,1672.4,243.4169207422705,54.98152417144946,151900915.1960411,-0.5131778207895709,-0.25679078100509983,0.8189670439281779
132,2026-07-27T21:18:03.094556Z,sun,39.759062,-104.62011683333333,1672.4,243.83845838017496,54.723004750836495,151900915.13366202,-0.5183645630922628,-0.25463494521463104,0.8163695391216587
133,2026-07-27T21:19:33.117999Z,sun,39.759062,-104.62011683333333,1672.4,244.2555960516674,54.46355547901318,151900915.23720026,-0.5235291014664255,-0.25245743554226735,0.813745981960697
134,2026-07-27T21:21:03.141443Z,sun,39.759062,-104.62011683333333,1672.4,244.66841870896428,54.203199680833684,151900915.50593856,-0.5286712145993205,-0.2502583453490584,0.8110964846658076
135,2026-07-27T21:22:33.164887Z,sun,39.759062,-104.62011683333333,1672.4,245.0770098547733,53.941960128281224,151900915.93915284,-0.5337906819666768,-0.24803776899384358,0.8084211606570593
136,2026-07-27T21:24:03.188330Z,sun,39.759062,-104.62011683333333,1672.4,245.4814515615059,53.6798590466546,151900916.53611174,-0.5388872840155061,-0.24579580175766233,0.8057201244630168
137,2026-07-27T21:25:33.211774Z,sun,39.759062,-104.62011683333333,1672.4,245.88182449152748,53.41691812029549,151900917.29607704,-0.5439608023421543,-0.24353253976391925,0.8029934916245678
138,2026-07-27T21:27:03.235218Z,sun,39.759062,-104.62011683333333,1672.4,246.27820787892426,53.15315852425982,151900918.2183033,-0.5490110193620636,-0.2412480801236531,0.8002413788699502
139,2026-07-27T21:28:33.258661Z,sun,39.759062,-104.62011683333333,1672.4,246.67067955345158,52.888600929533375,151900919.30203822,-0.554037718490072,-0.23894252085773607,0.7974639040210323
140,2026-07-27T21:30:03.282105Z,sun,39.759062,-104.62011683333333,1672.4,247.05931596508913,52.623265507783636,151900920.5465226,-0.5590406843159923,-0.2366159608148101,0.7946611858944611
141,2026-07-27T21:31:33.305548Z,sun,39.759062,-104.62011683333333,1672.4,247.4441921665811,52.35717196525145,151900921.95099014,-0.5640197022237631,-0.23426849984685238,0.7918333445131766
142,2026-07-27T21:33:03.328992Z,sun,39.759062,-104.62011683333333,1672.4,247.82538186203962,52.090339532182185,151900923.51466805,-0.568974558845101,-0.23190023859821038,0.7889805008522808
143,2026-07-27T21:34:33.352436Z,sun,39.759062,-104.62011683333333,1672.4,248.2029573919995,51.82278699619115,151900925.23677608,-0.573905041680944,-0.22951127868318796,0.7861027770529766
144,2026-07-27T21:36:03.375879Z,sun,39.759062,-104.62011683333333,1672.4,248.57698976239172,51.55453270583663,151900927.1165277,-0.5788109392776571,-0.2271017226045175,0.7832002963243675
145,2026-07-27T21:37:33.399323Z,sun,39.759062,-104.62011683333333,1672.4,248.9475486735783,51.28559457375096,151900929.1531294,-0.5836920413983216,-0.22467167366765914,0.7802731828402363
146,2026-07-27T21:39:03.422766Z,sun,39.759062,-104.62011683333333,1672.4,249.31470250881245,51.01599010932262,151900931.34578097,-0.5885481386510638,-0.22222123616425635,0.7773215619600411
147,2026-07-27T21:40:33.446210Z,sun,39.759062,-104.62011683333333,1672.4,249.6785183852048,50.74573640631708,151900933.69367534,-0.593379022931738,-0.21975051515174546,0.7743455599634561
148,2026-07-27T21:42:03.469654Z,sun,39.759062,-104.62011683333333,1672.4,250.03906214362198,50.47485017505362,151900936.1959989,-0.598184487054509,-0.21725961663885218,0.7713453042738208
149,2026-07-27T21:43:33.493097Z,sun,39.759062,-104.62011683333333,1672.4,250.39639838007236,50.203347744390456,151900938.8519313,-0.6029643249239339,-0.21474864750034786,0.7683209233554661
150,2026-07-27T21:45:03.516541Z,sun,39.759062,-104.62011683333333,1672.4,250.750590476787,49.93124506331201,151900941.66064578,-0.6077183317017532,-0.21221771538781223,0.7652725466062502
151,2026-07-27T21:46:33.539984Z,sun,39.759062,-104.62011683333333,1672.4,251.1017005941581,49.65855773244288,151900944.62130877,-0.6124463034447453,-0.20966692892080876,0.7622003045878317
152,2026-07-27T21:48:03.563428Z,sun,39.759062,-104.62011683333333,1672.4,251.44978972208455,49.38530098998632,151900947.73308036,-0.6171480375358761,-0.2070963974573542,0.7591043287492191
153,2026-07-27T21:49:33.586872Z,sun,39.759062,-104.62011683333333,1672.4,251.79491767264122,49.11148974275511,151900950.99511394,-0.6218233323247255,-0.20450623128696627,0.7559847516593015
154,2026-07-27T21:51:03.610315Z,sun,39.759062,-104.62011683333333,1672.4,252.13714311210063,48.837138566702464,151900954.40655652,-0.6264719872949575,-0.2018965415419462,0.7528417069000015
155,2026-07-27T21:52:33.633759Z,sun,39.759062,-104.62011683333333,1672.4,252.47652359244609,48.56226170708453,151900957.96654886,-0.6310938032264725,-0.19926744010468914,0.7496753289546553
156,2026-07-27T21:54:03.657202Z,sun,39.759062,-104.62011683333333,1672.4,252.8131155451448,48.28687310888149,151900961.674225,-0.6356885818433359,-0.1966190398062899,0.7464857534472181
157,2026-07-27T21:55:33.680646Z,sun,39.759062,-104.62011683333333,1672.4,253.1469743315989,48.010986401212314,151900965.5287128,-0.6402561262328613,-0.19395145418814833,0.7432731168551658
158,2026-07-27T21:57:03.704090Z,sun,39.759062,-104.62011683333333,1672.4,253.47815423716557,47.7346149273207,151900969.52913392,-0.6447962404961417,-0.1912647977024349,0.7400375567509317
159,2026-07-27T21:58:33.727533Z,sun,39.759062,-104.62011683333333,1672.4,253.8067085026997,47.45777174378331,151900973.67460337,-0.649308729910891,-0.188559185619906,0.7367792116908997
160,2026-07-27T22:00:03.750977Z,sun,39.759062,-104.62011683333333,1672.4,254.13268935546435,47.18046961939141,151900977.96423048,-0.6537934010887513,-0.18583473393387862,0.7334982210997705
161,2026-07-27T22:01:33.774420Z,sun,39.759062,-104.62011683333333,1672.4,254.45614800363853,46.90272106458865,151900982.39711782,-0.6582500616335858,-0.18309155956609732,0.7301947255184981
162,2026-07-27T22:03:03.797864Z,sun,39.759062,-104.62011683333333,1672.4,254.77713468511044,46.62453831452212,151900986.9723621,-0.6626785205481353,-0.18032978011968948,0.7268688663067907
163,2026-07-27T22:04:33.821308Z,sun,39.759062,-104.62011683333333,1672.4,255.09569866192663,46.34593335809365,151900991.68905392,-0.6670785878949937,-0.17754951408684416,0.7235207858932227
164,2026-07-27T22:06:03.844751Z,sun,39.759062,-104.62011683333333,1672.4,255.4118882506644,46.066917935994475,151900996.54627746,-0.6714500749546167,-0.1747508807532882,0.7201506276602067
165,2026-07-27T22:07:33.868195Z,sun,39.759062,-104.62011683333333,1672.4,255.7257508521295,45.787503538442024,151901001.54311135,-0.6757927943777708,-0.17193400009891951,0.7167585358243518
166,2026-07-27T22:09:03.891638Z,sun,39.759062,-104.62011683333333,1672.4,256.0373329458758,45.50770143376566,151901006.67862782,-0.680106559854238,-0.16909899301092768,0.7133446556931116
167,2026-07-27T22:10:33.915082Z,sun,39.759062,-104.62011683333333,1672.4,256.34668013694653,45.22752265023138,151901011.95189336,-0.6843911865070005,-0.16624598102810373,0.709909133356899
168,2026-07-27T22:12:03.938526Z,sun,39.759062,-104.62011683333333,1672.4,256.65383715015184,44.94697800428711,151901017.36196843,-0.688646490563736,-0.1633750865557045,0.7064521159478301
169,2026-07-27T22:13:33.961969Z,sun,39.759062,-104.62011683333333,1672.4,256.95884785889575,44.66607809755929,151901022.9079075,-0.6928722895099472,-0.1604864327666028,0.7029737515207056
170,2026-07-27T22:15:03.985413Z,sun,39.759062,-104.62011683333333,1672.4,257.2617553133068,44.3848333135961,151901028.58875942,-0.6970684022362184,-0.15758014349880628,0.6994741889296139
171,2026-07-27T22:16:34.008856Z,sun,39.759062,-104.62011683333333,1672.4,257.56260173437903,44.10325384567828,151901034.40356702,-0.7012346487181703,-0.15465634347527946,0.6959535780926489
172,2026-07-27T22:18:04.032300Z,sun,39.759062,-104.62011683333333,1672.4,257.86142855841763,43.821349677616865,151901040.35136762,-0.7053708503970275,-0.1517151580403636,0.6924120696745268
173,2026-07-27T22:19:34.055744Z,sun,39.759062,-104.62011683333333,1672.4,258.1582764308446,43.53913061125903,151901046.43119246,-0.709476829862578,-0.14875671338119836,0.6888498153532239
174,2026-07-27T22:21:04.079187Z,sun,39.759062,-104.62011683333333,1672.4,258.4531852332809,43.256606262595014,151901052.6420674,-0.7135524110010297,-0.14578113642581497,0.685266967697273
175,2026-07-27T22:22:34.102631Z,sun,39.759062,-104.62011683333333,1672.4,258.74619410996127,42.973786057636225,151901058.9830126,-0.7175974191369522,-0.14278855473761087,0.6816636800387194
176,2026-07-27T22:24:04.126074Z,sun,39.759062,-104.62011683333333,1672.4,259.03734146124253,42.69067925955975,151901065.4530423,-0.7216116807246803,-0.13977909674175076,0.678040106745731
177,2026-07-27T22:25:34.149518Z,sun,39.759062,-104.62011683333333,1672.4,259.3266649857408,42.4072949486003,151901072.05116576,-0.7255950237151605,-0.1367528914537624,0.6743964028958274
178,2026-07-27T22:27:04.172962Z,sun,39.759062,-104.62011683333333,1672.4,259.61420167345557,42.12364204892992,151901078.77638635,-0.7295472772504336,-0.1337100687074755,0.6707327245503393
179,2026-07-27T22:28:34.196405Z,sun,39.759062,-104.62011683333333,1672.4,259.89998783106904,41.839729323989964,151901085.62770182,-0.7334682718061688,-0.13065075905008952,0.6670492286280733
180,2026-07-27T22:30:04.219849Z,sun,39.759062,-104.62011683333333,1672.4,260.18405910661863,41.555565371615856,151901092.60410503,-0.7373578393282193,-0.12757509363366004,0.6633460727746738
181,2026-07-27T22:31:34.243293Z,sun,39.759062,-104.62011683333333,1672.4,260.46645048536595,41.27115864746179,151901099.70458284,-0.7412158129782475,-0.12448320441357417,0.659623415601602
182,2026-07-27T22:33:04.266736Z,sun,39.759062,-104.62011683333333,1672.4,260.74719631406595,40.98651745989475,151901106.92811713,-0.7450420272733465,-0.12137522404157966,0.6558814165573519
183,2026-07-27T22:34:34.290180Z,sun,39.759062,-104.62011683333333,1672.4,261.02633032459073,40.701649964740376,151901114.27368447,-0.748836318218989,-0.11825128575577028,0.6521202357950074
184,2026-07-27T22:36:04.313623Z,sun,39.759062,-104.62011683333333,1672.4,261.30388562621226,40.416564191546584,151901121.74025607,-0.7525985230193943,-0.11511152361702429,0.6483400344569147
185,2026-07-27T22:37:34.337067Z,sun,39.759062,-104.62011683333333,1672.4,261.5798947441988,40.131268022276466,151901129.32679793,-0.7563284804216831,-0.1119560722256427,0.6445409743335441
186,2026-07-27T22:39:04.360511Z,sun,39.759062,-104.62011683333333,1672.4,261.8543896117005,39.84576921736246,151901137.03227097,-0.7600260304294265,-0.10878506695923415,0.6407232181498993
187,2026-07-27T22:40:34.383954Z,sun,39.759062,-104.62011683333333,1672.4,262.1274015923019,39.5600754100098,151901144.85563087,-0.7636910144364566,-0.10559864386309065,0.6368869294335471
188,2026-07-27T22:42:04.407398Z,sun,39.759062,-104.62011683333333,1672.4,262.39896150199746,39.27419410035456,151901152.7958284,-0.7673232753541553,-0.10239693953741986,0.6330322723788583
189,2026-07-27T22:43:34.430841Z,sun,39.759062,-104.62011683333333,1672.4,262.66909960069364,38.98813268126432,151901160.85180908,-0.7709226573341964,-0.09918009137960838,0.6291594121386994
190,2026-07-27T22:45:04.454285Z,sun,39.759062,-104.62011683333333,1672.4,262.93784562875254,38.701898416429614,151901169.02251363,-0.7744890060979068,-0.0959482372939062,0.6252685144749165
191,2026-07-27T22:46:34.477729Z,sun,39.759062,-104.62011683333333,1672.4,263.20522879810704,38.41549846598985,151901177.3068777,-0.7780221686621822,-0.0927015159351487,0.6213597460517701
192,2026-07-27T22:48:04.501172Z,sun,39.759062,-104.62011683333333,1672.4,263.47127781322143,38.12893988031486,151901185.70383212,-0.7815219934676096,-0.08944006659639207,0.61743327430067
193,2026-07-27T22:49:34.524616Z,sun,39.759062,-104.62011683333333,1672.4,263.73602089152445,37.84222959366377,151901194.21230286,-0.7849883304999059,-0.08616402909354609,0.6134892672812924
194,2026-07-27T22:51:04.548059Z,sun,39.759062,-104.62011683333333,1672.4,263.9994857541502,37.55537444959259,151901202.831211,-0.7884210310252273,-0.08287354401330391,0.6095278939800808
195,2026-07-27T22:52:34.571503Z,sun,39.759062,-104.62011683333333,1672.4,264.2616996605967,37.26838117852857,151901211.5594731,-0.791819947904478,-0.07956875241609576,0.605549323952637
196,2026-07-27T22:54:04.594947Z,sun,39.759062,-104.62011683333333,1672.4,264.5226893991054,36.981256423027816,151901220.39600065,-0.7951849353318582,-0.07624979608541034,0.6015537276238939
197,2026-07-27T22:55:34.618390Z,sun,39.759062,-104.62011683333333,1672.4,264.78248130615356,36.694006731112516,151901229.3397007,-0.7985158489571496,-0.0729168174128249,0.597541276149713
198,2026-07-27T22:57:04.641834Z,sun,39.759062,-104.62011683333333,1672.4,265.0411012854737,36.406638549498915,151901238.38947576,-0.8018125460012395,-0.06956995928009682,0.5935121412749498
199,2026-07-27T22:58:34.665277Z,sun,39.759062,-104.62011683333333,1672.4,265.29857479807157,36.11915824867666,151901247.5442235,-0.8050748850041443,-0.06620936531263283,0.5894664956386089
200,2026-07-27T23:00:04.688721Z,sun,39.759062,-104.62011683333333,1672.4,265.55492689517945,35.83157210003065,151901256.80283734,-0.8083027261240978,-0.06283517957585316,0.5854045124083193
201,2026-07-27T23:01:34.712165Z,sun,39.759062,-104.62011683333333,1672.4,265.81018220794215,35.54388630079157,151901266.16420606,-0.8114959308888757,-0.059447546829990684,0.5813263655870884
202,2026-07-27T23:03:04.735608Z,sun,39.759062,-104.62011683333333,1672.4,266.0643649655793,35.256106966987105,151901275.62721398,-0.8146543623122067,-0.056046612412540345,0.5772322298717999
203,2026-07-27T23:04:34.759052Z,sun,39.759062,-104.62011683333333,1672.4,266.3174990131089,34.96824012631474,151901285.19074124,-0.817777885003121,-0.0526325221180764,0.5731222805085425
204,2026-07-27T23:06:04.782495Z,sun,39.759062,-104.62011683333333,1672.4,266.5696078007211,34.68029174291525,151901294.85366333,-0.820866364927214,-0.0492054224567277,0.5689966936037827
205,2026-07-27T23:07:34.805939Z,sun,39.759062,-104.62011683333333,1672.4,266.8207144151661,34.392267694139534,151901304.61485192,-0.8239196696898717,-0.04576546034460339,0.5648556457517081
206,2026-07-27T23:09:04.829383Z,sun,39.759062,-104.62011683333333,1672.4,267.0708415688264,34.10417379521087,151901314.4731739,-0.826937668300898,-0.04231278336353866,0.5606993143469183
207,2026-07-27T23:10:34.852826Z,sun,39.759062,-104.62011683333333,1672.4,267.320011616667,33.81601579185954,151901324.42749223,-0.8299202312847848,-0.03884753964122946,0.5565278774401444
208,2026-07-27T23:12:04.876270Z,sun,39.759062,-104.62011683333333,1672.4,267.56824657279833,33.527799352887726,151901334.47666597,-0.8328672307838652,-0.03536987772880497,0.5523415135908809
209,2026-07-27T23:13:34.899713Z,sun,39.759062,-104.62011683333333,1672.4,267.8155680992561,33.239530094686145,151901344.61954963,-0.8357785403329349,-0.03187994686416862,0.5481404021844098
210,2026-07-27T23:15:04.923157Z,sun,39.759062,-104.62011683333333,1672.4,268.0619975359943,32.951213557692164,151901354.85499406,-0.8386540351264767,-0.028377896656665767,0.5439247230522086
211,2026-07-27T23:16:34.946601Z,sun,39.759062,-104.62011683333333,1672.4,268.3075558893949,32.66285523080947,151901365.1818459,-0.8414935917967147,-0.024863877351603603,0.539694656790401
212,2026-07-27T23:18:04.970044Z,sun,39.759062,-104.62011683333333,1672.4,268.55226384813307,32.37446054377214,151901375.59894782,-0.8442970885176694,-0.021338039708178127,0.5354503846128034
213,2026-07-27T23:19:34.993488Z,sun,39.759062,-104.62011683333333,1672.4,268.7961417987073,32.0860348594416,151901386.10513878,-0.8470644051020767,-0.0178005348748257,0.5311920882009022
214,2026-07-27T23:21:05.016931Z,sun,39.759062,-104.62011683333333,1672.4,269.03920981366684,31.797583498117675,151901396.69925377,-0.8497954227894148,-0.014251514657410074,0.5269199500266899
215,2026-07-27T23:22:35.040375Z,sun,39.759062,-104.62011683333333,1672.4,269.2814876803827,31.50911171371462,151901407.38012406,-0.852490024497094,-0.010691131198122747,0.5226341529661533
216,2026-07-27T23:24:05.063819Z,sun,39.759062,-104.62011683333333,1672.4,269.52299488903395,31.220624717986702,151901418.14657712,-0.8551480946119834,-0.007119537244768231,0.5183348806234389
217,2026-07-27T23:25:35.087262Z,sun,39.759062,-104.62011683333333,1672.4,269.7637506475122,30.932127672656264,151901428.99743655,-0.8577695190882225,-0.0035368860264857038,0.514022317181263
218,2026-07-27T23:27:05.110706Z,sun,39.759062,-104.62011683333333,1672.4,270.00377389602215,30.643625681494804,151901439.93152282,-0.8603541855376934,5.66688728340739e-05,0.5096966472485484
219,2026-07-27T23:28:35.134150Z,sun,39.759062,-104.62011683333333,1672.4,270.24308329749437,30.355123811217627,151901450.94765222,-0.8629019830600845,0.0036609732823053914,0.5053580561400004
220,2026-07-27T23:30:05.157593Z,sun,39.759062,-104.62011683333333,1672.4,270.4816972519582,30.06662708349602,151901462.0446378,-0.8654128023368322,0.007275872569481636,0.5010067297251243
221,2026-07-27T23:31:35.181037Z,sun,39.759062,-104.62011683333333,1672.4,270.7196339106371,29.77814046692475,151901473.22128916,-0.8678865357176904,0.010901211768065253,0.496642854274512
222,2026-07-27T23:33:05.204480Z,sun,39.759062,-104.62011683333333,1672.4,270.9569111634402,29.4896689010151,151901484.47641233,-0.8703230770310728,0.014536835303071434,0.4922666167906744
223,2026-07-27T23:34:35.227924Z,sun,39.759062,-104.62011683333333,1672.4,271.1935466660137,29.201217272068178,151901495.80881006,-0.8727223218084994,0.018182587319766616,0.48787820461211534
224,2026-07-27T23:36:05.251368Z,sun,39.759062,-104.62011683333333,1672.4,271.4295578270333,28.91279043709571,151901507.21728164,-0.8750841670985426,0.021838311407868984,0.48347780574531324
225,2026-07-27T23:37:35.274811Z,sun,39.759062,-104.62011683333333,1672.4,271.6649618217782,28.62439321565921,151901518.700623,-0.8774085115542979,0.02550385072889881,0.4790656087114473
226,2026-07-27T23:39:05.298255Z,sun,39.759062,-104.62011683333333,1672.4,271.89977560545975,28.336030381675116,151901530.25762734,-0.8796952555133687,0.029179048145631784,0.47464180239058584
227,2026-07-27T23:40:35.321698Z,sun,39.759062,-104.62011683333333,1672.4,272.1340159003121,28.04770668723826,151901541.88708395,-0.8819443008223821,0.03286374594343727,0.4702065763571208
228,2026-07-27T23:42:05.345142Z,sun,39.759062,-104.62011683333333,1672.4,272.36769922173215,27.75942683835013,151901553.58777952,-0.8841555510444669,0.036557786163722766,0.4657601204784097
229,2026-07-27T23:43:35.368586Z,sun,39.759062,-104.62011683333333,1672.4,272.60084186519515,27.471195518675938,151901565.35849753,-0.8863289112874346,0.04026101032441954,0.46130262525124205
230,2026-07-27T23:45:05.392029Z,sun,39.759062,-104.62011683333333,1672.4,272.83345991911744,27.1830173812432,151901577.19801816,-0.8884642882846633,0.04397325954905723,0.45683428164648265
231,2026-07-27T23:46:35.415473Z,sun,39.759062,-104.62011683333333,1672.4,273.06556927751217,26.89489704010785,151901589.10511914,-0.8905615904684504,0.04769437469789455,0.4523552809512464
232,2026-07-27T23:48:05.438916Z,sun,39.759062,-104.62011683333333,1672.4,273.2971856267115,26.606839094033006,151901601.0785747,-0.8926207278088152,0.051424196085592074,0.4478658151087349
233,2026-07-27T23:49:35.462360Z,sun,39.759062,-104.62011683333333,1672.4,273.5283244707163,26.31884810209176,151901613.11715677,-0.8946416120038905,0.0551625638190086,0.44336607631165714
234,2026-07-27T23:51:05.485804Z,sun,39.759062,-104.62011683333333,1672.4,273.75900111775985,26.030928607287667,151901625.21963412,-0.8966241563224194,0.05890931751406658,0.4388562573430352
235,2026-07-27T23:52:35.509247Z,sun,39.759062,-104.62011683333333,1672.4,273.989230692555,25.743085128124235,151901637.3847725,-0.8985682756780703,0.06266429642661273,0.43433655141870936
236,2026-07-27T23:54:05.532691Z,sun,39.759062,-104.62011683333333,1672.4,274.21902814833794,25.455322150179946,151901649.61133566,-0.9004738866959133,0.06642733958478145,0.4298071520280271
237,2026-07-27T23:55:35.556134Z,sun,39.759062,-104.62011683333333,1672.4,274.44840825328583,25.167644149617058,151901661.898084,-0.9023409075659462,0.07019828550378523,0.4252682532771446
238,2026-07-27T23:57:05.579578Z,sun,39.759062,-104.62011683333333,1672.4,274.6773856151408,24.880055568731827,151901674.2437759,-0.904169258215889,0.07397697252713747,0.4207200494783296
239,2026-07-27T23:58:35.603022Z,sun,39.759062,-104.62011683333333,1672.4,274.90597466748227,24.592560839413974,151901686.6471668,-0.9059588601684149,0.07776323854066687,0.4161627354941979
240,2026-07-28T00:00:05.626465Z,sun,39.759062,-104.62011683333333,1672.4,275.1341896814137,24.305164374632053,151901699.10700953,-0.907709636608652,0.08155692110472017,0.4115965065785999
241,2026-07-28T00:01:35.649909Z,sun,39.759062,-104.62011683333333,1672.4,275.3620447770824,24.01787055991911,151901711.62205496,-0.9094215124438648,0.08535785758787619,0.4070215582156815
242,2026-07-28T00:03:05.673352Z,sun,39.759062,-104.62011683333333,1672.4,275.58955390980117,23.730683776746584,151901724.19105095,-0.9110944141716618,0.08916588487883459,0.40243808646668966
243,2026-07-28T00:04:35.696796Z,sun,39.759062,-104.62011683333333,1672.4,275.81673089405774,23.443608378020148,151901736.8127439,-0.9127282700352237,0.0929808397310565,0.39784628755515034
244,2026-07-28T00:06:05.720240Z,sun,39.759062,-104.62011683333333,1672.4,276.04358938950566,23.15664871140796,151901749.48587704,-0.9143230098952572,0.09680255847395706,0.39324635821450865
245,2026-07-28T00:07:35.743683Z,sun,39.759062,-104.62011683333333,1672.4,276.270142912163,22.869809110752815,151901762.20919156,-0.9158785652906828,0.10063087714641475,0.3886384955274293
246,2026-07-28T00:09:05.767127Z,sun,39.759062,-104.62011683333333,1672.4,276.4964048454762,22.583093887483805,151901774.98142704,-0.9173948694914689,0.10446563163176938,0.38402289676333934
247,2026-07-28T00:10:35.790570Z,sun,39.759062,-104.62011683333333,1672.4,276.72238842615707,22.29650735387516,151901787.80132025,-0.9188718573815955,0.10830665736690542,0.3793997597285806
248,2026-07-28T00:12:05.814014Z,sun,39.759062,-104.62011683333333,1672.4,276.9481067676758,22.010053798492418,151901800.66760626,-0.9203094655966504,0.11215378969023072,0.37476928234758944
249,2026-07-28T00:13:35.837458Z,sun,39.759062,-104.62011683333333,1672.4,277.1735728459737,21.7237375094161,151901813.5790182,-0.9217076324105371,0.11600686355005994,0.37013166301390626
250,2026-07-28T00:15:05.860901Z,sun,39.759062,-104.62011683333333,1672.4,277.39879951024767,21.437562765580545,151901826.5342867,-0.9230662977893714,0.11986571363954679,0.3654871004277791
251,2026-07-28T00:16:35.884345Z,sun,39.759062,-104.62011683333333,1672.4,277.62379949359945,21.1515338281465,151901839.5321413,-0.9243854034373192,0.12373017453254156,0.3608357934326517
252,2026-07-28T00:18:05.907788Z,sun,39.759062,-104.62011683333333,1672.4,277.8485853986285,20.8656549636232,151901852.5713088,-0.9256648926945815,0.12760008039056656,0.35617794136786457
253,2026-07-28T00:19:35.931232Z,sun,39.759062,-104.62011683333333,1672.4,278.07316972045413,20.579930419320732,151901865.65051517,-0.9269047106570288,0.1314752653132974,0.35151374364682764
254,2026-07-28T00:21:05.954676Z,sun,39.759062,-104.62011683333333,1672.4,278.2975648321917,20.29436444644204,151901878.7684837,-0.9281048040779541,0.1353555630448651,0.3468434001105253
255,2026-07-28T00:22:35.978119Z,sun,39.759062,-104.62011683333333,1672.4,278.5217829953587,20.0089612913838,151901891.92393658,-0.9292651214150107,0.13924080710978756,0.34216711086391727
256,2026-07-28T00:24:06.001563Z,sun,39.759062,-104.62011683333333,1672.4,278.74583637016974,19.723725187072894,151901905.1155943,-0.9303856128690705,0.14313083094972504,0.33748507611135203
257,2026-07-28T00:25:36.025007Z,sun,39.759062,-104.62011683333333,1672.4,278.96973700337605,19.4386603728018,151901918.34217563,-0.9314662303090525,0.147025467671769,0.3327974964595449
258,2026-07-28T00:27:06.048450Z,sun,39.759062,-104.62011683333333,1672.4,279.1934968384612,19.153771085521424,151901931.60239762,-0.9325069273146342,0.15092455018478818,0.3281045727534726
259,2026-07-28T00:28:36.071894Z,sun,39.759062,-104.62011683333333,1672.4,279.417127725749,18.869061551157134,151901944.89497662,-0.9335076592109217,0.15482791133672658,0.32340650591114034
260,2026-07-28T00:30:06.095337Z,sun,39.759062,-104.62011683333333,1672.4,279.6406414076171,18.584536007538862,151901958.21862647,-0.9344683829905748,0.15873538361854928,0.318703497279921
261,2026-07-28T00:31:36.118781Z,sun,39.759062,-104.62011683333333,1672.4,279.8640495409143,18.30019867988565,151901971.5720607,-0.9353890574045569,0.16264679951819985,0.31399574821054693
262,2026-07-28T00:33:06.142225Z,sun,39.759062,-104.62011683333333,1672.4,280.0873636820762,18.01605380369873,151901984.95399082,-0.9362696428881107,0.16656199122413234,0.309283460413941
263,2026-07-28T00:34:36.165668Z,sun,39.759062,-104.62011683333333,1672.4,280.3105952970167,17.732105616035117,151901998.36312732,-0.9371101015964575,0.170480790762475,0.3045668357961492
264,2026-07-28T00:36:06.189112Z,sun,39.759062,-104.62011683333333,1672.4,280.5337557709562,17.44835834680067,151902011.79817972,-0.937910397432442,0.17440303013508132,0.2998460762921879
265,2026-07-28T00:37:36.212555Z,sun,39.759062,-104.62011683333333,1672.4,280.7568563934,17.16481624157262,151902025.257856,-0.938670495983827,0.17832854102184412,0.29512138422435025
266,2026-07-28T00:39:06.235999Z,sun,39.759062,-104.62011683333333,1672.4,280.9799083802599,16.88148353711861,151902038.7408634,-0.9393903645958885,0.18225715513645943,0.2903929618740237
267,2026-07-28T00:40:36.259443Z,sun,39.759062,-104.62011683333333,1672.4,281.20292285874876,16.59836448417123,151902052.24590802,-0.9400699723126128,0.18618870392857195,0.2856610118401913
268,2026-07-28T00:42:06.282886Z,sun,39.759062,-104.62011683333333,1672.4,281.42591087700464,16.315463338695746,151902065.77169475,-0.9407092899053454,0.19012301872156373,0.28092573687360994
269,2026-07-28T00:43:36.306330Z,sun,39.759062,-104.62011683333333,1672.4,281.64888341367003,16.03278435317844,151902079.31692803,-0.9413082898933547,0.194059930851127,0.27618733971003057
270,2026-07-28T00:45:06.329773Z,sun,39.759062,-104.62011683333333,1672.4,281.8718513626518,15.750331799325771,151902092.88031095,-0.9418669464964117,0.19799927136647258,0.27144602342983715
271,2026-07-28T00:46:36.353217Z,sun,39.759062,-104.62011683333333,1672.4,282.0948255549883,15.468109943645453,151902106.46054634,-0.9423852356891192,0.2019408713873649,0.26670199102832903
272,2026-07-28T00:48:06.376661Z,sun,39.759062,-104.62011683333333,1672.4,282.3178167435282,15.18612307010039,151902120.05633584,-0.9428631351573967,0.20588456180522038,0.26195544577549246
273,2026-07-28T00:49:36.400104Z,sun,39.759062,-104.62011683333333,1672.4,282.5408356123214,14.904375471377492,151902133.66638047,-0.9433006243200587,0.209830173421411,0.2572065910495455
274,2026-07-28T00:51:06.423548Z,sun,39.759062,-104.62011683333333,1672.4,282.7638927859823,14.62287144018253,151902147.28938085,-0.943697684342269,0.21377753708620972,0.25245563016972605
275,2026-07-28T00:52:36.446991Z,sun,39.759062,-104.62011683333333,1672.4,282.98699881422834,14.341615291817773,151902160.9240366,-0.9440542981034511,0.21772648339914313,0.2477027667569401
276,2026-07-28T00:54:06.470435Z,sun,39.759062,-104.62011683333333,1672.4,283.2101641935434,14.060611339836464,151902174.5690474,-0.9443704502333009,0.2216768430669998,0.24294820430289535
277,2026-07-28T00:55:36.493879Z,sun,39.759062,-104.62011683333333,1672.4,283.4333993516377,13.779863918575984,151902188.22311187,-0.944646127083603,0.22562844660415152,0.23819214653079315
278,2026-07-28T00:57:06.517322Z,sun,39.759062,-104.62011683333333,1672.4,283.65671465663587,13.499377374437016,151902201.88492846,-0.944881316742716,0.22958112447124127,0.23343479722841567
279,2026-07-28T00:58:36.540766Z,sun,39.759062,-104.62011683333333,1672.4,283.88012042625536,13.219156057190219,151902215.55319566,-0.9450760090419074,0.23353470721439207,0.22867636008059264
280,2026-07-28T01:00:06.564209Z,sun,39.759062,-104.62011683333333,1672.4,284.10362691211395,12.9392043424399,151902229.2266107,-0.9452301955386163,0.23748902516490192,0.22391703903065072
281,2026-07-28T01:01:36.587653Z,sun,39.759062,-104.62011683333333,1672.4,284.32724432124104,12.659526607353412,151902242.90387157,-0.945343869534126,0.24144390879800395,0.21915703784863202
282,2026-07-28T01:03:06.611097Z,sun,39.759062,-104.62011683333333,1672.4,284.5509828003075,12.380127253080826,151902256.5836756,-0.9454170260607341,0.24539918843259728,0.2143965604926998
283,2026-07-28T01:04:36.634540Z,sun,39.759062,-104.62011683333333,1672.4,284.77485244464515,12.101010696043188,151902270.26471975,-0.9454496618891307,0.24935469437031063,0.209635810941779
284,2026-07-28T01:06:06.657984Z,sun,39.759062,-104.62011683333333,1672.4,284.9988633072488,11.822181359278304,151902283.9457015,-0.9454417755275999,0.2533102570345573,0.2048749930282023
285,2026-07-28T01:07:36.681427Z,sun,39.759062,-104.62011683333333,1672.4,285.22302538287363,11.543643694756023,151902297.6253177,-0.9453933672206729,0.2572657066703169,0.20011431079905367
286,2026-07-28T01:09:06.704871Z,sun,39.759062,-104.62011683333333,1672.4,285.4473486294057,11.265402159229213,151902311.30226585,-0.9453044389484169,0.26122087370281977,0.19535396808448596
287,2026-07-28T01:10:36.728315Z,sun,39.759062,-104.62011683333333,1672.4,285.67184295187576,10.987461236511797,151902324.97524294,-0.9451749944289901,0.2651755884373366,0.1905941688590464
288,2026-07-28T01:12:06.751758Z,sun,39.759062,-104.62011683333333,1672.4,285.89651821131895,10.709825428799736,151902338.64294636,-0.9450050391188949,0.2691296811982467,0.18583511707431902
289,2026-07-28T01:13:36.775202Z,sun,39.759062,-104.62011683333333,1672.4,286.121384233636,10.43249924804736,151902352.30407393,-0.9447945802050592,0.27308298246801677,0.18107701649165356
290,2026-07-28T01:15:06.798645Z,sun,39.759062,-104.62011683333333,1672.4,286.34645079345717,10.155487238149423,151902365.95732328,-0.9445436266188625,0.2770353225871273,0.17632007104335368
291,2026-07-28T01:16:36.822089Z,sun,39.759062,-104.62011683333333,1672.4,286.57172763542076,9.878793950908422,151902379.60139278,-0.9442521890170608,0.280986532112531,0.17156448440123734
292,2026-07-28T01:18:06.845533Z,sun,39.759062,-104.62011683333333,1672.4,286.7972244579532,9.602423968179117,151902393.23498085,-0.9439202797997119,0.28493644151766795,0.16681046033772
293,2026-07-28T01:19:36.868976Z,sun,39.759062,-104.62011683333333,1672.4,287.0229509219933,9.326381893222294,151902406.8567863,-0.9435479131033083,0.2888848813314643,0.16205820255851835
294,2026-07-28T01:21:06.892420Z,sun,39.759062,-104.62011683333333,1672.4,287.2489166597292,9.050672342121471,151902420.46550903,-0.9431351047857427,0.2928316822770696,0.15730791453568838
295,2026-07-28T01:22:36.915864Z,sun,39.759062,-104.62011683333333,1672.4,287.4751312607328,8.775299962769147,151902434.05984858,-0.9426818724504424,0.29677667501602745,0.1525597998155442
296,2026-07-28T01:24:06.939307Z,sun,39.759062,-104.62011683333333,1672.4,287.7016042806106,8.500269426245154,151902447.63850558,-0.9421882354352306,0.3007196902871558,0.14781406185151535
297,2026-07-28T01:25:36.962751Z,sun,39.759062,-104.62011683333333,1672.4,287.92834524967657,8.225585418256,151902461.20018142,-0.9416542147930268,0.30466055904511946,0.14307090383737472
298,2026-07-28T01:27:06.986194Z,sun,39.759062,-104.62011683333333,1672.4,288.1553636564179,7.951252661096738,151902474.74357784,-0.94107983333045,0.30859911216114616,0.1383305290674653
299,2026-07-28T01:28:37.009638Z,sun,39.759062,-104.62011683333333,1672.4,288.3826689686945,7.677275889827374,151902488.26739764,-0.940465115559392,0.31253518078043535,0.1335931405065388
300,2026-07-28T01:30:07.033082Z,sun,39.759062,-104.62011683333333,1672.4,288.61027061712014,7.4036598741914625,151902501.77034438,-0.9398100877395017,0.3164685960231424,0.12885894114965868
301,2026-07-28T01:31:37.056525Z,sun,39.759062,-104.62011683333333,1672.4,288.83817800360384,7.1304094100369815,151902515.25112215,-0.9391147778599366,0.32039918912297227,0.12412813385539963
302,2026-07-28T01:33:07.079969Z,sun,39.759062,-104.62011683333333,1672.4,289.0664005099196,6.857529310808584,151902528.70843646,-0.9383792156129871,0.3243267915652211,0.11940092117971485
303,2026-07-28T01:34:37.103412Z,sun,39.759062,-104.62011683333333,1672.4,289.29494748091446,6.585024429353642,151902542.14099336,-0.937603432447971,0.3282512347885457,0.11467750573490129
304,2026-07-28T01:36:07.126856Z,sun,39.759062,-104.62011683333333,1672.4,289.5238282456877,6.312899634252814,151902555.54750043,-0.936787461504543,0.33217235054109234,0.10995808976096354
305,2026-07-28T01:37:37.150300Z,sun,39.759062,-104.62011683333333,1672.4,289.75305210070866,6.041159831584465,151902568.9266658,-0.9359313376704611,0.3360899705825732,0.1052428754842169
306,2026-07-28T01:39:07.173743Z,sun,39.759062,-104.62011683333333,1672.4,289.98262831825866,5.7698099563965695,151902582.27719918,-0.9350350975562559,0.3400039268223807,0.10053206495105997
307,2026-07-28T01:40:37.197187Z,sun,39.759062,-104.62011683333333,1672.4,290.21256615491285,5.498854964252585,151902595.59781125,-0.9340987794617966,0.3439140514570169,0.09582585986257612
308,2026-07-28T01:42:07.220630Z,sun,39.759062,-104.62011683333333,1672.4,290.44287483447096,5.228299852879878,151902608.88721392,-0.9331224234454334,0.3478201766731363,0.09112446193196133
309,2026-07-28T01:43:37.244074Z,sun,39.759062,-104.62011683333333,1672.4,290.67356356914416,4.958149638661424,151902622.14412063,-0.9321060712390994,0.3517221350021103,0.08642807245778625
310,2026-07-28T01:45:07.267518Z,sun,39.759062,-104.62011683333333,1672.4,290.9046415423912,4.688409378240682,151902635.36724606,-0.93104976632131,0.3556197590234462,0.08173689268096788
311,2026-07-28T01:46:37.290961Z,sun,39.759062,-104.62011683333333,1672.4,291.13611791727067,4.419084160048796,151902648.55530602,-0.9299535538847753,0.35951288150229405,0.07705112361928193
312,2026-07-28T01:48:07.314405Z,sun,39.759062,-104.62011683333333,1672.4,291.36800184485156,4.150179095901913,151902661.7070185,-0.9288174807959122,0.36340133552621684,0.07237096590275142
313,2026-07-28T01:49:37.337848Z,sun,39.759062,-104.62011683333333,1672.4,291.6003024468328,3.8816993425020136,151902674.8211023,-0.927641595679239,0.3672849542095609,0.06769662012948613
314,2026-07-28T01:51:07.361292Z,sun,39.759062,-104.62011683333333,1672.4,291.83302883678044,3.6136500780763106,151902687.8962782,-0.9264259488142593,0.37116357104641573,0.06302828644086411
315,2026-07-28T01:52:37.384736Z,sun,39.759062,-104.62011683333333,1672.4,292.066190102648,3.3460365238323675,151902700.93126863,-0.925170592223695,0.3750370196154359,0.058366164876823695
316,2026-07-28T01:54:07.408179Z,sun,39.759062,-104.62011683333333,1672.4,292.2997953150574,3.0788639355337257,151902713.92479742,-0.9238755796340284,0.3789051337167451,0.05371045521109703
317,2026-07-28T01:55:37.431623Z,sun,39.759062,-104.62011683333333,1672.4,292.5338535356274,2.8121375951715954,151902726.87559062,-0.922540966428083,0.38276774750763737,0.049061356787884924
318,2026-07-28T01:57:07.455066Z,sun,39.759062,-104.62011683333333,1672.4,292.76837379929896,2.5458628322685923,151902739.78237545,-0.9211668097444126,0.3866246952091597,0.04441906887504045
319,2026-07-28T01:58:37.478510Z,sun,39.759062,-104.62011683333333,1672.4,293.00336513559654,2.280045000728207,151902752.64388174,-0.9197531683562958,0.3904758114563501,0.03978379024251442
320,2026-07-28T02:00:07.501954Z,sun,39.759062,-104.62011683333333,1672.4,293.2388365508485,2.0146895000896414,151902765.45884073,-0.9183001027749357,0.394320931005359,0.03515571951488936
321,2026-07-28T02:01:37.525397Z,sun,39.759062,-104.62011683333333,1672.4,293.47479703638373,1.7498017671754154,151902778.22598565,-0.9168076752030598,0.39815988886931813,0.030535055007854996
322,2026-07-28T02:03:07.548841Z,sun,39.759062,-104.62011683333333,1672.4,293.7112555767961,1.4853872678285127,151902790.94405192,-0.9152759494805629,0.40199252045301515,0.025921994566122843
323,2026-07-28T02:04:37.572284Z,sun,39.759062,-104.62011683333333,1672.4,293.9482211319349,1.2214515180282928,151902803.6117769,-0.9137049911988794,0.40581866126169147,0.021316735913930483
324,2026-07-28T02:06:07.595728Z,sun,39.759062,-104.62011683333333,1672.4,294.18570265823115,0.9580000609351323,151902816.22790036,-0.9120948675620955,0.40963814724858344,0.01671947623675392
325,2026-07-28T02:07:37.619172Z,sun,39.759062,-104.62011683333333,1672.4,294.4237090905782,0.6950384879533957,151902828.79116395,-0.910445647505101,0.4134508145243441,0.012130412531052735
326,2026-07-28T02:09:07.642615Z,sun,39.759062,-104.62011683333333,1672.4,294.66224935045693,0.4325724304449045,151902841.3003115,-0.9087574016402518,0.41725649949187993,0.0075497414420012295
327,2026-07-28T02:10:37.666059Z,sun,39.759062,-104.62011683333333,1672.4,294.9013323541343,0.1706075515376666,151902853.75408962,-0.9070302021961478,0.4210550389798017,0.0029776591028678624
328,2026-07-28T02:12:07.689502Z,sun,39.759062,-104.62011683333333,1672.4,295.1409669942993,-0.09085043295879386,151902866.15124664,-0.9052641231468628,0.42484626995377195,-0.0015856385175440977
329,2026-07-28T02:13:37.712946Z,sun,39.759062,-104.62011683333333,1672.4,295.38116216146983,-0.35179577730622236,151902878.49053383,-0.9034592400553076,0.42863002986099974,-0.0061399560295233415
330,2026-07-28T02:15:07.736390Z,sun,39.759062,-104.62011683333333,1672.4,295.62192672550634,-0.6122226849733499,151902890.77070454,-0.9016156302062382,0.4324061563422115,-0.010685098275766558
331,2026-07-28T02:16:37.759833Z,sun,39.759062,-104.62011683333333,1672.4,295.8632695436695,-0.8721253168581027,151902902.99051473,-0.8997333725460147,0.4361744873653564,-0.015220870492288215
332,2026-07-28T02:18:07.783277Z,sun,39.759062,-104.62011683333333,1672.4,296.10519946875417,-1.1314977994040947,151902915.14872319,-0.8978125476145901,0.43993486135768106,-0.019747078467392508
333,2026-07-28T02:19:37.806721Z,sun,39.759062,-104.62011683333333,1672.4,296.34772533304374,-1.3903342067719375,151902927.24409088,-0.8958532376674684,0.44368711696158486,-0.024263528247789712
334,2026-07-28T02:21:07.830164Z,sun,39.759062,-104.62011683333333,1672.4,296.5908559563217,-1.6486285690158158,151902939.2753817,-0.8938555266113978,0.44743109316747814,-0.028770026298500558
335,2026-07-28T02:22:37.853608Z,sun,39.759062,-104.62011683333333,1672.4,296.8346001539684,-1.9063748801561529,151902951.24136227,-0.8918194999323023,0.4511666294450004,-0.03326637966079131
336,2026-07-28T02:24:07.877051Z,sun,39.759062,-104.62011683333333,1672.4,297.07896671797795,-2.163567077614328,151902963.1408018,-0.8897452448479736,0.4548935654591019,-0.03775239561041687
337,2026-07-28T02:25:37.900495Z,sun,39.759062,-104.62011683333333,1672.4,297.32396443851337,-2.420199064612542,151902974.97247264,-0.8876328501234529,0.4586117414087786,-0.04222788206532867
338,2026-07-28T02:27:07.923939Z,sun,39.759062,-104.62011683333333,1672.4,297.5696020847919,-2.6762646896706572,151902986.73514974,-0.8854824062274177,0.46232099774395485,-0.04669264724489807
339,2026-07-28T02:28:37.947382Z,sun,39.759062,-104.62011683333333,1672.4,297.8158884130246,-2.9317577547121783,151902998.42761102,-0.8832940052610961,0.4660211752969416,-0.05114649982812077
340,2026-07-28T02:30:07.970826Z,sun,39.759062,-104.62011683333333,1672.4,298.06283217444843,-3.1866720230616083,151903010.0486376,-0.881067740879515,0.46971211541208013,-0.05558924910966639
341,2026-07-28T02:31:37.994269Z,sun,39.759062,-104.62011683333333,1672.4,298.31044209592073,-3.4410011991167604,151903021.59701326,-0.878803708458655,0.47339365966516345,-0.06002070466213097
342,2026-07-28T02:33:08.017713Z,sun,39.759062,-104.62011683333333,1672.4,298.5587269015812,-3.6947389505179093,151903033.0715254,-0.8765020048935878,0.47706565019812,-0.06444067673888895
343,2026-07-28T02:34:38.041157Z,sun,39.759062,-104.62011683333333,1672.4,298.8076952933081,-3.9478788878881184,151903044.47096387,-0.8741627287692673,0.48072792943933995,-0.06884897593743501
344,2026-07-28T02:36:08.064600Z,sun,39.759062,-104.62011683333333,1672.4,299.0573559585805,-4.200414572867033,151903055.79412225,-0.8717859802827692,0.484380340233544,-0.0732454133556998
345,2026-07-28T02:37:38.088044Z,sun,39.759062,-104.62011683333333,1672.4,299.3077175784454,-4.452339526035317,151903067.0397974,-0.8693718611578968,0.48802272596978086,-0.07762980074609813
346,2026-07-28T02:39:08.111487Z,sun,39.759062,-104.62011683333333,1672.4,299.55878880765283,-4.7036472068334305,151903078.20678893,-0.8669204748267135,0.49165493030434765,-0.08200195018200922
347,2026-07-28T02:40:38.134931Z,sun,39.759062,-104.62011683333333,1672.4,299.8105782964486,-4.954331035506235,151903089.2939004,-0.8644319262104933,0.4952767974913027,-0.08636167445560222
348,2026-07-28T02:42:08.158375Z,sun,39.759062,-104.62011683333333,1672.4,300.06309467055394,-5.204384373086378,151903100.29993844,-0.8619063219049194,0.49888817210625624,-0.09070878674534213
349,2026-07-28T02:43:38.181818Z,sun,39.759062,-104.62011683333333,1672.4,300.316346538961,-5.453800529371273,151903111.22371304,-0.8593437700955773,0.5024888991747442,-0.09504310077051074
350,2026-07-28T02:45:08.205262Z,sun,39.759062,-104.62011683333333,1672.4,300.5703425018162,-5.702572770761939,151903122.06403816,-0.8567443804661496,0.5060788242982258,-0.09936443094286157
351,2026-07-28T02:46:38.228705Z,sun,39.759062,-104.62011683333333,1672.4,300.82509113008666,-5.950694300465833,151903132.8197307,-0.8541082643939344,0.5096577933811083,-0.10367259203801382
352,2026-07-28T02:48:08.252149Z,sun,39.759062,-104.62011683333333,1672.4,301.0806009874629,-6.198158280181613,151903143.48961177,-0.8514355347141088,0.5132256529563232,-0.10796739958735473
353,2026-07-28T02:49:38.275593Z,sun,39.759062,-104.62011683333333,1672.4,301.33688060985827,-6.4449578103724035,151903154.07250562,-0.8487263059188814,0.5167822499132703,-0.11224866955054487
354,2026-07-28T02:51:08.299036Z,sun,39.759062,-104.62011683333333,1672.4,301.5939385131149,-6.6910859381684755,151903164.56724048,-0.8459806940664985,0.5203274316243002,-0.11651621846775133
355,2026-07-28T02:52:38.322480Z,sun,39.759062,-104.62011683333333,1672.4,301.8517832008067,-6.9365356651325625,151903174.9726482,-0.8431988166830223,0.523861046068736,-0.12076986360893416
356,2026-07-28T02:54:08.345923Z,sun,39.759062,-104.62011683333333,1672.4,302.1104231433969,-7.181299927756665,151903185.2875645,-0.8403807929717357,0.5273829415641252,-0.1250094226503239
357,2026-07-28T02:55:38.369367Z,sun,39.759062,-104.62011683333333,1672.4,302.3698668002669,-7.425371618891898,151903195.51082915,-0.8375267435608474,0.5308929670867201,-0.12923471406019899
358,2026-07-28T02:57:08.392811Z,sun,39.759062,-104.62011683333333,1672.4,302.63012259869754,-7.668743568322384,151903205.64128542,-0.8346367907164765,0.5343909720037324,-0.13344555677656256
359,2026-07-28T02:58:38.416254Z,sun,39.759062,-104.62011683333333,1672.4,302.8911989414789,-7.911408550599165,151903215.6777807,-0.8317110582452526,0.537876806197812,-0.13764177035698022
360,2026-07-28T03:00:08.439698Z,sun,39.759062,-104.62011683333333,1672.4,303.15310421463533,-8.153359292741767,151903225.61916658,-0.828749671389687,0.5413503201890779,-0.14182317512546594
361,2026-07-28T03:01:38.463141Z,sun,39.759062,-104.62011683333333,1672.4,303.41584676602304,-8.394588455033698,151903235.46429837,-0.8257527570514532,0.5448113648706314,-0.14598959185408847
362,2026-07-28T03:03:08.486585Z,sun,39.759062,-104.62011683333333,1672.4,303.67943492751255,-8.63508865220914,151903245.21203586,-0.8227204435225649,0.548259791823881,-0.15014084214253268
363,2026-07-28T03:04:38.510029Z,sun,39.759062,-104.62011683333333,1672.4,303.94387699340683,-8.874852434341108,151903254.86124268,-0.8196528607120966,0.5516954530552302,-0.15427674810113423
364,2026-07-28T03:06:08.533472Z,sun,39.759062,-104.62011683333333,1672.4,304.20918122795337,-9.11387229461297,151903264.41078657,-0.8165501400424338,0.5551182011184875,-0.15839713249821183
365,2026-07-28T03:07:38.556916Z,sun,39.759062,-104.62011683333333,1672.4,304.47535587296744,-9.35214067694525,151903273.85954002,-0.8134124143385244,0.5585278892345638,-0.1625018189041453
366,2026-07-28T03:09:08.580359Z,sun,39.759062,-104.62011683333333,1672.4,304.742409125877,-9.589649957149563,151903283.2063792,-0.8102398180643621,0.5619243710320393,-0.16659063137906793
367,2026-07-28T03:10:38.603803Z,sun,39.759062,-104.62011683333333,1672.4,305.01034916201496,-9.826392463823113,151903292.45018515,-0.807032487038467,0.5653075008563604,-0.1706633948450654
368,2026-07-28T03:12:08.627247Z,sun,39.759062,-104.62011683333333,1672.4,305.27918411247657,-10.062360459603767,151903301.5898431,-0.8037905586737234,0.5686771335116859,-0.17471993477538839
369,2026-07-28T03:13:38.650690Z,sun,39.759062,-104.62011683333333,1672.4,305.5489220715141,-10.297546148874888,151903310.6242424,-0.8005141718675244,0.5720331243809381,-0.17876007733896837
370,2026-07-28T03:15:08.674134Z,sun,39.759062,-104.62011683333333,1672.4,305.81957110405716,-10.53194168532839,151903319.55227748,-0.7972034668849465,0.5753753295431249,-0.18278364954164372
371,2026-07-28T03:16:38.697577Z,sun,39.759062,-104.62011683333333,1672.4,306.0911392231584,-10.765539153486385,151903328.3728467,-0.7938585856083739,0.5787036055190217,-0.18679047891998354
372,2026-07-28T03:18:08.721021Z,sun,39.759062,-104.62011683333333,1672.4,306.3636344124229,-10.998330589321073,151903337.08485365,-0.7904796712373059,0.5820178095742312,-0.1907803939061215
373,2026-07-28T03:19:38.744465Z,sun,39.759062,-104.62011683333333,1672.4,306.63706460325506,-11.230307961885513,151903345.68720594,-0.7870668685412909,0.5853177994661879,-0.1947532235231699
374,2026-07-28T03:21:08.767908Z,sun,39.759062,-104.62011683333333,1672.4,306.91143768213715,-11.4614631809649,151903354.17881614,-0.7836203237439774,0.588603433561852,-0.19870879752689005
375,2026-07-28T03:22:38.791352Z,sun,39.759062,-104.62011683333333,1672.4,307.1867614980402,-11.691788104581844,151903362.55860162,-0.7801401844003406,0.5918745709525193,-0.20264694654391832
376,2026-07-28T03:24:08.814796Z,sun,39.759062,-104.62011683333333,1672.4,307.4630438423115,-11.921274523455669,151903370.82548437,-0.7766265996199979,0.59513107124095,-0.20656750181545666
377,2026-07-28T03:25:38.838239Z,sun,39.759062,-104.62011683333333,1672.4,307.74029245587894,-12.149914168624132,151903378.97839108,-0.7730797199476922,0.5983727946575532,-0.21047029533715078
378,2026-07-28T03:27:08.861683Z,sun,39.759062,-104.62011683333333,1672.4,308.0185150365988,-12.37769871892086,151903387.01625365,-0.7694996972369356,0.6015996021737099,-0.21435515999550483
379,2026-07-28T03:28:38.885126Z,sun,39.759062,-104.62011683333333,1672.4,308.297719215666,-12.604619783133442,151903394.93800864,-0.7658866849202839,0.6048113552560181,-0.21822192927200623
380,2026-07-28T03:30:08.908570Z,sun,39.759062,-104.62011683333333,1672.4,308.5779125802906,-12.83066892018666,151903402.7425975,-0.7622408376845436,0.6080079161590559,-0.22207043759556958
381,2026-07-28T03:31:38.932014Z,sun,39.759062,-104.62011683333333,1672.4,308.8591026498974,-13.055837621426743,151903410.42896706,-0.758562311744222,0.6111891476810765,-0.2259005200484075
382,2026-07-28T03:33:08.955457Z,sun,39.759062,-104.62011683333333,1672.4,309.1412968832127,-13.28011731820612,151903417.9960686,-0.7548512647160386,0.61435491327771,-0.22971201250290424
383,2026-07-28T03:34:38.978901Z,sun,39.759062,-104.62011683333333,1672.4,309.4245026854858,-13.503499389308537,151903425.44285893,-0.7511078554869256,0.6175050771724987,-0.233504751754687
384,2026-07-28T03:36:09.002344Z,sun,39.759062,-104.62011683333333,1672.4,309.7087273842397,-13.725975143560897,151903432.76829994,-0.74733224449658,0.6206395041170735,-0.23727857523387366
385,2026-07-28T03:37:39.025788Z,sun,39.759062,-104.62011683333333,1672.4,309.99397825208587,-13.947535839720127,151903439.97135857,-0.7435245933980513,0.6237580596767887,-0.2410333213489583
386,2026-07-28T03:39:09.049232Z,sun,39.759062,-104.62011683333333,1672.4,310.2802624822556,-14.168172669220775,151903447.05100697,-0.7396850653434082,0.6268606099924009,-0.24476882919986592
387,2026-07-28T03:40:39.072675Z,sun,39.759062,-104.62011683333333,1672.4,310.56758719555495,-14.387876763723218,151903454.00622264,-0.7358138248525612,0.6299470218910244,-0.24848493871153138
388,2026-07-28T03:42:09.096119Z,sun,39.759062,-104.62011683333333,1672.4,310.85595944746825,-14.606639202501968,151903460.83598846,-0.731911037675648,0.6330171629938677,-0.2521814907635991
389,2026-07-28T03:43:39.119562Z,sun,39.759062,-104.62011683333333,1672.4,311.1453862032123,-14.824450995533317,151903467.5392924,-0.7279768710877436,0.6360709014824291,-0.25585832690891386
390,2026-07-28T03:45:09.143006Z,sun,39.759062,-104.62011683333333,1672.4,311.4358743607173,-15.041303103096562,151903474.11512822,-0.7240114935349719,0.6391081063768981,-0.2595152897087086
391,2026-07-28T03:46:39.166450Z,sun,39.759062,-104.62011683333333,1672.4,311.7274307254578,-15.257186419008796,151903480.56249472,-0.7200150749322435,0.6421286473039282,-0.26315222245298087
392,2026-07-28T03:48:09.189893Z,sun,39.759062,-104.62011683333333,1672.4,312.0200620172811,-15.472091778149206,151903486.88039628,-0.7159877865264904,0.6451323946047695,-0.26676896929068217
393,2026-07-28T03:49:39.213337Z,sun,39.759062,-104.62011683333333,1672.4,312.3137748774024,-15.686009963826601,151903493.06784302,-0.7119298007534652,0.6481192194401693,-0.27036537535601113
394,2026-07-28T03:51:09.236780Z,sun,39.759062,-104.62011683333333,1672.4,312.6085758427277,-15.89893169136256,151903499.12385044,-0.7078412915445764,0.65108899356264,-0.2739412864941944
395,2026-07-28T03:52:39.260224Z,sun,39.759062,-104.62011683333333,1672.4,312.9044713690405,-16.110847627424718,151903505.04743978,-0.7037224339585297,0.6540415895875924,-0.2774965495879508
396,2026-07-28T03:54:09.283668Z,sun,39.759062,-104.62011683333333,1672.4,313.20146780509464,-16.321748373766177,151903510.83763766,-0.6995734044911608,0.6569768807672072,-0.28103101228518806
397,2026-07-28T03:55:39.307111Z,sun,39.759062,-104.62011683333333,1672.4,313.4995713993418,-16.531624474750217,151903516.4934767,-0.6953943809329657,0.6598947410958181,-0.28454452312589057
398,2026-07-28T03:57:09.330555Z,sun,39.759062,-104.62011683333333,1672.4,313.7987883068048,-16.740466424691828,151903522.01399502,-0.6911855422207643,0.6627950454116465,-0.2880369316646071
399,2026-07-28T03:58:39.353998Z,sun,39.759062,-104.62011683333333,1672.4,314.0991245626931,-16.94826465199843,151903527.3982367,-0.6869470687558632,0.6656776691757303,-0.29150808820424523
400,2026-07-28T04:00:09.377442Z,sun,39.759062,-104.62011683333333,1672.4,314.40058610577364,-17.155009538200915,151903532.64525148,-0.6826791420222025,0.6685424887350747,-0.2949578441129206
401,2026-07-28T04:01:39.400886Z,sun,39.759062,-104.62011683333333,1672.4,314.70317875175476,-17.360691402262596,151903537.75409517,-0.6783819449074554,0.6713893811032235,-0.2983860515597346
402,2026-07-28T04:03:09.424329Z,sun,39.759062,-104.62011683333333,1672.4,315.0069081999048,-17.565300508098453,151903542.7238292,-0.6740556615553029,0.6742182240625679,-0.3017925636379401
403,2026-07-28T04:04:39.447773Z,sun,39.759062,-104.62011683333333,1672.4,315.3117800398299,-17.768827071911108,151903547.55352122,-0.6697004772119594,0.6770288962629186,-0.3051772344836493
404,2026-07-28T04:06:09.471216Z,sun,39.759062,-104.62011683333333,1672.4,315.6177997246547,-17.971261356915853,151903552.24224448,-0.6653165781377928,0.6798212765871875,-0.3085399208439402
405,2026-07-28T04:07:39.494660Z,sun,39.759062,-104.62011683333333,1672.4,315.9249725934785,-18.172593252494323,151903556.78907874,-0.6609041528791958,0.6825952460781098,-0.3118804750839613
406,2026-07-28T04:09:09.518104Z,sun,39.759062,-104.62011683333333,1672.4,316.2333038457498,-18.372812917863516,151903561.1931093,-0.6564633901059787,0.6853506852306848,-0.31519875587380825
407,2026-07-28T04:10:39.541547Z,sun,39.759062,-104.62011683333333,1672.4,316.54279854666396,-18.571910350840646,151903565.45342806,-0.6519944801178048,0.688087475746291,-0.31849462101738985
408,2026-07-28T04:12:09.564991Z,sun,39.759062,-104.62011683333333,1672.4,316.8534616341537,-18.76987550477226,151903569.56913263,-0.6474976142718875,0.690805500216344,-0.32176792938865234
409,2026-07-28T04:13:39.588434Z,sun,39.759062,-104.62011683333333,1672.4,317.1652978910722,-18.96669827388459,151903573.539327,-0.642972985323127,0.693504641915002,-0.3250185406819292
410,2026-07-28T04:15:09.611878Z,sun,39.759062,-104.62011683333333,1672.4,317.47831196904986,-19.162368511727003,151903577.36312136,-0.6384207870160804,0.6961847850458027,-0.32824631570894763
411,2026-07-28T04:16:39.635322Z,sun,39.759062,-104.62011683333333,1672.4,317.7925083604593,-19.356876016716246,151903581.03963217,-0.6338412144278519,0.6988458145361369,-0.3314511161513101
412,2026-07-28T04:18:09.658765Z,sun,39.759062,-104.62011683333333,1672.4,318.10789140488856,-19.55021053968025,151903584.56798205,-0.6292344638103727,0.7014876161330599,-0.33463280467585604
413,2026-07-28T04:19:39.682209Z,sun,39.759062,-104.62011683333333,1672.4,318.42446529582526,-19.742361791225434,151903587.9473001,-0.6246007324268774,0.7041100764953979,-0.3377912450455949
414,2026-07-28T04:21:09.705653Z,sun,39.759062,-104.62011683333333,1672.4,318.74223405567767,-19.933319429857416,151903591.17672175,-0.6199402188507115,0.7067130830224078,-0.34092630191332446
415,2026-07-28T04:22:39.729096Z,sun,39.759062,-104.62011683333333,1672.4,319.06120154224755,-20.12307306954998,151903594.2553887,-0.615253122804533,0.7092965239476728,-0.34403784093471274
416,2026-07-28T04:24:09.752540Z,sun,39.759062,-104.62011683333333,1672.4,319.38137145538985,-20.31161228711239,151903597.18244922,-0.6105396449943038,0.7118602884289674,-0.3471257288765221
417,2026-07-28T04:25:39.775983Z,sun,39.759062,-104.62011683333333,1672.4,319.70274730812264,-20.49892660862553,151903599.95705804,-0.6057999874657685,0.714404266352736,-0.3501898333811016
418,2026-07-28T04:27:09.799427Z,sun,39.759062,-104.62011683333333,1672.4,320.0253324509745,-20.68500552739145,151903602.5783763,-0.6010343531770637,0.7169283485665693,-0.35323002324638314
419,2026-07-28T04:28:39.822871Z,sun,39.759062,-104.62011683333333,1672.4,320.34913004290513,-20.869838490585618,151903605.04557183,-0.5962429463577377,0.7194324266855749,-0.35624616819265426
420,2026-07-28T04:30:09.846314Z,sun,39.759062,-104.62011683333333,1672.4,320.6741430577914,-21.053414906855373,151903607.35781893,-0.5914259723433792,0.7219163931827807,-0.35923813897142537
421,2026-07-28T04:31:39.869758Z,sun,39.759062,-104.62011683333333,1672.4,321.00037429112604,-21.23572415371799,151903609.5142986,-0.586583637405064,0.7243801414754902,-0.3622058074694453
422,2026-07-28T04:33:09.893201Z,sun,39.759062,-104.62011683333333,1672.4,321.32782633050385,-21.416755564719054,151903611.5141984,-0.5817161491156642,0.7268235657373262,-0.3651490464822839
423,2026-07-28T04:34:39.916645Z,sun,39.759062,-104.62011683333333,1672.4,321.6565015803668,-21.596498447072424,151903613.35671264,-0.5768237159107726,0.7292465611216372,-0.36806772998342907
424,2026-07-28T04:36:09.940089Z,sun,39.759062,-104.62011683333333,1672.4,321.98640223232445,-21.77494206904611,151903615.04104233,-0.571906547457451,0.7316490235754904,-0.370961732900214
425,2026-07-28T04:37:39.963532Z,sun,39.759062,-104.62011683333333,1672.4,322.3175302717253,-21.95207566760328,151903616.5663952,-0.5669648544843358,0.7340308499265512,-0.37383093121846
426,2026-07-28T04:39:09.986976Z,sun,39.759062,-104.62011683333333,1672.4,322.64988748446495,-22.127888455837986,151903617.93198586,-0.5619988486066643,0.7363919379658678,-0.37667520208218813
427,2026-07-28T04:40:40.010419Z,sun,39.759062,-104.62011683333333,1672.4,322.9834754268983,-22.302369610884607,151903619.13703567,-0.5570087427022065,0.7387321862675905,-0.37949442357643853
428,2026-07-28T04:42:10.033863Z,sun,39.759062,-104.62011683333333,1672.4,323.31829545107325,-22.475508291246047,151903620.18077296,-0.5519947504607376,0.741051494403186,-0.3822884749853086
429,2026-07-28T04:43:40.057307Z,sun,39.759062,-104.62011683333333,1672.4,323.6543486745069,-22.64729362494049,151903621.06243262,-0.5469570867623149,0.7433497627631515,-0.38505723657717156
430,2026-07-28T04:45:10.080750Z,sun,39.759062,-104.62011683333333,1672.4,323.9916359869296,-22.817714717192235,151903621.7812569,-0.5418959675029097,0.7456268926403492,-0.38780058970504744
431,2026-07-28T04:46:40.104194Z,sun,39.759062,-104.62011683333333,1672.4,324.3301580572706,-22.98676065790116,151903622.33649474,-0.5368116094153969,0.7478827863090314,-0.3905184169018039
432,2026-07-28T04:48:10.127637Z,sun,39.759062,-104.62011683333333,1672.4,324.66991530309963,-23.154420510347503,151903622.72740212,-0.5317042304543325,0.7501173468526106,-0.39321060167264876
433,2026-07-28T04:49:40.151081Z,sun,39.759062,-104.62011683333333,1672.4,325.0109079164082,-23.32068332817765,151903622.95324194,-0.5265740493349307,0.7523304783682235,-0.3958770287415702
434,2026-07-28T04:51:10.174525Z,sun,39.759062,-104.62011683333333,1672.4,325.35313583295243,-23.48553814435459,151903623.01328453,-0.5214212859200856,0.7545220857965411,-0.39851758384628566
435,2026-07-28T04:52:40.197968Z,sun,39.759062,-104.62011683333333,1672.4,325.6965987392513,-23.648973978890858,151903622.90680683,-0.5162461610419123,0.7566920750013717,-0.4011321538341278
436,2026-07-28T04:54:10.221412Z,sun,39.759062,-104.62011683333333,1672.4,326.0412960798524,-23.810979846353593,151903622.63309306,-0.5110488963187703,0.7588403528449023,-0.40372062675269776
437,2026-07-28T04:55:40.244855Z,sun,39.759062,-104.62011683333333,1672.4,326.3872270263905,-23.97154474538539,151903622.19143468,-0.5058297145486514,0.7609668270236191,-0.40628289165215326
438,2026-07-28T04:57:10.268299Z,sun,39.759062,-104.62011683333333,1672.4,326.7343905040329,-24.13065767533608,151903621.58113027,-0.5005888392379332,0.7630714062631074,-0.4088188388199136
439,2026-07-28T04:58:40.291743Z,sun,39.759062,-104.62011683333333,1672.4,327.08278516048233,-24.288307626035504,151903620.8014855,-0.4953264949969034,0.7651540001560585,-0.4113283595854593
440,2026-07-28T05:00:10.315186Z,sun,39.759062,-104.62011683333333,1672.4,327.43240937334264,-24.444483585564544,151903619.85181358,-0.49004290735733513,0.7672145192380865,-0.41381134641167355
441,2026-07-28T05:01:40.338630Z,sun,39.759062,-104.62011683333333,1672.4,327.78326125777653,-24.599174547787626,151903618.7314346,-0.4847383025857242,0.7692528750591138,-0.41626769298084904
442,2026-07-28T05:03:10.362073Z,sun,39.759062,-104.62011683333333,1672.4,328.1353386352909,-24.75236950270912,151903617.43967614,-0.4794129080849433,0.7712689800275848,-0.4186972940069554
443,2026-07-28T05:04:40.385517Z,sun,39.759062,-104.62011683333333,1672.4,328.48863906097387,-24.904057452729983,151903615.97587305,-0.47406695191309817,0.7732627475953621,-0.4211000454584343
444,2026-07-28T05:06:10.408961Z,sun,39.759062,-104.62011683333333,1672.4,328.8431597922662,-25.054227403255236,151903614.33936766,-0.46870066318735026,0.7752340921040207,-0.42347584437296154
445,2026-07-28T05:07:40.432404Z,sun,39.759062,-104.62011683333333,1672.4,329.19889779682,-25.202868370491316,151903612.52950945,-0.4633142718976511,0.7771829288568268,-0.42582458894417313
446,2026-07-28T05:09:10.455848Z,sun,39.759062,-104.62011683333333,1672.4,329.55584976068286,-25.34996938899556,151903610.54565558,-0.457908008716255,0.779109174186235,-0.4281461786030059
447,2026-07-28T05:10:40.479291Z,sun,39.759062,-104.62011683333333,1672.4,329.91401205693035,-25.49551950287685,151903608.38717034,-0.4524821054073805,0.7810127453065088,-0.4304405138400598
448,2026-07-28T05:12:10.502735Z,sun,39.759062,-104.62011683333333,1672.4,330.273380773819,-25.63950778164285,151903606.05342567,-0.4470367943367192,0.7828935604884919,-0.4327074964162302
449,2026-07-28T05:13:40.526179Z,sun,39.759062,-104.62011683333333,1672.4,330.63395168347756,-25.781923311659426,151903603.54380104,-0.4415723088829075,0.7847515389144415,-0.4349470291877321
450,2026-07-28T05:15:10.549622Z,sun,39.759062,-104.62011683333333,1672.4,330.99572025038805,-25.922755203950093,151903600.85768333,-0.4360888832477162,0.7865866007460561,-0.43715901618807335
451,2026-07-28T05:16:40.573066Z,sun,39.759062,-104.62011683333333,1672.4,331.3586816402193,-26.061992601734676,151903597.99446687,-0.43058675226219867,0.7883986671879505,-0.4393433627045653
452,2026-07-28T05:18:10.596510Z,sun,39.759062,-104.62011683333333,1672.4,331.7228306925211,-26.199624674007136,151903594.95355377,-0.4250661517422572,0.7901876603686744,-0.4414999751348905
453,2026-07-28T05:19:40.619953Z,sun,39.759062,-104.62011683333333,1672.4,332.0881619296602,-26.33564062332795,151903591.7343537,-0.4195273182965864,0.7919535034064064,-0.4436287610662699
454,2026-07-28T05:21:10.643397Z,sun,39.759062,-104.62011683333333,1672.4,332.4546695660989,-26.470029693336336,151903588.33628365,-0.41397048913110035,0.7936961204699197,-0.4457296293489545
455,2026-07-28T05:22:40.666840Z,sun,39.759062,-104.62011683333333,1672.4,332.8223474771251,-26.60278116132404,151903584.75876868,-0.4083959024700089,0.7954154366451511,-0.44780248993536254
456,2026-07-28T05:24:10.690284Z,sun,39.759062,-104.62011683333333,1672.4,333.1911892287361,-26.733884353329664,151903581.00124127,-0.402803797051681,0.797111378093315,-0.44984725407067266
457,2026-07-28T05:25:40.713728Z,sun,39.759062,-104.62011683333333,1672.4,333.5611880465134,-26.86332863695939,151903577.06314152,-0.39719441255153537,0.7987838719196808,-0.4518638341346246
458,2026-07-28T05:27:10.737171Z,sun,39.759062,-104.62011683333333,1672.4,333.9323368254101,-26.991103429128373,151903572.94391754,-0.3915679893867599,0.8004328462352029,-0.45385214371579446
459,2026-07-28T05:28:40.760615Z,sun,39.759062,-104.62011683333333,1672.4,334.3046281399147,-27.117198203508828,151903568.64302492,-0.385924768517608,0.80205823021339,-0.45581209768016856
460,2026-07-28T05:30:10.784058Z,sun,39.759062,-104.62011683333333,1672.4,334.6780542130312,-27.241602483944412,151903564.1599271,-0.3802649918753019,0.8036599539657027,-0.45774361202087926
461,2026-07-28T05:31:40.807502Z,sun,39.759062,-104.62011683333333,1672.4,335.05260694743856,-27.36430585900948,151903559.49409524,-0.37458890184981414,0.8052379486890953,-0.45964660403610974
462,2026-07-28T05:33:10.830946Z,sun,39.759062,-104.62011683333333,1672.4,335.4282778946845,-27.48529797566204,151903554.6450084,-0.36889674171939485,0.8067921465436828,-0.46152099218155906
463,2026-07-28T05:34:40.854389Z,sun,39.759062,-104.62011683333333,1672.4,335.80505826597243,-27.604568546890537,151903549.6121535,-0.3631887554522157,0.8083224807102499,-0.4633666961397833
464,2026-07-28T05:36:10.877833Z,sun,39.759062,-104.62011683333333,1672.4,336.1829389433369,-27.722107359043953,151903544.3950252,-0.3574651875049896,0.8098288854429011,-0.46518363688368397
465,2026-07-28T05:37:40.901276Z,sun,39.759062,-104.62011683333333,1672.4,336.5619104490774,-27.837904266080113,151903538.993126,-0.35172628325663163,0.8113112959535863,-0.46697173653722135
466,2026-07-28T05:39:10.924720Z,sun,39.759062,-104.62011683333333,1672.4,336.94196297827153,-27.951949203505585,151903533.40596652,-0.34597228848929396,0.812769648548698,-0.46873091854016474
467,2026-07-28T05:40:40.948164Z,sun,39.759062,-104.62011683333333,1672.4,337.3230863684852,-28.064232182848627,151903527.63306493,-0.34020344982350714,0.8142038805159084,-0.4704611075115783
468,2026-07-28T05:42:10.971607Z,sun,39.759062,-104.62011683333333,1672.4,337.705270111684,-28.17474329915009,151903521.6739478,-0.33442001451717146,0.8156139301774457,-0.4721622293140734
469,2026-07-28T05:43:40.995051Z,sun,39.759062,-104.62011683333333,1672.4,338.0885033665649,-28.283472738121887,151903515.52814934,-0.32862223026154846,0.8169997369385107,-0.4738342111122097
470,2026-07-28T05:45:11.018494Z,sun,39.759062,-104.62011683333333,1672.4,338.47277492857427,-28.390410771188257,151903509.1952118,-0.32281034562062627,0.818361241180937,-0.47547698124419024
471,2026-07-28T05:46:41.041938Z,sun,39.759062,-104.62011683333333,1672.4,338.85807326392774,-28.495547768742643,151903502.67468536,-0.31698460950539786,0.8196983843888618,-0.4770904693734726
472,2026-07-28T05:48:11.065382Z,sun,39.759062,-104.62011683333333,1672.4,339.24438647996067,-28.598874195395055,151903495.9661283,-0.3111452716146037,0.8210111090447207,-0.47867460636327086
473,2026-07-28T05:49:41.088825Z,sun,39.759062,-104.62011683333333,1672.4,339.6317023382998,-28.7003806172455,151903489.06910717,-0.30529258223107764,0.822299358678298,-0.4802293243357184
474,2026-07-28T05:51:11.112269Z,sun,39.759062,-104.62011683333333,1672.4,340.02000826846603,-28.80005770880245,151903481.98319596,-0.29942679201537975,0.8235630779108404,-0.48175455672510414
475,2026-07-28T05:52:41.135712Z,sun,39.759062,-104.62011683333333,1672.4,340.40929133862153,-28.897896248774842,151903474.70797744,-0.29354815245038357,0.8248022123579715,-0.48325023816068846
476,2026-07-28T05:54:11.159156Z,sun,39.759062,-104.62011683333333,1672.4,340.7995382911928,-28.993887132561902,151903467.24304187,-0.2876569153093292,0.8260167087443039,-0.4847163046050228
477,2026-07-28T05:55:41.182600Z,sun,39.759062,-104.62011683333333,1672.4,341.1907355139925,-29.088021368227324,151903459.58798802,-0.2817533331017676,0.8272065148086944,-0.4861526932395806
478,2026-07-28T05:57:11.206043Z,sun,39.759062,-104.62011683333333,1672.4,341.58286905475416,-29.18029008348131,151903451.74242267,-0.2758376588674411,0.828371579349016,-0.48755934251878097
479,2026-07-28T05:58:41.229487Z,sun,39.759062,-104.62011683333333,1672.4,341.9759246361002,-29.270684532283173,151903443.70596057,-0.2699101459677581,0.829511852261932,-0.4889361922180053
480,2026-07-28T06:00:11.252930Z,sun,39.759062,-104.62011683333333,1672.4,342.3698876271411,-29.359196091332173,151903435.47822508,-0.26397104853512504,0.8306272844551654,-0.4902831833276605
481,2026-07-28T06:01:41.276374Z,sun,39.759062,-104.62011683333333,1672.4,342.7647430807564,-29.44581627169612,151903427.05884695,-0.258020620935476,0.831717827950904,-0.49160025817802605
482,2026-07-28T06:03:11.299818Z,sun,39.759062,-104.62011683333333,1672.4,343.16047570561375,-29.53053671546079,151903418.44746602,-0.2520591182187161,0.8327834358004628,-0.49288736033619257
483,2026-07-28T06:04:41.323261Z,sun,39.759062,-104.62011683333333,1672.4,343.55706988212665,-29.61334920233608,151903409.64372975,-0.24608679591049645,0.8338240621247037,-0.49414443465485247
484,2026-07-28T06:06:11.346705Z,sun,39.759062,-104.62011683333333,1672.4,343.9545096788471,-29.694245655860165,151903400.6472939,-0.24010390980175078,0.8348396621494225,-0.4953714273150508
485,2026-07-28T06:07:41.370148Z,sun,39.759062,-104.62011683333333,1672.4,344.35277882501106,-29.77321814052896,151903391.45782277,-0.23411071640227896,0.8358301921270764,-0.49656828573160616
486,2026-07-28T06:09:11.393592Z,sun,39.759062,-104.62011683333333,1672.4,344.7518607495067,-29.850258872467723,151903382.07498842,-0.2281074723982497,0.8367956094288831,-0.4977349586643738
487,2026-07-28T06:10:41.417036Z,sun,39.759062,-104.62011683333333,1672.4,345.15173855386024,-29.925360216690947,151903372.49847153,-0.22209443510681007,0.8377358724689518,-0.4988713961265681
488,2026-07-28T06:12:11.440479Z,sun,39.759062,-104.62011683333333,1672.4,345.5523950296515,-29.998514693246904,151903362.7279612,-0.21607186226586964,0.8386509407403292,-0.4999775494282918
489,2026-07-28T06:13:41.463923Z,sun,39.759062,-104.62011683333333,1672.4,345.9538126763505,-30.06971498293537,151903352.76315427,-0.21004001182194376,0.8395407748459616,-0.5010533712139656
490,2026-07-28T06:15:11.487367Z,sun,39.759062,-104.62011683333333,1672.4,346.35597367933224,-30.138953925768107,151903342.60375634,-0.20399914232038668,0.8404053364394156,-0.502098815390655
491,2026-07-28T06:16:41.510810Z,sun,39.759062,-104.62011683333333,1672.4,346.7588599281595,-30.206224526793076,151903332.24948126,-0.1979495126941574,0.8412445882582662,-0.5031138371684143
492,2026-07-28T06:18:11.534254Z,sun,39.759062,-104.62011683333333,1672.4,347.16245303528854,-30.271519961479715,151903321.70005098,-0.1918913820505362,0.8420584941524204,-0.5040983930945361
493,2026-07-28T06:19:41.557697Z,sun,39.759062,-104.62011683333333,1672.4,347.5667343101938,-30.3348335737274,151903310.95519617,-0.1858250101309707,0.8428470190210724,-0.5050524409772876
494,2026-07-28T06:21:11.581141Z,sun,39.759062,-104.62011683333333,1672.4,347.9716848010089,-30.396158884804045,151903300.0146553,-0.17975065676119684,0.8436101288865908,-0.5059759399752799
495,2026-07-28T06:22:41.604585Z,sun,39.759062,-104.62011683333333,1672.4,348.3772852690942,-30.455489591437672,151903288.8781758,-0.17366858231185692,0.8443477908339226,-0.5068688505241412
496,2026-07-28T06:24:11.628028Z,sun,39.759062,-104.62011683333333,1672.4,348.7835162087329,-30.51281957103719,151903277.5455132,-0.16757904748554425,0.8450599730395588,-0.5077311343715467
497,2026-07-28T06:25:41.651472Z,sun,39.759062,-104.62011683333333,1672.4,349.19035786721275,-30.56814288644938,151903266.01643133,-0.16148231310218034,0.8457466447953794,-0.5085627546060837
498,2026-07-28T06:27:11.674915Z,sun,39.759062,-104.62011683333333,1672.4,349.5977902199548,-30.621453784431456,151903254.2907026,-0.15537864056173026,0.8464077764552789,-0.5093636755926156
499,2026-07-28T06:28:41.698359Z,sun,39.759062,-104.62011683333333,1672.4,350.0057930136647,-30.672746703372912,151903242.3681076,-0.14926829129105823,0.8470433394974807,-0.5101338630477332
500,2026-07-28T06:30:11.721803Z,sun,39.759062,-104.62011683333333,1672.4,350.41434574188355,-30.722016271822884,151903230.2484354,-0.14315152720722624,0.847653306473634,-0.5108732839780862
501,2026-07-28T06:31:41.745246Z,sun,39.759062,-104.62011683333333,1672.4,350.82342766598794,-30.769257313018972,151903217.93148392,-0.13702861050322865,0.8482376510333003,-0.5115819067100239
502,2026-07-28T06:33:11.768690Z,sun,39.759062,-104.62011683333333,1672.4,351.23301783653517,-30.814464848931514,151903205.41705877,-0.13089980343227306,0.8487963479432904,-0.5122597009130474
503,2026-07-28T06:34:41.792133Z,sun,39.759062,-104.62011683333333,1672.4,351.64309506932636,-30.857634099131825,151903192.70497462,-0.12476536877295909,0.8493293730440108,-0.5129066375468495
504,2026-07-28T06:36:11.815577Z,sun,39.759062,-104.62011683333333,1672.4,352.05363798992454,-30.89876048720993,151903179.7950542,-0.1186255692732366,0.8498367033001613,-0.513522688922811
505,2026-07-28T06:37:41.839021Z,sun,39.759062,-104.62011683333333,1672.4,352.46462501008676,-30.93783963966997,151903166.6871288,-0.11248066811614943,0.850318316759553,-0.5141078286540139
506,2026-07-28T06:39:11.862464Z,sun,39.759062,-104.62011683333333,1672.4,352.8760343499323,-30.974867389689425,151903153.3810386,-0.10633092870426857,0.8507741925731103,-0.5146620316794898
507,2026-07-28T06:40:41.885908Z,sun,39.759062,-104.62011683333333,1672.4,353.2878440603864,-31.009839780373614,151903139.8766314,-0.10017661444316682,0.8512043110096742,-0.5151852742822244
508,2026-07-28T06:42:11.909351Z,sun,39.759062,-104.62011683333333,1672.4,353.70003200005254,-31.042753063957107,151903126.17376432,-0.09401798920874802,0.8516086534220993,-0.5156775340479187
509,2026-07-28T06:43:41.932795Z,sun,39.759062,-104.62011683333333,1672.4,354.11257588090626,-31.07360370683926,151903112.27230224,-0.08785531678862027,0.8519872022863058,-0.5161387899124855
510,2026-07-28T06:45:11.956239Z,sun,39.759062,-104.62011683333333,1672.4,354.5254532454715,-31.102388388789283,151903098.17211902,-0.08168886134987743,0.8523399411698543,-0.516569022123791
511,2026-07-28T06:46:41.979682Z,sun,39.759062,-104.62011683333333,1672.4,354.93864148995,-31.12910400586619,151903083.87309706,-0.07551888722257895,0.85266685474743,-0.5169682122604721
512,2026-07-28T06:48:12.003126Z,sun,39.759062,-104.62011683333333,1672.4,355.35211788754907,-31.153747672818046,151903069.37512678,-0.06934565868273639,0.8529679288110973,-0.517336343244474
513,2026-07-28T06:49:42.026569Z,sun,39.759062,-104.62011683333333,1672.4,355.7658595660464,-31.17631672256711,151903054.67810762,-0.06316944042069773,0.8532431502462183,-0.5176733993116173
514,2026-07-28T06:51:12.050013Z,sun,39.759062,-104.62011683333333,1672.4,356.17984355434606,-31.196808709793263,151903039.78194705,-0.05699049698138913,0.8534925070587639,-0.5179793660449807
515,2026-07-28T06:52:42.073457Z,sun,39.759062,-104.62011683333333,1672.4,356.59404676026924,-31.215221410404286,151903024.68656144,-0.05080909323300791,0.8537159883537185,-0.5182542303484585
516,2026-07-28T06:54:12.096900Z,sun,39.759062,-104.62011683333333,1672.4,357.00844599438597,-31.231552823560612,151903009.39187568,-0.04462549415003763,0.8539135843460121,-0.5184979804601085
517,2026-07-28T06:55:42.120344Z,sun,39.759062,-104.62011683333333,1672.4,357.42301799399297,-31.24580117316949,151902993.8978228,-0.0384399645957629,0.8540852863662323,-0.5187106059592261
518,2026-07-28T06:57:12.143787Z,sun,39.759062,-104.62011683333333,1672.4,357.83773940114713,-31.25796490761107,151902978.2043448,-0.03225276979166329,0.8542310868463576,-0.5188920977487097
519,2026-07-28T06:58:42.167231Z,sun,39.759062,-104.62011683333333,1672.4,358.25258680983,-31.2680427018248,151902962.31139177,-0.026064174756533425,0.8543509793353382,-0.5190424480743453
520,2026-07-28T07:00:12.190675Z,sun,39.759062,-104.62011683333333,1672.4,358.667536744117,-31.276033457007966,151902946.2189226,-0.019874444776047155,0.8544449584873227,-0.5191616505101674
521,2026-07-28T07:01:42.214118Z,sun,39.759062,-104.62011683333333,1672.4,359.08256568245287,-31.281936301708186,151902929.9269049,-0.013683845185317215,0.8545130200680426,-0.519249699966343
522,2026-07-28T07:03:12.237562Z,sun,39.759062,-104.62011683333333,1672.4,359.49765008199574,-31.285750592378676,151902913.43531418,-0.0074926411512408935,0.8545551609559694,-0.5193065926907687
523,2026-07-28T07:04:42.261005Z,sun,39.759062,-104.62011683333333,1672.4,359.91276635690167,-31.28747591331981,151902896.7441353,-0.0013010981423909533,0.8545713791378794,-0.5193323262632578
524,2026-07-28T07:06:12.284449Z,sun,39.759062,-104.62011683333333,1672.4,0.32789092578070445,-31.287112077239218,151902879.85336065,0.0048905186324428775,0.8545616737126885,-0.5193268996006988
525,2026-07-28T07:07:42.307893Z,sun,39.759062,-104.62011683333333,1672.4,0.7430001900133384,-31.28465912515999,151902862.7629922,0.011081943754240195,0.8545260448895118,-0.5192903129542432
526,2026-07-28T07:09:12.331336Z,sun,39.759062,-104.62011683333333,1672.4,1.1580705581728437,-31.280117326561207,151902845.47303998,0.017272911811361598,0.854464493989496,-0.5192225679117112
527,2026-07-28T07:10:42.354780Z,sun,39.759062,-104.62011683333333,1672.4,1.5730784704531315,-31.273487178979742,151902827.98352218,0.02346315761736493,0.8543770234424164,-0.5191236673937141
528,2026-07-28T07:12:12.378223Z,sun,39.759062,-104.62011683333333,1672.4,1.98800037695849,-31.264769408157523,151902810.2944663,0.029652415740922148,0.8542636367920833,-0.5189936156596642
529,2026-07-28T07:13:42.401667Z,sun,39.759062,-104.62011683333333,1672.4,2.4028127851161845,-31.25396496706795,151902792.40590748,0.03584042106721351,0.8541243386884216,-0.5188324182988099
530,2026-07-28T07:15:12.425111Z,sun,39.759062,-104.62011683333333,1672.4,2.8174922379159466,-31.241075036030693,151902774.3178902,0.04202690832813222,0.8539591348953699,-0.5186400822392444
531,2026-07-28T07:16:42.448554Z,sun,39.759062,-104.62011683333333,1672.4,3.2320153381833867,-31.2261010219009,151902756.03046718,0.048211612319910814,0.8537680322881522,-0.5184166157448382
532,2026-07-28T07:18:12.471998Z,sun,39.759062,-104.62011683333333,1672.4,3.6463587727642244,-31.209044556722294,151902737.5436993,0.054394268120452796,0.8535510388453285,-0.5181620284058848
533,2026-07-28T07:19:42.495442Z,sun,39.759062,-104.62011683333333,1672.4,4.0604992952108665,-31.189907497863498,151902718.85765636,0.06057461068859978,0.8533081636611862,-0.5178763311535862
534,2026-07-28T07:21:12.518885Z,sun,39.759062,-104.62011683333333,1672.4,4.474413749823157,-31.16869192664448,151902699.9724169,0.06675237508163158,0.8530394169402833,-0.5175595362536978
535,2026-07-28T07:22:42.542329Z,sun,39.759062,-104.62011683333333,1672.4,4.888079095555107,-31.145400146431456,151902680.88806728,0.07292729667232999,0.8527448099867662,-0.5172116572938974
536,2026-07-28T07:24:12.565772Z,sun,39.759062,-104.62011683333333,1672.4,5.301472383865387,-31.120034683134975,151902661.60470307,0.07909911068015782,0.8524243552254986,-0.5168327092086965
537,2026-07-28T07:25:42.589216Z,sun,39.759062,-104.62011683333333,1672.4,5.714570805371063,-31.09259828181928,151902642.12242773,0.08526755273117394,0.8520780661753596,-0.5164227082479002
538,2026-07-28T07:27:12.612660Z,sun,39.759062,-104.62011683333333,1672.4,6.127351667482912,-31.063093907183607,151902622.44135362,0.09143235838950899,0.8517059574728609,-0.5159816720045097
539,2026-07-28T07:28:42.636103Z,sun,39.759062,-104.62011683333333,1672.4,6.5397924178336355,-31.031524741278222,151902602.56160176,0.09759326337444973,0.851308044862141,-0.5155096194029016
540,2026-07-28T07:30:12.659547Z,sun,39.759062,-104.62011683333333,1672.4,6.9518706675144495,-30.997894180698243,151902582.48330095,0.10375000377704116,0.8508843451797317,-0.5150065706807274
541,2026-07-28T07:31:42.682990Z,sun,39.759062,-104.62011683333333,1672.4,7.363564168336355,-30.9622058373417,151902562.20658934,0.10990231559212954,0.8504348763855208,-0.5144725474256442
542,2026-07-28T07:33:12.706434Z,sun,39.759062,-104.62011683333333,1672.4,7.774850858658329,-30.924463533559404,151902541.73161283,0.11604993527721204,0.8499596575243042,-0.5139075725296546
543,2026-07-28T07:34:42.729878Z,sun,39.759062,-104.62011683333333,1672.4,8.185708840353634,-30.884671302913997,151902521.05852628,0.12219259928492547,0.8494587087592277,-0.5133116702288184
544,2026-07-28T07:36:12.753321Z,sun,39.759062,-104.62011683333333,1672.4,8.5961164013825,-30.842833387033536,151902500.18749306,0.12833004427964032,0.8489320513572322,-0.5126848660859684
545,2026-07-28T07:37:42.776765Z,sun,39.759062,-104.62011683333333,1672.4,9.0060520380988,-30.798954231957744,151902479.11868435,0.13446200735316355,0.8483797076692988,-0.5120271869671696
546,2026-07-28T07:39:12.800208Z,sun,39.759062,-104.62011683333333,1672.4,9.41549443178556,-30.75303848919915,151902457.85228065,0.14058822555874714,0.8478017011711741,-0.5113386610901877
547,2026-07-28T07:40:42.823652Z,sun,39.759062,-104.62011683333333,1672.4,9.824422493338416,-30.70509100950144,151902436.38847017,0.14670843646741644,0.8471980564132718,-0.5106193179648228
548,2026-07-28T07:42:12.847096Z,sun,39.759062,-104.62011683333333,1672.4,10.232815339445368,-30.655116843923725,151902414.7274499,0.15282237770262705,0.8465687990638601,-0.5098691884443394
549,2026-07-28T07:43:42.870539Z,sun,39.759062,-104.62011683333333,1672.4,10.640652314074654,-30.60312123989637,151902392.86942568,0.15892978715591732,0.8459139558899919,-0.5090883047027497
550,2026-07-28T07:45:12.893983Z,sun,39.759062,-104.62011683333333,1672.4,11.047913009647612,-30.5491096367869,151902370.81461072,0.1650304032014966,0.845233554733243,-0.5082767002058596
551,2026-07-28T07:46:42.917426Z,sun,39.759062,-104.62011683333333,1672.4,11.454577242702403,-30.493087667321724,151902348.56322783,0.17112396423257778,0.8445276245601703,-0.5074344097714338
552,2026-07-28T07:48:12.940870Z,sun,39.759062,-104.62011683333333,1672.4,11.860625097234676,-30.43506115002945,151902326.115507,0.17721020921486333,0.8437961954005938,-0.5065614694955661
553,2026-07-28T07:49:42.964314Z,sun,39.759062,-104.62011683333333,1672.4,12.266036899957498,-30.375036090712026,151902303.47168767,0.18328887722364826,0.8430392984005032,-0.5056579168157874
554,2026-07-28T07:51:12.987757Z,sun,39.759062,-104.62011683333333,1672.4,12.670793240541595,-30.313018677777922,151902280.63201734,0.18935970765837526,0.8422569657984845,-0.5047237904829384
555,2026-07-28T07:52:43.011201Z,sun,39.759062,-104.62011683333333,1672.4,13.074874991498255,-30.249015277105766,151902257.59675142,0.19542244045589033,0.8414492308969781,-0.5037591305268303
556,2026-07-28T07:54:13.034644Z,sun,39.759062,-104.62011683333333,1672.4,13.47826328287802,-30.18303243389125,151902234.36615458,0.20147681562956005,0.8406161281224191,-0.502763978328047
557,2026-07-28T07:55:43.058088Z,sun,39.759062,-104.62011683333333,1672.4,13.880939544109088,-30.115076863863504,151902210.9404987,0.20752257381940428,0.8397576929519561,-0.5017383765304165
558,2026-07-28T07:57:13.081532Z,sun,39.759062,-104.62011683333333,1672.4,14.282885478256278,-30.045155455211514,151902187.3200648,0.21355945583199246,0.8388739619760385,-0.500682369115757
559,2026-07-28T07:58:43.104975Z,sun,39.759062,-104.62011683333333,1672.4,14.684083080910709,-29.973275263275806,151902163.5051425,0.2195872028538793,0.8379649728703377,-0.4995960013703307
560,2026-07-28T08:00:13.128419Z,sun,39.759062,-104.62011683333333,1672.4,15.084514658659367,-29.899443504798494,151902139.49602863,0.2256055566630272,0.8370307643625938,-0.4984793198452044
561,2026-07-28T08:01:43.151862Z,sun,39.759062,-104.62011683333333,1672.4,15.48416280280012,-29.823667560259757,151902115.29302946,0.23161425917155762,0.8360713763023218,-0.49733237243955053
562,2026-07-28T08:03:13.175306Z,sun,39.759062,-104.62011683333333,1672.4,15.883010429535867,-29.74595496396871,151902090.8964586,0.23761305297147706,0.8350868495761141,-0.49615520829939347
563,2026-07-28T08:04:43.198750Z,sun,39.759062,-104.62011683333333,1672.4,16.281040753242674,-29.66631340650876,151902066.30663857,0.24360168087835063,0.8340772261797703,-0.4949478779038279
564,2026-07-28T08:06:13.222193Z,sun,39.759062,-104.62011683333333,1672.4,16.678237303918728,-29.584750728880156,151902041.52390033,0.2495798861430077,0.8330425491857958,-0.49371043302615586
565,2026-07-28T08:07:43.245637Z,sun,39.759062,-104.62011683333333,1672.4,17.074583944207482,-29.50127491622246,151902016.548582,0.25554741266120473,0.8319828627058335,-0.4924429266889412
566,2026-07-28T08:09:13.269080Z,sun,39.759062,-104.62011683333333,1672.4,17.47006484211257,-29.415894100712837,151901991.38103145,0.26150400452017514,0.8308982119699049,-0.4911454132587692
567,2026-07-28T08:10:43.292524Z,sun,39.759062,-104.62011683333333,1672.4,17.864664509515347,-29.32861655062717,151901966.02160317,0.2674494065397424,0.829788643230333,-0.48981794833131914
568,2026-07-28T08:12:13.315968Z,sun,39.759062,-104.62011683333333,1672.4,18.258367774452747,-29.239450673376453,151901940.47066107,0.2733833638199098,0.8286542038433892,-0.4884605888290167
569,2026-07-28T08:13:43.339411Z,sun,39.759062,-104.62011683333333,1672.4,18.651159797124684,-29.148405009186973,151901914.72857705,0.27930562195081327,0.8274949422323722,-0.48707339295686475
570,2026-07-28T08:15:13.362855Z,sun,39.759062,-104.62011683333333,1672.4,19.043026085462554,-29.05548822438509,151901888.79573053,0.2852159272203338,0.8263109078456782,-0.4856564201522477
571,2026-07-28T08:16:43.386299Z,sun,39.759062,-104.62011683333333,1672.4,19.433952471230675,-28.960709113860762,151901862.6725096,0.29111402623037774,0.8251021512319243,-0.48420973117481825
572,2026-07-28T08:18:13.409742Z,sun,39.759062,-104.62011683333333,1672.4,19.823925125177563,-28.86407659451274,151901836.3593108,0.29699966610562034,0.8238687240004076,-0.4827333880591753
573,2026-07-28T08:19:43.433186Z,sun,39.759062,-104.62011683333333,1672.4,20.212930571757227,-28.765599698310425,151901809.8565378,0.30287259469991124,0.8226106787765494,-0.4812274540615155
574,2026-07-28T08:21:13.456629Z,sun,39.759062,-104.62011683333333,1672.4,20.600955660349282,-28.665287576230515,151901783.16460356,0.3087325601496994,0.8213280692962533,-0.4796919937725677
575,2026-07-28T08:22:43.480073Z,sun,39.759062,-104.62011683333333,1672.4,20.987987601114217,-28.563149485871026,151901756.28392786,0.3145793114068372,0.820020950291787,-0.47812707298097534
576,2026-07-28T08:24:13.503517Z,sun,39.759062,-104.62011683333333,1672.4,21.374013935825943,-28.459194795568898,151901729.21493962,0.32041259779323505,0.8186893775885087,-0.4765327587890794
577,2026-07-28T08:25:43.526960Z,sun,39.759062,-104.62011683333333,1672.4,21.759022551657687,-28.35343297751649,151901701.95807567,0.3262321692076126,0.8173334080609488,-0.4749091195603326
578,2026-07-28T08:27:13.550404Z,sun,39.759062,-104.62011683333333,1672.4,22.143001694524795,-28.245873600523204,151901674.51377997,0.3320377763293893,0.815953099583986,-0.4732562248608255
579,2026-07-28T08:28:43.573847Z,sun,39.759062,-104.62011683333333,1672.4,22.525939939524427,-28.136526334670094,151901646.88250577,0.33782917017737407,0.8145485111364554,-0.4715741455833331
580,2026-07-28T08:30:13.597291Z,sun,39.759062,-104.62011683333333,1672.4,22.9078262251653,-28.02540093814893,151901619.06471306,0.34360610263620883,0.8131197026759954,-0.4698629537974408
581,2026-07-28T08:31:43.620735Z,sun,39.759062,-104.62011683333333,1672.4,23.288649823466,-27.91250726212086,151901591.06087074,0.349368326016389,0.811666735245002,-0.4681227228764119
582,2026-07-28T08:33:13.644178Z,sun,39.759062,-104.62011683333333,1672.4,23.66840035244966,-27.797855243585307,151901562.87145558,0.3551155932585738,0.8101896709224251,-0.4663535274394565
583,2026-07-28T08:34:43.667622Z,sun,39.759062,-104.62011683333333,1672.4,24.047067788214814,-27.681454897914293,151901534.49695155,0.3608476581348986,0.8086885727706987,-0.4645554432881501
584,2026-07-28T08:36:13.691065Z,sun,39.759062,-104.62011683333333,1672.4,24.424642434714183,-27.563316324276478,151901505.93785155,0.36656427481318865,0.8071635049485304,-0.4627285475415201
585,2026-07-28T08:37:43.714509Z,sun,39.759062,-104.62011683333333,1672.4,24.801114956465426,-27.443449691782412,151901477.19465515,0.372265198376721,0.8056145325748002,-0.46087291847300665
586,2026-07-28T08:39:13.737953Z,sun,39.759062,-104.62011683333333,1672.4,25.17647634804575,-27.32186524513127,151901448.2678709,0.3779501843899066,0.8040417218436614,-0.4589886356483305
587,2026-07-28T08:40:43.761396Z,sun,39.759062,-104.62011683333333,1672.4,25.550717945415354,-27.19857329729917,151901419.15801513,0.3836189891000175,0.8024451399720905,-0.45707577986265313
588,2026-07-28T08:42:13.784840Z,sun,39.759062,-104.62011683333333,1672.4,25.92383143683527,-27.07358422191407,151901389.86561093,0.38927136963568154,0.8008248551426331,-0.4551344330719676
589,2026-07-28T08:43:43.808283Z,sun,39.759062,-104.62011683333333,1672.4,26.295808832134796,-26.946908459486735,151901360.39119062,0.3949070835770616,0.7991809366252604,-0.453164678539084
590,2026-07-28T08:45:13.831727Z,sun,39.759062,-104.62011683333333,1672.4,26.666642494026934,-26.818556502936357,151901330.73529285,0.40052588946853157,0.7975134546304219,-0.4511666006575528
591,2026-07-28T08:46:43.855171Z,sun,39.759062,-104.62011683333333,1672.4,27.036325107140993,-26.688538904063076,151901300.8984651,0.40612754639026194,0.7958224804332346,-0.4491402851004569
592,2026-07-28T08:48:13.878614Z,sun,39.759062,-104.62011683333333,1672.4,27.404849688311295,-26.556866266113747,151901270.88126272,0.41171181415721175,0.7941080863168257,-0.44708581875251446
593,2026-07-28T08:49:43.902058Z,sun,39.759062,-104.62011683333333,1672.4,27.77220959648965,-26.42354923605062,151901240.68424737,0.41727845351476467,0.7923703455109017,-0.44500328963644825
594,2026-07-28T08:51:13.925501Z,sun,39.759062,-104.62011683333333,1672.4,28.138398501652023,-26.288598511619416,151901210.30799028,0.42282722571518305,0.7906093323225892,-0.4428927870697731
595,2026-07-28T08:52:43.948945Z,sun,39.759062,-104.62011683333333,1672.4,28.50341041483491,-26.152024826327082,151901179.7530685,0.42835789302246274,0.7888251219788514,-0.44075440147593165
596,2026-07-28T08:54:13.972389Z,sun,39.759062,-104.62011683333333,1672.4,28.867239656896338,-26.013838956752775,151901149.02006808,0.43387021829070205,0.7870177907595097,-0.4385882245437047
597,2026-07-28T08:55:43.995832Z,sun,39.759062,-104.62011683333333,1672.4,29.22988086789768,-25.874051715045052,151901118.10958242,0.4393639651599337,0.7851874159365037,-0.4363943491544049
598,2026-07-28T08:57:14.019276Z,sun,39.759062,-104.62011683333333,1672.4,29.591329016146027,-25.732673941134546,151901087.0222118,0.44483889824855866,0.7833340757083824,-0.4341728693033486
599,2026-07-28T08:58:44.042719Z,sun,39.759062,-104.62011683333333,1672.4,29.951579366914295,-25.589716510650735,151901055.75856498,0.450294782736708,0.7814578493399459,-0.431923880267215
600,2026-07-28T09:00:14.066163Z,sun,39.759062,-104.62011683333333,1672.4,30.31062751133774,-25.445190319408685,151901024.31925723,0.4557313848627855,0.7795588169941716,-0.4296474784025798
601,2026-07-28T09:01:44.089607Z,sun,39.759062,-104.62011683333333,1672.4,30.668469335050258,-25.299106291574883,151900992.7049124,0.46114847150884875,0.7776370598739972,-0.4273437613158497
602,2026-07-28T09:03:14.113050Z,sun,39.759062,-104.62011683333333,1672.4,31.025101026814415,-25.151475372131344,151900960.91616154,0.46654581039323734,0.7756926601575082,-0.42501282778556937
603,2026-07-28T09:04:44.136494Z,sun,39.759062,-104.62011683333333,1672.4,31.38051908683602,-25.002308519070283,151900928.95364234,0.4719231702595565,0.7737257009284411,-0.4226547776790916
604,2026-07-28T09:06:14.159937Z,sun,39.759062,-104.62011683333333,1672.4,31.734720295454455,-24.851616712165352,151900896.81800115,0.4772803204673778,0.7717362663244742,-0.42026971213033804
605,2026-07-28T09:07:44.183381Z,sun,39.759062,-104.62011683333333,1672.4,32.08770174104026,-24.699410937013727,151900864.5098905,0.4826170314800047,0.7697244413588262,-0.4178577333259145
606,2026-07-28T09:09:14.206825Z,sun,39.759062,-104.62011683333333,1672.4,32.439460788655545,-24.545702194060823,151900832.02997124,0.4879330744572182,0.767690312070674,-0.415418944685432
607,2026-07-28T09:10:44.230268Z,sun,39.759062,-104.62011683333333,1672.4,32.789995088072004,-24.390501491060743,151900799.37891144,0.49322822144448714,0.765633965456351,-0.41295345077900847
608,2026-07-28T09:12:14.253712Z,sun,39.759062,-104.62011683333333,1672.4,33.139302581508346,-24.233819835276677,151900766.55738577,0.49850224555845246,0.7635554893958693,-0.41046135723916205
609,2026-07-28T09:13:44.277156Z,sun,39.759062,-104.62011683333333,1672.4,33.48738147628761,-24.07566824134168,151900733.56607682,0.503754920643473,0.7614549727863128,-0.4079427709207309
610,2026-07-28T09:15:14.300599Z,sun,39.759062,-104.62011683333333,1672.4,33.834230252571494,-23.91605772371907,151900700.4056748,0.5089860214589798,0.7593325054705554,-0.4053977998154009
611,2026-07-28T09:16:44.324043Z,sun,39.759062,-104.62011683333333,1672.4,34.179847670783936,-23.754999288929568,151900667.0768759,0.5141953238622929,0.7571881781616212,-0.40282655296099434
612,2026-07-28T09:18:14.347486Z,sun,39.759062,-104.62011683333333,1672.4,34.52423274057068,-23.592503945669677,151900633.5803849,0.5193826044122043,0.7550220826043941,-0.4002291406353605
613,2026-07-28T09:19:44.370930Z,sun,39.759062,-104.62011683333333,1672.4,34.86738474735103,-23.428582688229298,151900599.91691235,0.5245476408413284,0.7528343113811985,-0.3976056741232365
614,2026-07-28T09:21:14.394374Z,sun,39.759062,-104.62011683333333,1672.4,35.20930322132518,-23.263246506863055,151900566.08717722,0.5296902116617958,0.750624958075608,-0.3949562659126627
615,2026-07-28T09:22:44.417817Z,sun,39.759062,-104.62011683333333,1672.4,35.5499879447905,-23.09650638028154,151900532.0919053,0.5348100963486819,0.7483941171973559,-0.39228102960493005
616,2026-07-28T09:24:14.441261Z,sun,39.759062,-104.62011683333333,1672.4,35.88943895918441,-22.92837326791479,151900497.93182835,0.5399070755188945,0.746141884102896,-0.38958007981930415
617,2026-07-28T09:25:44.464704Z,sun,39.759062,-104.62011683333333,1672.4,36.227656534370134,-22.758858120854928,151900463.60768706,0.5449809305432408,0.743868355165319,-0.3868535323967794
618,2026-07-28T09:27:14.488148Z,sun,39.759062,-104.62011683333333,1672.4,36.564641194508724,-22.587971864917563,151900429.12022707,0.5500314440085853,0.7415736275701529,-0.3841015041551839
619,2026-07-28T09:28:44.511592Z,sun,39.759062,-104.62011683333333,1672.4,36.90039368743665,-22.41572541183188,151900394.4702025,0.5550583993321212,0.7392577994873386,-0.38132411309541064
620,2026-07-28T09:30:14.535035Z,sun,39.759062,-104.62011683333333,1672.4,37.23491499168892,-22.242129651766483,151900359.6583744,0.560061580940869,0.7369209699923392,-0.3785214783067988
621,2026-07-28T09:31:44.558479Z,sun,39.759062,-104.62011683333333,1672.4,37.56820632326992,-22.067195445637246,151900324.6855094,0.5650407744464112,0.7345632389829979,-0.3756937198674035
622,2026-07-28T09:33:14.581922Z,sun,39.759062,-104.62011683333333,1672.4,37.90026910536965,-21.890933636851514,151900289.55238274,0.5699957662658223,0.7321847073574966,-0.3728409590574178
623,2026-07-28T09:34:44.605366Z,sun,39.759062,-104.62011683333333,1672.4,38.231104993666705,-21.713355034030556,151900254.25977483,0.5749263440732264,0.7297854768005521,-0.36996331810273453
624,2026-07-28T09:36:14.628810Z,sun,39.759062,-104.62011683333333,1672.4,38.560715846168534,-21.534470422996133,151900218.80847418,0.5798322964229488,0.7273656499634287,-0.3670609203908375
625,2026-07-28T09:37:44.652253Z,sun,39.759062,-104.62011683333333,1672.4,38.88910373004403,-21.354290559331087,151900183.199276,0.5847134129249613,0.7249253303812978,-0.3641338903716735
626,2026-07-28T09:39:14.675697Z,sun,39.759062,-104.62011683333333,1672.4,39.2162709282168,-21.172826160734232,151900147.432981,0.5895694844152599,0.7224646223864886,-0.3611823534535888
627,2026-07-28T09:40:44.699140Z,sun,39.759062,-104.62011683333333,1672.4,39.54221990960311,-20.990087919535643,151900111.51039842,0.5944003025860983,0.7199836312942829,-0.35820643622616966
628,2026-07-28T09:42:14.722584Z,sun,39.759062,-104.62011683333333,1672.4,39.86695335392772,-20.8060864850998,151900075.4323423,0.5992056604263243,0.7174824631798012,-0.3552062661926135
629,2026-07-28T09:43:44.746028Z,sun,39.759062,-104.62011683333333,1672.4,40.190474122122474,-20.620832476570335,151900039.19963473,0.603985351854021,0.714961225065763,-0.35218197199493023
630,2026-07-28T09:45:14.769471Z,sun,39.759062,-104.62011683333333,1672.4,40.512785263041934,-20.43433647546852,151900002.81310433,0.6087391718875749,0.7124200248362469,-0.34913368331049227
631,2026-07-28T09:46:44.792915Z,sun,39.759062,-104.62011683333333,1672.4,40.833890019961814,-20.246609018091238,151899966.273585,0.6134669168115441,0.7098589711464142,-0.34606153074372853
632,2026-07-28T09:48:14.816358Z,sun,39.759062,-104.62011683333333,1672.4,41.15379180140872,-20.057660608764404,151899929.5819191,0.6181683838165846,0.7072781736159454,-0.3429656460581504
633,2026-07-28T09:49:44.839802Z,sun,39.759062,-104.62011683333333,1672.4,41.47249420557018,-19.86750170193563,151899892.73895353,0.6228433714281473,0.7046777425968285,-0.3398461618977874
634,2026-07-28T09:51:14.863246Z,sun,39.759062,-104.62011683333333,1672.4,41.79000099130957,-19.676142715645792,151899855.74554285,0.627491679148913,0.702057789368707,-0.33670321202151005
635,2026-07-28T09:52:44.886689Z,sun,39.759062,-104.62011683333333,1672.4,42.1063160848368,-19.48359402415777,151899818.6025485,0.6321131076253617,0.699418426049106,-0.3335369311953314
636,2026-07-28T09:54:14.910133Z,sun,39.759062,-104.62011683333333,1672.4,42.42144358617663,-19.289865950391928,151899781.3108366,0.6367074588089366,0.6967597654997331,-0.33034745507998564
637,2026-07-28T09:55:44.933576Z,sun,39.759062,-104.62011683333333,1672.4,42.735387740641634,-19.09496877988306,151899743.8712815,0.6412745356060184,0.6940819215273663,-0.3271349204719125
638,2026-07-28T09:57:14.957020Z,sun,39.759062,-104.62011683333333,1672.4,43.048152962909654,-18.89891274256451,151899706.28476217,0.6458141422946491,0.6913850086427191,-0.323899465013967
639,2026-07-28T09:58:44.980464Z,sun,39.759062,-104.62011683333333,1672.4,43.35974380869155,-18.701708026936437,151899668.55216506,0.6503260841769893,0.6886691422632595,-0.3206412274387214
640,2026-07-28T10:00:15.003907Z,sun,39.759062,-104.62011683333333,1672.4,43.67016498140864,-18.503364772718246,151899630.67438293,0.654810167741177,0.6859344386200187,-0.31736034745665914
641,2026-07-28T10:01:45.027351Z,sun,39.759062,-104.62011683333333,1672.4,43.97942133870224,-18.303893063300738,151899592.65231347,0.659266200817894,0.6831810146604002,-0.3140569656395579
642,2026-07-28T10:03:15.050794Z,sun,39.759062,-104.62011683333333,1672.4,44.287517864570695,-18.103302940379635,151899554.48686224,0.6636939922405198,0.680408988256452,-0.3107312236703488
643,2026-07-28T10:04:45.074238Z,sun,39.759062,-104.62011683333333,1672.4,44.594459693159635,-17.901604385440287,151899516.1789391,0.6680933522493349,0.6776184779551266,-0.30738326404348004
644,2026-07-28T10:06:15.097682Z,sun,39.759062,-104.62011683333333,1672.4,44.900252081413086,-17.698807225112912,151899477.7294615,0.6724640925679126,0.6748096035963091,-0.30401322849673146
645,2026-07-28T10:07:45.121125Z,sun,39.759062,-104.62011683333333,1672.4,45.204900414687465,-17.494921562084297,151899439.13935268,0.676806024903178,0.6719824845754813,-0.3006212651801632
646,2026-07-28T10:09:15.144569Z,sun,39.759062,-104.62011683333333,1672.4,45.50841021497708,-17.289957109594006,151899400.40954077,0.6811189635879717,0.6691372422171579,-0.29720751760153014
647,2026-07-28T10:10:45.168013Z,sun,39.759062,-104.62011683333333,1672.4,45.810787116015675,-17.083923643453222,151899361.54096124,0.6854027236350259,0.6662739983005712,-0.2937721321403015
648,2026-07-28T10:12:15.191456Z,sun,39.759062,-104.62011683333333,1672.4,46.112036870324516,-16.876830884845397,151899322.53455526,0.6896571213080507,0.6633928753777038,-0.29031525610479925
649,2026-07-28T10:13:45.214900Z,sun,39.759062,-104.62011683333333,1672.4,46.41216535582719,-16.66868849280707,151899283.39126864,0.6938819742700443,0.6604939966710532,-0.28683703760951856
650,2026-07-28T10:15:15.238343Z,sun,39.759062,-104.62011683333333,1672.4,46.711178549132875,-16.459506079839283,151899244.11205488,0.6980771012610715,0.65757748629291,-0.283337625838217
651,2026-07-28T10:16:45.261787Z,sun,39.759062,-104.62011683333333,1672.4,47.00908254894166,-16.249293192924828,151899204.69787166,0.7022423224814238,0.6546434689824725,-0.27981717072847834
652,2026-07-28T10:18:15.285231Z,sun,39.759062,-104.62011683333333,1672.4,47.30588354956529,-16.038059329304733,151899165.14968336,0.7063774592724169,0.6516920703267157,-0.2762758232367135
653,2026-07-28T10:19:45.308674Z,sun,39.759062,-104.62011683333333,1672.4,47.60158784778862,-15.825813929144118,151899125.4684604,0.7104823342652128,0.6487234166587931,-0.27271373521624587
654,2026-07-28T10:21:15.332118Z,sun,39.759062,-104.62011683333333,1672.4,47.896201849592046,-15.612566368009794,151899085.65517744,0.7145567715238945,0.6457376349526988,-0.2691310592909036
655,2026-07-28T10:22:45.355561Z,sun,39.759062,-104.62011683333333,1672.4,48.189732044142595,-15.398325973055167,151899045.7108166,0.7186005962344745,0.6427348530492852,-0.26552794912621036
656,2026-07-28T10:24:15.379005Z,sun,39.759062,-104.62011683333333,1672.4,48.48218502701417,-15.183102003735623,151899005.63636374,0.722613635074611,0.6397151993853513,-0.26190455910429905
657,2026-07-28T10:25:45.402449Z,sun,39.759062,-104.62011683333333,1672.4,48.77356747441471,-14.96690366814733,151898965.4328116,0.7265957159056876,0.6366788032212065,-0.25826104459696114
658,2026-07-28T10:27:15.425892Z,sun,39.759062,-104.62011683333333,1672.4,49.063886150169154,-14.749740115668473,151898925.10115868,0.7305466679165261,0.6336257945358882,-0.25459756183990717
659,2026-07-28T10:28:45.449336Z,sun,39.759062,-104.62011683333333,1672.4,49.353147912542255,-14.531620429438183,151898884.64240736,0.7344663217607775,0.6305563039190577,-0.25091426780303067
660,2026-07-28T10:30:15.472779Z,sun,39.759062,-104.62011683333333,1672.4,49.64135968896443,-14.312553643054244,151898844.0575672,0.738354509257932,0.6274704628031869,-0.2472113204690126
661,2026-07-28T10:31:45.496223Z,sun,39.759062,-104.62011683333333,1672.4,49.92852849905386,-14.092548721013381,151898803.34765154,0.7422110637487362,0.6243684031852493,-0.24348887849935008
662,2026-07-28T10:33:15.519667Z,sun,39.759062,-104.62011683333333,1672.4,50.214661429566874,-13.871614575557318,151898762.5136804,0.7460358197992307,0.6212502578604834,-0.23974710151485135
663,2026-07-28T10:34:45.543110Z,sun,39.759062,-104.62011683333333,1672.4,50.49976564149364,-13.649760059291115,151898721.5566789,0.7498286133389604,0.618116160314711,-0.2359861499664131
664,2026-07-28T10:36:15.566554Z,sun,39.759062,-104.62011683333333,1672.4,50.78384837700691,-13.426993957639988,151898680.47767627,0.7535892817927832,0.6149662446134007,-0.23220618500188203
665,2026-07-28T10:37:45.589997Z,sun,39.759062,-104.62011683333333,1672.4,51.06691693488855,-13.203325006039753,151898639.27770865,0.757317663793905,0.6118006456399935,-0.22840736875203713
666,2026-07-28T10:39:15.613441Z,sun,39.759062,-104.62011683333333,1672.4,51.34897869338708,-12.978761870089818,151898597.95781565,0.7610135995248818,0.6086194988103014,-0.22458986398784853
667,2026-07-28T10:40:45.636885Z,sun,39.759062,-104.62011683333333,1672.4,51.6300410858643,-12.753313162880628,151898556.5190431,0.7646769304337661,0.6054229403123389,-0.2207538344082735
668,2026-07-28T10:42:15.660328Z,sun,39.759062,-104.62011683333333,1672.4,51.91011160801131,-12.526987437575514,151898514.96244222,0.7683074993667337,0.6022111069958104,-0.21689944450762688
669,2026-07-28T10:43:45.683772Z,sun,39.759062,-104.62011683333333,1672.4,52.18919782492492,-12.299793179835875,151898473.2890676,0.7719051506941593,0.5989841362584677,-0.21302685943919045
670,2026-07-28T10:45:15.707215Z,sun,39.759062,-104.62011683333333,1672.4,52.467307347213676,-12.071738825471973,151898431.49998096,0.7754697300359574,0.5957421662903412,-0.20913624530829364
671,2026-07-28T10:46:45.730659Z,sun,39.759062,-104.62011683333333,1672.4,52.744447853710184,-11.842832740304749,151898389.59624687,0.7790010845879108,0.5924853357810542,-0.20522776882105928
672,2026-07-28T10:48:15.754103Z,sun,39.759062,-104.62011683333333,1672.4,53.02062706777792,-11.61308323795302,151898347.57893637,0.7824990628500399,0.5892137841656404,-0.201301597579392
673,2026-07-28T10:49:45.777546Z,sun,39.759062,-104.62011683333333,1672.4,53.29585276465976,-11.382498572359355,151898305.4491252,0.7859635147536734,0.5859276515111652,-0.19735789994490402
674,2026-07-28T10:51:15.800990Z,sun,39.759062,-104.62011683333333,1672.4,53.57013277867441,-11.151086930179268,151898263.20789254,0.7893942917815804,0.582627078400564,-0.19339684489949752
675,2026-07-28T10:52:45.824433Z,sun,39.759062,-104.62011683333333,1672.4,53.84347497998191,-10.918856448857662,151898220.8563241,0.7927912467059539,0.5793122061824825,-0.18941860234518673
676,2026-07-28T10:54:15.847877Z,sun,39.759062,-104.62011683333333,1672.4,54.115887297147246,-10.6858151962113,151898178.3955087,0.7961542338995781,0.5759831766719414,-0.18542334274485203
677,2026-07-28T10:55:45.871321Z,sun,39.759062,-104.62011683333333,1672.4,54.387377694101545,-10.4519711886291,151898135.82654107,0.7994831090769556,0.5726401324016624,-0.1814112374238467
678,2026-07-28T10:57:15.894764Z,sun,39.759062,-104.62011683333333,1672.4,54.65795417760336,-10.217332383546657,151898093.1505205,0.8027777294154852,0.5692832165061171,-0.1773824584308359
679,2026-07-28T10:58:45.918208Z,sun,39.759062,-104.62011683333333,1672.4,54.92762480455576,-9.981906671787334,151898050.3685495,0.8060379536695901,0.5659125726029163,-0.1733371783954288
680,2026-07-28T11:00:15.941651Z,sun,39.759062,-104.62011683333333,1672.4,55.19639765940434,-9.7457018960343,151898007.481737,0.8092636419216235,0.5625283450479899,-0.16927557083442393
681,2026-07-28T11:01:45.965095Z,sun,39.759062,-104.62011683333333,1672.4,55.46428087655941,-9.508725830136157,151897964.4911945,0.812454655877561,0.5591306786299031,-0.16519780978493
682,2026-07-28T11:03:15.988539Z,sun,39.759062,-104.62011683333333,1672.4,55.73128261797979,-9.270986197694336,151897921.3980393,0.8156108586211162,0.5557197188264671,-0.16110407011232772
683,2026-07-28T11:04:46.011982Z,sun,39.759062,-104.62011683333333,1672.4,55.99741108074293,-9.032490664477137,151897878.20339325,0.8187321147289243,0.5522956116863156,-0.15699452736812924
684,2026-07-28T11:06:16.035426Z,sun,39.759062,-104.62011683333333,1672.4,56.26267450447708,-8.793246830706055,151897834.90838084,0.821818290378551,0.5488585037079574,-0.15286935764481274
685,2026-07-28T11:07:46.058869Z,sun,39.759062,-104.62011683333333,1672.4,56.527081149359944,-8.553262249897218,151897791.51413295,0.8248692531125575,0.5454085421000624,-0.14872873788819688
686,2026-07-28T11:09:16.082313Z,sun,39.759062,-104.62011683333333,1672.4,56.79063931840787,-8.312544407891403,151897748.02178273,0.8278848721184476,0.541945874469701,-0.1445728455232605
687,2026-07-28T11:10:46.105757Z,sun,39.759062,-104.62011683333333,1672.4,57.05335733565172,-8.071100741801601,151897704.43246886,0.8308650179960237,0.5384706490839763,-0.14040185876813865
688,2026-07-28T11:12:16.129200Z,sun,39.759062,-104.62011683333333,1672.4,57.31524355379858,-7.828938632370792,151897660.74733448,0.8338095628663418,0.5349830147493836,-0.13621595648932172
689,2026-07-28T11:13:46.152644Z,sun,39.759062,-104.62011683333333,1672.4,57.57630636179084,-7.586065396179581,151897616.96752486,0.8367183804737042,0.5314831206884062,-0.13201531805352967
690,2026-07-28T11:15:16.176088Z,sun,39.759062,-104.62011683333333,1672.4,57.83655416624641,-7.342488302135739,151897573.09419125,0.8395913459946766,0.5279711167657465,-0.1278001235992276
691,2026-07-28T11:16:46.199531Z,sun,39.759062,-104.62011683333333,1672.4,58.095995399188084,-7.098214563780639,151897529.1284885,0.8424283361434375,0.524447153366199,-0.12357055389003624
692,2026-07-28T11:18:16.222975Z,sun,39.759062,-104.62011683333333,1672.4,58.35463852564564,-6.85325133147509,151897485.0715743,0.845229229269772,0.5209113812702255,-0.11932679016538182
693,2026-07-28T11:19:46.246418Z,sun,39.759062,-104.62011683333333,1672.4,58.61249202255629,-6.607605711774714,151897440.92461178,0.847993905144757,0.5173639519217661,-0.11506901446191836
694,2026-07-28T11:21:16.269862Z,sun,39.759062,-104.62011683333333,1672.4,58.869564400835685,-6.361284746043306,151897396.68876645,0.8507222452147516,0.5138050171076345,-0.1107974092287161
695,2026-07-28T11:22:46.293306Z,sun,39.759062,-104.62011683333333,1672.4,59.125864184447856,-6.114295429914556,151897352.3652086,0.8534141323905653,0.5102347292264534,-0.10651215765003759
696,2026-07-28T11:24:16.316749Z,sun,39.759062,-104.62011683333333,1672.4,59.38139991821477,-5.8666447055351805,151897307.95511258,0.8560694511464109,0.5066532411645132,-0.10221344349632558
697,2026-07-28T11:25:46.340193Z,sun,39.759062,-104.62011683333333,1672.4,59.63618017551535,-5.618339453682231,151897263.45965478,0.858688087611506,0.5030607061693323,-0.09790145097243151
698,2026-07-28T11:27:16.363636Z,sun,39.759062,-104.62011683333333,1672.4,59.890213537708405,-5.3693865134426835,151897218.88001725,0.8612699293695627,0.4994572781218141,-0.09357636504426425
699,2026-07-28T11:28:46.387080Z,sun,39.759062,-104.62011683333333,1672.4,60.14350861607754,-5.119792660570559,151897174.21738377,0.8638148656962512,0.4958431112104963,-0.08923837104778974
700,2026-07-28T11:30:16.410524Z,sun,39.759062,-104.62011683333333,1672.4,60.3960740314138,-4.86956462724562,151897129.47294292,0.8663227873622326,0.4922183602047544,-0.08488765501693744
701,2026-07-28T11:31:46.433967Z,sun,39.759062,-104.62011683333333,1672.4,60.64791842190708,-4.61870909424265,151897084.64788696,0.8687935867257075,0.4885831803286583,-0.08052440353218562
702,2026-07-28T11:33:16.457411Z,sun,39.759062,-104.62011683333333,1672.4,60.899050450933274,-4.367232682979344,151897039.74341008,0.8712271578175073,0.4849377271326805,-0.07614880356655884
703,2026-07-28T11:34:46.480854Z,sun,39.759062,-104.62011683333333,1672.4,61.14947878696814,-4.115141975479498,151896994.76071173,0.8736233961545958,0.4812821567699173,-0.07176104281716349
704,2026-07-28T11:36:16.504298Z,sun,39.759062,-104.62011683333333,1672.4,61.399212125414834,-3.862443492478231,151896949.70099276,0.8759821989607858,0.4776166256654904,-0.0673613093083625
705,2026-07-28T11:37:46.527742Z,sun,39.759062,-104.62011683333333,1672.4,61.64825916866342,-3.6091437134624513,151896904.5654589,0.8783034649837929,0.47394129079380565,-0.06294979172455446
706,2026-07-28T11:39:16.551185Z,sun,39.759062,-104.62011683333333,1672.4,61.896628634061756,-3.355249068760535,151896859.35531884,0.8805870945813207,0.47025630955048514,-0.058526679256443406
707,2026-07-28T11:40:46.574629Z,sun,39.759062,-104.62011683333333,1672.4,62.14432926178322,-3.1007659315212908,151896814.07178327,0.8828329897995365,0.4665618396223798,-0.05409216144500374
708,2026-07-28T11:42:16.598072Z,sun,39.759062,-104.62011683333333,1672.4,62.39136979520367,-2.8457006379389043,151896768.71606782,0.8850410542008053,0.462858039267531,-0.049646428517506745
709,2026-07-28T11:43:46.621516Z,sun,39.759062,-104.62011683333333,1672.4,62.637759002611055,-2.5900594651213913,151896723.2893893,0.8872111930673535,0.4591450669801789,-0.04518967098541612
710,2026-07-28T11:45:16.644960Z,sun,39.759062,-104.62011683333333,1672.4,62.88350565772244,-2.333848651383845,151896677.7929689,0.8893433132326399,0.4554230817716315,-0.0407220799815075
711,2026-07-28T11:46:46.668403Z,sun,39.759062,-104.62011683333333,1672.4,63.12861854772252,-2.077074388264804,151896632.22803092,0.8914373231608218,0.45169224304050504,-0.03624384710410493
712,2026-07-28T11:48:16.691847Z,sun,39.759062,-104.62011683333333,1672.4,63.37310648120877,-1.8197428124338622,151896586.59580106,0.8934931330185445,0.4479527104411583,-0.031755164259146276
713,2026-07-28T11:49:46.715290Z,sun,39.759062,-104.62011683333333,1672.4,63.61697826900165,-1.5618600261619155,151896540.89750966,0.8955106545170832,0.44420464416710803,-0.027256224000365002
714,2026-07-28T11:51:16.738734Z,sun,39.759062,-104.62011683333333,1672.4,63.86024274574773,-1.3034320749576715,151896495.13438833,0.8974898010987723,0.4404482046119494,-0.022747219122268528
715,2026-07-28T11:52:46.762178Z,sun,39.759062,-104.62011683333333,1672.4,64.10290875086089,-1.044464968101536,151896449.3076725,0.8994304877828243,0.43668355265360836,-0.018228343001326697
716,2026-07-28T11:54:16.785621Z,sun,39.759062,-104.62011683333333,1672.4,64.34498513662739,-0.7849646705865139,151896403.41860056,0.9013326312381174,0.4329108495229917,-0.013699789438296327
717,2026-07-28T11:55:46.809065Z,sun,39.759062,-104.62011683333333,1672.4,64.58648077622519,-0.5249370949546339,151896357.46841192,0.9031961498482234,0.4291302566709798,-0.009161752498552066
718,2026-07-28T11:57:16.832508Z,sun,39.759062,-104.62011683333333,1672.4,64.8274045449379,-0.2643881219982777,151896311.45835075,0.905020963568112,0.42534193605502363,-0.004614426856095471
719,2026-07-28T11:58:46.855952Z,sun,39.759062,-104.62011683333333,1672.4,65.06776534166757,-0.003323578167007747,151896265.38966155,0.9068069940931932,0.42154604979623644,-5.800738192915207e-05
720,2026-07-28T12:00:16.879396Z,sun,39.759062,-104.62011683333333,1672.4,65.30757207026171,0.25825074366168116,151896219.26359293,0.9085541647196667,0.4177427604669024,0.004507310510841452
721,2026-07-28T12:01:46.902839Z,sun,39.759062,-104.62011683333333,1672.4,65.54683364768947,0.5203290923225211,151896173.08139607,0.9102624004106017,0.4139322309575754,0.009081331026546334
722,2026-07-28T12:03:16.926283Z,sun,39.759062,-104.62011683333333,1672.4,65.78555901213988,0.7829057666031018,151896126.8443228,0.9119316278541812,0.41011462434266593,0.013663858148307968
723,2026-07-28T12:04:46.949726Z,sun,39.759062,-104.62011683333333,1672.4,66.02375710460079,1.0459750943128288,151896080.55362952,0.9135617753350296,0.40629010417011857,0.018254695290337276
724,2026-07-28T12:06:16.973170Z,sun,39.759062,-104.62011683333333,1672.4,66.26143689029486,1.3095314550982533,151896034.2105726,0.9151527728856997,0.4024588341149994,0.022853645713762638
725,2026-07-28T12:07:46.996614Z,sun,39.759062,-104.62011683333333,1672.4,66.49860734037766,1.5735692594610255,151895987.81641242,0.9167045521617879,0.3986209782697945,0.027460512178179058
726,2026-07-28T12:09:17.020057Z,sun,39.759062,-104.62011683333333,1672.4,66.73527744017974,1.8380829569725432,151895941.37241155,0.918217046501194,0.3947767010101661,0.0320750971027993
727,2026-07-28T12:10:47.043501Z,sun,39.759062,-104.62011683333333,1672.4,66.97145619736959,2.10306704457382,151895894.87983286,0.9196901909754135,0.390926166859511,0.03669720272905013
728,2026-07-28T12:12:17.066945Z,sun,39.759062,-104.62011683333333,1672.4,67.20715262651139,2.368516048403863,151895848.33994317,0.9211239222915073,0.38706954073817035,0.04132663082143504
729,2026-07-28T12:13:47.090388Z,sun,39.759062,-104.62011683333333,1672.4,67.44237575734635,2.63442453205669,151895801.75401103,0.92251817884723,0.3832069878284678,0.04596318282955192
730,2026-07-28T12:15:17.113832Z,sun,39.759062,-104.62011683333333,1672.4,67.6771346429956,2.900787104915658,151895755.12330556,0.923872900778134,0.3793386734387135,0.050606660051352455
731,2026-07-28T12:16:47.137275Z,sun,39.759062,-104.62011683333333,1672.4,67.91143834211233,3.16759840092514,151895708.4490997,0.9251880298528609,0.3754647632965332,0.05525686328104446
732,2026-07-28T12:18:17.160719Z,sun,39.759062,-104.62011683333333,1672.4,68.14529594019682,3.4348531017115604,151895661.73266646,0.9264635095960178,0.3715854231980481,0.05991359323022467
733,2026-07-28T12:19:47.184163Z,sun,39.759062,-104.62011683333333,1672.4,68.37871653184558,3.7025459152965476,151895614.97528183,0.9276992851872322,0.36770081930188725,0.06457665017496013
734,2026-07-28T12:21:17.207606Z,sun,39.759062,-104.62011683333333,1672.4,68.61170922910054,3.9706715844220337,151895568.17822382,0.928895303509352,0.3638111179931386,0.06924583411911202
735,2026-07-28T12:22:47.231050Z,sun,39.759062,-104.62011683333333,1672.4,68.84428316972806,4.239224894947229,151895521.34277043,0.9300515131885695,0.35991648574643753,0.07392094495869564
736,2026-07-28T12:24:17.254493Z,sun,39.759062,-104.62011683333333,1672.4,69.07644749968985,4.508200654437843,151895474.47020334,0.9311678645047636,0.3560170894213482,0.0786017821273154
737,2026-07-28T12:25:47.277937Z,sun,39.759062,-104.62011683333333,1672.4,69.30821139441291,4.777593715474901,151895427.5618038,0.9322443094963833,0.3521130959091174,0.08328814502021445
738,2026-07-28T12:27:17.301381Z,sun,39.759062,-104.62011683333333,1672.4,69.53958404135142,5.047398954187652,151895380.61885613,0.9332808018745818,0.3482046724286679,0.08797983263897331
739,2026-07-28T12:28:47.324824Z,sun,39.759062,-104.62011683333333,1672.4,69.77057464840651,5.317611278640857,151895333.6426461,0.9342772970644271,0.34429198638964154,0.09267664375592775
740,2026-07-28T12:30:17.348268Z,sun,39.759062,-104.62011683333333,1672.4,70.00119245228902,5.58822563729317,151895286.63445932,0.9352337522380161,0.34037520525467857,0.09737837707949659
741,2026-07-28T12:31:47.371711Z,sun,39.759062,-104.62011683333333,1672.4,70.23144670129084,5.859236997416741,151895239.5955849,0.936150126239967,0.3364544968365093,0.10208483089756949
742,2026-07-28T12:33:17.395155Z,sun,39.759062,-104.62011683333333,1672.4,70.46134667652015,6.130640368572176,151895192.52731097,0.9370263796741632,0.33253002894280176,0.10679580350383822
743,2026-07-28T12:34:47.418599Z,sun,39.759062,-104.62011683333333,1672.4,70.69090167476773,6.4024307809842975,151895145.43092877,0.9378624748331037,0.3286019696736384,0.11151109284071811
744,2026-07-28T12:36:17.442042Z,sun,39.759062,-104.62011683333333,1672.4,70.92012101699967,6.674603293981774,151895098.30773032,0.9386583757320632,0.3246704872838736,0.11623049666458851
745,2026-07-28T12:37:47.465486Z,sun,39.759062,-104.62011683333333,1672.4,71.14901405681015,6.947153004511668,151895051.15900767,0.939414048135153,0.32073575004476884,0.12095381271189537
746,2026-07-28T12:39:17.488929Z,sun,39.759062,-104.62011683333333,1672.4,71.37759016347488,7.220075025397837,151895003.98605573,0.9401294594960438,0.31679792654248323,0.1256808383408551
747,2026-07-28T12:40:47.512373Z,sun,39.759062,-104.62011683333333,1672.4,71.60585874317871,7.493364508978047,151894956.79016832,0.9408045790265035,0.3128571853212959,0.13041137095974328
748,2026-07-28T12:42:17.535817Z,sun,39.759062,-104.62011683333333,1672.4,71.83382922215996,7.767016625320668,151894909.57264203,0.9414393776409958,0.3089136951824015,0.13514520766822924
749,2026-07-28T12:43:47.559260Z,sun,39.759062,-104.62011683333333,1672.4,72.06151105529109,8.04102657071857,151894862.33477426,0.9420338279837837,0.3049676250456291,0.13988214542338093
750,2026-07-28T12:45:17.582704Z,sun,39.759062,-104.62011683333333,1672.4,72.28891373462997,8.31538957625391,151894815.07786155,0.9425879044478997,0.30101914381060235,0.1446219812063471
751,2026-07-28T12:46:47.606147Z,sun,39.759062,-104.62011683333333,1672.4,72.51604677273853,8.590100885902269,151894767.80320346,0.9431015831311654,0.2970684206563239,0.14936451166273348
752,2026-07-28T12:48:17.629591Z,sun,39.759062,-104.62011683333333,1672.4,72.74291972392913,8.865155780323951,151894720.5120981,0.9435748418864511,0.2931156246831043,0.1541095335324597
753,2026-07-28T12:49:47.653035Z,sun,39.759062,-104.62011683333333,1672.4,72.96954216766801,9.140549554924895,151894673.20584607,0.9440076602815758,0.2891609252124203,0.1588568432898064
754,2026-07-28T12:51:17.676478Z,sun,39.759062,-104.62011683333333,1672.4,73.19592371725481,9.416277528398961,151894625.88574845,0.9444000196193243,0.2852044916481566,0.1636062373100008
755,2026-07-28T12:52:47.699922Z,sun,39.759062,-104.62011683333333,1672.4,73.42207402849095,9.692335051344909,151894578.55310515,0.9447519029493227,0.2812464933373182,0.16835751203642724
756,2026-07-28T12:54:17.723365Z,sun,39.759062,-104.62011683333333,1672.4,73.64800278324326,9.968717484217471,151894531.209219,0.9450632950393809,0.277287099870501,0.17311046361995233
757,2026-07-28T12:55:47.746809Z,sun,39.759062,-104.62011683333333,1672.4,73.87371971073327,10.245420221256843,151894483.85539111,0.9453341824074254,0.27332648072294147,0.17786488834982592
758,2026-07-28T12:57:17.770253Z,sun,39.759062,-104.62011683333333,1672.4,74.09923457119339,10.52243866840979,151894436.49292445,0.945564553296753,0.26936480555500447,0.18262058229297812
759,2026-07-28T12:58:47.793696Z,sun,39.759062,-104.62011683333333,1672.4,74.32455716466058,10.799768251915934,151894389.1231224,0.9457543976889431,0.2654022440730659,0.18737734146103524
760,2026-07-28T13:00:17.817140Z,sun,39.759062,-104.62011683333333,1672.4,74.54969733976273,11.077404426954645,151894341.74728712,0.9459037073085962,0.2614389658901662,0.19213496197760102
761,2026-07-28T13:01:47.840583Z,sun,39.759062,-104.62011683333333,1672.4,74.77466497752972,11.35534265546639,151894294.36672303,0.9460124756100661,0.25747514082679457,0.19689323971720402
762,2026-07-28T13:03:17.864027Z,sun,39.759062,-104.62011683333333,1672.4,74.99947001275025,11.633578430202949,151894246.9827328,0.9460806977910138,0.25351093855152107,0.20165197073670116
763,2026-07-28T13:04:47.887471Z,sun,39.759062,-104.62011683333333,1672.4,75.22412241786704,11.912107252511735,151894199.59662056,0.9461083707830419,0.24954652888183518,0.2064109509141542
764,2026-07-28T13:06:17.910914Z,sun,39.759062,-104.62011683333333,1672.4,75.44863221190094,12.190924640958865,151894152.20969072,0.9460954932574862,0.24558208164482476,0.21116997611608704
765,2026-07-28T13:07:47.934358Z,sun,39.759062,-104.62011683333333,1672.4,75.67300946937871,12.47002614000708,151894104.82324603,0.9460420656230248,0.24161776653781192,0.21592884236479337
766,2026-07-28T13:09:17.957802Z,sun,39.759062,-104.62011683333333,1672.4,75.89726430686447,12.749407300808553,151894057.4385907,0.9459480900265305,0.23765375338523062,0.2206873455299849
767,2026-07-28T13:10:47.981245Z,sun,39.759062,-104.62011683333333,1672.4,76.12140689196913,13.02906368984436,151894010.05702913,0.9458135703545836,0.23369021199928874,0.22544528149607063
768,2026-07-28T13:12:18.004689Z,sun,39.759062,-104.62011683333333,1672.4,76.3454474523805,13.308990897627183,151893962.67986366,0.9456385122268041,0.22972731204052224,0.23020244632955786
769,2026-07-28T13:13:48.028132Z,sun,39.759062,-104.62011683333333,1672.4,76.5693962600227,13.589184516291864,151893915.30839872,0.945422923007213,0.2257652233189062,0.23495863591760524
770,2026-07-28T13:15:18.051576Z,sun,39.759062,-104.62011683333333,1672.4,76.79326365261625,13.869640163845174,151893867.94393638,0.9451668117883569,0.22180411543413517,0.23971364639985246
771,2026-07-28T13:16:48.075020Z,sun,39.759062,-104.62011683333333,1672.4,77.0170600179184,14.150353461716609,151893820.58777985,0.9448701894065792,0.2178441580767119,0.24446727380699382
772,2026-07-28T13:18:18.098463Z,sun,39.759062,-104.62011683333333,1672.4,77.2407958029078,14.431320043438449,151893773.24123198,0.9445330684363962,0.21388552088842192,0.24921931422828092
773,2026-07-28T13:19:48.121907Z,sun,39.759062,-104.62011683333333,1672.4,77.46448152298127,14.712535563357195,151893725.90559372,0.9441554631767103,0.20992837332325479,0.25396956397848947
774,2026-07-28T13:21:18.145350Z,sun,39.759062,-104.62011683333333,1672.4,77.68812774634235,14.99399567411008,151893678.5821677,0.9437373896775493,0.2059728849479501,0.25871781923714476
775,2026-07-28T13:22:48.168794Z,sun,39.759062,-104.62011683333333,1672.4,77.9117451157118,15.275696050950836,151893631.27225363,0.9432788657058232,0.20201922508298853,0.26346387647949826
776,2026-07-28T13:24:18.192238Z,sun,39.759062,-104.62011683333333,1672.4,78.13534433279669,15.557632369185324,151893583.9771525,0.9427799107759671,0.19806756310306153,0.26820753211584897
777,2026-07-28T13:25:48.215681Z,sun,39.759062,-104.62011683333333,1672.4,78.35893616765829,15.839800312863298,151893536.69816437,0.9422405461371933,0.19411806829779607,0.27294858265874156
778,2026-07-28T13:27:18.239125Z,sun,39.759062,-104.62011683333333,1672.4,78.58253146811013,16.122195583501405,151893489.43658727,0.9416607947525976,0.1901709097330251,0.2776868248895144
779,2026-07-28T13:28:48.262568Z,sun,39.759062,-104.62011683333333,1672.4,78.80614114432247,16.40481387743721,151893442.1937204,0.9410406813412534,0.18622625655062092,0.2824220554983832
780,2026-07-28T13:30:18.286012Z,sun,39.759062,-104.62011683333333,1672.4,79.02977619073513,16.687650910229507,151893394.97086012,0.9403802323256274,0.18228427761038848,0.28715407151433187
781,2026-07-28T13:31:48.309456Z,sun,39.759062,-104.62011683333333,1672.4,79.25344767074547,16.970702393971695,151893347.7693034,0.9396794758775712,0.17834514178973151,0.2918826699453974
782,2026-07-28T13:33:18.332899Z,sun,39.759062,-104.62011683333333,1672.4,79.47716672628984,17.25396404599005,151893300.59034643,0.9389384418984577,0.1744090178447267,0.29660764794545413
783,2026-07-28T13:34:48.356343Z,sun,39.759062,-104.62011683333333,1672.4,79.70094458747188,17.537431597568254,151893253.43528265,0.9381571619912049,0.17047607427189443,0.3013288029801525
784,2026-07-28T13:36:18.379786Z,sun,39.759062,-104.62011683333333,1672.4,79.92479255738114,17.821100771180514,151893206.30540678,0.9373356695176808,0.16654647960701285,0.30604593246823564
785,2026-07-28T13:37:48.403230Z,sun,39.759062,-104.62011683333333,1672.4,80.14872203425598,18.104967304953192,151893159.20201015,0.9364739995278278,0.1626204020682585,0.31075883420992495
786,2026-07-28T13:39:18.426674Z,sun,39.759062,-104.62011683333333,1672.4,80.37274449638898,18.38902692985598,151893112.1263846,0.9355721888209579,0.15869800985477908,0.3154673060285237
787,2026-07-28T13:40:48.450117Z,sun,39.759062,-104.62011683333333,1672.4,80.59687151195386,18.673275378395875,151893065.07982072,0.9346302759187974,0.1547794710082656,0.3201711459365976
788,2026-07-28T13:42:18.473561Z,sun,39.759062,-104.62011683333333,1672.4,80.821114748894,18.957708393330343,151893018.06360638,0.9336483010304654,0.15086495327541746,0.3248701523010871
789,2026-07-28T13:43:48.497004Z,sun,39.759062,-104.62011683333333,1672.4,81.0454859599676,19.242321704792655,151892971.07902998,0.9326263061250912,0.14695462440523982,0.3295641234864356
790,2026-07-28T13:45:18.520448Z,sun,39.759062,-104.62011683333333,1672.4,81.2699970051943,19.527111054778064,151892924.12737677,0.9315643348427872,0.14304865179410134,0.33425285828068146
791,2026-07-28T13:46:48.543892Z,sun,39.759062,-104.62011683333333,1672.4,81.49465983699591,19.812072174231314,151892877.2099319,0.9304624325711227,0.13914720278264273,0.3389361555390558
792,2026-07-28T13:48:18.567335Z,sun,39.759062,-104.62011683333333,1672.4,81.71948651029884,20.097200791717757,151892830.32797915,0.9293206464111332,0.1352504445180997,0.3436138143492635
793,2026-07-28T13:49:48.590779Z,sun,39.759062,-104.62011683333333,1672.4,81.9444891927233,20.382492642117437,151892783.48279917,0.9281390251352784,0.13135854381754855,0.34828563419565334
794,2026-07-28T13:51:18.614222Z,sun,39.759062,-104.62011683333333,1672.4,82.16968014985137,20.667943443631977,151892736.67567304,0.9269176192752222,0.12747166746353272,0.35295141460436263
795,2026-07-28T13:52:48.637666Z,sun,39.759062,-104.62011683333333,1672.4,82.39507176802692,20.953548922294566,151892689.9078781,0.9256564810147045,0.12358998185116184,0.35761095556694483
796,2026-07-28T13:54:18.661110Z,sun,39.759062,-104.62011683333333,1672.4,82.62067653972578,21.23930478893773,151892643.18069187,0.9243556642811529,0.11971365328326647,0.3622640571860841
797,2026-07-28T13:55:48.684553Z,sun,39.759062,-104.62011683333333,1672.4,82.84650707398035,21.52520674783659,151892596.4953896,0.9230152247046735,0.11584284783350975,0.36691051983992423
798,2026-07-28T13:57:18.707997Z,sun,39.759062,-104.62011683333333,1672.4,83.07257610691073,21.811250505370023,151892549.85324353,0.9216352195690353,0.1119777312105782,0.3715501443451041
799,2026-07-28T13:58:48.731440Z,sun,39.759062,-104.62011683333333,1672.4,83.29889648722406,22.09743174690652,151892503.25552595,0.9202157079145262,0.10811846905182906,0.376182731604278
800,2026-07-28T14:00:18.754884Z,sun,39.759062,-104.62011683333333,1672.4,83.52548119943079,22.383746161322403,151892456.7035053,0.9187567504128161,0.10426522657277279,0.38080808302688474
801,2026-07-28T14:01:48.778328Z,sun,39.759062,-104.62011683333333,1672.4,83.7523433494521,22.670189417843325,151892410.19844937,0.9172584094736358,0.10041816886020956,0.3854260001772823
802,2026-07-28T14:03:18.801771Z,sun,39.759062,-104.62011683333333,1672.4,83.97949617541165,22.95675717464502,151892363.74162415,0.9157207491967957,0.0965774607362893,0.39003628493793974
803,2026-07-28T14:04:48.825215Z,sun,39.759062,-104.62011683333333,1672.4,84.20695305856248,23.243445087475166,151892317.33429185,0.9141438353162064,0.09274326662368444,0.39463873967129065
804,2026-07-28T14:06:18.848659Z,sun,39.759062,-104.62011683333333,1672.4,84.4347275115558,23.53024878959397,151892270.97771415,0.9125277352995748,0.08891575079457704,0.39923316692086835
805,2026-07-28T14:07:48.872102Z,sun,39.759062,-104.62011683333333,1672.4,84.66283318948324,23.81716390034876,151892224.67315048,0.9108725182962275,0.08509507723526556,0.4038193695738392
806,2026-07-28T14:09:18.895546Z,sun,39.759062,-104.62011683333333,1672.4,84.89128390105434,24.10418603374987,151892178.42185658,0.9091782550770594,0.08128140951219635,0.4083971510218258
807,2026-07-28T14:10:48.918989Z,sun,39.759062,-104.62011683333333,1672.4,85.12009359449695,24.391310775159642,151892132.22508785,0.9074450181612604,0.0774749110617533,0.41296631481306445
808,2026-07-28T14:12:18.942433Z,sun,39.759062,-104.62011683333333,1672.4,85.34927638157559,24.67853370576944,151892086.0840953,0.9056728816627022,0.07367574484445642,0.41752666506750397
809,2026-07-28T14:13:48.965877Z,sun,39.759062,-104.62011683333333,1672.4,85.57884652361946,24.965850379243193,151892040.00012916,0.9038619214204182,0.06988407363406621,0.42207800612978896
810,2026-07-28T14:15:18.989320Z,sun,39.759062,-104.62011683333333,1672.4,85.80881844301437,25.253256330219475,151891993.97443715,0.902012214939563,0.06610005988342225,0.4266201427303119
811,2026-07-28T14:16:49.012764Z,sun,39.759062,-104.62011683333333,1672.4,86.03920673485898,25.54074708281383,151891948.0082627,0.9001238413245339,0.06232386559178586,0.43115288014445896
812,2026-07-28T14:18:19.036207Z,sun,39.759062,-104.62011683333333,1672.4,86.27002615313951,25.82831812717747,151891902.10284916,0.8981968814204483,0.05855565259182734,0.43567602384814147
813,2026-07-28T14:19:49.059651Z,sun,39.759062,-104.62011683333333,1672.4,86.50129163535244,26.115964943919817,151891856.25943488,0.8962314176419295,0.05479558220721814,0.440189379928809
814,2026-07-28T14:21:19.083095Z,sun,39.759062,-104.62011683333333,1672.4,86.73301828882028,26.4036829806174,151891810.47925726,0.8942275341183019,0.05104381553885502,0.4446927547418966
815,2026-07-28T14:22:49.106538Z,sun,39.759062,-104.62011683333333,1672.4,86.96522140269973,26.691467660229865,151891764.76355082,0.8921853166277176,0.04730051333200383,0.44918595507031167
816,2026-07-28T14:24:19.129982Z,sun,39.759062,-104.62011683333333,1672.4,87.1979164601797,26.979314389507685,151891719.1135458,0.8901048525235332,0.04356583584511178,0.45366878828190954
817,2026-07-28T14:25:49.153425Z,sun,39.759062,-104.62011683333333,1672.4,87.43111912495388,27.267218535410866,151891673.53047168,0.8879862308903987,0.03983994313370698,0.4581410619887356
818,2026-07-28T14:27:19.176869Z,sun,39.759062,-104.62011683333333,1672.4,87.66484526654116,27.55517544945816,151891628.01555303,0.8858295423555685,0.03612299471165417,0.46260258445363855
819,2026-07-28T14:28:49.200313Z,sun,39.759062,-104.62011683333333,1672.4,87.8991109469076,27.843180444081934,151891582.57001314,0.8836348792487342,0.03241514983433002,0.4670531642503804
820,2026-07-28T14:30:19.223756Z,sun,39.759062,-104.62011683333333,1672.4,88.13393243306287,28.131228800939162,151891537.19507197,0.8814023355293711,0.028716567367172124,0.4714926104214325
821,2026-07-28T14:31:49.247200Z,sun,39.759062,-104.62011683333333,1672.4,88.36932620987889,28.419315779211257,151891491.89194512,0.8791320067063768,0.02502740565599328,0.4759207326336493
822,2026-07-28T14:33:19.270643Z,sun,39.759062,-104.62011683333333,1672.4,88.60530896688157,28.707436591861708,151891446.66184717,0.8768239900086943,0.021347822807624477,0.480337340841421
823,2026-07-28T14:34:49.294087Z,sun,39.759062,-104.62011683333333,1672.4,88.8418976243644,28.995586429881065,151891401.50598747,0.8744783841793471,0.017677976355213985,0.4847422456884305
824,2026-07-28T14:36:19.317531Z,sun,39.759062,-104.62011683333333,1672.4,89.07910932035888,29.283760438488507,151891356.42557365,0.8720952896496578,0.014018023537891567,0.4891352581719812
825,2026-07-28T14:37:49.340974Z,sun,39.759062,-104.62011683333333,1672.4,89.31696142389164,29.571953725307015,151891311.42181012,0.869674808459935,0.010368121170946142,0.4935161897988353
826,2026-07-28T14:39:19.364418Z,sun,39.759062,-104.62011683333333,1672.4,89.55547154849754,29.860161368521897,151891266.4958964,0.8672170441725162,0.006728425517880166,0.49788485273879796
827,2026-07-28T14:40:49.387861Z,sun,39.759062,-104.62011683333333,1672.4,89.79465753937616,30.14837839297746,151891221.64903086,0.8647221020566479,0.003099092567329628,0.502241059492343
828,2026-07-28T14:42:19.411305Z,sun,39.759062,-104.62011683333333,1672.4,90.03453750040022,30.43659979427799,151891176.8824063,0.8621900888655099,-0.000519722297157106,0.5065846232869866
829,2026-07-28T14:43:49.434749Z,sun,39.759062,-104.62011683333333,1672.4,90.27512978146736,30.724820514816198,151891132.19721362,0.8596211130246797,-0.004127864021195072,0.5109153577461079
830,2026-07-28T14:45:19.458192Z,sun,39.759062,-104.62011683333333,1672.4,90.51645299251412,31.013035451796643,151891087.59464002,0.8570152845461418,-0.007725178007769144,0.5152330770428504
831,2026-07-28T14:46:49.481636Z,sun,39.759062,-104.62011683333333,1672.4,90.75852601780392,31.301239465213346,151891043.07586807,0.8543727149349157,-0.011311510243179848,0.5195375960512959
832,2026-07-28T14:48:19.505079Z,sun,39.759062,-104.62011683333333,1672.4,91.00136800349168,31.589427353772606,151890998.64207837,0.8516935173879677,-0.014886707024180082,0.5238287300189707
833,2026-07-28T14:49:49.528523Z,sun,39.759062,-104.62011683333333,1672.4,91.24499838564503,31.87759387881386,151890954.29444593,0.848977806554444,-0.01845061528338594,0.5281062949574352
834,2026-07-28T14:51:19.551967Z,sun,39.759062,-104.62011683333333,1672.4,91.4894368780242,32.165733740151424,151890910.0341436,0.8462256987381477,-0.022003082317436157,0.5323701073160156
835,2026-07-28T14:52:49.575410Z,sun,39.759062,-104.62011683333333,1672.4,91.73470348693114,32.45384158389359,151890865.86234048,0.8434373118051373,-0.025543955913205147,0.5366199841333045
836,2026-07-28T14:54:19.598854Z,sun,39.759062,-104.62011683333333,1672.4,91.98081852639199,32.74191201023274,151890821.7802003,0.8406127650837981,-0.029073084471938338,0.5408557431861648
837,2026-07-28T14:55:49.622297Z,sun,39.759062,-104.62011683333333,1672.4,92.22780260616611,33.02993954916182,151890777.78888494,0.8377521795776811,-0.03259031674059374,0.545077202667285
838,2026-07-28T14:57:19.645741Z,sun,39.759062,-104.62011683333333,1672.4,92.47567666089826,33.31791868416216,151890733.8895504,0.8348556777093038,-0.03609550213196331,0.5492841815694137
839,2026-07-28T14:58:49.669185Z,sun,39.759062,-104.62011683333333,1672.4,92.72446193838609,33.60584382784947,151890690.0833502,0.8319233835362942,-0.03958849045737023,0.5534764993645445
840,2026-07-28T15:00:19.692628Z,sun,39.759062,-104.62011683333333,1672.4,92.97418001537748,33.893709329563,151890646.37143403,0.8289554226525706,-0.043069132050892904,0.5576539761530269
841,2026-07-28T15:01:49.716072Z,sun,39.759062,-104.62011683333333,1672.4,93.22485281372424,34.18150948289402,151890602.75494555,0.8259519220822987,-0.04653727789113274,0.561816432809721
842,2026-07-28T15:03:19.739515Z,sun,39.759062,-104.62011683333333,1672.4,93.47650258890957,34.46923850119959,151890559.23502684,0.8229130105061557,-0.049992779337381325,0.5659636906673604
843,2026-07-28T15:04:49.762959Z,sun,39.759062,-104.62011683333333,1672.4,93.72915196046765,34.756890541007074,151890515.8128135,0.8198388179889956,-0.05343548844410304,0.5700955718939997
844,2026-07-28T15:06:19.786403Z,sun,39.759062,-104.62011683333333,1672.4,93.98282390078188,35.04445967742675,151890472.48943847,0.8167294762095291,-0.056865257698312174,0.5742118991778322
845,2026-07-28T15:07:49.809846Z,sun,39.759062,-104.62011683333333,1672.4,94.23754175194084,35.331939911466726,151890429.26603058,0.8135851183552001,-0.060281940141667587,0.5783124958737373
846,2026-07-28T15:09:19.833290Z,sun,39.759062,-104.62011683333333,1672.4,94.49332924299189,35.61932517727277,151890386.14371273,0.8104058790099764,-0.06368538948995348,0.5823971861466885
847,2026-07-28T15:10:49.856734Z,sun,39.759062,-104.62011683333333,1672.4,94.75021048188395,35.90660932057972,151890343.123605,0.807191894358095,-0.0670754599117001,0.5864657947060714
848,2026-07-28T15:12:19.880177Z,sun,39.759062,-104.62011683333333,1672.4,95.00820997301344,36.19378610583733,151890300.20682296,0.8039433020752258,-0.07045200614891953,0.5905181469506038
849,2026-07-28T15:13:49.903621Z,sun,39.759062,-104.62011683333333,1672.4,95.26735263520004,36.48084922325747,151890257.39447653,0.8006602412125606,-0.0738148836352153,0.5945540691100885
850,2026-07-28T15:15:19.927064Z,sun,39.759062,-104.62011683333333,1672.4,95.52766379112018,36.767792263896666,151890214.68767282,0.7973428524444675,-0.07716394823975928,0.5985733879381642
851,2026-07-28T15:16:49.950508Z,sun,39.759062,-104.62011683333333,1672.4,95.78916920008784,37.054608742518454,151890172.08751258,0.7939912777706482,-0.08049905657238614,0.6025759310784735
852,2026-07-28T15:18:19.973952Z,sun,39.759062,-104.62011683333333,1672.4,96.05189504780392,37.34129207254872,151890129.59509343,0.7906056607671085,-0.08382006572889315,0.6065615267589989
853,2026-07-28T15:19:49.997395Z,sun,39.759062,-104.62011683333333,1672.4,96.31586796515627,37.62783557284981,151890087.21150818,0.7871861464711347,-0.08712683340950793,0.6105300039342514
854,2026-07-28T15:21:20.020839Z,sun,39.759062,-104.62011683333333,1672.4,96.58111504748362,37.91423247438672,151890044.93784386,0.783732881259477,-0.0904192180344353,0.6144811924239503
855,2026-07-28T15:22:50.044282Z,sun,39.759062,-104.62011683333333,1672.4,96.84766384466018,38.2004758950077,151890002.77518436,0.7802460131088264,-0.09369707849328483,0.6184149226123221
856,2026-07-28T15:24:20.067726Z,sun,39.759062,-104.62011683333333,1672.4,97.11554239553445,38.48655886185791,151889960.724607,0.7767256912827061,-0.09696027444360387,0.6223310258063819
857,2026-07-28T15:25:50.091170Z,sun,39.759062,-104.62011683333333,1672.4,97.3847792183564,38.77247428601302,151889918.7871858,0.773172066595191,-0.10020866606169761,0.6262293339369026
858,2026-07-28T15:27:20.114613Z,sun,39.759062,-104.62011683333333,1672.4,97.65540333094137,39.05821496882735,151889876.9639897,0.7695852912899552,-0.1034421141585613,0.6301096796975603
859,2026-07-28T15:28:50.138057Z,sun,39.759062,-104.62011683333333,1672.4,97.9274442713514,39.34377360816173,151889835.25608152,0.7659655189125901,-0.10666048029283672,0.6339718966804979
860,2026-07-28T15:30:20.161500Z,sun,39.759062,-104.62011683333333,1672.4,98.20093208866443,39.62914277280259,151889793.66452086,0.7623129045837633,-0.10986362652581702,0.6378158190823288
861,2026-07-28T15:31:50.184944Z,sun,39.759062,-104.62011683333333,1672.4,98.47589737924163,39.91431492436354,151889752.19036055,0.7586276046710085,-0.11305141571327211,0.6416412820543524
862,2026-07-28T15:33:20.208388Z,sun,39.759062,-104.62011683333333,1672.4,98.75237127786151,40.199282391534666,151889710.83464974,0.7549097770650445,-0.11622371126191826,0.6454481214103198
863,2026-07-28T15:34:50.231831Z,sun,39.759062,-104.62011683333333,1672.4,99.03038547936738,40.48403737593814,151889669.5984324,0.7511595810529559,-0.11938037724276163,0.6492361737624636
864,2026-07-28T15:36:20.255275Z,sun,39.759062,-104.62011683333333,1672.4,99.3099722608779,40.76857195784081,151889628.48274595,0.747377177184811,-0.12252127850131583,0.65300527665377
865,2026-07-28T15:37:50.278718Z,sun,39.759062,-104.62011683333333,1672.4,99.59116447326745,41.052878070154506,151889587.48862466,0.7435627275592233,-0.1256462804184371,0.6567552682709898
866,2026-07-28T15:39:20.302162Z,sun,39.759062,-104.62011683333333,1672.4,99.87399557941824,41.33694751974452,151889546.6170956,0.739716395480285,-0.12875524919521258,0.6604859877865188
867,2026-07-28T15:40:50.325606Z,sun,39.759062,-104.62011683333333,1672.4,100.15849964606949,41.62077196122417,151889505.86918193,0.7358383457463282,-0.13184805161523133,0.6641972750731325
868,2026-07-28T15:42:20.349049Z,sun,39.759062,-104.62011683333333,1672.4,100.44471136704311,41.90434290223289,151889465.2459016,0.7319287445174056,-0.1349245551551912,0.6678889708367313
869,2026-07-28T15:43:50.372493Z,sun,39.759062,-104.62011683333333,1672.4,100.73266608709781,42.18765170856756,151889424.74826568,0.727987759176083,-0.13798462809247736,0.6715609167454327
870,2026-07-28T15:45:20.395936Z,sun,39.759062,-104.62011683333333,1672.4,101.02239979409596,42.47068957767718,151889384.3772818,0.7240155586253899,-0.14102813927184604,0.675212955149622
871,2026-07-28T15:46:50.419380Z,sun,39.759062,-104.62011683333333,1672.4,101.31394915937116,42.75344755928078,151889344.1339501,0.7200123129312074,-0.1440549583831145,0.6788449294151737
872,2026-07-28T15:48:20.442824Z,sun,39.759062,-104.62011683333333,1672.4,101.60735153028214,43.0359165286471,151889304.0192669,0.7159781936230417,-0.14706495572959086,0.682456683645592
873,2026-07-28T15:49:50.466267Z,sun,39.759062,-104.62011683333333,1672.4,101.90264495508434,43.318087191204334,151889264.03422296,0.7119133735558937,-0.15005800233586938,0.686048062811371
874,2026-07-28T15:51:20.489711Z,sun,39.759062,-104.62011683333333,1672.4,102.1998682084562,43.59995008696526,151889224.17980176,0.7078180267657465,-0.15303397005234093,0.6896189128754113
875,2026-07-28T15:52:50.513154Z,sun,39.759062,-104.62011683333333,1672.4,102.49906078433246,43.88149556347335,151889184.45698312,0.7036923287791502,-0.15599273132834768,0.6931690805208338
876,2026-07-28T15:54:20.536598Z,sun,39.759062,-104.62011683333333,1672.4,102.80026293845374,44.162713795599196,151889144.86673972,0.6995364562416704,-0.15893415948218265,0.6966984134749681
877,2026-07-28T15:55:50.560042Z,sun,39.759062,-104.62011683333333,1672.4,103.10351568154655,44.443594758227206,151889105.4100395,0.6953505872303288,-0.16185812847594927,0.7002067602392166
878,2026-07-28T15:57:20.583485Z,sun,39.759062,-104.62011683333333,1672.4,103.40886080584497,44.724128230089505,151889066.08784485,0.6911349011100267,-0.16476451302041364,0.7036939702148793
879,2026-07-28T15:58:50.606929Z,sun,39.759062,-104.62011683333333,1672.4,103.71634091229029,45.0043037973825,151889026.90111092,0.6868895783837793,-0.16765318867642554,0.7071598938248554
880,2026-07-28T16:00:20.630372Z,sun,39.759062,-104.62011683333333,1672.4,104.02599940388671,45.284110826069515,151888987.8507889,0.6826148010137343,-0.17052403163467184,0.7106043822493902
881,2026-07-28T16:01:50.653816Z,sun,39.759062,-104.62011683333333,1672.4,104.33788053045268,45.56353848073602,151888948.93782237,0.6783107520359635,-0.17337691897779195,0.7140272877405834
882,2026-07-28T16:03:20.677260Z,sun,39.759062,-104.62011683333333,1672.4,104.65202938224522,45.842575696588845,151888910.16315016,0.6739776158843158,-0.17621172846184613,0.7174284633602032
883,2026-07-28T16:04:50.700703Z,sun,39.759062,-104.62011683333333,1672.4,104.96849191804158,46.121211182393495,151888871.52770534,0.6696155782415755,-0.17902833861809922,0.7208077631018159
884,2026-07-28T16:06:20.724147Z,sun,39.759062,-104.62011683333333,1672.4,105.28731499391272,46.39943342316964,151888833.0324137,0.6652248258844652,-0.18182662885133272,0.7241650420087555
885,2026-07-28T16:07:50.747591Z,sun,39.759062,-104.62011683333333,1672.4,105.60854636042066,46.67723065483385,151888794.67819604,0.6608055469665874,-0.18460647925715593,0.727500155954943
886,2026-07-28T16:09:20.771034Z,sun,39.759062,-104.62011683333333,1672.4,105.93223469154857,46.954590866549154,151888756.4659674,0.6563579308663182,-0.18736777072200297,0.7308129617648776
887,2026-07-28T16:10:50.794478Z,sun,39.759062,-104.62011683333333,1672.4,106.2584296142765,47.231501802780905,151888718.39663523,0.6518821680291256,-0.1901103850192953,0.7341033173290135
888,2026-07-28T16:12:20.817921Z,sun,39.759062,-104.62011683333333,1672.4,106.58718170218233,47.507950934384965,151888680.4711026,0.6473784503059301,-0.1928342046003806,0.7373710813529581
889,2026-07-28T16:13:50.841365Z,sun,39.759062,-104.62011683333333,1672.4,106.91854252339813,47.783925475637595,151888642.69026473,0.6428469705472646,-0.19553911284322822,0.7406161136558451
890,2026-07-28T16:15:20.864809Z,sun,39.759062,-104.62011683333333,1672.4,107.25256463421724,48.05941235494952,151888605.05501193,0.6382879229443341,-0.19822499384517261,0.743838274921699
891,2026-07-28T16:16:50.888252Z,sun,39.759062,-104.62011683333333,1672.4,107.5893016091014,48.334398216099956,151888567.56622815,0.6337015028720313,-0.20089173251958256,0.7470374268154236
892,2026-07-28T16:18:20.911696Z,sun,39.759062,-104.62011683333333,1672.4,107.92880807128768,48.608869419150366,151888530.22478968,0.6290879067263926,-0.20353921468868752,0.7502134320941727
893,2026-07-28T16:19:50.935139Z,sun,39.759062,-104.62011683333333,1672.4,108.27113968583006,48.882812010631795,151888493.03156856,0.62444733227346,-0.2061673268817181,0.7533661543651969
894,2026-07-28T16:21:20.958583Z,sun,39.759062,-104.62011683333333,1672.4,108.61635320906502,49.15621173924437,151888455.98742828,0.6197799782309534,-0.20877595657496265,0.7564954583738414
895,2026-07-28T16:22:50.982027Z,sun,39.759062,-104.62011683333333,1672.4,108.96450648135207,49.429054025626286,151888419.09322757,0.6150860446197338,-0.21136499199177033,0.7596012097636297
896,2026-07-28T16:24:21.005470Z,sun,39.759062,-104.62011683333333,1672.4,109.31565845753661,49.7013239623437,151888382.34981844,0.6103657326019625,-0.21393432219587652,0.76268327518824
897,2026-07-28T16:25:51.028914Z,sun,39.759062,-104.62011683333333,1672.4,109.6698692378909,49.973006313521054,151888345.7580454,0.6056192443139018,-0.2164838371807824,0.7657415224187226
898,2026-07-28T16:27:21.052357Z,sun,39.759062,-104.62011683333333,1672.4,110.02720005966921,50.24408548402698,151888309.31874785,0.6008467832249247,-0.21901342767528942,0.7687758201102459
899,2026-07-28T16:28:51.075801Z,sun,39.759062,-104.62011683333333,1672.4,110.3877133473158,50.51454553369171,151888273.03275725,0.5960485537070653,-0.22152298537471646,0.7717860380794594
900,2026-07-28T16:30:21.099245Z,sun,39.759062,-104.62011683333333,1672.4,110.75147270323502,50.784370146028564,151888236.90089944,0.5912247613966277,-0.22401240274830267,0.7747720470734814
901,2026-07-28T16:31:51.122688Z,sun,39.759062,-104.62011683333333,1672.4,111.11854293768549,51.053542626851545,151888200.92399392,0.5863756130275866,-0.2264815731291412,0.7777337188777862
902,2026-07-28T16:33:21.146132Z,sun,39.759062,-104.62011683333333,1672.4,111.48899009892754,51.32204590249062,151888165.102852,0.5815013162599265,-0.22893039079999417,0.7806709264191506
903,2026-07-28T16:34:51.169575Z,sun,39.759062,-104.62011683333333,1672.4,111.86288146189494,51.589862487893626,151888129.4382801,0.5766020800483843,-0.23135875080645785,0.7835835435415626
904,2026-07-28T16:36:21.193019Z,sun,39.759062,-104.62011683333333,1672.4,112.24028557787325,51.85697449920959,151888093.93107623,0.5716781142004762,-0.2337665491790133,0.7864714452725688
905,2026-07-28T16:37:51.216463Z,sun,39.759062,-104.62011683333333,1672.4,112.62127226167668,52.123363621401474,151888058.58203304,0.566729629747653,-0.23615368274815166,0.789334507601545
906,2026-07-28T16:39:21.239906Z,sun,39.759062,-104.62011683333333,1672.4,113.00591261936324,52.389011105372276,151888023.39193606,0.5617568387742703,-0.2385200492307341,0.7921726075832884
907,2026-07-28T16:40:51.263350Z,sun,39.759062,-104.62011683333333,1672.4,113.39427907586186,52.65389776466281,151887988.361563,0.5567599542416017,-0.24086554731218351,0.7949856234366077
908,2026-07-28T16:42:21.286793Z,sun,39.759062,-104.62011683333333,1672.4,113.7864453586928,52.9180039424195,151887953.4916862,0.5517391903659458,-0.24319007646746296,0.7977734343296223
909,2026-07-28T16:43:51.310237Z,sun,39.759062,-104.62011683333333,1672.4,114.18248654517791,53.181309522236674,151887918.78306955,0.5466947621655298,-0.2454935371737587,0.8005359206348527
910,2026-07-28T16:45:21.333681Z,sun,39.759062,-104.62011683333333,1672.4,114.58247904362162,53.44379389462712,151887884.2364713,0.5416268858409263,-0.24777583073347034,0.8032729637169416
911,2026-07-28T16:46:51.357124Z,sun,39.759062,-104.62011683333333,1672.4,114.98650061646899,53.70543595259874,151887849.85264254,0.5365357785996836,-0.25003685935694964,0.8059844460318972
912,2026-07-28T16:48:21.380568Z,sun,39.759062,-104.62011683333333,1672.4,115.39463040284102,53.96621408678039,151887815.63232628,0.5314216584762514,-0.25227652624095903,0.8086702512211916
913,2026-07-28T16:49:51.404011Z,sun,39.759062,-104.62011683333333,1672.4,115.80694889432976,54.22610615127396,151887781.57626,0.5262847447190531,-0.25449473539764894,0.8113302639066793
914,2026-07-28T16:51:21.427455Z,sun,39.759062,-104.62011683333333,1672.4,116.2235379768701,54.485089472716005,151887747.68517286,0.5211252573266306,-0.25669139185770345,0.8139643699342177
915,2026-07-28T16:52:51.450899Z,sun,39.759062,-104.62011683333333,1672.4,116.6444809024963,54.74314081565484,151887713.95978767,0.5159434174370762,-0.258866401501308,0.8165724561709846
916,2026-07-28T16:54:21.474342Z,sun,39.759062,-104.62011683333333,1672.4,117.06986230449112,55.000236376598174,151887680.40082029,0.5107394471485677,-0.2610196711371627,0.8191544106002377
917,2026-07-28T16:55:51.497786Z,sun,39.759062,-104.62011683333333,1672.4,117.49976821116417,55.25635177762939,151887647.0089784,0.5055135693350499,-0.2631511085772645,0.8217101224109963
918,2026-07-28T16:57:21.521229Z,sun,39.759062,-104.62011683333333,1672.4,117.93428600951634,55.51146203126051,151887613.78496388,0.5002660080421731,-0.2652606224739402,0.824239481802641
919,2026-07-28T16:58:51.544673Z,sun,39.759062,-104.62011683333333,1672.4,118.37350447763981,55.76554154777915,151887580.72946984,0.494996988013259,-0.26734812251319223,0.8267423802167593
920,2026-07-28T17:00:21.568117Z,sun,39.759062,-104.62011683333333,1672.4,118.81751374232051,56.01856409974352,151887547.8431835,0.48970673508700263,-0.2694135192539754,0.8292187101444444
921,2026-07-28T17:01:51.591560Z,sun,39.759062,-104.62011683333333,1672.4,119.26640528133701,56.27050281466849,151887515.12678453,0.4843954760141253,-0.2714567242033835,0.8316683652164589
922,2026-07-28T17:03:21.615004Z,sun,39.759062,-104.62011683333333,1672.4,119.72027192329072,56.52133016731328,151887482.58094433,0.47906343826946596,-0.2734776498874824,0.8340912402881696
923,2026-07-28T17:04:51.638448Z,sun,39.759062,-104.62011683333333,1672.4,120.1792077985739,56.77101794664284,151887450.20632812,0.4737108503962915,-0.2754762097188618,0.8364872312807602
924,2026-07-28T17:06:21.661891Z,sun,39.759062,-104.62011683333333,1672.4,120.64330833093395,57.01953724787456,151887418.0035937,0.46833794182058347,-0.2774523180695398,0.8388562352686536
925,2026-07-28T17:07:51.685335Z,sun,39.759062,-104.62011683333333,1672.4,121.11267022572565,57.26685846416905,151887385.9733904,0.462944942660999,-0.2794058903394191,0.8411981505615909
926,2026-07-28T17:09:21.708778Z,sun,39.759062,-104.62011683333333,1672.4,121.58739140151371,57.512951250681965,151887354.11636147,0.45753208413750074,-0.2813368428068345,0.8435128765254727
927,2026-07-28T17:10:51.732222Z,sun,39.759062,-104.62011683333333,1672.4,122.06757099462939,57.7577845298176,151887322.43314147,0.4520995980820719,-0.283245092805795,0.8458003137948494
928,2026-07-28T17:12:21.755666Z,sun,39.759062,-104.62011683333333,1672.4,122.55330927984345,58.00132645528024,151887290.9243584,0.4466477173491768,-0.2851305585787363,0.8480603640964172
929,2026-07-28T17:13:51.779109Z,sun,39.759062,-104.62011683333333,1672.4,123.04470763757483,58.24354440355119,151887259.59063295,0.44117667562644497,-0.2869931593454928,0.8502929303317129
930,2026-07-28T17:15:21.802553Z,sun,39.759062,-104.62011683333333,1672.4,123.54186851606624,58.48440496515257,151887228.432577,0.43568670724113584,-0.28883281536777416,0.8524979166544058
931,2026-07-28T17:16:51.825996Z,sun,39.759062,-104.62011683333333,1672.4,124.04489533189103,58.723873909157675,151887197.45079648,0.43017804757639755,-0.29064944780827257,0.8546752283014319
932,2026-07-28T17:18:21.849440Z,sun,39.759062,-104.62011683333333,1672.4,124.55389244605695,58.96191618806054,151887166.64588824,0.42465093257292047,-0.29244297889765813,0.8568247717931671
933,2026-07-28T17:19:51.872884Z,sun,39.759062,-104.62011683333333,1672.4,125.06896504942694,59.19849590273378,151887136.0184426,0.4191055991469315,-0.2942133317959276,0.8589464547672521
934,2026-07-28T17:21:21.896327Z,sun,39.759062,-104.62011683333333,1672.4,125.59021909563505,59.433576294357614,151887105.56904218,0.4135422849972394,-0.29596043065744215,0.8610401860565646
935,2026-07-28T17:22:51.919771Z,sun,39.759062,-104.62011683333333,1672.4,126.1177612267549,59.66711973635032,151887075.2982611,0.4079612284088379,-0.29768420069121887,0.8631058757614747
936,2026-07-28T17:24:21.943214Z,sun,39.759062,-104.62011683333333,1672.4,126.65169863166369,59.89908770068543,151887045.20666698,0.40236266867564535,-0.2993845680289771,0.8651434350917283
937,2026-07-28T17:25:51.966658Z,sun,39.759062,-104.62011683333333,1672.4,127.1921389825153,60.12944076363658,151887015.29481843,0.39674684559443796,-0.3010614598814471,0.8671527765537714
938,2026-07-28T17:27:21.990102Z,sun,39.759062,-104.62011683333333,1672.4,127.73919027302438,60.35813857323327,151886985.5632675,0.39111399988928924,-0.30271480440866694,0.8691338137953347
939,2026-07-28T17:28:52.013545Z,sun,39.759062,-104.62011683333333,1672.4,128.292960705013,60.585139843224326,151886956.01255828,0.38546437301558945,-0.30434453078089063,0.8710864616784364
940,2026-07-28T17:30:22.036989Z,sun,39.759062,-104.62011683333333,1672.4,128.85355856520968,60.81040234742771,151886926.64322618,0.3797982069606281,-0.30595056923474684,0.873010636346675
941,2026-07-28T17:31:52.060432Z,sun,39.759062,-104.62011683333333,1672.4,129.42109202841203,61.03388288982216,151886897.4558001,0.37411574467284675,-0.3075328509502055,0.874906255077834
942,2026-07-28T17:33:22.083876Z,sun,39.759062,-104.62011683333333,1672.4,129.9956690415246,61.255537313175154,151886868.45079982,0.36841722954806827,-0.30909130819620884,0.8767732364583686
943,2026-07-28T17:34:52.107320Z,sun,39.759062,-104.62011683333333,1672.4,130.57739710114254,61.47532047128613,151886839.62873846,0.36270290586032644,-0.310625874209922,0.8786115002387557
944,2026-07-28T17:36:22.130763Z,sun,39.759062,-104.62011683333333,1672.4,131.16638308034695,61.69318622736103,151886810.99012098,0.35697301856287655,-0.31213648325350735,0.8804209674015273
945,2026-07-28T17:37:52.154207Z,sun,39.759062,-104.62011683333333,1672.4,131.76273304313366,61.909087453316666,151886782.53544357,0.3512278130860209,-0.31362307066607753,0.8822015602235079
946,2026-07-28T17:39:22.177650Z,sun,39.759062,-104.62011683333333,1672.4,132.3665519785616,62.122976006483796,151886754.26519576,0.3454675357724339,-0.31508557274970955,0.883953202139293
947,2026-07-28T17:40:52.201094Z,sun,39.759062,-104.62011683333333,1672.4,132.97794361908274,62.33480274396606,151886726.17985818,0.33969243335614396,-0.3165239269042622,0.8856758179027397
948,2026-07-28T17:42:22.224538Z,sun,39.759062,-104.62011683333333,1672.4,133.5970101438725,62.54451750288253,151886698.27990413,0.333902753399407,-0.31793807151568415,0.8873693334532035
949,2026-07-28T17:43:52.247981Z,sun,39.759062,-104.62011683333333,1672.4,134.22385193294224,62.7520691064421,151886670.56579906,0.32809874409093537,-0.3193279460085898,0.8890336759785233
950,2026-07-28T17:45:22.271425Z,sun,39.759062,-104.62011683333333,1672.4,134.85856730673535,62.9574053716901,151886643.0379994,0.32228065404100176,-0.32069349089399485,0.8906687739721918
951,2026-07-28T17:46:52.294868Z,sun,39.759062,-104.62011683333333,1672.4,135.50125217907492,63.16047309662829,151886615.696955,0.316448732722533,-0.3220346476644587,0.8922745571078057
952,2026-07-28T17:48:22.318312Z,sun,39.759062,-104.62011683333333,1672.4,136.15199979882442,63.361218084112046,151886588.5431063,0.31060322994346323,-0.32335135891793315,0.8938509563873689
953,2026-07-28T17:49:52.341756Z,sun,39.759062,-104.62011683333333,1672.4,136.81090036856065,63.55958513430582,151886561.57688674,0.3047443962889946,-0.32464356825528873,0.8953979040186156
954,2026-07-28T17:51:22.365199Z,sun,39.759062,-104.62011683333333,1672.4,137.47804071704567,63.75551806272099,151886534.79872158,0.29887248291723917,-0.32591122032864495,0.8969153334728859
955,2026-07-28T17:52:52.388643Z,sun,39.759062,-104.62011683333333,1672.4,138.15350395638131,63.94895972083501,151886508.2090271,0.2929877413521573,-0.327154260884752,0.8984031795370678
956,2026-07-28T17:54:22.412086Z,sun,39.759062,-104.62011683333333,1672.4,138.83736904759732,64.13985199840597,151886481.80821282,0.28709042392958817,-0.32837263666946676,0.89986137819926
957,2026-07-28T17:55:52.435530Z,sun,39.759062,-104.62011683333333,1672.4,139.52971046173573,64.32813586161228,151886455.59667873,0.2811807832636437,-0.32956629554046474,0.9012898667836996
958,2026-07-28T17:57:22.458974Z,sun,39.759062,-104.62011683333333,1672.4,140.2305977117534,64.51375136279667,151886429.57481778,0.27525907269396194,-0.33073518637408794,0.9026885838392759
959,2026-07-28T17:58:52.482417Z,sun,39.759062,-104.62011683333333,1672.4,140.9400949439898,64.696637675528,151886403.74301457,0.26932554607896897,-0.3318792591093691,0.904057469192242
960,2026-07-28T18:00:22.505861Z,sun,39.759062,-104.62011683333333,1672.4,141.6582605163034,64.87673313325995,151886378.1016449,0.26338045758673345,-0.3329984647870558,0.9053964639929112
961,2026-07-28T18:01:52.529305Z,sun,39.759062,-104.62011683333333,1672.4,142.38514649070217,65.05397525418925,151886352.65107706,0.2574240620794179,-0.3340927554754863,0.906705510626978
962,2026-07-28T18:03:22.552748Z,sun,39.759062,-104.62011683333333,1672.4,143.1207981833304,65.22830078909051,151886327.39167124,0.2514566149052784,-0.3351620843120007,0.9079845527650864
963,2026-07-28T18:04:52.576192Z,sun,39.759062,-104.62011683333333,1672.4,143.86525370437806,65.39964577334528,151886302.32377842,0.2454783716881597,-0.33620640553936726,0.9092335354064038
964,2026-07-28T18:06:22.599635Z,sun,39.759062,-104.62011683333333,1672.4,144.61854340517553,65.56794556477205,151886277.4477427,0.2394895887811466,-0.33722567442524337,0.9104524047823022
965,2026-07-28T18:07:52.623079Z,sun,39.759062,-104.62011683333333,1672.4,145.3806894403362,65.7331349153064,151886252.76389867,0.23349052272391918,-0.33821984735696997,0.9116411084697414
966,2026-07-28T18:09:22.646523Z,sun,39.759062,-104.62011683333333,1672.4,146.15170519863636,65.89514801956811,151886228.27257353,0.22748143069742724,-0.3391888817634422,0.9127995952978492
967,2026-07-28T18:10:52.669966Z,sun,39.759062,-104.62011683333333,1672.4,146.93159481244967,66.05391858782751,151886203.97408617,0.2214625703137425,-0.3401327361521731,0.9139278153922589
968,2026-07-28T18:12:22.693410Z,sun,39.759062,-104.62011683333333,1672.4,147.72035266695005,66.20937992391723,151886179.86874634,0.21543419940383782,-0.34105137014128856,0.9150257202133595
969,2026-07-28T18:13:52.716853Z,sun,39.759062,-104.62011683333333,1672.4,148.51796282268646,66.36146499143675,151886155.9568568,0.20939657647487847,-0.34194474438855854,0.916093262471482
970,2026-07-28T18:15:22.740297Z,sun,39.759062,-104.62011683333333,1672.4,149.3243985728478,66.51010651178225,151886132.23871058,0.20334996016348558,-0.34281282067471625,0.9171303962264873
971,2026-07-28T18:16:52.763741Z,sun,39.759062,-104.62011683333333,1672.4,150.1396218756358,66.65523704225295,151886108.71459353,0.19729460969372253,-0.34365556183495233,0.918137076805912
972,2026-07-28T18:18:22.787184Z,sun,39.759062,-104.62011683333333,1672.4,150.96358288496495,66.79678907712518,151886085.3847829,0.19123078466539034,-0.3444729317915249,0.9191132608439564
973,2026-07-28T18:19:52.810628Z,sun,39.759062,-104.62011683333333,1672.4,151.79621949715562,66.93469515381454,151886062.24954697,0.18515874484022748,-0.34526489558130474,0.920058906314385
974,2026-07-28T18:21:22.834071Z,sun,39.759062,-104.62011683333333,1672.4,152.63745682354568,67.06888794929446,151886039.30914646,0.1790787506025838,-0.3460314192944172,0.9209739724572615
975,2026-07-28T18:22:52.857515Z,sun,39.759062,-104.62011683333333,1672.4,153.4872068237317,67.19930040526341,151886016.563833,0.17299106240872728,-0.34677247014607,0.9218584198647278
976,2026-07-28T18:24:22.880959Z,sun,39.759062,-104.62011683333333,1672.4,154.34536782634692,67.32586583594956,151885994.0138505,0.16689594124807886,-0.3474880164176693,0.922712210410717
977,2026-07-28T18:25:52.904402Z,sun,39.759062,-104.62011683333333,1672.4,155.21182417374933,67.44851805631242,151885971.65943435,0.16079364842995747,-0.3481780274849853,0.9235353072845932
978,2026-07-28T18:27:22.927846Z,sun,39.759062,-104.62011683333333,1672.4,156.08644590420263,67.56719151441001,151885949.50081077,0.15468444536848358,-0.3488424738412044,0.9243276750186555
979,2026-07-28T18:28:52.951289Z,sun,39.759062,-104.62011683333333,1672.4,156.96908837755188,67.68182141503327,151885927.53819886,0.14856859404616626,-0.3494813270452441,0.9250892794264998
980,2026-07-28T18:30:22.974733Z,sun,39.759062,-104.62011683333333,1672.4,157.85959209133983,67.79234386751702,151885905.7718079,0.14244635645974982,-0.35009455978202425,0.925820087674907
981,2026-07-28T18:31:52.998177Z,sun,39.759062,-104.62011683333333,1672.4,158.75778240053066,67.89869601773533,151885884.2018398,0.13631799508435322,-0.35068214581325746,0.9265200682251796
982,2026-07-28T18:33:23.021620Z,sun,39.759062,-104.62011683333333,1672.4,159.66346938895092,68.0008161963946,151885862.82848796,0.1301837726587024,-0.3512440600011484,0.9271891908614213
983,2026-07-28T18:34:53.045064Z,sun,39.759062,-104.62011683333333,1672.4,160.57644780090163,68.09864406916526,151885841.6519364,0.12404395196920731,-0.35178027832691305,0.9278274267125868
984,2026-07-28T18:36:23.068507Z,sun,39.759062,-104.62011683333333,1672.4,161.49649693439363,68.19212077784677,151885820.67236194,0.11789879631570134,-0.35229077784884655,0.9284347482025667
985,2026-07-28T18:37:53.091951Z,sun,39.759062,-104.62011683333333,1672.4,162.42338075271212,68.281189099403,151885799.88993177,0.11174856895470404,-0.35277553675094353,0.9290111291080745
986,2026-07-28T18:39:23.115395Z,sun,39.759062,-104.62011683333333,1672.4,163.35684791365003,68.36579358954998,151885779.30480537,0.10559353356566836,-0.3532345343034438,0.9295565445117071
987,2026-07-28T18:40:53.138838Z,sun,39.759062,-104.62011683333333,1672.4,164.29663197349424,68.44588073691175,151885758.91713384,0.09943395403520718,-0.3536677508820175,0.9300709708247965
988,2026-07-28T18:42:23.162282Z,sun,39.759062,-104.62011683333333,1672.4,165.24245166794813,68.52139911530243,151885738.72705883,0.09327009424032186,-0.35407516798175376,0.9305543858040186
989,2026-07-28T18:43:53.185725Z,sun,39.759062,-104.62011683333333,1672.4,166.19401116573576,68.59229952561967,151885718.73471478,0.08710221851602558,-0.35445676818500194,0.9310067685132211
990,2026-07-28T18:45:23.209169Z,sun,39.759062,-104.62011683333333,1672.4,167.15100055826565,68.65853514780771,151885698.94022653,0.08093059109642707,-0.35481253519831185,0.9314280993672724
991,2026-07-28T18:46:53.232613Z,sun,39.759062,-104.62011683333333,1672.4,168.11309627088366,68.72006167682615,151885679.34371105,0.0747554765827394,-0.35514245382275955,0.9318183600968789
992,2026-07-28T18:48:23.256056Z,sun,39.759062,-104.62011683333333,1672.4,169.07996165862463,68.77683746228313,151885659.94527686,0.06857713972664285,-0.3554465099686044,0.9321775337659942
993,2026-07-28T18:49:53.279500Z,sun,39.759062,-104.62011683333333,1672.4,170.05124768128496,68.82882364162955,151885640.7450233,0.06239584521292033,-0.3557246906647357,0.9325056047829651
994,2026-07-28T18:51:23.302943Z,sun,39.759062,-104.62011683333333,1672.4,171.02659354727547,68.87598426100024,151885621.74304217,0.05621185812850134,-0.3559769840363132,0.9328025588741444
995,2026-07-28T18:52:53.326387Z,sun,39.759062,-104.62011683333333,1672.4,172.00562759300604,68.91828639763905,151885602.93941575,0.050025443401783165,-0.35620337933000173,0.9330683831136611
996,2026-07-28T18:54:23.349831Z,sun,39.759062,-104.62011683333333,1672.4,172.98796807074132,68.95570026572108,151885584.33421835,0.04383686627221657,-0.3564038668940905,0.9333030659000169
997,2026-07-28T18:55:53.373274Z,sun,39.759062,-104.62011683333333,1672.4,173.97322411085497,68.98819931878289,151885565.92751607,0.03764639207283721,-0.356578438188619,0.9335065969680468
998,2026-07-28T18:57:23.396718Z,sun,39.759062,-104.62011683333333,1672.4,174.96099674598713,69.0157603413883,151885547.71936545,0.03145428601245872,-0.35672708579026974,0.9336789673945901
999,2026-07-28T18:58:53.420162Z,sun,39.759062,-104.62011683333333,1672.4,175.95087989199143,69.03836352728861,151885529.70981556,0.025260813576972567,-0.35684980338105454,0.9338201695853073
1000,2026-07-28T19:00:23.443605Z,sun,39.759062,-104.62011683333333,1672.4,176.94246147631154,69.05599254994031,151885511.89890653,0.019066240311686862,-0.35694658575569893,0.933930197283355
1001,2026-07-28T19:01:53.467049Z,sun,39.759062,-104.62011683333333,1672.4,177.9353246086698,69.06863462033029,151885494.28666964,0.012870831603519081,-0.35701742882380216,0.9340090455717628
1002,2026-07-28T19:03:23.490492Z,sun,39.759062,-104.62011683333333,1672.4,178.92904867577263,69.07628053105886,151885476.8731282,0.006674853151187983,-0.35706232960320883,0.9340567108659621
1003,2026-07-28T19:04:53.513936Z,sun,39.759062,-104.62011683333333,1672.4,179.92321062750665,69.07892469023224,151885459.65829635,0.0004785704034201003,-0.3570812862264353,0.934073190920949
1004,2026-07-28T19:06:23.537380Z,sun,39.759062,-104.62011683333333,1672.4,180.91738611547402,69.07656514068184,151885442.64218023,-0.005717750970796891,-0.35707429793654294,0.9340584848268126
1005,2026-07-28T19:07:53.560823Z,sun,39.759062,-104.62011683333333,1672.4,181.91115075094004,69.06920356743701,151885425.82477757,-0.01191384530002645,-0.3570413650899657,0.9340125930119255
1006,2026-07-28T19:09:23.584267Z,sun,39.759062,-104.62011683333333,1672.4,182.90408136307028,69.05684529115562,151885409.20607662,-0.018109447128188086,-0.3569824891541042,0.933935517239842
1007,2026-07-28T19:10:53.607710Z,sun,39.759062,-104.62011683333333,1672.4,183.89575713833145,69.03949924976887,151885392.7860582,-0.024304290744314686,-0.35689767271054806,0.9338272606136588
1008,2026-07-28T19:12:23.631154Z,sun,39.759062,-104.62011683333333,1672.4,184.88576090811884,69.0171779654859,151885376.56469375,-0.030498110744338627,-0.3567869194497366,0.9336878275690399
1009,2026-07-28T19:13:53.654598Z,sun,39.759062,-104.62011683333333,1672.4,185.87368024543272,68.98989750153902,151885360.5419467,-0.03669064156089851,-0.35665023417667724,0.9335172238815794
1010,2026-07-28T19:15:23.678041Z,sun,39.759062,-104.62011683333333,1672.4,186.85910863806012,68.95767740518959,151885344.71777195,-0.042881617681136665,-0.3564876228092141,0.9333154566645108
1011,2026-07-28T19:16:53.701485Z,sun,39.759062,-104.62011683333333,1672.4,187.84164661995217,68.92054063800633,151885329.09211528,-0.0490707738644646,-0.35629909237105983,0.9330825343601185
1012,2026-07-28T19:18:23.724928Z,sun,39.759062,-104.62011683333333,1672.4,188.82090274469363,68.87851349892847,151885313.66491476,-0.055257844672284326,-0.3560846510048687,0.9328184667559464
1013,2026-07-28T19:19:53.748372Z,sun,39.759062,-104.62011683333333,1672.4,189.7964946678527,68.83162553083815,151885298.43609908,-0.06144256502978422,-0.35584430795512745,0.9325232649636668
1014,2026-07-28T19:21:23.771816Z,sun,39.759062,-104.62011683333333,1672.4,190.7680500047825,68.77990942373206,151885283.40558907,-0.0676246697558318,-0.3555780735837233,0.9321969414382901
1015,2026-07-28T19:22:53.795259Z,sun,39.759062,-104.62011683333333,1672.4,191.73520723158944,68.72340090453326,151885268.57329693,-0.07380389378081414,-0.3552859593636488,0.9318395099703822
1016,2026-07-28T19:24:23.818703Z,sun,39.759062,-104.62011683333333,1672.4,192.6976165149811,68.66213861769964,151885253.93912593,-0.07997997236367639,-0.3549679778674881,0.931450985672017
1017,2026-07-28T19:25:53.842146Z,sun,39.759062,-104.62011683333333,1672.4,193.6549403613105,68.59616400510566,151885239.50297144,-0.08615264062303726,-0.35462414279030585,0.9310313850047798
1018,2026-07-28T19:27:23.865590Z,sun,39.759062,-104.62011683333333,1672.4,194.60685434975966,68.52552116948186,151885225.26471967,-0.09232163409720455,-0.3542544689208149,0.93058072574455
1019,2026-07-28T19:28:53.889034Z,sun,39.759062,-104.62011683333333,1672.4,195.55304762727656,68.45025674273167,151885211.22424874,-0.09848668827559268,-0.3538589721667562,0.9300990270124967
1020,2026-07-28T19:30:23.912477Z,sun,39.759062,-104.62011683333333,1672.4,196.49322343104092,68.37041974264864,151885197.38142842,-0.10464753881590179,-0.35343766954405337,0.9295863092618365
1021,2026-07-28T19:31:53.935921Z,sun,39.759062,-104.62011683333333,1672.4,197.42709953036496,68.28606142499918,151885183.7361193,-0.11080392176050542,-0.35299057916076354,0.929042594258326
1022,2026-07-28T19:33:23.959364Z,sun,39.759062,-104.62011683333333,1672.4,198.3544084857618,68.19723514203045,151885170.2881744,-0.11695557306898147,-0.3525177202497664,0.9284679051200497
1023,2026-07-28T19:34:53.982808Z,sun,39.759062,-104.62011683333333,1672.4,199.27489798622705,68.1039961852509,151885157.0374373,-0.12310222917634703,-0.35201911312822665,0.9278622662681304
1024,2026-07-28T19:36:24.006252Z,sun,39.759062,-104.62011683333333,1672.4,200.18833095554126,68.00640164144349,151885143.98374385,-0.12924362652603805,-0.3514947792327658,0.927225703469499
1025,2026-07-28T19:37:54.029695Z,sun,39.759062,-104.62011683333333,1672.4,201.09448568879196,67.90451023894558,151885131.12692133,-0.1353795017864132,-0.3509447411040807,0.9265582438181921
1026,2026-07-28T19:39:24.053139Z,sun,39.759062,-104.62011683333333,1672.4,201.99315591718266,67.79838219363424,151885118.46678808,-0.1415095920661905,-0.350369022366369,0.9258599157104141
1027,2026-07-28T19:40:54.076582Z,sun,39.759062,-104.62011683333333,1672.4,202.88415070590978,67.68807906787579,151885106.0031545,-0.14763363444890928,-0.3497676477697902,0.9251307488960648
1028,2026-07-28T19:42:24.100026Z,sun,39.759062,-104.62011683333333,1672.4,203.76729443906018,67.5736636140122,151885093.73582214,-0.15375136654884236,-0.3491406431382566,0.9243707744154226
1029,2026-07-28T19:43:54.123470Z,sun,39.759062,-104.62011683333333,1672.4,204.64242659625938,67.45519963836624,151885081.6645845,-0.1598625260459478,-0.3484880354143707,0.9235800246536523
1030,2026-07-28T19:45:24.146913Z,sun,39.759062,-104.62011683333333,1672.4,205.509401574316,67.33275185652118,151885069.78922653,-0.16596685090143154,-0.347809852639524,0.9227585333166713
1031,2026-07-28T19:46:54.170357Z,sun,39.759062,-104.62011683333333,1672.4,206.3680884572571,67.20638575150694,151885058.10952446,-0.17206407957221795,-0.34710612392880236,0.9219063354007762
1032,2026-07-28T19:48:24.193800Z,sun,39.759062,-104.62011683333333,1672.4,207.21837064524618,67.07616745007809,151885046.62524658,-0.17815395054762972,-0.34637687952319013,0.9210234672558838
1033,2026-07-28T19:49:54.217244Z,sun,39.759062,-104.62011683333333,1672.4,208.0601455862559,66.94216358270499,151885035.3361524,-0.1842362029023659,-0.34562215072575014,0.9201099665082566
1034,2026-07-28T19:51:24.240688Z,sun,39.759062,-104.62011683333333,1672.4,208.89332432904476,66.80444116971168,151885024.24199322,-0.19031057583407857,-0.34484196995626265,0.919165872126672
1035,2026-07-28T19:52:54.264131Z,sun,39.759062,-104.62011683333333,1672.4,209.71783113975616,66.66306749843007,151885013.34251204,-0.19637680887782968,-0.34403637072681753,0.9181912243928713
1036,2026-07-28T19:54:24.287575Z,sun,39.759062,-104.62011683333333,1672.4,210.53360308983548,66.51811000501972,151885002.6374433,-0.2024346421189592,-0.3432053876122686,0.9171860648658381
1037,2026-07-28T19:55:54.311018Z,sun,39.759062,-104.62011683333333,1672.4,211.34058953044925,66.36963617785217,151884992.12651324,-0.20848381573290933,-0.34234905631208307,0.9161504364566293
1038,2026-07-28T19:57:24.334462Z,sun,39.759062,-104.62011683333333,1672.4,212.13875168480064,66.21771344263382,151884981.80943957,-0.2145240705345311,-0.3414674135749892,0.9150843833372433
1039,2026-07-28T19:58:54.357906Z,sun,39.759062,-104.62011683333333,1672.4,212.9280620905519,66.06240907762502,151884971.6859318,-0.22055514751872587,-0.3405604972632672,0.9139879510183869
1040,2026-07-28T20:00:24.381349Z,sun,39.759062,-104.62011683333333,1672.4,213.70850412185774,65.90379011844871,151884961.75569126,-0.22657678807353057,-0.33962834632386446,0.9128611863145456
1041,2026-07-28T20:01:54.404793Z,sun,39.759062,-104.62011683333333,1672.4,214.4800715024579,65.74192326802691,151884952.01841068,-0.23258873419137152,-0.33867100075440854,0.9117041373029208
1042,2026-07-28T20:03:24.428237Z,sun,39.759062,-104.62011683333333,1672.4,215.24276773729667,65.57687482830356,151884942.4737746,-0.2385907280788957,-0.33768850166360476,0.9105168533964498
1043,2026-07-28T20:04:54.451680Z,sun,39.759062,-104.62011683333333,1672.4,215.9966056216811,65.40871062196096,151884933.12145954,-0.24458251236910863,-0.3366808912396852,0.9092993853056682
1044,2026-07-28T20:06:24.475124Z,sun,39.759062,-104.62011683333333,1672.4,216.74160675052389,65.23749591908312,151884923.96113315,-0.25056383033164026,-0.335648212713756,0.9080517849944453
1045,2026-07-28T20:07:54.498567Z,sun,39.759062,-104.62011683333333,1672.4,217.47780094883703,65.06329538820738,151884914.9924557,-0.2565344254180185,-0.3345905104370115,0.9067741057732885
1046,2026-07-28T20:09:24.522011Z,sun,39.759062,-104.62011683333333,1672.4,218.20522583339982,64.88617302430463,151884906.21507835,-0.26249404180443475,-0.3335078297870295,0.9054664021861426
1047,2026-07-28T20:10:54.545455Z,sun,39.759062,-104.62011683333333,1672.4,218.92392625918748,64.70619211059515,151884897.6286444,-0.2684424239378586,-0.33240021724742647,0.9041287301066318
1048,2026-07-28T20:12:24.568898Z,sun,39.759062,-104.62011683333333,1672.4,219.63395385858396,64.5234151661881,151884889.23278925,-0.2743793167467754,-0.3312677203718217,0.9027611466945337
1049,2026-07-28T20:13:54.592342Z,sun,39.759062,-104.62011683333333,1672.4,220.33536659055488,64.3379038979333,151884881.02713954,-0.28030446584922497,-0.3301103877428499,0.9013637103462986
1050,2026-07-28T20:15:24.615785Z,sun,39.759062,-104.62011683333333,1672.4,221.02822822469875,64.14971917735444,151884873.01131415,-0.28621761710253874,-0.3289282690588012,0.899936480799687
1051,2026-07-28T20:16:54.639229Z,sun,39.759062,-104.62011683333333,1672.4,221.71260795668854,63.958920991176726,151884865.1849236,-0.29211851714070547,-0.32772141502866314,0.8984795190070423
1052,2026-07-28T20:18:24.662673Z,sun,39.759062,-104.62011683333333,1672.4,222.38857992225053,63.7655684270412,151884857.54757032,-0.2980069129250568,-0.32648987746118685,0.8969928872428459
1053,2026-07-28T20:19:54.686116Z,sun,39.759062,-104.62011683333333,1672.4,223.05622280446897,63.569719642439566,151884850.09884873,-0.3038825519529281,-0.3252337092244837,0.8954766490549376
1054,2026-07-28T20:21:24.709560Z,sun,39.759062,-104.62011683333333,1672.4,223.71561945558818,63.37143183685879,151884842.8383449,-0.3097451824635118,-0.3239529642006966,0.893930869209822
1055,2026-07-28T20:22:54.733003Z,sun,39.759062,-104.62011683333333,1672.4,224.36685646192126,63.17076124936215,151884835.76563698,-0.3155945529922727,-0.3226476973820228,0.8923556138085792
1056,2026-07-28T20:24:24.756447Z,sun,39.759062,-104.62011683333333,1672.4,225.01002383585626,62.96776312654179,151884828.88029507,-0.3214304129026586,-0.3213179647545577,0.8907509501466812
1057,2026-07-28T20:25:54.779891Z,sun,39.759062,-104.62011683333333,1672.4,225.6452146153345,62.76249172669824,151884822.18188095,-0.32725251194156973,-0.3199638233967268,0.8891169468328005
1058,2026-07-28T20:27:24.803334Z,sun,39.759062,-104.62011683333333,1672.4,226.2725245532701,62.555000304764135,151884815.66994894,-0.3330606004458604,-0.3185853314345278,0.8874536737348012
1059,2026-07-28T20:28:54.826778Z,sun,39.759062,-104.62011683333333,1672.4,226.89205182219283,62.34534109944729,151884809.34404454,-0.33885442954574313,-0.31718254799192136,0.8857612019198975
1060,2026-07-28T20:30:24.850221Z,sun,39.759062,-104.62011683333333,1672.4,227.50389666652472,62.13356534605444,151884803.2037061,-0.34463375072435326,-0.3157555332961358,0.8840396037817182
1061,2026-07-28T20:31:54.873665Z,sun,39.759062,-104.62011683333333,1672.4,228.10816117488355,61.919723256775924,151884797.24846318,-0.35039831634327157,-0.31430434855042455,0.8822889528868044
1062,2026-07-28T20:33:24.897109Z,sun,39.759062,-104.62011683333333,1672.4,228.70494896561704,61.70386403811155,151884791.477838,-0.3561478792032478,-0.3128290560417623,0.8805093241045485
1063,2026-07-28T20:34:54.920552Z,sun,39.759062,-104.62011683333333,1672.4,229.29436495663094,61.48603588685009,151884785.89134467,-0.36188219274825356,-0.3113297190917972,0.8787007935480305
1064,2026-07-28T20:36:24.943996Z,sun,39.759062,-104.62011683333333,1672.4,229.8765151489935,61.266285987414456,151884780.4884892,-0.3676010112662932,-0.3098064020029993,0.8768634385090729
1065,2026-07-28T20:37:54.967439Z,sun,39.759062,-104.62011683333333,1672.4,230.4515063605002,61.04466053515304,151884775.26877,-0.3733040894546221,-0.3082591701731148,0.8749973375963142
1066,2026-07-28T20:39:24.990883Z,sun,39.759062,-104.62011683333333,1672.4,231.01944607092196,60.82120472457898,151884770.23167726,-0.37899118293831063,-0.3066880899570418,0.8731025705686138
1067,2026-07-28T20:40:55.014327Z,sun,39.759062,-104.62011683333333,1672.4,231.58044218446284,60.595962775619334,151884765.37669367,-0.38466204783695784,-0.3050932287835951,0.8711792184758994
1068,2026-07-28T20:42:25.037770Z,sun,39.759062,-104.62011683333333,1672.4,232.1346028699166,60.368977936573785,151884760.7032938,-0.39031644096596213,-0.3034746551022584,0.8692273635949515
1069,2026-07-28T20:43:55.061214Z,sun,39.759062,-104.62011683333333,1672.4,232.68203641219102,60.14029248777112,151884756.21094456,-0.39595412003450986,-0.30183243832514206,0.867247089359426
1070,2026-07-28T20:45:25.084657Z,sun,39.759062,-104.62011683333333,1672.4,233.22285101503223,59.90994777150577,151884751.89910516,-0.4015748432168831,-0.3001666489504876,0.8652384805087961
1071,2026-07-28T20:46:55.108101Z,sun,39.759062,-104.62011683333333,1672.4,233.75715470693865,59.677984184794184,151884747.76722687,-0.40717836966367893,-0.29847735841374995,0.8632016229087954
1072,2026-07-28T20:48:25.131545Z,sun,39.759062,-104.62011683333333,1672.4,234.2850551673127,59.44444121102983,151884743.81475326,-0.41276445907472864,-0.2967646392133785,0.8611366037030942
1073,2026-07-28T20:49:55.154988Z,sun,39.759062,-104.62011683333333,1672.4,234.80665962373703,59.209357426810556,151884740.04112032,-0.41833287189753554,-0.29502856485338125,0.8590435112440548
1074,2026-07-28T20:51:25.178432Z,sun,39.759062,-104.62011683333333,1672.4,235.32207475799174,58.972770508988695,151884736.44575617,-0.4238833695221882,-0.29326920978116855,0.8569224350178054
1075,2026-07-28T20:52:55.201875Z,sun,39.759062,-104.62011683333333,1672.4,235.83140656412877,58.734717268405625,151884733.02808148,-0.4294157138592016,-0.2914866495199734,0.8547734658039009
1076,2026-07-28T20:54:25.225319Z,sun,39.759062,-104.62011683333333,1672.4,236.33476030170624,58.49523364466805,151884729.78750896,-0.4349296678429077,-0.2896809605092847,0.8525966954829676
1077,2026-07-28T20:55:55.248763Z,sun,39.759062,-104.62011683333333,1672.4,236.83224037192022,58.2543547407223,151884726.72344404,-0.4404249950109611,-0.2878522202395344,0.850392217199079
1078,2026-07-28T20:57:25.272206Z,sun,39.759062,-104.62011683333333,1672.4,237.32395025875653,58.01211483134383,151884723.8352844,-0.44590145969970507,-0.28600050719054093,0.8481601252855652
1079,2026-07-28T20:58:55.295650Z,sun,39.759062,-104.62011683333333,1672.4,237.8099924764964,57.76854737152425,151884721.12242016,-0.4513588272359522,-0.28412590076525845,0.8459005151851584
1080,2026-07-28T21:00:25.319094Z,sun,39.759062,-104.62011683333333,1672.4,238.29046847540152,57.52368502928429,151884718.5842339,-0.45679686358197646,-0.28222848140980794,0.8436134835946986
1081,2026-07-28T21:01:55.342537Z,sun,39.759062,-104.62011683333333,1672.4,238.76547860346255,57.27755969440868,151884716.2201007,-0.4622153355290448,-0.28030833054945475,0.8412991283879653
1082,2026-07-28T21:03:25.365981Z,sun,39.759062,-104.62011683333333,1672.4,239.23512207322437,57.030202486961414,151884714.02938813,-0.4676140108869495,-0.2783655305200151,0.8389575485330175
1083,2026-07-28T21:04:55.389424Z,sun,39.759062,-104.62011683333333,1672.4,239.6994968820864,56.781643793224404,151884712.01145652,-0.47299265807332114,-0.27640016471421525,0.8365888442686102
1084,2026-07-28T21:06:25.412868Z,sun,39.759062,-104.62011683333333,1672.4,240.1586998165167,56.53191326045278,151884710.16565827,-0.47835104660315136,-0.27441231740553057,0.8341931168918838
1085,2026-07-28T21:07:55.436312Z,sun,39.759062,-104.62011683333333,1672.4,240.61282638333824,56.28103983281418,151884708.491339,-0.48368894668001905,-0.27240207389671994,0.8317704689373984
1086,2026-07-28T21:09:25.459755Z,sun,39.759062,-104.62011683333333,1672.4,241.06197079767887,56.0290517597082,151884706.98783645,-0.48900612938616417,-0.27036952045181195,0.829321004095169
1087,2026-07-28T21:10:55.483199Z,sun,39.759062,-104.62011683333333,1672.4,241.50622597426718,55.775976603723635,151884705.65448123,-0.4943023668684059,-0.2683147442235816,0.8268448271232793
1088,2026-07-28T21:12:25.506642Z,sun,39.759062,-104.62011683333333,1672.4,241.94568347328968,55.521841276506514,151884704.49059677,-0.4995774319351791,-0.266237833408426,0.824342044034537
1089,2026-07-28T21:13:55.530086Z,sun,39.759062,-104.62011683333333,1672.4,242.38043352424702,55.26667203234817,151884703.49549893,-0.5048310985367781,-0.26413887706004496,0.8218127618719536
1090,2026-07-28T21:15:25.553530Z,sun,39.759062,-104.62011683333333,1672.4,242.81056497951099,55.010494503782155,151884702.66849634,-0.5100631413644057,-0.26201796524645654,0.8192570888979729
1091,2026-07-28T21:16:55.576973Z,sun,39.759062,-104.62011683333333,1672.4,243.23616532024462,54.753333708825615,151884702.0088908,-0.5152733360366116,-0.2598751889780643,0.8166751345077897
1092,2026-07-28T21:18:25.600417Z,sun,39.759062,-104.62011683333333,1672.4,243.65732066436922,54.4952140577779,151884701.51597637,-0.5204614592816051,-0.2577106401311874,0.8140670091372305
1093,2026-07-28T21:19:55.623860Z,sun,39.759062,-104.62011683333333,1672.4,244.07411573028628,54.23615938844149,151884701.18904018,-0.525627288542024,-0.2555244116114675,0.8114328244596549
1094,2026-07-28T21:21:25.647304Z,sun,39.759062,-104.62011683333333,1672.4,244.48663387354674,53.97619295809746,151884701.02736232,-0.5307706024458916,-0.253316597157379,0.8087726931492133
1095,2026-07-28T21:22:55.670748Z,sun,39.759062,-104.62011683333333,1672.4,244.89495705578378,53.71533747830938,151884701.03021562,-0.5358911804134822,-0.25108729150574016,0.8060867290802871
1096,2026-07-28T21:24:25.694191Z,sun,39.759062,-104.62011683333333,1672.4,245.2991658624049,53.45361512072582,151884701.19686598,-0.5409888028402664,-0.24883659031579128,0.8033750472360133
1097,2026-07-28T21:25:55.717635Z,sun,39.759062,-104.62011683333333,1672.4,245.69933952132655,53.19104752244411,151884701.5265721,-0.546063251274999,-0.24656459008904066,0.8006377636117351
1098,2026-07-28T21:27:25.741078Z,sun,39.759062,-104.62011683333333,1672.4,246.09555587886229,52.92765582023451,151884702.01858574,-0.5511143080333089,-0.24427138834075363,0.7978749954216185
1099,2026-07-28T21:28:55.764522Z,sun,39.759062,-104.62011683333333,1672.4,246.4878914440792,52.66346064076685,151884702.67215163,-0.5561417566580781,-0.24195708339382138,0.795086860850324
1100,2026-07-28T21:30:25.787966Z,sun,39.759062,-104.62011683333333,1672.4,246.87642136806937,52.39848213435513,151884703.48650765,-0.5611453815351827,-0.23962177455233513,0.7922734792621321
1101,2026-07-28T21:31:55.811409Z,sun,39.759062,-104.62011683333333,1672.4,247.26121946883634,52.13273997920577,151884704.46088463,-0.5661249680723778,-0.23726556202190288,0.7894349711049542
1102,2026-07-28T21:33:25.834853Z,sun,39.759062,-104.62011683333333,1672.4,247.64235825655652,51.86625338523143,151884705.59450677,-0.5710803028731978,-0.23488854682580715,0.7865714578093445
1103,2026-07-28T21:34:55.858296Z,sun,39.759062,-104.62011683333333,1672.4,248.0199089174167,51.59904112715723,151884706.88659102,-0.576011173359527,-0.23249083098449402,0.783683062004737
1104,2026-07-28T21:36:25.881740Z,sun,39.759062,-104.62011683333333,1672.4,248.3939413620748,51.33112153296617,151884708.3363479,-0.580917368221187,-0.2300725172999126,0.7807699072596556
1105,2026-07-28T21:37:55.905184Z,sun,39.759062,-104.62011683333333,1672.4,248.76452421158132,51.06251251651268,151884709.94298095,-0.5857986770407727,-0.22763370953703607,0.7778321183004009
1106,2026-07-28T21:39:25.928627Z,sun,39.759062,-104.62011683333333,1672.4,249.13172482624438,50.793231580211824,151884711.7056869,-0.5906548904683495,-0.2251745123404835,0.7748698209106142
1107,2026-07-28T21:40:55.952071Z,sun,39.759062,-104.62011683333333,1672.4,249.4956093344183,50.523295817318925,151884713.62365606,-0.5954858003909796,-0.2226950311470765,0.7718831418259613
1108,2026-07-28T21:42:25.975514Z,sun,39.759062,-104.62011683333333,1672.4,249.85624262130352,50.252721943899914,151884715.69607168,-0.6002911995646582,-0.22019537237314776,0.7688722089597688
1109,2026-07-28T21:43:55.998958Z,sun,39.759062,-104.62011683333333,1672.4,250.21368837903202,49.98152628556862,151884717.92211068,-0.6050708820526779,-0.2176756431895485,0.7658371511320214
1110,2026-07-28T21:45:26.022402Z,sun,39.759062,-104.62011683333333,1672.4,250.56800909664676,49.70972480898127,151884720.3009431,-0.6098246428599519,-0.21513595171093683,0.7627780982973761
1111,2026-07-28T21:46:56.045845Z,sun,39.759062,-104.62011683333333,1672.4,250.9192660907215,49.43733312305291,151884722.8317327,-0.6145522781031719,-0.2125764069088749,0.7596951814405
1112,2026-07-28T21:48:26.069289Z,sun,39.759062,-104.62011683333333,1672.4,251.26751953564528,49.164366479771935,151884725.51363644,-0.619253585176057,-0.2099971185207326,0.7565885324663527
1113,2026-07-28T21:49:56.092732Z,sun,39.759062,-104.62011683333333,1672.4,251.61282845530303,48.89083980508967,151884728.3458049,-0.6239283623909371,-0.20739819724467337,0.7534582844350595
1114,2026-07-28T21:51:26.116176Z,sun,39.759062,-104.62011683333333,1672.4,251.9552507731174,48.616767684087556,151884731.32738224,-0.6285764094052272,-0.20477975450567962,0.7503045712801074
1115,2026-07-28T21:52:56.139620Z,sun,39.759062,-104.62011683333333,1672.4,252.29484330432126,48.342164391405596,151884734.45750612,-0.6331975268658503,-0.20214190265227924,0.7471275280453046
1116,2026-07-28T21:54:26.163063Z,sun,39.759062,-104.62011683333333,1672.4,252.63166178687297,48.06704389109189,151884737.73530772,-0.6377915165748723,-0.19948475486611933,0.7439272907758718
1117,2026-07-28T21:55:56.186507Z,sun,39.759062,-104.62011683333333,1672.4,252.96576091183854,47.7914198361081,151884741.15991226,-0.6423581816497053,-0.1968084250676168,0.7407039964048314
1118,2026-07-28T21:57:26.209951Z,sun,39.759062,-104.62011683333333,1672.4,253.2971943202459,47.51530559512573,151884744.73043802,-0.6468973262254455,-0.1941130280881284,0.7374577829603719
1119,2026-07-28T21:58:56.233394Z,sun,39.759062,-104.62011683333333,1672.4,253.6260146337003,47.23871425162086,151884748.4459975,-0.6514087556177061,-0.19139867957745169,0.7341887894544561
1120,2026-07-28T22:00:26.256838Z,sun,39.759062,-104.62011683333333,1672.4,253.952273484398,46.96165860264922,151884752.3056968,-0.655892276479874,-0.18866549590749643,0.7308971557668199
1121,2026-07-28T22:01:56.280281Z,sun,39.759062,-104.62011683333333,1672.4,254.27602150873733,46.68415118815524,151884756.30863574,-0.6603476964614925,-0.18591359437881025,0.7275830228937119
1122,2026-07-28T22:03:26.303725Z,sun,39.759062,-104.62011683333333,1672.4,254.59730839528888,46.40620427394209,151884760.45390818,-0.6647748246148111,-0.18314309297274453,0.7242465326494314
1123,2026-07-28T22:04:56.327169Z,sun,39.759062,-104.62011683333333,1672.4,254.9161828784026,46.12782988060733,151884764.74060148,-0.6691734710558482,-0.18035411055979791,0.720887827917251
1124,2026-07-28T22:06:26.350612Z,sun,39.759062,-104.62011683333333,1672.4,255.23269276779888,45.84903978149258,151884769.16779736,-0.6735434471223823,-0.17754676680376963,0.7175070525339986
1125,2026-07-28T22:07:56.374056Z,sun,39.759062,-104.62011683333333,1672.4,255.54688497750732,45.5698455003456,151884773.73457134,-0.677884565526273,-0.17472118206213696,0.7141043511700974
1126,2026-07-28T22:09:26.397499Z,sun,39.759062,-104.62011683333333,1672.4,255.85880551963277,45.29025833979739,151884778.43999267,-0.6821966400224302,-0.17187747759973487,0.7106798695869044
1127,2026-07-28T22:10:56.420943Z,sun,39.759062,-104.62011683333333,1672.4,256.16849955039856,45.010289363141595,151884783.283125,-0.686479485802666,-0.16901577533240536,0.7072337543280108
1128,2026-07-28T22:12:26.444387Z,sun,39.759062,-104.62011683333333,1672.4,256.47601136371975,44.72994942248164,151884788.263026,-0.6907329191674519,-0.16613619804242746,0.7037661529786848
1129,2026-07-28T22:13:56.467830Z,sun,39.759062,-104.62011683333333,1672.4,256.7813844193757,44.449249155666045,151884793.378747,-0.694956757678994,-0.16323886927936468,0.7002772140464764
1130,2026-07-28T22:15:26.491274Z,sun,39.759062,-104.62011683333333,1672.4,257.08466137050425,44.16819898298221,151884798.6293341,-0.6991508203082918,-0.16032391325735706,0.6967670868375531
1131,2026-07-28T22:16:56.514717Z,sun,39.759062,-104.62011683333333,1672.4,257.3858840571048,43.88680913488178,151884804.01382732,-0.7033149271153829,-0.15739145507551702,0.693235921722104
1132,2026-07-28T22:18:26.538161Z,sun,39.759062,-104.62011683333333,1672.4,257.6850935499175,43.605089632743436,151884809.53126085,-0.7074488996296584,-0.15444162045359652,0.6896838698160577
1133,2026-07-28T22:19:56.561605Z,sun,39.759062,-104.62011683333333,1672.4,257.98233014362313,43.32305031631042,151884815.18066332,-0.7115525605329771,-0.15147453595408158,0.6861110832485214
1134,2026-07-28T22:21:26.585048Z,sun,39.759062,-104.62011683333333,1672.4,258.2776333833906,43.040700839748794,151884820.9610575,-0.7156257338075254,-0.14849032887991825,0.6825177150386461
1135,2026-07-28T22:22:56.608492Z,sun,39.759062,-104.62011683333333,1672.4,258.57104209076033,42.758050667493386,151884826.8714607,-0.7196682448775308,-0.1454891271687901,0.678903918968331
1136,2026-07-28T22:24:26.631935Z,sun,39.759062,-104.62011683333333,1672.4,258.862594356618,42.475109101325295,151884832.91088447,-0.7236799203009855,-0.14247105962007406,0.6752698498555171
1137,2026-07-28T22:25:56.655379Z,sun,39.759062,-104.62011683333333,1672.4,259.15232758286726,42.19188526024158,151884839.07833496,-0.7276605881362054,-0.1394362556227001,0.6716156632265158
1138,2026-07-28T22:27:26.678823Z,sun,39.759062,-104.62011683333333,1672.4,259.44027847504515,41.90838810728351,151884845.37281272,-0.7316100776365012,-0.1363848453837477,0.6679415155912708
1139,2026-07-28T22:28:56.702266Z,sun,39.759062,-104.62011683333333,1672.4,259.7264830671811,41.62462644483206,151884851.79331273,-0.7355282193927054,-0.13331695982314906,0.6642475643165799
1140,2026-07-28T22:30:26.725710Z,sun,39.759062,-104.62011683333333,1672.4,260.0109767460263,41.34060890971843,151884858.3388248,-0.7394148454694158,-0.13023273046503409,0.6605339674952846
1141,2026-07-28T22:31:56.749153Z,sun,39.759062,-104.62011683333333,1672.4,260.29379424335843,41.056343999743994,151884865.00833312,-0.7432697891084623,-0.12713228967105966,0.6568008842272183
1142,2026-07-28T22:33:26.772597Z,sun,39.759062,-104.62011683333333,1672.4,260.5749696755015,40.77184005276966,151884871.80081668,-0.747092885081449,-0.12401577036064391,0.6530484742823712
1143,2026-07-28T22:34:56.796041Z,sun,39.759062,-104.62011683333333,1672.4,260.8545365352459,40.4871052730282,151884878.71524918,-0.7508839693961478,-0.12088330624595661,0.649276898383834
1144,2026-07-28T22:36:26.819484Z,sun,39.759062,-104.62011683333333,1672.4,261.132527715046,40.20214772575801,151884885.75059885,-0.7546428794335981,-0.11773503172365331,0.6454863180774618
1145,2026-07-28T22:37:56.842928Z,sun,39.759062,-104.62011683333333,1672.4,261.4089755296321,39.916975331672944,151884892.90582907,-0.7583694540788223,-0.11457108176334689,0.641676895597594
1146,2026-07-28T22:39:26.866371Z,sun,39.759062,-104.62011683333333,1672.4,261.6839117075857,39.63159589300885,151884900.17989767,-0.7620635334362476,-0.11139159214713736,0.63784879415547
1147,2026-07-28T22:40:56.889815Z,sun,39.759062,-104.62011683333333,1672.4,261.95736742880655,39.3460170719446,151884907.5717578,-0.7657249591678069,-0.10819669918256118,0.6340021775936253
1148,2026-07-28T22:42:26.913259Z,sun,39.759062,-104.62011683333333,1672.4,262.229373315719,39.06024641645765,151884915.0803571,-0.7693535742115445,-0.10498653994357528,0.630137210676054
1149,2026-07-28T22:43:56.936702Z,sun,39.759062,-104.62011683333333,1672.4,262.4999594548755,38.77429135439443,151884922.70463845,-0.7729492229130608,-0.10176125215952297,0.6262540589545281
1150,2026-07-28T22:45:26.960146Z,sun,39.759062,-104.62011683333333,1672.4,262.76915541802396,38.48815918739716,151884930.44353968,-0.7765117511504535,-0.09852097410090968,0.622352888631092
1151,2026-07-28T22:46:56.983589Z,sun,39.759062,-104.62011683333333,1672.4,263.03699025296163,38.201857116530896,151884938.29599357,-0.7800410060621626,-0.09526584482476905,0.6184338668534834
1152,2026-07-28T22:48:27.007033Z,sun,39.759062,-104.62011683333333,1672.4,263.30349251908194,37.91539222013746,151884946.26092833,-0.7835368363702013,-0.09199600388067074,0.614497161361193
1153,2026-07-28T22:49:57.030477Z,sun,39.759062,-104.62011683333333,1672.4,263.56869027787195,37.628771479302124,151884954.33726704,-0.7869990921111947,-0.088711591557526,0.610542940782617
1154,2026-07-28T22:51:27.053920Z,sun,39.759062,-104.62011683333333,1672.4,263.83261111303773,37.34200177142983,151884962.52392784,-0.7904276247621844,-0.08541274876974658,0.6065713744980119
1155,2026-07-28T22:52:57.077364Z,sun,39.759062,-104.62011683333333,1672.4,264.09528215012165,37.05508986371754,151884970.81982458,-0.7938222873595377,-0.08209961694058227,0.6025826324990466
1156,2026-07-28T22:54:27.100808Z,sun,39.759062,-104.62011683333333,1672.4,264.3567300495665,36.76804243522447,151884979.22386605,-0.7971829342767041,-0.078772338215953,0.5985768856462598
1157,2026-07-28T22:55:57.124251Z,sun,39.759062,-104.62011683333333,1672.4,264.6169810260022,36.480866070194466,151884987.73495635,-0.8005094213464676,-0.07543105534908108,0.594554305530174
1158,2026-07-28T22:57:27.147695Z,sun,39.759062,-104.62011683333333,1672.4,264.87606086706006,36.19356725127761,151884996.3519954,-0.8038016059763147,-0.07207591158228742,0.5905150643289973
1159,2026-07-28T22:58:57.171138Z,sun,39.759062,-104.62011683333333,1672.4,265.13399492313414,35.906152384607836,151885005.07387793,-0.8070593468966709,-0.06870705090121214,0.586459335114701
1160,2026-07-28T23:00:27.194582Z,sun,39.759062,-104.62011683333333,1672.4,265.3908081401844,35.61862777690961,151885013.8994948,-0.8102825044597501,-0.06532461773025786,0.5823872914863704
1161,2026-07-28T23:01:57.218026Z,sun,39.759062,-104.62011683333333,1672.4,265.6465250491814,35.33099966044873,151885022.8277318,-0.8134709403910989,-0.061928757188148706,0.5782991078778806
1162,2026-07-28T23:03:27.241469Z,sun,39.759062,-104.62011683333333,1672.4,265.9011697840992,35.043274185976145,151885031.8574706,-0.8166245179059022,-0.058519614970033045,0.5741949594159739
1163,2026-07-28T23:04:57.264913Z,sun,39.759062,-104.62011683333333,1672.4,266.1547660994739,34.755457415598514,151885040.98758864,-0.8197431018181537,-0.05509733722701111,0.5700750217752443
1164,2026-07-28T23:06:27.288356Z,sun,39.759062,-104.62011683333333,1672.4,266.4073373595657,34.46755534754448,151885050.21695855,-0.8228265583022807,-0.051662070825249574,0.5659394714900793
1165,2026-07-28T23:07:57.311800Z,sun,39.759062,-104.62011683333333,1672.4,266.6589065696221,34.17957389293202,151885059.54444936,-0.8258747551759313,-0.04821396303565472,0.5617884855810876
1166,2026-07-28T23:09:27.335244Z,sun,39.759062,-104.62011683333333,1672.4,266.9094963647524,33.89151890042452,151885068.96892533,-0.8288875616649771,-0.04475316179423991,0.5576222418685497
1167,2026-07-28T23:10:57.358687Z,sun,39.759062,-104.62011683333333,1672.4,267.1591290267394,33.60339614886541,151885078.48924646,-0.8318648485136079,-0.0412798155819696,0.5534409188277922
1168,2026-07-28T23:12:27.382131Z,sun,39.759062,-104.62011683333333,1672.4,267.4078265004686,33.315211339841525,151885088.10426933,-0.8348064880873016,-0.037794073302052714,0.5492446954414626
1169,2026-07-28T23:13:57.405574Z,sun,39.759062,-104.62011683333333,1672.4,267.6556103825297,33.026970122196445,151885097.81284562,-0.8377123541478448,-0.03429608454389661,0.5450337515173108
1170,2026-07-28T23:15:27.429018Z,sun,39.759062,-104.62011683333333,1672.4,267.9025019511131,32.73867806849061,151885107.61382344,-0.8405823221200697,-0.03078599926703671,0.5408082673077041
1171,2026-07-28T23:16:57.452462Z,sun,39.759062,-104.62011683333333,1672.4,268.1485221543522,32.45034069941747,151885117.50604692,-0.8434162688703276,-0.02726396806627311,0.5365684238288129
1172,2026-07-28T23:18:27.475905Z,sun,39.759062,-104.62011683333333,1672.4,268.3936916260774,32.16196347616877,151885127.48835582,-0.8462140728103552,-0.023730142049301007,0.5323144027133129
1173,2026-07-28T23:19:57.499349Z,sun,39.759062,-104.62011683333333,1672.4,268.63803070123606,31.87355179273614,151885137.55958664,-0.8489756139939512,-0.020184672711841697,0.5280463860600785
1174,2026-07-28T23:21:27.522792Z,sun,39.759062,-104.62011683333333,1672.4,268.8815594039759,31.585111000211437,151885147.71857148,-0.8517007739055354,-0.016627712206301475,0.5237645567576108
1175,2026-07-28T23:22:57.546236Z,sun,39.759062,-104.62011683333333,1672.4,269.12429747633325,31.29664638297776,151885157.9641391,-0.8543894357106908,-0.013059413020115353,0.5194690980968333
1176,2026-07-28T23:24:27.569680Z,sun,39.759062,-104.62011683333333,1672.4,269.3662643660829,31.00816318292655,151885168.2951144,-0.857041484048218,-0.009479928245522476,0.5151601940958636
1177,2026-07-28T23:25:57.593123Z,sun,39.759062,-104.62011683333333,1672.4,269.60747924155464,30.71966659158672,151885178.71031812,-0.8596568051277519,-0.005889411455000257,0.5108380293500672
1178,2026-07-28T23:27:27.616567Z,sun,39.759062,-104.62011683333333,1672.4,269.84796100614165,30.431161742216997,151885189.20856825,-0.8622352868199262,-0.0022880165745176526,0.5065027888795028
1179,2026-07-28T23:28:57.640010Z,sun,39.759062,-104.62011683333333,1672.4,270.08772828593527,30.142653733896804,151885199.7886783,-0.8647768184589048,0.0013241018436495448,0.5021546584573344
1180,2026-07-28T23:30:27.663454Z,sun,39.759062,-104.62011683333333,1672.4,270.3267994573151,29.854147607522023,151885210.44945902,-0.867281291076194,0.004946788947489009,0.49779382421673246
1181,2026-07-28T23:31:57.686898Z,sun,39.759062,-104.62011683333333,1672.4,270.56519263437497,29.565648369822497,151885221.18971714,-0.869748597206725,0.008579889311397821,0.49342047298053826
1182,2026-07-28T23:33:27.710341Z,sun,39.759062,-104.62011683333333,1672.4,270.8029256828944,29.277160985305184,151885232.00825602,-0.8721786309799874,0.012223247062661492,0.489034792109028
1183,2026-07-28T23:34:57.733785Z,sun,39.759062,-104.62011683333333,1672.4,271.0400162340414,28.988690368163887,151885242.903876,-0.8745712882036687,0.01587670601003291,0.4846369693451444
1184,2026-07-28T23:36:27.757228Z,sun,39.759062,-104.62011683333333,1672.4,271.2764816715973,28.7002414061921,151885253.8753737,-0.8769264661802639,0.019540109366934528,0.4802271931477045
1185,2026-07-28T23:37:57.780672Z,sun,39.759062,-104.62011683333333,1672.4,271.51233915858154,28.411818936611038,151885264.9215426,-0.8792440639240332,0.02321330008273932,0.47580565229263433
1186,2026-07-28T23:39:27.804116Z,sun,39.759062,-104.62011683333333,1672.4,271.74760562429026,28.12342776991679,151885276.0411732,-0.8815239819812184,0.0268961205650129,0.47137253620732805
1187,2026-07-28T23:40:57.827559Z,sun,39.759062,-104.62011683333333,1672.4,271.98229777751993,27.83507268166388,151885287.23305216,-0.8837661225146468,0.030588412807826287,0.4669280348162063
1188,2026-07-28T23:42:27.851003Z,sun,39.759062,-104.62011683333333,1672.4,272.21643211955586,27.546758404224864,151885298.49596387,-0.8859703893807431,0.03429001852202099,0.4624723383839232
1189,2026-07-28T23:43:57.874446Z,sun,39.759062,-104.62011683333333,1672.4,272.45002493102606,27.258489650543158,151885309.82868895,-0.8881366879603989,0.03800077885469263,0.4580056378530396
1190,2026-07-28T23:45:27.897890Z,sun,39.759062,-104.62011683333333,1672.4,272.6830922976804,26.970271089821466,151885321.23000553,-0.8902649253589052,0.04172053472493878,0.4535281244398942
1191,2026-07-28T23:46:57.921334Z,sun,39.759062,-104.62011683333333,1672.4,272.9156500970714,26.682107371223747,151885332.69868842,-0.8923550102404155,0.04544912654235723,0.4490399899734595
1192,2026-07-28T23:48:27.944777Z,sun,39.759062,-104.62011683333333,1672.4,273.14771401111517,26.394003115528122,151885344.2335094,-0.894406852905927,0.04918639433703823,0.44454142673887764
1193,2026-07-28T23:49:57.968221Z,sun,39.759062,-104.62011683333333,1672.4,273.37929953846225,26.105962906745425,151885355.83323798,-0.8964203653637053,0.0529321778916114,0.44003262731853404
1194,2026-07-28T23:51:27.991664Z,sun,39.759062,-104.62011683333333,1672.4,273.6104219810001,25.8179913157454,151885367.49664024,-0.8983954611744547,0.056686316457046755,0.4355137849341517
1195,2026-07-28T23:52:58.015108Z,sun,39.759062,-104.62011683333333,1672.4,273.84109646889254,25.530092875832988,151885379.22248,-0.9003320556340333,0.06044864909256873,0.430985093037659
1196,2026-07-28T23:54:28.038552Z,sun,39.759062,-104.62011683333333,1672.4,274.0713379469422,25.242272106309045,151885391.00951797,-0.9022300656224118,0.06421901438080556,0.4264467456540573
1197,2026-07-28T23:55:58.061995Z,sun,39.759062,-104.62011683333333,1672.4,274.30116118656946,24.954533504012797,151885402.85651237,-0.9040894096749678,0.06799725055939732,0.42189893722304017
1198,2026-07-28T23:57:28.085439Z,sun,39.759062,-104.62011683333333,1672.4,274.530580797618,24.666881534849125,151885414.76221895,-0.9059100080460586,0.07178319565431329,0.41734186243851046
1199,2026-07-28T23:58:58.108883Z,sun,39.759062,-104.62011683333333,1672.4,274.75961121710384,24.379320654073794,151885426.72539085,-0.9076917825884604,0.07557668723487686,0.4127757165434817
1200,2026-07-29T00:00:28.132326Z,sun,39.759062,-104.62011683333333,1672.4,274.9882667208838,24.091855297771364,151885438.74477845,-0.9094346568206703,0.0793775625463516,0.408200695170488
1201,2026-07-29T00:01:58.155770Z,sun,39.759062,-104.62011683333333,1672.4,275.2165614351518,23.804489874342952,151885450.81913027,-0.9111385559863048,0.08318565864391675,0.4036169941803356
1202,2026-07-29T00:03:28.179213Z,sun,39.759062,-104.62011683333333,1672.4,275.44450932247975,23.517228787900656,151885462.94719172,-0.9128034069228481,0.08700081210386526,0.39902481000974016
1203,2026-07-29T00:04:58.202657Z,sun,39.759062,-104.62011683333333,1672.4,275.67212420584343,23.23007641374655,151885475.1277067,-0.9144291382162467,0.09082285936910207,0.3944243392554681
1204,2026-07-29T00:06:28.226101Z,sun,39.759062,-104.62011683333333,1672.4,275.8994197545324,22.9430371217261,151885487.35941613,-0.9160156800733876,0.09465163645959505,0.38981577902287345
1205,2026-07-29T00:07:58.249544Z,sun,39.759062,-104.62011683333333,1672.4,276.1264094953389,22.65611526763312,151885499.64105892,-0.9175629643825624,0.09848697910627242,0.3851993267647353
1206,2026-07-29T00:09:28.272988Z,sun,39.759062,-104.62011683333333,1672.4,276.35310682360404,22.369315184623996,151885511.97137216,-0.9190709247660016,0.10232872288625124,0.38057518011850905
1207,2026-07-29T00:10:58.296431Z,sun,39.759062,-104.62011683333333,1672.4,276.57952498898476,22.082641206495715,151885524.34909034,-0.9205394964634287,0.10617670293129061,0.3759435372572557
1208,2026-07-29T00:12:28.319875Z,sun,39.759062,-104.62011683333333,1672.4,276.8056771189633,21.79609764312119,151885536.77294624,-0.9219686164689429,0.11003075427651207,0.37130459646991343
1209,2026-07-29T00:13:58.343319Z,sun,39.759062,-104.62011683333333,1672.4,277.0315762044975,21.509688803685442,151885549.2416705,-0.9233582234183586,0.11389071156823956,0.36665855651296697
1210,2026-07-29T00:15:28.366762Z,sun,39.759062,-104.62011683333333,1672.4,277.25723511079053,21.223418988031785,151885561.75399157,-0.9247082576427847,0.11775640919911559,0.36200561644783297
1211,2026-07-29T00:16:58.390206Z,sun,39.759062,-104.62011683333333,1672.4,277.4826665879317,20.93729247803184,151885574.3086366,-0.9260186612141763,0.12162768144425756,0.357345975476986
1212,2026-07-29T00:18:28.413649Z,sun,39.759062,-104.62011683333333,1672.4,277.70788325643196,20.651313560720617,151885586.9043303,-0.9272893778439748,0.12550436216770125,0.3526798332973019
1213,2026-07-29T00:19:58.437093Z,sun,39.759062,-104.62011683333333,1672.4,277.93289763025774,20.36548650374976,151885599.53979608,-0.9285203530019341,0.1293862851734423,0.3480073896775475
1214,2026-07-29T00:21:28.460537Z,sun,39.759062,-104.62011683333333,1672.4,278.1577221022591,20.079815578482375,151885612.21375525,-0.9297115338185808,0.13327328391135498,0.3433288448123537
1215,2026-07-29T00:22:58.483980Z,sun,39.759062,-104.62011683333333,1672.4,278.38236895456174,19.79430505130669,151885624.9249275,-0.9308628691317995,0.13716519161322785,0.33864439915849903
1216,2026-07-29T00:24:28.507424Z,sun,39.759062,-104.62011683333333,1672.4,278.60685036886093,19.50895917496747,151885637.67203116,-0.9319743095254004,0.14106184142983053,0.333954253269933
1217,2026-07-29T00:25:58.530867Z,sun,39.759062,-104.62011683333333,1672.4,278.8311784117208,19.223782211582204,151885650.4537827,-0.9330458072428424,0.14496306613538912,0.32925860815349905
1218,2026-07-29T00:27:28.554311Z,sun,39.759062,-104.62011683333333,1672.4,279.05536505721943,18.938778408104856,151885663.2688973,-0.9340773162880226,0.14886869848092582,0.32455766484364645
1219,2026-07-29T00:28:58.577755Z,sun,39.759062,-104.62011683333333,1672.4,279.2794221721493,18.65395201930319,151885676.11608863,-0.9350687923428455,0.15277857089829824,0.319851624758678
1220,2026-07-29T00:30:28.601198Z,sun,39.759062,-104.62011683333333,1672.4,279.5033615260857,18.369307299043047,151885688.99406862,-0.9360201928068216,0.15669251563713957,0.3151406895359363
1221,2026-07-29T00:31:58.624642Z,sun,39.759062,-104.62011683333333,1672.4,279.72719480137334,18.084848491598517,151885701.90154853,-0.9369314768285901,0.16061036490263952,0.3104250608659652
1222,2026-07-29T00:33:28.648085Z,sun,39.759062,-104.62011683333333,1672.4,279.9509335782008,17.80057985454917,151885714.83723766,-0.9378026052348244,0.16453195055838624,0.30570494085020766
1223,2026-07-29T00:34:58.671529Z,sun,39.759062,-104.62011683333333,1672.4,280.1745893569169,17.51650563427092,151885727.79984462,-0.9386335406128803,0.16845710448166235,0.3009805315733607
1224,2026-07-29T00:36:28.694973Z,sun,39.759062,-104.62011683333333,1672.4,280.39817354300754,17.232630088801255,151885740.78807637,-0.939424247243552,0.1723856582658448,0.296252035461593
1225,2026-07-29T00:37:58.718416Z,sun,39.759062,-104.62011683333333,1672.4,280.62169745688203,16.94895747910387,151885753.80063903,-0.9401746911336477,0.17631744335814079,0.2915196551167672
1226,2026-07-29T00:39:28.741860Z,sun,39.759062,-104.62011683333333,1672.4,280.845172343593,16.665492060368933,151885766.8362378,-0.940884840040434,0.18025229119796687,0.286783593149905
1227,2026-07-29T00:40:58.765303Z,sun,39.759062,-104.62011683333333,1672.4,281.06860935769055,16.382238104791316,151885779.8935762,-0.9415546634158037,0.18419003291844244,0.2820440525404775
1228,2026-07-29T00:42:28.788747Z,sun,39.759062,-104.62011683333333,1672.4,281.2920195852591,16.09919987711169,151885792.9713578,-0.9421841324706745,0.18813049970320542,0.27730123620695374
1229,2026-07-29T00:43:58.812191Z,sun,39.759062,-104.62011683333333,1672.4,281.515414028682,15.816381657359658,151885806.06828442,-0.9427732201230341,0.19207352248761503,0.27255534736644754
1230,2026-07-29T00:45:28.835634Z,sun,39.759062,-104.62011683333333,1672.4,281.7388036161772,15.533787732116267,151885819.1830572,-0.9433219010234355,0.19601893209706064,0.2678065893682597
1231,2026-07-29T00:46:58.859078Z,sun,39.759062,-104.62011683333333,1672.4,281.96219921128466,15.251422385813253,151885832.31437692,-0.9438301515723484,0.19996655938578653,0.263055165526793
1232,2026-07-29T00:48:28.882521Z,sun,39.759062,-104.62011683333333,1672.4,282.18561159750294,14.969289923392298,151885845.4609431,-0.9442979498796393,0.20391623493737926,0.2583012794820692
1233,2026-07-29T00:49:58.905965Z,sun,39.759062,-104.62011683333333,1672.4,282.40905150009615,14.68739464591027,151885858.62145504,-0.9447252758106636,0.20786778942272457,0.253545134768892
1234,2026-07-29T00:51:28.929409Z,sun,39.759062,-104.62011683333333,1672.4,282.6325295706453,14.405740873161582,151885871.79461107,-0.9451121109496439,0.21182105330030812,0.24878693517758543
1235,2026-07-29T00:52:58.952852Z,sun,39.759062,-104.62011683333333,1672.4,282.8560563963656,14.124332934946567,151885884.97910893,-0.9454584386180662,0.21577585695496698,0.24402688458700175
1236,2026-07-29T00:54:28.976296Z,sun,39.759062,-104.62011683333333,1672.4,283.07964250939125,13.843175162381057,151885898.17364624,-0.9457642438849121,0.21973203083700457,0.23926518679708955
1237,2026-07-29T00:55:58.999740Z,sun,39.759062,-104.62011683333333,1672.4,283.30329837367816,13.56227190731504,151885911.3769198,-0.9460295135442227,0.22368940520594396,0.2345020458373277
1238,2026-07-29T00:57:29.023183Z,sun,39.759062,-104.62011683333333,1672.4,283.5270343942036,13.281627533609178,151885924.58762607,-0.9462542361292279,0.22764781026947772,0.22973766579950125
1239,2026-07-29T00:58:59.046627Z,sun,39.759062,-104.62011683333333,1672.4,283.7508609261491,13.001246408446104,151885937.80446133,-0.9464384019183066,0.23160707632280458,0.22497225066999776
1240,2026-07-29T01:00:29.070070Z,sun,39.759062,-104.62011683333333,1672.4,283.9747882591704,12.721132924812883,151885951.02612138,-0.9465820029190484,0.23556703344788377,0.22020600469180324
1241,2026-07-29T01:01:59.093514Z,sun,39.759062,-104.62011683333333,1672.4,284.1988266389483,12.441291477213806,151885964.25130197,-0.9466850328849721,0.23952751187282623,0.2154391319319502
1242,2026-07-29T01:03:29.116958Z,sun,39.759062,-104.62011683333333,1672.4,284.42298625137477,12.161726484116299,151885977.47869855,-0.9467474873034972,0.24348834167107894,0.21067183664358724
1243,2026-07-29T01:04:59.140401Z,sun,39.759062,-104.62011683333333,1672.4,284.64727723158313,11.882442379239825,151885990.70700634,-0.9467693634029513,0.24744935290068842,0.2059043230983772
1244,2026-07-29T01:06:29.163845Z,sun,39.759062,-104.62011683333333,1672.4,284.8717096729682,11.60344360289252,151886003.93492085,-0.9467506601513932,0.2514103757436768,0.20113679541875118
1245,2026-07-29T01:07:59.187288Z,sun,39.759062,-104.62011683333333,1672.4,285.0962936112368,11.324734624319053,151886017.1611372,-0.9466913782560823,0.2553712402052173,0.19636945793999763
1246,2026-07-29T01:09:29.210732Z,sun,39.759062,-104.62011683333333,1672.4,285.3210390458245,11.046319917528086,151886030.38435087,-0.946591520161787,0.2593317764730103,0.19160251477772822
1247,2026-07-29T01:10:59.234176Z,sun,39.759062,-104.62011683333333,1672.4,285.54595592386613,10.768203983599552,151886043.60325727,-0.9464510900541655,0.26329181461651785,0.1868361701898831
1248,2026-07-29T01:12:29.257619Z,sun,39.759062,-104.62011683333333,1672.4,285.7710541490682,10.490391342005243,151886056.81655177,-0.9462700938596387,0.2672511847262355,0.18207062840912597
1249,2026-07-29T01:13:59.281063Z,sun,39.759062,-104.62011683333333,1672.4,285.9963435905897,10.212886521975824,151886070.02293047,-0.9460485392370754,0.27120971705299046,0.17730609347518875
1250,2026-07-29T01:15:29.304506Z,sun,39.759062,-104.62011683333333,1672.4,286.2218340668596,9.935694084716827,151886083.2210893,-0.9457864355926708,0.2751672417072535,0.17254276959679513
1251,2026-07-29T01:16:59.327950Z,sun,39.759062,-104.62011683333333,1672.4,286.4475353669048,9.658818599351848,151886096.40972486,-0.9454837940598486,0.2791235890182942,0.1677808607193929
1252,2026-07-29T01:18:29.351394Z,sun,39.759062,-104.62011683333333,1672.4,286.6734572340867,9.382264665096267,151886109.58753374,-0.9451406275180447,0.2830785892336474,0.16302057088688138
1253,2026-07-29T01:19:59.374837Z,sun,39.759062,-104.62011683333333,1672.4,286.8996093748393,9.106036902612539,151886122.7532131,-0.9447569505854493,0.28703207265829694,0.1582621040741126
1254,2026-07-29T01:21:29.398281Z,sun,39.759062,-104.62011683333333,1672.4,287.1260014674307,8.830139945412256,151886135.90546095,-0.944332779603556,0.2909838697937823,0.15350566401946508
1255,2026-07-29T01:22:59.421724Z,sun,39.759062,-104.62011683333333,1672.4,287.35264314553075,8.554578461943157,151886149.04297543,-0.9438681326674472,0.29493381103784644,0.14875145458636135
1256,2026-07-29T01:24:29.445168Z,sun,39.759062,-104.62011683333333,1672.4,287.5795440194902,8.279357131649357,151886162.16445544,-0.943363029587294,0.2988817270431562,0.14399967933152674
1257,2026-07-29T01:25:59.468612Z,sun,39.759062,-104.62011683333333,1672.4,287.8067136598254,8.00448066701603,151886175.26860058,-0.9428174919225377,0.3028274484171737,0.13925054186623292
1258,2026-07-29T01:27:29.492055Z,sun,39.759062,-104.62011683333333,1672.4,288.03416160584567,7.729953804955097,151886188.35411087,-0.9422315429674923,0.3067708058612471,0.13450424568889904
1259,2026-07-29T01:28:59.515499Z,sun,39.759062,-104.62011683333333,1672.4,288.2618973742955,7.455781298268747,151886201.41968772,-0.9416052077288077,0.3107116303091038,0.1297609940184171
1260,2026-07-29T01:30:29.538942Z,sun,39.759062,-104.62011683333333,1672.4,288.48993044268775,7.1819679375673315,151886214.4640327,-0.940938512971071,0.31464975262762945,0.12502099015429885
1261,2026-07-29T01:31:59.562386Z,sun,39.759062,-104.62011683333333,1672.4,288.7182702705301,6.908518527497959,151886227.4858488,-0.9402314871600151,0.31858500397421596,0.12028443704658993
1262,2026-07-29T01:33:29.585830Z,sun,39.759062,-104.62011683333333,1672.4,288.94692628256996,6.63543790862294,151886240.4838397,-0.9394841605120064,0.3225172154977914,0.11555153765572125
1263,2026-07-29T01:34:59.609273Z,sun,39.759062,-104.62011683333333,1672.4,289.1759078773094,6.362730948860701,151886253.45670977,-0.9386965649725545,0.326446218477404,0.11082249478571492
1264,2026-07-29T01:36:29.632717Z,sun,39.759062,-104.62011683333333,1672.4,289.40522443555506,6.090402534998552,151886266.4031652,-0.9378687341866886,0.33037184446020207,0.10609751091812893
1265,2026-07-29T01:37:59.656160Z,sun,39.759062,-104.62011683333333,1672.4,289.63488530348377,5.818457594458711,151886279.32191244,-0.9370007035598594,0.3342939249633243,0.10137678857087377
1266,2026-07-29T01:39:29.679604Z,sun,39.759062,-104.62011683333333,1672.4,289.8648998138623,5.54690107168092,151886292.21165985,-0.9360925101828812,0.33821229182985796,0.09666052986978473
1267,2026-07-29T01:40:59.703048Z,sun,39.759062,-104.62011683333333,1672.4,290.095277269022,5.2757379498459125,151886305.07111648,-0.9351441928966989,0.3421267769310809,0.09194893690702483
1268,2026-07-29T01:42:29.726491Z,sun,39.759062,-104.62011683333333,1672.4,290.32602694928016,5.004973242368725,151886317.89899275,-0.9341557922638147,0.34603721230451384,0.0872422115749342
1269,2026-07-29T01:43:59.749935Z,sun,39.759062,-104.62011683333333,1672.4,290.55715812140545,4.734611984467766,151886330.69400084,-0.9331273505316161,0.34994343029120234,0.0825405554008016
1270,2026-07-29T01:45:29.773378Z,sun,39.759062,-104.62011683333333,1672.4,290.7886800213999,4.464659254770996,151886343.45485348,-0.932058911708514,0.3538452632390344,0.07784416990397522
1271,2026-07-29T01:46:59.796822Z,sun,39.759062,-104.62011683333333,1672.4,291.02060187573824,4.195120151860384,151886356.1802658,-0.9309505214706795,0.3577425438569922,0.07315325616948128
1272,2026-07-29T01:48:29.820266Z,sun,39.759062,-104.62011683333333,1672.4,291.2529328840496,3.9259998158388054,151886368.86895373,-0.9298022272420532,0.36163510491881634,0.06846801520472051
1273,2026-07-29T01:49:59.843709Z,sun,39.759062,-104.62011683333333,1672.4,291.48568222745774,3.6573034198748178,151886381.5196349,-0.9286140781586965,0.3655227794004553,0.06378864777404014
1274,2026-07-29T01:51:29.867153Z,sun,39.759062,-104.62011683333333,1672.4,291.7188590769697,3.3890361618347367,151886394.13102877,-0.9273861250251169,0.36940540061648103,0.05911535423454298
1275,2026-07-29T01:52:59.890597Z,sun,39.759062,-104.62011683333333,1672.4,291.9524725785539,3.1212032827459177,151886406.70185632,-0.9261184203912554,0.37328280196820574,0.05444833483928801
1276,2026-07-29T01:54:29.914040Z,sun,39.759062,-104.62011683333333,1672.4,292.1865318614298,2.853810058380974,151886419.23083988,-0.9248110185126394,0.37715481708059845,0.04978778957249459
1277,2026-07-29T01:55:59.937484Z,sun,39.759062,-104.62011683333333,1672.4,292.4210460464146,2.5868617909280665,151886431.7167045,-0.9234639753025171,0.38102127993814494,0.04513391798603025
1278,2026-07-29T01:57:29.960927Z,sun,39.759062,-104.62011683333333,1672.4,292.65602422821485,2.320363830318506,151886444.15817583,-0.9220773484321924,0.3848820245911342,0.040486919552950064
1279,2026-07-29T01:58:59.984371Z,sun,39.759062,-104.62011683333333,1672.4,292.89147549673,2.054321551063976,151886456.55398244,-0.920651197208886,0.38873688550625224,0.035846993245512604
1280,2026-07-29T02:00:30.007815Z,sun,39.759062,-104.62011683333333,1672.4,293.1274089192385,1.7887403735359888,151886468.90285432,-0.9191855826798847,0.3925856972734107,0.031214337888072628
1281,2026-07-29T02:02:00.031258Z,sun,39.759062,-104.62011683333333,1672.4,293.36383354861175,1.523625755613414,151886481.2035234,-0.9176805675857035,0.3964282947417523,0.02658915199338627
1282,2026-07-29T02:03:30.054702Z,sun,39.759062,-104.62011683333333,1672.4,293.60075843159416,1.2589831844200121,151886493.45472398,-0.9161362163052859,0.4002645131544454,0.02197163360037952
1283,2026-07-29T02:05:00.078145Z,sun,39.759062,-104.62011683333333,1672.4,293.83819259076046,0.9948181974645764,151886505.65519205,-0.9145525949713272,0.40409418785722406,0.01736198062497742
1284,2026-07-29T02:06:30.101589Z,sun,39.759062,-104.62011683333333,1672.4,294.0761450458833,0.7311363596733281,151886517.80366626,-0.9129297713302511,0.40791715464623196,0.012760390441420062
1285,2026-07-29T02:08:00.125033Z,sun,39.759062,-104.62011683333333,1672.4,294.3146247957795,0.4679432844787496,151886529.89888692,-0.9112678148613123,0.4117332494771954,0.008167060232351064
1286,2026-07-29T02:09:30.148476Z,sun,39.759062,-104.62011683333333,1672.4,294.55364082644945,0.2052446255339353,151886541.93959683,-0.9095667967228319,0.4155423086003485,0.003582186826404907
1287,2026-07-29T02:11:00.171920Z,sun,39.759062,-104.62011683333333,1672.4,294.79320211930127,-0.05695393148681353,151886553.92454135,-0.9078267896904681,0.419344168694133,-0.0009940334626989302
1288,2026-07-29T02:12:30.195363Z,sun,39.759062,-104.62011683333333,1672.4,295.033317632733,-0.3186466479283551,151886565.85246766,-0.9060478682875338,0.4231386665760241,-0.005561404488076906
1289,2026-07-29T02:14:00.218807Z,sun,39.759062,-104.62011683333333,1672.4,295.2739963236022,-0.5798277549420477,151886577.72212595,-0.9042301086270622,0.42692563954762996,-0.01011973068506103
1290,2026-07-29T02:15:30.242251Z,sun,39.759062,-104.62011683333333,1672.4,295.5152471286909,-0.8404914325818086,151886589.53226858,-0.902373588545873,0.4307049251062287,-0.014668816723967587
1291,2026-07-29T02:17:00.265694Z,sun,39.759062,-104.62011683333333,1672.4,295.75707897277914,-1.1006318180266794,151886601.2816502,-0.900478387543883,0.4344763610785914,-0.019208467671162622
1292,2026-07-29T02:18:30.289138Z,sun,39.759062,-104.62011683333333,1672.4,295.99950077680415,-1.3602430137060193,151886612.96902856,-0.8985445867155749,0.4382397857532925,-0.02373848914831953
1293,2026-07-29T02:20:00.312581Z,sun,39.759062,-104.62011683333333,1672.4,296.2425214390713,-1.619319066563499,151886624.59316352,-0.8965722688949744,0.44199503759457875,-0.028258686987979075
1294,2026-07-29T02:21:30.336025Z,sun,39.759062,-104.62011683333333,1672.4,296.486149856795,-1.8778539906079759,151886636.15281835,-0.8945615184802855,0.4457419555836662,-0.032768867644376067
1295,2026-07-29T02:23:00.359469Z,sun,39.759062,-104.62011683333333,1672.4,296.7303949071922,-2.1358417462460526,151886647.64675823,-0.892512421582512,0.4494803789335236,-0.03726883785009333
1296,2026-07-29T02:24:30.382912Z,sun,39.759062,-104.62011683333333,1672.4,296.9752654554761,-2.393276248425953,151886659.0737514,-0.8904250659580158,0.4532101472212198,-0.04175840477536635
1297,2026-07-29T02:26:00.406356Z,sun,39.759062,-104.62011683333333,1672.4,297.22077036295144,-2.650151374688381,151886670.43256944,-0.8882995409332363,0.4569311005187515,-0.04623737618555169
1298,2026-07-29T02:27:30.429799Z,sun,39.759062,-104.62011683333333,1672.4,297.4669184678179,-2.9064609446592398,151886681.72198606,-0.8861359375642419,0.46064307911010016,-0.05070556010052432
1299,2026-07-29T02:29:00.453243Z,sun,39.759062,-104.62011683333333,1672.4,297.7137186068132,-3.1621987423752,151886692.9407785,-0.8839343484439772,0.4643459238286847,-0.055162765200875145
1300,2026-07-29T02:30:30.476687Z,sun,39.759062,-104.62011683333333,1672.4,297.9611795958896,-3.4173584958488363,151886704.08772674,-0.8816948678654184,0.46803947577539534,-0.05960880048848138
1301,2026-07-29T02:32:00.500130Z,sun,39.759062,-104.62011683333333,1672.4,298.20931023813256,-3.671933885140471,151886715.1616139,-0.8794175917473971,0.47172357644945034,-0.0640434754440134
1302,2026-07-29T02:33:30.523574Z,sun,39.759062,-104.62011683333333,1672.4,298.4581193317931,-3.9259185503376,151886726.16122603,-0.8771026175526122,0.4753980678776512,-0.0684666001825136
1303,2026-07-29T02:35:00.547017Z,sun,39.759062,-104.62011683333333,1672.4,298.7076156506451,-4.179306071281546,151886737.08535257,-0.8747500444616894,0.4790627923347705,-0.07287798511680298
1304,2026-07-29T02:36:30.570461Z,sun,39.759062,-104.62011683333333,1672.4,298.95780796575207,-4.4320899896717405,151886747.93278626,-0.8723599731631207,0.4827175926769912,-0.07727744135884376
1305,2026-07-29T02:38:00.593905Z,sun,39.759062,-104.62011683333333,1672.4,299.2087050256877,-4.6842637888694165,151886758.7023227,-0.8699325060308837,0.48636231206333647,-0.08166478038440124
1306,2026-07-29T02:39:30.617348Z,sun,39.759062,-104.62011683333333,1672.4,299.46031556438567,-4.935820901907976,151886769.39276096,-0.8674677470435095,0.4899967940850427,-0.08603981418876998
1307,2026-07-29T02:41:00.640792Z,sun,39.759062,-104.62011683333333,1672.4,299.7126483090863,-5.186754719382007,151886780.0029039,-0.864965801695647,0.4936208828928453,-0.09040235543996925
1308,2026-07-29T02:42:30.664235Z,sun,39.759062,-104.62011683333333,1672.4,299.96571196024695,-5.437058569454629,151886790.53155702,-0.8624267771861792,0.4972344229214062,-0.09475221714702275
1309,2026-07-29T02:44:00.687679Z,sun,39.759062,-104.62011683333333,1672.4,300.2195152134092,-5.686725739701376,151886800.97753003,-0.8598507821913627,0.5008372592179405,-0.0990892130555257
1310,2026-07-29T02:45:30.711123Z,sun,39.759062,-104.62011683333333,1672.4,300.4740667389568,-5.935749457193785,151886811.33963576,-0.8572379270565065,0.5044292371676734,-0.10341315731715586
1311,2026-07-29T02:47:00.734566Z,sun,39.759062,-104.62011683333333,1672.4,300.72937518987624,-6.184122896433943,151886821.61669055,-0.8545883237085053,0.508010202621387,-0.10772386464318927
1312,2026-07-29T02:48:30.758010Z,sun,39.759062,-104.62011683333333,1672.4,300.98544920962524,-6.431839187168496,151886831.80751458,-0.8519020855609324,0.5115800020207804,-0.11202115045540297
1313,2026-07-29T02:50:00.781454Z,sun,39.759062,-104.62011683333333,1672.4,301.2422974144061,-6.6788913974183926,151886841.9109317,-0.8491793276857172,0.5151384821664595,-0.1163048306067707
1314,2026-07-29T02:51:30.804897Z,sun,39.759062,-104.62011683333333,1672.4,301.4999284008721,-6.9252725413721965,151886851.9257692,-0.8464201667217758,0.5186854903443591,-0.12057472153363352
1315,2026-07-29T02:53:00.828341Z,sun,39.759062,-104.62011683333333,1672.4,301.75835075394696,-7.1709755871557554,151886861.8508586,-0.8436247207762595,0.5222208744499008,-0.12483064040514683
1316,2026-07-29T02:54:30.851784Z,sun,39.759062,-104.62011683333333,1672.4,302.01757302592733,-7.415993437300231,151886871.68503478,-0.8407931096349991,0.5257444827190892,-0.12907240479957677
1317,2026-07-29T02:56:00.875228Z,sun,39.759062,-104.62011683333333,1672.4,302.2776037585509,-7.660318950181435,151886881.4271369,-0.8379254545090145,0.5292561640491147,-0.1332998330902106
1318,2026-07-29T02:57:30.898672Z,sun,39.759062,-104.62011683333333,1672.4,302.53845146192924,-7.9039449205739345,151886891.07600763,-0.8350218782484458,0.5327557677305769,-0.13751274412301476
1319,2026-07-29T02:59:00.922115Z,sun,39.759062,-104.62011683333333,1672.4,302.8001246221596,-8.146864087477013,151886900.63049388,-0.832082505244749,0.5362431435719385,-0.1417109573664213
1320,2026-07-29T03:00:30.945559Z,sun,39.759062,-104.62011683333333,1672.4,303.06263170905765,-8.389069141815604,151886910.0894466,-0.8291074613256055,0.5397181420215887,-0.14589429305827467
1321,2026-07-29T03:02:00.969002Z,sun,39.759062,-104.62011683333333,1672.4,303.32598115470586,-8.630552707216387,151886919.45172057,-0.8260968739791199,0.5431806139033787,-0.15006257188744496
1322,2026-07-29T03:03:30.992446Z,sun,39.759062,-104.62011683333333,1672.4,303.59018137566324,-8.871307361196052,151886928.71617508,-0.8230508720839196,0.5466304107318932,-0.15421561537335138
1323,2026-07-29T03:05:01.015890Z,sun,39.759062,-104.62011683333333,1672.4,303.85524075133384,-9.111325616030348,151886937.88167334,-0.8199695861367841,0.5500673844491824,-0.15835324554901428
1324,2026-07-29T03:06:31.039333Z,sun,39.759062,-104.62011683333333,1672.4,304.12116763147947,-9.3505999265217,151886946.94708243,-0.8168531481484727,0.5534913875471564,-0.16247528510839118
1325,2026-07-29T03:08:01.062777Z,sun,39.759062,-104.62011683333333,1672.4,304.3879703438494,-9.589122697626427,151886955.91127446,-0.813701691532488,0.5569022731873261,-0.16658155755051798
1326,2026-07-29T03:09:31.086220Z,sun,39.759062,-104.62011683333333,1672.4,304.65565717216185,-9.826886265580502,151886964.77312517,-0.8105153513425906,0.5602998949412965,-0.17067188686707951
1327,2026-07-29T03:11:01.109664Z,sun,39.759062,-104.62011683333333,1672.4,304.9242363784343,-10.063882918808185,151886973.5315152,-0.8072942639870437,0.5636841071000543,-0.17474609791475149
1328,2026-07-29T03:12:31.133108Z,sun,39.759062,-104.62011683333333,1672.4,305.1937161807749,-10.300104879149037,151886982.1853293,-0.804038567469488,0.5670547644157377,-0.17880401610429747
1329,2026-07-29T03:14:01.156551Z,sun,39.759062,-104.62011683333333,1672.4,305.4641047607795,-10.535544309562948,151886990.7334565,-0.800748401278607,0.5704117222217245,-0.18284546754514092
1330,2026-07-29T03:15:31.179995Z,sun,39.759062,-104.62011683333333,1672.4,305.73541027105506,-10.770193321693549,151886999.17479077,-0.7974239062708116,0.5737548365499925,-0.18687027918663626
1331,2026-07-29T03:17:01.203438Z,sun,39.759062,-104.62011683333333,1672.4,306.00764081259365,-11.004043957361812,151887007.5082302,-0.7940652249209164,0.5770839638767219,-0.1908782785117908
1332,2026-07-29T03:18:31.226882Z,sun,39.759062,-104.62011683333333,1672.4,306.28080445724015,-11.237088209200666,151887015.73267806,-0.7906725010206914,0.5803989614254464,-0.19486929390221472
1333,2026-07-29T03:20:01.250326Z,sun,39.759062,-104.62011683333333,1672.4,306.55490922486456,-11.469318002258001,151887023.8470417,-0.7872458799328518,0.5836996869139791,-0.19884315433344105
1334,2026-07-29T03:21:31.273769Z,sun,39.759062,-104.62011683333333,1672.4,306.82996309063884,-11.700725201647575,151887031.8502332,-0.7837855084746354,0.586985998672131,-0.2027996895166222
1335,2026-07-29T03:23:01.297213Z,sun,39.759062,-104.62011683333333,1672.4,307.10597399245535,-11.931301620062145,151887039.7411698,-0.7802915347944328,0.5902577557566482,-0.20673873003690776
1336,2026-07-29T03:24:31.320656Z,sun,39.759062,-104.62011683333333,1672.4,307.3829498076424,-12.161038999645307,151887047.51877314,-0.776764108635615,0.5935148177019623,-0.21066010705334054
1337,2026-07-29T03:26:01.344100Z,sun,39.759062,-104.62011683333333,1672.4,307.66089837559855,-12.389929032369816,151887055.1819699,-0.7732033810193942,0.5967570448171687,-0.21456365265640187
1338,2026-07-29T03:27:31.367544Z,sun,39.759062,-104.62011683333333,1672.4,307.9398274742984,-12.617963342028675,151887062.7296916,-0.7696095045118927,0.5999842979381743,-0.21844919956959125
1339,2026-07-29T03:29:01.390987Z,sun,39.759062,-104.62011683333333,1672.4,308.2197448274538,-12.845133491849877,151887070.1608745,-0.7659826331016168,0.6031964385430386,-0.2223165812882789
1340,2026-07-29T03:30:31.414431Z,sun,39.759062,-104.62011683333333,1672.4,308.5006581118008,-13.071430991948917,151887077.47446018,-0.7623229220704137,0.6063933288641387,-0.22616563221474287
1341,2026-07-29T03:32:01.437874Z,sun,39.759062,-104.62011683333333,1672.4,308.7825749331706,-13.296847281644485,151887084.66939482,-0.758630528269647,0.609574831644816,-0.22999618736516167
1342,2026-07-29T03:33:31.461318Z,sun,39.759062,-104.62011683333333,1672.4,309.06550284924367,-13.52137374953222,151887091.7446301,-0.7549056097883717,0.6127408104292502,-0.23380808271861028
1343,2026-07-29T03:35:01.484762Z,sun,39.759062,-104.62011683333333,1672.4,309.34944934540243,-13.745001715930051,151887098.69912252,-0.751148326232671,0.615891129320576,-0.2376011549258174
1344,2026-07-29T03:36:31.508205Z,sun,39.759062,-104.62011683333333,1672.4,309.6344218417528,-13.967722440447325,151887105.53183368,-0.7473588385974267,0.6190256530934791,-0.2413752414447204
1345,2026-07-29T03:38:01.531649Z,sun,39.759062,-104.62011683333333,1672.4,309.920427700289,-14.18952712939712,151887112.2417305,-0.7435373091315606,0.6221442473036313,-0.24513018067222186
1346,2026-07-29T03:39:31.555092Z,sun,39.759062,-104.62011683333333,1672.4,310.2074742002731,-14.41040691856941,151887118.82778528,-0.7396839016265446,0.6252467780502365,-0.24886581165827223
1347,2026-07-29T03:41:01.578536Z,sun,39.759062,-104.62011683333333,1672.4,310.4955685611446,-14.630352893020765,151887125.2889754,-0.7357987810698893,0.628333112258818,-0.25258197444634223
1348,2026-07-29T03:42:31.601980Z,sun,39.759062,-104.62011683333333,1672.4,310.7847179176761,-14.849356069989192,151887131.62428358,-0.7318821139367289,0.6314031174453034,-0.25627850978936484
1349,2026-07-29T03:44:01.625423Z,sun,39.759062,-104.62011683333333,1672.4,311.0749293268627,-15.067407406434892,151887137.83269787,-0.727934068055897,0.6344566618258741,-0.25995525928197905
1350,2026-07-29T03:45:31.648867Z,sun,39.759062,-104.62011683333333,1672.4,311.36620977496216,-15.284497806420463,151887143.91321203,-0.7239548124696261,0.6374936144235297,-0.2636120654888398
1351,2026-07-29T03:47:01.672310Z,sun,39.759062,-104.62011683333333,1672.4,311.65856615216313,-15.500618104375377,151887149.86482486,-0.7199445177340875,0.640513844836783,-0.2672487716660897
1352,2026-07-29T03:48:31.695754Z,sun,39.759062,-104.62011683333333,1672.4,311.95200527566425,-15.715759084602068,151887155.68654093,-0.7159033555585222,0.6435172235150853,-0.27086522209298813
1353,2026-07-29T03:50:01.719198Z,sun,39.759062,-104.62011683333333,1672.4,312.24653386410847,-15.929911464690221,151887161.37737045,-0.7118314991088418,0.6465036215290783,-0.27446126179525826
1354,2026-07-29T03:51:31.742641Z,sun,39.759062,-104.62011683333333,1672.4,312.5421585443488,-16.143065903044086,151887166.93632868,-0.7077291228680879,0.6494729106776254,-0.2780367366739515
1355,2026-07-29T03:53:01.766085Z,sun,39.759062,-104.62011683333333,1672.4,312.8388858583666,-16.355213006238856,151887172.36243722,-0.7035964024907628,0.6524249635913729,-0.28159149363013813
1356,2026-07-29T03:54:31.789529Z,sun,39.759062,-104.62011683333333,1672.4,313.1367222405289,-16.566343315153645,151887177.65472293,-0.6994335150686533,0.6553596535403587,-0.2851253803332296
1357,2026-07-29T03:56:01.812972Z,sun,39.759062,-104.62011683333333,1672.4,313.4356740242775,-16.776447312491346,151887182.81221828,-0.69524063898808,0.6582768545392318,-0.2886382453476694
1358,2026-07-29T03:57:31.836416Z,sun,39.759062,-104.62011683333333,1672.4,313.7357474489796,-16.985515430127418,151887187.83396184,-0.6910179537810561,0.6611764414489769,-0.2921299382554104
1359,2026-07-29T03:59:01.859859Z,sun,39.759062,-104.62011683333333,1672.4,314.036948633434,-17.193538033239378,151887192.71899766,-0.6867656404443587,0.6640582897559949,-0.2956003093898802
1360,2026-07-29T04:00:31.883303Z,sun,39.759062,-104.62011683333333,1672.4,314.3392835992466,-17.40050543934671,151887197.46637592,-0.6824838810566439,0.6669222758350312,-0.29904921015258207
1361,2026-07-29T04:02:01.906747Z,sun,39.759062,-104.62011683333333,1672.4,314.6427582441067,-17.6064079026134,151887202.07515243,-0.6781728591003742,0.6697682767299602,-0.30247649274911154
1362,2026-07-29T04:03:31.930190Z,sun,39.759062,-104.62011683333333,1672.4,314.9473783483659,-17.811235621368493,151887206.54438892,-0.6738327593137503,0.6725961702559691,-0.30588201031218004
1363,2026-07-29T04:05:01.953634Z,sun,39.759062,-104.62011683333333,1672.4,315.2531495820731,-18.014978855535432,151887210.8731533,-0.6694637671150675,0.675405834679428,-0.3092656188474365
1364,2026-07-29T04:06:31.977077Z,sun,39.759062,-104.62011683333333,1672.4,315.5600774766046,-18.21762747142359,151887215.06051925,-0.665066070615813,0.678197150169987,-0.3126271696717202
1365,2026-07-29T04:08:02.000521Z,sun,39.759062,-104.62011683333333,1672.4,315.86816744997856,-18.41917161974888,151887219.10556662,-0.6606398577060419,0.6809699965686727,-0.31596652066857117
1366,2026-07-29T04:09:32.023965Z,sun,39.759062,-104.62011683333333,1672.4,316.1774247782597,-18.619601281435788,151887223.00738126,-0.6561853180623873,0.683724254824931,-0.319283528738105
1367,2026-07-29T04:11:02.047408Z,sun,39.759062,-104.62011683333333,1672.4,316.4878546023341,-18.818906384822753,151887226.76505518,-0.6517026425771061,0.6864598066853748,-0.32257805173863685
1368,2026-07-29T04:12:32.070852Z,sun,39.759062,-104.62011683333333,1672.4,316.7994619345851,-19.017076813017137,151887230.37768653,-0.6471920231990657,0.6891765347891045,-0.3258499486014727
1369,2026-07-29T04:14:02.094295Z,sun,39.759062,-104.62011683333333,1672.4,317.1122516309351,-19.214102389233393,151887233.8443795,-0.6426536532749436,0.6918743224605016,-0.3290990790813464
1370,2026-07-29T04:15:32.117739Z,sun,39.759062,-104.62011683333333,1672.4,317.4262284147175,-19.409972895261216,151887237.16424495,-0.6380877271399361,0.6945530539557531,-0.3323253040533134
1371,2026-07-29T04:17:02.141183Z,sun,39.759062,-104.62011683333333,1672.4,317.7413968484923,-19.60467805699637,151887240.33639944,-0.6334944404617696,0.6972126142573847,-0.3355284852652792
1372,2026-07-29T04:18:32.164626Z,sun,39.759062,-104.62011683333333,1672.4,318.05776134049387,-19.798207552008556,151887243.35996622,-0.6288739900822714,0.6998528891701548,-0.33870848545348037
1373,2026-07-29T04:20:02.188070Z,sun,39.759062,-104.62011683333333,1672.4,318.3753261512509,-19.990551016907098,151887246.23407486,-0.6242265738537208,0.7024737654129016,-0.3418651684530978
1374,2026-07-29T04:21:32.211513Z,sun,39.759062,-104.62011683333333,1672.4,318.6940953649415,-20.181698033354504,151887248.95786107,-0.6195523909902944,0.7050751304186976,-0.34499839895754036
1375,2026-07-29T04:23:02.234957Z,sun,39.759062,-104.62011683333333,1672.4,319.0140729135509,-20.37163814622762,151887251.5304672,-0.6148516416465902,0.7076568725725435,-0.3481080428047301
1376,2026-07-29T04:24:32.258401Z,sun,39.759062,-104.62011683333333,1672.4,319.3352625480132,-20.560360849835952,151887253.9510421,-0.6101245272718059,0.7102188810133166,-0.35119396673853587
1377,2026-07-29T04:26:02.281844Z,sun,39.759062,-104.62011683333333,1672.4,319.65766784464125,-20.747855595520736,151887256.21874088,-0.6053712504465576,0.7127610457262494,-0.3542560385201563
1378,2026-07-29T04:27:32.305288Z,sun,39.759062,-104.62011683333333,1672.4,319.9812922117471,-20.934111799049038,151887258.33272526,-0.6005920147145998,0.7152832576313152,-0.35729412703456453
1379,2026-07-29T04:29:02.328731Z,sun,39.759062,-104.62011683333333,1672.4,320.3061388603349,-21.119118827333036,151887260.29216364,-0.5957870249443233,0.7177854083908388,-0.36030810205876446
1380,2026-07-29T04:30:32.352175Z,sun,39.759062,-104.62011683333333,1672.4,320.6322108286154,-21.302866016288615,151887262.09623098,-0.5909564868953237,0.7202673906382492,-0.3632978345373187
1381,2026-07-29T04:32:02.375619Z,sun,39.759062,-104.62011683333333,1672.4,320.95951095250524,-21.485342657771405,151887263.7441088,-0.5861006075825429,0.7227290977875399,-0.3662631963528175
1382,2026-07-29T04:33:32.399062Z,sun,39.759062,-104.62011683333333,1672.4,321.28804187209784,-21.66653800721789,151887265.23498532,-0.5812195951084657,0.7251704241222718,-0.3692040604330829
1383,2026-07-29T04:35:02.422506Z,sun,39.759062,-104.62011683333333,1672.4,321.6178060383537,-21.846441291081103,151887266.56805554,-0.5763136584902364,0.7275912648804693,-0.3721203008534172
1384,2026-07-29T04:36:32.445949Z,sun,39.759062,-104.62011683333333,1672.4,321.9488056831601,-22.02504169427954,151887267.74252102,-0.571383008031176,0.7299915160697258,-0.37501179261386985
1385,2026-07-29T04:38:02.469393Z,sun,39.759062,-104.62011683333333,1672.4,322.281042844298,-22.202328377759656,151887268.7575903,-0.5664278548754658,0.7323710746869586,-0.37787841190394494
1386,2026-07-29T04:39:32.492837Z,sun,39.759062,-104.62011683333333,1672.4,322.6145193353434,-22.37829046617809,151887269.61247858,-0.5614484113820768,0.7347298385354813,-0.3807200358822317
1387,2026-07-29T04:41:02.516280Z,sun,39.759062,-104.62011683333333,1672.4,322.94923675225647,-22.552917055592854,151887270.30640796,-0.556444890952444,0.7370677063104757,-0.3835365427793513
1388,2026-07-29T04:42:32.539724Z,sun,39.759062,-104.62011683333333,1672.4,323.285196480195,-22.72619722093531,151887270.83860755,-0.5514175078534589,0.7393845776801603,-0.3863278119957344
1389,2026-07-29T04:44:02.563167Z,sun,39.759062,-104.62011683333333,1672.4,323.62239966305896,-22.898120004248717,151887271.208313,-0.5463664775978917,0.7416803531089455,-0.38909372388855407
1390,2026-07-29T04:45:32.586611Z,sun,39.759062,-104.62011683333333,1672.4,323.9608472289342,-23.068674431911788,151887271.41476732,-0.541292016488546,0.7439549340675186,-0.39183416002482213
1391,2026-07-29T04:47:02.610055Z,sun,39.759062,-104.62011683333333,1672.4,324.3005398595135,-23.23784950312064,151887271.45722023,-0.536194342000976,0.7462082228580208,-0.3945490029707523
1392,2026-07-29T04:48:32.633498Z,sun,39.759062,-104.62011683333333,1672.4,324.6414779968753,-23.405634197624867,151887271.33492845,-0.5310736726070433,0.7484401226957896,-0.3972381363902243
1393,2026-07-29T04:50:02.656942Z,sun,39.759062,-104.62011683333333,1672.4,324.98366185052015,-23.572017483242192,151887271.04715595,-0.5259302275938145,0.7506505377867904,-0.39990144513807496
1394,2026-07-29T04:51:32.680386Z,sun,39.759062,-104.62011683333333,1672.4,325.327091370285,-23.736988306727955,151887270.59317353,-0.5207642273953579,0.7528393731830133,-0.40253881508585415
1395,2026-07-29T04:53:02.703829Z,sun,39.759062,-104.62011683333333,1672.4,325.67176625329023,-23.900535601540515,151887269.97225928,-0.515575893413826,0.7550065348619776,-0.4051501332176066
1396,2026-07-29T04:54:32.727273Z,sun,39.759062,-104.62011683333333,1672.4,326.017685951158,-24.062648295379173,151887269.18369833,-0.5103654478360016,0.7571519298018805,-0.4077352877204105
1397,2026-07-29T04:56:02.750716Z,sun,39.759062,-104.62011683333333,1672.4,326.3648496388861,-24.223315299726476,151887268.22678286,-0.5051331140277042,0.7592754658177236,-0.41029416778690997
1398,2026-07-29T04:57:32.774160Z,sun,39.759062,-104.62011683333333,1672.4,326.7132562413144,-24.38252552652105,151887267.10081244,-0.4998791160613314,0.7613770517558633,-0.41282666384972216
1399,2026-07-29T04:59:02.797604Z,sun,39.759062,-104.62011683333333,1672.4,327.0629044019449,-24.540267877955042,151887265.8050937,-0.4946036791123812,0.7634565973322348,-0.41533266738649705
1400,2026-07-29T05:00:32.821047Z,sun,39.759062,-104.62011683333333,1672.4,327.413792490254,-24.696531254279535,151887264.33894074,-0.48930702927664876,0.7655140132080391,-0.417812071011098
1401,2026-07-29T05:02:02.844491Z,sun,39.759062,-104.62011683333333,1672.4,327.76591860932206,-24.851304561381454,151887262.7016747,-0.4839893933827817,0.7675492110611012,-0.4202647685595929
1402,2026-07-29T05:03:32.867934Z,sun,39.759062,-104.62011683333333,1672.4,328.11928056441894,-25.004576701161792,151887260.89262423,-0.4786509993951513,0.7695621034302345,-0.42269065490267943
1403,2026-07-29T05:05:02.891378Z,sun,39.759062,-104.62011683333333,1672.4,328.47387589026994,-25.15633658783683,151887258.91112515,-0.4732920759315299,0.7715526038998503,-0.42508962616815715
1404,2026-07-29T05:06:32.914822Z,sun,39.759062,-104.62011683333333,1672.4,328.8297018196561,-25.306573138582277,151887256.7565206,-0.46791285266771665,0.7735206269465661,-0.4274615795560472
1405,2026-07-29T05:08:02.938265Z,sun,39.759062,-104.62011683333333,1672.4,329.1867552912288,-25.455275281370696,151887254.4281614,-0.46251356015088807,0.7754660880110418,-0.4298064134251629
1406,2026-07-29T05:09:32.961709Z,sun,39.759062,-104.62011683333333,1672.4,329.5450329576471,-25.602431962558192,151887251.92540553,-0.45709442960880836,0.7773889035653055,-0.43212402737423683
1407,2026-07-29T05:11:02.985152Z,sun,39.759062,-104.62011683333333,1672.4,329.9045311540473,-25.748032138129474,151887249.24761862,-0.451655693360199,0.7792889909657258,-0.43441432206470676
1408,2026-07-29T05:12:33.008596Z,sun,39.759062,-104.62011683333333,1672.4,330.2652459262177,-25.89206478958424,151887246.39417362,-0.44619758432336215,0.7811662686273747,-0.43667719943086125
1409,2026-07-29T05:14:03.032040Z,sun,39.759062,-104.62011683333333,1672.4,330.6271729991244,-26.034518915441076,151887243.36445093,-0.4407203364284311,0.7830206558791938,-0.4389125625052531
1410,2026-07-29T05:15:33.055483Z,sun,39.759062,-104.62011683333333,1672.4,330.9903077853628,-26.175383539083096,151887240.15783876,-0.4352241844271133,0.7848520730318954,-0.4411203155005338
1411,2026-07-29T05:17:03.078927Z,sun,39.759062,-104.62011683333333,1672.4,331.35464539395355,-26.31464771633749,151887236.77373257,-0.4297093636985847,0.7866604414412464,-0.44330036388573035
1412,2026-07-29T05:18:33.102370Z,sun,39.759062,-104.62011683333333,1672.4,331.7201805988305,-26.452300527584708,151887233.21153572,-0.42417611066714955,0.7884456833697209,-0.445452614219452
1413,2026-07-29T05:20:03.125814Z,sun,39.759062,-104.62011683333333,1672.4,332.0869078680712,-26.588331093192835,151887229.47065878,-0.41862466230220347,0.7902077221504765,-0.44757697434756566
1414,2026-07-29T05:21:33.149258Z,sun,39.759062,-104.62011683333333,1672.4,332.4548213325023,-26.722728565881855,151887225.55052027,-0.4130552565376777,0.791946482051232,-0.44967335323907176
1415,2026-07-29T05:23:03.172701Z,sun,39.759062,-104.62011683333333,1672.4,332.8239147949283,-26.8554821385451,151887221.45054632,-0.4074681320784637,0.7936618883381317,-0.4517416610630889
1416,2026-07-29T05:24:33.196145Z,sun,39.759062,-104.62011683333333,1672.4,333.19418173974907,-26.98658105179454,151887217.17017066,-0.4018635282029443,0.795353867335001,-0.4537818092602862
1417,2026-07-29T05:26:03.219588Z,sun,39.759062,-104.62011683333333,1672.4,333.565615301596,-27.116014586919583,151887212.70883477,-0.3962416851879729,0.7970223462936763,-0.45579371038652833
1418,2026-07-29T05:27:33.243032Z,sun,39.759062,-104.62011683333333,1672.4,333.9382082957984,-27.24377208083023,151887208.06598777,-0.39060284380011806,0.7986672535476065,-0.4577772782980648
1419,2026-07-29T05:29:03.266476Z,sun,39.759062,-104.62011683333333,1672.4,334.31195318719693,-27.369842919262123,151887203.24108678,-0.3849472457223908,0.8002885183844188,-0.45973242799787045
1420,2026-07-29T05:30:33.289919Z,sun,39.759062,-104.62011683333333,1672.4,334.6868421003269,-27.49421654454187,151887198.2335965,-0.3792751333571342,0.8018860711058124,-0.46165907570783443
1421,2026-07-29T05:32:03.313363Z,sun,39.759062,-104.62011683333333,1672.4,335.0628668299752,-27.61688246304524,151887193.04298943,-0.37358674962586796,0.8034598430825728,-0.46355713893511163
1422,2026-07-29T05:33:33.336806Z,sun,39.759062,-104.62011683333333,1672.4,335.44001881017704,-27.73783023900654,151887187.668746,-0.36788233840043955,0.8050097666339385,-0.46542653632662206
1423,2026-07-29T05:35:03.360250Z,sun,39.759062,-104.62011683333333,1672.4,335.81828914600106,-27.857049508889403,151887182.1103543,-0.36216214398694735,0.8065357751703921,-0.4672671878412523
1424,2026-07-29T05:36:33.383694Z,sun,39.759062,-104.62011683333333,1672.4,336.19766858278655,-27.97452997542995,151887176.36731046,-0.3564264115585387,0.8080378030752959,-0.4690790146070835
1425,2026-07-29T05:38:03.407137Z,sun,39.759062,-104.62011683333333,1672.4,336.57814751739664,-28.090261415284747,151887170.43911862,-0.3506753869554714,0.8095157857605827,-0.4708619389885499
1426,2026-07-29T05:39:33.430581Z,sun,39.759062,-104.62011683333333,1672.4,336.95971600987787,-28.204233686354737,151887164.32529047,-0.34490931648218137,0.810969659717575,-0.47261588464772875
1427,2026-07-29T05:41:03.454024Z,sun,39.759062,-104.62011683333333,1672.4,337.3423637529658,-28.31643672241349,151887158.02534592,-0.33912844734441916,0.8123993624054292,-0.47434077640976186
1428,2026-07-29T05:42:33.477468Z,sun,39.759062,-104.62011683333333,1672.4,337.72608010533656,-28.426860546840246,151887151.53881273,-0.33333302712610924,0.8138048323830559,-0.4760365404219837
1429,2026-07-29T05:44:03.500912Z,sun,39.759062,-104.62011683333333,1672.4,338.11085406141535,-28.535495267465667,151887144.8652267,-0.32752330422801096,0.8151860091998675,-0.4777031040221105
1430,2026-07-29T05:45:33.524355Z,sun,39.759062,-104.62011683333333,1672.4,338.49667426384485,-28.642331084043192,151887138.00413153,-0.32169952766501186,0.8165428334472654,-0.4793403958003326
1431,2026-07-29T05:47:03.547799Z,sun,39.759062,-104.62011683333333,1672.4,338.8835290163798,-28.747358295376483,151887130.95507887,-0.31586194686064406,0.8178752468051896,-0.4809483456554911
1432,2026-07-29T05:48:33.571243Z,sun,39.759062,-104.62011683333333,1672.4,339.27140625836387,-28.850567295862145,151887123.7176287,-0.31001081202480063,0.8191831919541348,-0.4825268846888832
1433,2026-07-29T05:50:03.594686Z,sun,39.759062,-104.62011683333333,1672.4,339.6602935779958,-28.951948582824972,151887116.2913487,-0.3041463739493264,0.8204666126241125,-0.48407594526333464
1434,2026-07-29T05:51:33.618130Z,sun,39.759062,-104.62011683333333,1672.4,340.05017822600917,-29.051492763489524,151887108.67581484,-0.29826888380126476,0.8217254536385864,-0.4855954610562242
1435,2026-07-29T05:53:03.641573Z,sun,39.759062,-104.62011683333333,1672.4,340.44104708631755,-29.149190550837037,151887100.8706112,-0.2923785935685199,0.8229596608177149,-0.48708536694268073
1436,2026-07-29T05:54:33.665017Z,sun,39.759062,-104.62011683333333,1672.4,340.8328867118214,-29.2450327761429,151887092.87532973,-0.2864757555267683,0.8241691810925403,-0.4885455991334061
1437,2026-07-29T05:56:03.688461Z,sun,39.759062,-104.62011683333333,1672.4,341.225683295456,-29.339010385020792,151887084.6895707,-0.28056062268621323,0.8253539624106312,-0.4899760950607637
1438,2026-07-29T05:57:33.711904Z,sun,39.759062,-104.62011683333333,1672.4,341.61942268482534,-29.431114444456746,151887076.31294262,-0.2746334485851175,0.8265139537806712,-0.49137679343258395
1439,2026-07-29T05:59:03.735348Z,sun,39.759062,-104.62011683333333,1672.4,342.0140903972802,-29.521336149463067,151887067.74506173,-0.268694487080877,0.8276491053120505,-0.4927476342799697
1440,2026-07-29T06:00:33.758791Z,sun,39.759062,-104.62011683333333,1672.4,342.4096715914568,-29.609666819639,151887058.9855531,-0.26274399280021304,0.8287593681275273,-0.4940885588518149
1441,2026-07-29T06:02:03.782235Z,sun,39.759062,-104.62011683333333,1672.4,342.80615110477044,-29.696097910840223,151887050.03404924,-0.2567822206006544,0.829844694466168,-0.4953995097391084
1442,2026-07-29T06:03:33.805679Z,sun,39.759062,-104.62011683333333,1672.4,343.2035134253842,-29.780621011897424,151887040.8901914,-0.25080942602186657,0.8309050375983986,-0.4966804307723283
1443,2026-07-29T06:05:03.829122Z,sun,39.759062,-104.62011683333333,1672.4,343.6017427083026,-29.86322785127181,151887031.553629,-0.24482586507701057,0.8319403518662457,-0.49793126707002516
1444,2026-07-29T06:06:33.852566Z,sun,39.759062,-104.62011683333333,1672.4,344.0008227919084,-29.94391030330586,151887022.02401948,-0.2388317940418869,0.8329505927185376,-0.4991519650813475
1445,2026-07-29T06:08:03.876009Z,sun,39.759062,-104.62011683333333,1672.4,344.4007371704748,-30.022660385422355,151887012.30102876,-0.23282746990937667,0.8339357166330326,-0.5003424724919411
1446,2026-07-29T06:09:33.899453Z,sun,39.759062,-104.62011683333333,1672.4,344.801469033382,-30.099470268829098,151887002.38433066,-0.22681314984592707,0.834895681208034,-0.5015027383346393
1447,2026-07-29T06:11:03.922897Z,sun,39.759062,-104.62011683333333,1672.4,345.20300123808266,-30.17433227584705,151886992.2736077,-0.220789091646998,0.8358304450869338,-0.502632712898267
1448,2026-07-29T06:12:33.946340Z,sun,39.759062,-104.62011683333333,1672.4,345.6053163276849,-30.247238886097772,151886981.96855056,-0.21475555352648937,0.8367399679940614,-0.5037323477709449
1449,2026-07-29T06:14:03.969784Z,sun,39.759062,-104.62011683333333,1672.4,346.0083965489717,-30.318182742262575,151886971.46885806,-0.20871279390408423,0.8376242107654697,-0.5048015958773063
1450,2026-07-29T06:15:33.993227Z,sun,39.759062,-104.62011683333333,1672.4,346.4122238259287,-30.387156647849537,151886960.77423754,-0.20266107186368001,0.8384831352805805,-0.5058404113958394
1451,2026-07-29T06:17:04.016671Z,sun,39.759062,-104.62011683333333,1672.4,346.81677980067957,-30.454153576834813,151886949.88440448,-0.19660064660516416,0.8393167045424197,-0.5068487498558952
1452,2026-07-29T06:18:34.040115Z,sun,39.759062,-104.62011683333333,1672.4,347.2220458074719,-30.519166671528634,151886938.799083,-0.19053177790372297,0.8401248826116987,-0.5078265680579599
1453,2026-07-29T06:20:04.063558Z,sun,39.759062,-104.62011683333333,1672.4,347.62800289173975,-30.58218924820442,151886927.5180053,-0.18445472589741985,0.8409076346382568,-0.5087738241116575
1454,2026-07-29T06:21:34.087002Z,sun,39.759062,-104.62011683333333,1672.4,348.0346318295621,-30.643214802272897,151886916.04091194,-0.17836975087319165,0.8416649268873603,-0.5096904774675802
1455,2026-07-29T06:23:04.110445Z,sun,39.759062,-104.62011683333333,1672.4,348.44191310224676,-30.70223700655136,151886904.3675522,-0.17227711372831142,0.8423967266810137,-0.5105764888462414
1456,2026-07-29T06:24:34.133889Z,sun,39.759062,-104.62011683333333,1672.4,348.8498269388706,-30.75924971973383,151886892.4976833,-0.1661770754186414,0.8431030024666354,-0.5114318203211956
1457,2026-07-29T06:26:04.157333Z,sun,39.759062,-104.62011683333333,1672.4,349.25835329130723,-30.814246984728907,151886880.43107107,-0.16006989742084587,0.8437837237608208,-0.5122564352509422
1458,2026-07-29T06:27:34.180776Z,sun,39.759062,-104.62011683333333,1672.4,349.6674718546841,-30.86722303363792,151886868.16748992,-0.1539558415185727,0.8444388611763051,-0.5130502983115527
1459,2026-07-29T06:29:04.204220Z,sun,39.759062,-104.62011683333333,1672.4,350.0771620882074,-30.91817229225598,151886855.70672226,-0.14783516958718376,0.845068386443778,-0.5138133755230959
1460,2026-07-29T06:30:34.227663Z,sun,39.759062,-104.62011683333333,1672.4,350.4874031907467,-30.967089378770506,151886843.04855946,-0.14170814405800947,0.8456722723628768,-0.5145456341902465
1461,2026-07-29T06:32:04.251107Z,sun,39.759062,-104.62011683333333,1672.4,350.89817414487146,-31.01396911096693,151886830.19280076,-0.13557502736334578,0.846250492859284,-0.5152470429714732
1462,2026-07-29T06:33:34.274551Z,sun,39.759062,-104.62011683333333,1672.4,351.3094536928448,-31.058806504966736,151886817.13925427,-0.12943608240131843,0.846803022938191,-0.5159175718226127
1463,2026-07-29T06:35:04.297994Z,sun,39.759062,-104.62011683333333,1672.4,351.72122035835497,-31.10159677946929,151886803.88773653,-0.12329157232083705,0.8473298387067708,-0.5165571920240909
1464,2026-07-29T06:36:34.321438Z,sun,39.759062,-104.62011683333333,1672.4,352.1334524685833,-31.1423353594984,151886790.43807212,-0.1171417603051113,0.8478309173914887,-0.5171658762019458
1465,2026-07-29T06:38:04.344881Z,sun,39.759062,-104.62011683333333,1672.4,352.5461281306713,-31.181017875459336,151886776.79009476,-0.11098691003862794,0.848306237298806,-0.5177435982800939
1466,2026-07-29T06:39:34.368325Z,sun,39.759062,-104.62011683333333,1672.4,352.9592252771052,-31.217640168996713,151886762.94364595,-0.10482728514893556,0.8487557778606737,-0.5182903335355836
1467,2026-07-29T06:41:04.391769Z,sun,39.759062,-104.62011683333333,1672.4,353.3727216425388,-31.252198292065295,151886748.89857608,-0.09866314967408184,0.8491795195977181,-0.5188060585538478
1468,2026-07-29T06:42:34.415212Z,sun,39.759062,-104.62011683333333,1672.4,353.7865947866348,-31.284688510360297,151886734.65474424,-0.09249476784639676,0.8495774441372114,-0.5192907512505153
1469,2026-07-29T06:44:04.438656Z,sun,39.759062,-104.62011683333333,1672.4,354.20082211717346,-31.315107306233337,151886720.2120174,-0.08632240387522791,0.8499495342258436,-0.519744390886976
1470,2026-07-29T06:45:34.462100Z,sun,39.759062,-104.62011683333333,1672.4,354.6153808719111,-31.343451378356832,151886705.5702713,-0.08014632234695082,0.8502957737039278,-0.5201669580389525
1471,2026-07-29T06:47:04.485543Z,sun,39.759062,-104.62011683333333,1672.4,355.03024814198625,-31.36971764463542,151886690.72939074,-0.07396678800808423,0.8506161475206614,-0.5205584346150539
1472,2026-07-29T06:48:34.508987Z,sun,39.759062,-104.62011683333333,1672.4,355.44540089552885,-31.39390324459236,151886675.68926802,-0.0677840655479008,0.8509106417441524,-0.520918803869041
1473,2026-07-29T06:50:04.532430Z,sun,39.759062,-104.62011683333333,1672.4,355.8608159553025,-31.416005538889042,151886660.4498048,-0.06159842006775384,0.851179243537823,-0.5212480503709686
1474,2026-07-29T06:51:34.555874Z,sun,39.759062,-104.62011683333333,1672.4,356.2764700456555,-31.436022112866198,151886645.01091072,-0.05541011652013546,0.851421941187141,-0.5215461600398814
1475,2026-07-29T06:53:04.579318Z,sun,39.759062,-104.62011683333333,1672.4,356.69233977038476,-31.453950776043932,151886629.3725042,-0.0492194201784111,0.8516387240785107,-0.5218131201179473
1476,2026-07-29T06:54:34.602761Z,sun,39.759062,-104.62011683333333,1672.4,357.1084016368651,-31.469789564124195,151886613.53451246,-0.04302659641924897,0.851829582709986,-0.5220489191835438
1477,2026-07-29T06:56:04.626205Z,sun,39.759062,-104.62011683333333,1672.4,357.52463208029906,-31.483536740457318,151886597.49687046,-0.03683191050494554,0.8519945086967372,-0.5222535471580457
1478,2026-07-29T06:57:34.649648Z,sun,39.759062,-104.62011683333333,1672.4,357.941007441848,-31.49519079579359,151886581.2595227,-0.030635628053493777,0.852133494757299,-0.5224269952887965
1479,2026-07-29T06:59:04.673092Z,sun,39.759062,-104.62011683333333,1672.4,358.35750401617395,-31.50475045030946,151886564.82242125,-0.024438014476780474,0.8522465347285393,-0.5225692561676676
1480,2026-07-29T07:00:34.696536Z,sun,39.759062,-104.62011683333333,1672.4,358.77409802969015,-31.51221465332696,151886548.18552732,-0.018239335451045304,0.8523336235543969,-0.5226803237170268
1481,2026-07-29T07:02:04.719979Z,sun,39.759062,-104.62011683333333,1672.4,359.19076566512433,-31.51758258436898,151886531.34881064,-0.012039856698961527,0.8523947572920332,-0.5227601931973439
1482,2026-07-29T07:03:34.743423Z,sun,39.759062,-104.62011683333333,1672.4,359.60748308614274,-31.52085365367286,151886514.31224915,-0.00583984377159188,0.8524299331127432,-0.5228088612084991
1483,2026-07-29T07:05:04.766866Z,sun,39.759062,-104.62011683333333,1672.4,0.024226415710709624,-31.522027502147438,151886497.07582977,0.00036043748082696604,0.8524391492980461,-0.5228263256845871
1484,2026-07-29T07:06:34.790310Z,sun,39.759062,-104.62011683333333,1672.4,0.44097178391620895,-31.521104001856763,151886479.6395474,0.006560721471230998,0.8524224052428896,-0.5228125858983349
1485,2026-07-29T07:08:04.813754Z,sun,39.759062,-104.62011683333333,1672.4,0.8576953063764685,-31.518083255939803,151886462.00340605,0.012760742405108279,0.8523797014542398,-0.5227676424589145
1486,2026-07-29T07:09:34.837197Z,sun,39.759062,-104.62011683333333,1672.4,1.2743731089271053,-31.512965598699598,151886444.1674181,0.01896023449844864,0.8523110395526691,-0.5226914973140585
1487,2026-07-29T07:11:04.860641Z,sun,39.759062,-104.62011683333333,1672.4,1.6909813522975468,-31.505751595149743,151886426.13160408,0.025158932195667012,0.8522164222687029,-0.5225841537458877
1488,2026-07-29T07:12:34.884084Z,sun,39.759062,-104.62011683333333,1672.4,2.1074962104925232,-31.496442041168354,151886407.8959938,0.03135656969907133,0.8520958534487666,-0.5224456163775569
1489,2026-07-29T07:14:04.907528Z,sun,39.759062,-104.62011683333333,1672.4,2.523893918541083,-31.48503796243232,151886389.4606248,0.03755288153094513,0.8519493380466162,-0.522275891163526
1490,2026-07-29T07:15:34.930972Z,sun,39.759062,-104.62011683333333,1672.4,2.940150750807318,-31.471540614535115,151886370.82554367,0.043747602063114364,0.851776882131782,-0.5220749853992123
1491,2026-07-29T07:17:04.954415Z,sun,39.759062,-104.62011683333333,1672.4,3.3562430455084065,-31.45595148211179,151886351.99080577,0.04994046573487767,0.8515784928865916,-0.521842907717624
1492,2026-07-29T07:18:34.977859Z,sun,39.759062,-104.62011683333333,1672.4,3.772147229136877,-31.438272277424304,151886332.95647416,0.056131207270623415,0.8513541785979603,-0.5215796680797046
1493,2026-07-29T07:20:05.001302Z,sun,39.759062,-104.62011683333333,1672.4,4.187839794608487,-31.418504940720748,151886313.72262135,0.06231956120985909,0.8511039486731791,-0.5212852777928156
1494,2026-07-29T07:21:35.024746Z,sun,39.759062,-104.62011683333333,1672.4,4.60329734860682,-31.396651637635234,151886294.28932756,0.06850526246854526,0.8508278136195903,-0.5209597494868712
1495,2026-07-29T07:23:05.048190Z,sun,39.759062,-104.62011683333333,1672.4,5.018496589560509,-31.37271475951919,151886274.65668213,0.07468804586935111,0.8505257850628691,-0.5206030971358198
1496,2026-07-29T07:24:35.071633Z,sun,39.759062,-104.62011683333333,1672.4,5.433414331687168,-31.346696921623604,151886254.82478294,0.0808676463592881,0.8501978757394916,-0.5202153360487991
1497,2026-07-29T07:26:05.095077Z,sun,39.759062,-104.62011683333333,1672.4,5.8480275288747725,-31.318600960749436,151886234.79373568,0.08704379922691897,0.8498440994839651,-0.5197964828550037
1498,2026-07-29T07:27:35.118520Z,sun,39.759062,-104.62011683333333,1672.4,6.2623132523501726,-31.288429935837815,151886214.56365556,0.09321623963317763,0.8494644712544616,-0.519346555533998
1499,2026-07-29T07:29:05.141964Z,sun,39.759062,-104.62011683333333,1672.4,6.676248737321582,-31.256187123870404,151886194.13466525,0.09938470317169575,0.8490590071007343,-0.518865573377719
1500,2026-07-29T07:30:35.165408Z,sun,39.759062,-104.62011683333333,1672.4,7.08981136038612,-31.221876020447027,151886173.5068968,0.10554892539998112,0.8486277241922398,-0.5183535570237837
1501,2026-07-29T07:32:05.188851Z,sun,39.759062,-104.62011683333333,1672.4,7.502978662834232,-31.185500337064727,151886152.68049052,0.11170864205670433,0.8481706408060422,-0.5178105284411614
1502,2026-07-29T07:33:35.212295Z,sun,39.759062,-104.62011683333333,1672.4,7.915728373700254,-31.14706399787949,151886131.65559477,0.11786358927798803,0.8476877763095172,-0.5172365109095989
1503,2026-07-29T07:35:05.235738Z,sun,39.759062,-104.62011683333333,1672.4,8.328038386785229,-31.10657114056512,151886110.43236706,0.1240135031300362,0.8471791511957723,-0.5166315290616973
1504,2026-07-29T07:36:35.259182Z,sun,39.759062,-104.62011683333333,1672.4,8.739886806265138,-31.064026110772794,151886089.01097268,0.13015812016722045,0.8466447870398764,-0.5159956088308675
1505,2026-07-29T07:38:05.282626Z,sun,39.759062,-104.62011683333333,1672.4,9.151251923374817,-31.01943346299813,151886067.39158598,0.13629717696517757,0.8460847065367614,-0.5153287774963916
1506,2026-07-29T07:39:35.306069Z,sun,39.759062,-104.62011683333333,1672.4,9.56211223871199,-30.972797957015956,151886045.5743898,0.14243041033725018,0.8454989334845929,-0.5146310636636489
1507,2026-07-29T07:41:05.329513Z,sun,39.759062,-104.62011683333333,1672.4,9.972446484236373,-30.924124553813506,151886023.55957457,0.1485575575498234,0.8448874927629549,-0.5139024972381033
1508,2026-07-29T07:42:35.352956Z,sun,39.759062,-104.62011683333333,1672.4,10.382233599463143,-30.873418416772175,151886001.34734055,0.15467835585697337,0.844250410378035,-0.5131431094791229
1509,2026-07-29T07:44:05.376400Z,sun,39.759062,-104.62011683333333,1672.4,10.79145277581262,-30.82068490475682,151885978.93789494,0.1607925430560611,0.8435877134071936,-0.5123529329339175
1510,2026-07-29T07:45:35.399844Z,sun,39.759062,-104.62011683333333,1672.4,11.200083432405814,-30.765929573330894,151885956.33145446,0.16689985702298185,0.8428994300466206,-0.5115320014943253
1511,2026-07-29T07:47:05.423287Z,sun,39.759062,-104.62011683333333,1672.4,11.608105237175836,-30.709158170417783,151885933.5282441,0.17300003592762106,0.8421855895901882,-0.5106803503716086
1512,2026-07-29T07:48:35.446731Z,sun,39.759062,-104.62011683333333,1672.4,12.015498127637395,-30.650376631478505,151885910.5284967,0.17909281844815472,0.8414462224031163,-0.5097980160650114
1513,2026-07-29T07:50:05.470175Z,sun,39.759062,-104.62011683333333,1672.4,12.422242290620451,-30.589591080395977,151885887.3324539,0.18517794337538543,0.8406813599682871,-0.5088850364170026
1514,2026-07-29T07:51:35.493618Z,sun,39.759062,-104.62011683333333,1672.4,12.828318182619368,-30.52680782470714,151885863.94036612,0.19125514982791042,0.8398910348623484,-0.5079414505847669
1515,2026-07-29T07:53:05.517062Z,sun,39.759062,-104.62011683333333,1672.4,13.233706549733583,-30.4620333503701,151885840.35249117,0.19732417746535694,0.8390752807267189,-0.5069672990055653
1516,2026-07-29T07:54:35.540505Z,sun,39.759062,-104.62011683333333,1672.4,13.63838840228923,-30.39527432359777,151885816.56909636,0.20338476602704736,0.838234132328333,-0.505962623469254
1517,2026-07-29T07:56:05.563949Z,sun,39.759062,-104.62011683333333,1672.4,14.042345056809907,-30.326537581932687,151885792.59045625,0.20943665588270696,0.8373676254856321,-0.5049274670298922
1518,2026-07-29T07:57:35.587393Z,sun,39.759062,-104.62011683333333,1672.4,14.445558110184246,-30.25583013616096,151885768.41685447,0.21547958757189736,0.8364757971317616,-0.5038618740812101
1519,2026-07-29T07:59:05.610836Z,sun,39.759062,-104.62011683333333,1672.4,14.848009458603311,-30.183159164905614,151885744.04858324,0.22151330201770694,0.8355586852862045,-0.5027658903227243
1520,2026-07-29T08:00:35.634280Z,sun,39.759062,-104.62011683333333,1672.4,15.249681316067484,-30.108532008777544,151885719.48594195,0.2275375407383996,0.8346163290213391,-0.5016395627197531
1521,2026-07-29T08:02:05.657723Z,sun,39.759062,-104.62011683333333,1672.4,15.650556187981062,-30.0319561727041,151885694.72923976,0.23355204538954544,0.8336487685327885,-0.5004829395874799
1522,2026-07-29T08:03:35.681167Z,sun,39.759062,-104.62011683333333,1672.4,16.050616911456483,-29.953439315874746,151885669.77879262,0.23955655831055775,0.8326560450539402,-0.4992960704887742
1523,2026-07-29T08:05:05.704611Z,sun,39.759062,-104.62011683333333,1672.4,16.44984662844136,-29.872989254181583,151885644.63492602,0.2455508220676222,0.8316382009287465,-0.4980790063211989
1524,2026-07-29T08:06:35.728054Z,sun,39.759062,-104.62011683333333,1672.4,16.848228803192264,-29.790613954262895,151885619.2979733,0.2515345796658316,0.8305952795788982,-0.4968317992777688
1525,2026-07-29T08:08:05.751498Z,sun,39.759062,-104.62011683333333,1672.4,17.245747239297376,-29.706321527129184,151885593.76827568,0.2575075747590185,0.8295273254659711,-0.4955545028016609
1526,2026-07-29T08:09:35.774941Z,sun,39.759062,-104.62011683333333,1672.4,17.642386052243445,-29.620120231059055,151885568.04618326,0.26346955119569987,0.8284343841713238,-0.49424717168175686
1527,2026-07-29T08:11:05.798385Z,sun,39.759062,-104.62011683333333,1672.4,18.038129708007524,-29.532018460516042,151885542.1320535,0.26942025356098387,0.8273165022992203,-0.4929098619367636
1528,2026-07-29T08:12:35.821829Z,sun,39.759062,-104.62011683333333,1672.4,18.43296299516887,-29.442024749186366,151885516.02625293,0.2753594267234454,0.8261737275591604,-0.49154263091367545
1529,2026-07-29T08:14:05.845272Z,sun,39.759062,-104.62011683333333,1672.4,18.826871040906717,-29.350147763563886,151885489.7291563,0.2812868160454528,0.8250061087286351,-0.4901455372432223
1530,2026-07-29T08:15:35.868716Z,sun,39.759062,-104.62011683333333,1672.4,19.219839326543273,-29.25639629614144,151885463.24114537,0.28720216759101996,0.823813695610888,-0.4887186407893101
1531,2026-07-29T08:17:05.892159Z,sun,39.759062,-104.62011683333333,1672.4,19.611853659137026,-29.160779268941756,151885436.5626117,0.29310522767605107,0.8225965391242791,-0.48726200275593895
1532,2026-07-29T08:18:35.915603Z,sun,39.759062,-104.62011683333333,1672.4,20.002900208347157,-29.06330572150951,151885409.69395345,0.2989957434048651,0.8213546911941463,-0.48577568555778994
1533,2026-07-29T08:20:05.939047Z,sun,39.759062,-104.62011683333333,1672.4,20.39296547762044,-28.963984814607624,151885382.63557792,0.30487346222179107,0.8200882048445193,-0.4842597529299662
1534,2026-07-29T08:21:35.962490Z,sun,39.759062,-104.62011683333333,1672.4,20.782036318737113,-28.86282582343448,151885355.38790053,0.31073813211928664,0.8187971341565334,-0.48271426987822164
1535,2026-07-29T08:23:05.985934Z,sun,39.759062,-104.62011683333333,1672.4,21.17009994591206,-28.759838130470047,151885327.95134392,0.31658950184347096,0.8174815342218752,-0.4811393026232131
1536,2026-07-29T08:24:36.009377Z,sun,39.759062,-104.62011683333333,1672.4,21.55714390652324,-28.655031229699972,151885300.32634,0.32242732044938743,0.8161414612414645,-0.4795349187186217
1537,2026-07-29T08:26:06.032821Z,sun,39.759062,-104.62011683333333,1672.4,21.943156116289646,-28.548414713780627,151885272.51332745,0.3282513378315646,0.814776972406179,-0.477901186908349
1538,2026-07-29T08:27:36.056265Z,sun,39.759062,-104.62011683333333,1672.4,22.328124829624283,-28.439998278456674,151885244.51275384,0.33406130428057074,0.813388125997895,-0.4762381772474741
1539,2026-07-29T08:29:06.079708Z,sun,39.759062,-104.62011683333333,1672.4,22.71203865281606,-28.329791715489943,151885216.32507512,0.3398569706888958,0.811974981343569,-0.4745459610472704
1540,2026-07-29T08:30:36.103152Z,sun,39.759062,-104.62011683333333,1672.4,23.094886556776448,-28.21780490524108,151885187.95075378,0.3456380887540054,0.8105375987644049,-0.4728246108143176
1541,2026-07-29T08:32:06.126595Z,sun,39.759062,-104.62011683333333,1672.4,23.47665784701224,-28.104047821643697,151885159.39026216,0.3514044105388684,0.8090760396837932,-0.4710742003797487
1542,2026-07-29T08:33:36.150039Z,sun,39.759062,-104.62011683333333,1672.4,23.857342197206425,-27.98853051863167,151885130.64407855,0.35715568899615524,0.8075903664969925,-0.4692948047431752
1543,2026-07-29T08:35:06.173483Z,sun,39.759062,-104.62011683333333,1672.4,24.236929618869016,-27.871263135328224,151885101.7126908,0.3628916775301789,0.806080642681401,-0.46748650020473537
1544,2026-07-29T08:36:36.196926Z,sun,39.759062,-104.62011683333333,1672.4,24.615410473260336,-27.75225588876182,151885072.59659436,0.3686121302003101,0.8045469327463564,-0.4656493643049668
1545,2026-07-29T08:38:06.220370Z,sun,39.759062,-104.62011683333333,1672.4,24.992775482901532,-27.631519066254466,151885043.29629162,0.37431680192142025,0.802989302178053,-0.4637834757588112
1546,2026-07-29T08:39:36.243813Z,sun,39.759062,-104.62011683333333,1672.4,25.369015700925225,-27.50906303119435,151885013.81229424,0.3800054480299415,0.8014078175566836,-0.46188891459591963
1547,2026-07-29T08:41:06.267257Z,sun,39.759062,-104.62011683333333,1672.4,25.74412254318318,-27.38489820880273,151884984.14512038,0.3856778248014067,0.7998025464151404,-0.45996576199138184
1548,2026-07-29T08:42:36.290701Z,sun,39.759062,-104.62011683333333,1672.4,26.118087757335385,-27.259035092138888,151884954.295297,0.3913336890180361,0.798173557358458,-0.4580141004087968
1549,2026-07-29T08:44:06.314144Z,sun,39.759062,-104.62011683333333,1672.4,26.490903433651397,-27.131484234665574,151884924.26335868,0.3969727981695945,0.7965209200093499,-0.4560340135350227
1550,2026-07-29T08:45:36.337588Z,sun,39.759062,-104.62011683333333,1672.4,26.86256201540482,-27.002256242511976,151884894.04984733,0.40259491065081326,0.7948447049489905,-0.4540255862092092
1551,2026-07-29T08:47:06.361032Z,sun,39.759062,-104.62011683333333,1672.4,27.233056271898043,-26.87136177960621,151884863.65531304,0.40819978539600366,0.7931449838241127,-0.45198890455110124
1552,2026-07-29T08:48:36.384475Z,sun,39.759062,-104.62011683333333,1672.4,27.602379308647336,-26.738811560181208,151884833.08031392,0.4137871820781139,0.7914218292900594,-0.44992405589280265
1553,2026-07-29T08:50:06.407919Z,sun,39.759062,-104.62011683333333,1672.4,27.970524577182516,-26.60461634098693,151884802.32541478,0.4193568613043197,0.7896753149490903,-0.44783112870483294
1554,2026-07-29T08:51:36.431362Z,sun,39.759062,-104.62011683333333,1672.4,28.337485843775305,-26.468786928393122,151884771.39118934,0.42490858419243366,0.787905515481833,-0.44571021275363265
1555,2026-07-29T08:53:06.454806Z,sun,39.759062,-104.62011683333333,1672.4,28.703257219410258,-26.331334163263943,151884740.27821785,0.4304421128759421,0.7861125064889298,-0.44356139891179336
1556,2026-07-29T08:54:36.478250Z,sun,39.759062,-104.62011683333333,1672.4,29.06783312835623,-26.192268928311282,151884708.987089,0.43595721008214733,0.7842963646247284,-0.4413847793182559
1557,2026-07-29T08:56:06.501693Z,sun,39.759062,-104.62011683333333,1672.4,29.431208317451972,-26.0516021405361,151884677.51839924,0.4414536393282023,0.7824571675362013,-0.4391804473051032
1558,2026-07-29T08:57:36.525137Z,sun,39.759062,-104.62011683333333,1672.4,29.793377865031474,-25.909344743393685,151884645.87275147,0.4469311651134461,0.7805949937971901,-0.436948497318737
1559,2026-07-29T08:59:06.548580Z,sun,39.759062,-104.62011683333333,1672.4,30.154337149469765,-25.765507714753785,151884614.05075762,0.45238955250272067,0.7787099230486645,-0.4346890250879716
1560,2026-07-29T09:00:36.572024Z,sun,39.759062,-104.62011683333333,1672.4,30.514081878021752,-25.62010205128698,151884582.05303583,0.45782856762323093,0.7768020358298201,-0.432402127421579
1561,2026-07-29T09:02:06.595468Z,sun,39.759062,-104.62011683333333,1672.4,30.872608055252677,-25.473138776690625,151884549.88021255,0.46324797724936895,0.7748714137206566,-0.4300879023791755
1562,2026-07-29T09:03:36.618911Z,sun,39.759062,-104.62011683333333,1672.4,31.229911991595387,-25.324628934095156,151884517.53292197,0.4686475489958655,0.7729181392767078,-0.42774644919297616
1563,2026-07-29T09:05:06.642355Z,sun,39.759062,-104.62011683333333,1672.4,31.585990311548247,-25.17458357821989,151884485.01180452,0.47402705150663316,0.7709422959593055,-0.4253778681841854
1564,2026-07-29T09:06:36.665798Z,sun,39.759062,-104.62011683333333,1672.4,31.940839922186438,-25.023013784200508,151884452.31750962,0.4793862540452405,0.7689439682845667,-0.4229822609415853
1565,2026-07-29T09:08:06.689242Z,sun,39.759062,-104.62011683333333,1672.4,32.294458041006344,-24.86993063153628,151884419.45069262,0.4847249269830213,0.7669232416441324,-0.4205597301066288
1566,2026-07-29T09:09:36.712686Z,sun,39.759062,-104.62011683333333,1672.4,32.64684216440891,-24.715345213174395,151884386.4120172,0.4900428413915718,0.7648802024562953,-0.4181103795545996
1567,2026-07-29T09:11:06.736129Z,sun,39.759062,-104.62011683333333,1672.4,32.99799007562693,-24.55926862792885,151884353.20215455,0.495339769232128,0.7628149380968493,-0.4156343143117062
1568,2026-07-29T09:12:36.759573Z,sun,39.759062,-104.62011683333333,1672.4,33.34789985235535,-24.40171197264715,151884319.82178193,0.5006154835409596,0.760727536825356,-0.4131316404666652
1569,2026-07-29T09:14:06.783016Z,sun,39.759062,-104.62011683333333,1672.4,33.69656983539254,-24.242686351894314,151884286.2715855,0.5058697580276543,0.7586180879426326,-0.4106024653595087
1570,2026-07-29T09:15:36.806460Z,sun,39.759062,-104.62011683333333,1672.4,34.04399865561387,-24.082202861504292,151884252.5522571,0.5111023675537808,0.75648668160138,-0.4080468973545226
1571,2026-07-29T09:17:06.829904Z,sun,39.759062,-104.62011683333333,1672.4,34.39018520264113,-23.92027259851895,151884218.66449702,0.5163130877333124,0.7543334089657634,-0.40546504603156985
1572,2026-07-29T09:18:36.853347Z,sun,39.759062,-104.62011683333333,1672.4,34.73512863229861,-23.75690665362964,151884184.6090125,0.5215016951183917,0.7521583621383273,-0.40285702209845226
1573,2026-07-29T09:20:06.876791Z,sun,39.759062,-104.62011683333333,1672.4,35.07882837379452,-23.592116103379468,151884150.38651735,0.5266679673808515,0.749961634082423,-0.40022293729788183
1574,2026-07-29T09:21:36.900234Z,sun,39.759062,-104.62011683333333,1672.4,35.42128409862932,-23.425912020689083,151884115.99773332,0.5318116829187624,0.7477433187880207,-0.39756290460629035
1575,2026-07-29T09:23:06.923678Z,sun,39.759062,-104.62011683333333,1672.4,35.76249574682553,-23.258305458042784,151884081.44338834,0.5369326213251534,0.7455035110724222,-0.39487703799485535
1576,2026-07-29T09:24:36.947122Z,sun,39.759062,-104.62011683333333,1672.4,36.10246349591452,-23.08930745826398,151884046.72421822,0.5420305629968188,0.7432423067481163,-0.3921654526307623
1577,2026-07-29T09:26:06.970565Z,sun,39.759062,-104.62011683333333,1672.4,36.4411877680406,-22.918929046993238,151884011.84096593,0.5471052893162238,0.7409598025458535,-0.3894282647849549
1578,2026-07-29T09:27:36.994009Z,sun,39.759062,-104.62011683333333,1672.4,36.77866923681757,-22.747181224935225,151883976.7943804,0.552156582829013,0.7386560960332935,-0.3866655917345648
1579,2026-07-29T09:29:07.017452Z,sun,39.759062,-104.62011683333333,1672.4,37.114908796622004,-22.57407497920526,151883941.58521885,0.5571842268592282,0.7363312857889714,-0.3838775519715162
1580,2026-07-29T09:30:37.040896Z,sun,39.759062,-104.62011683333333,1672.4,37.449907588186974,-22.39962126617662,151883906.21424416,0.5621880059674961,0.7339854711933506,-0.3810642649519446
1581,2026-07-29T09:32:07.064340Z,sun,39.759062,-104.62011683333333,1672.4,37.78366696802557,-22.22383102306486,151883870.68222705,0.5671677055687501,0.7316187526047166,-0.37822585130712294
1582,2026-07-29T09:33:37.087783Z,sun,39.759062,-104.62011683333333,1672.4,38.116188515293516,-22.04671516044635,151883834.98994535,0.5721231121101248,0.7292312312784781,-0.3753624327466724
1583,2026-07-29T09:35:07.111227Z,sun,39.759062,-104.62011683333333,1672.4,38.447474038409254,-21.86828455456299,151883799.1381823,0.577054013244003,0.7268230092822426,-0.3724741319566974
1584,2026-07-29T09:36:37.134670Z,sun,39.759062,-104.62011683333333,1672.4,38.77752554485057,-21.688550059453163,151883763.1277298,0.581960197452586,0.7243941896776177,-0.3695610728178157
1585,2026-07-29T09:38:07.158114Z,sun,39.759062,-104.62011683333333,1672.4,39.10634526620947,-21.50752248947911,151883726.95938477,0.5868414544950151,0.7219448763018572,-0.36662338014326246
1586,2026-07-29T09:39:37.181558Z,sun,39.759062,-104.62011683333333,1672.4,39.4339356281386,-21.32521263169399,151883690.6339521,0.591697575034316,0.7194751739516485,-0.36366117989930574
1587,2026-07-29T09:41:07.205001Z,sun,39.759062,-104.62011683333333,1672.4,39.76029925706404,-21.14163123840149,151883654.1522436,0.5965283508110799,0.7169851882987268,-0.36067459910402977
1588,2026-07-29T09:42:37.228445Z,sun,39.759062,-104.62011683333333,1672.4,40.085438986672735,-20.95678901951079,151883617.51507625,0.6013335748120687,0.7144750258013819,-0.3576637657211771
1589,2026-07-29T09:44:07.251889Z,sun,39.759062,-104.62011683333333,1672.4,40.40935783186694,-20.770696653354598,151883580.72327495,0.6061130409572164,0.7119447938658072,-0.35462880885366443
1590,2026-07-29T09:45:37.275332Z,sun,39.759062,-104.62011683333333,1672.4,40.732058995424616,-20.583364779271825,151883543.7776713,0.6108665442706906,0.7093946007595499,-0.35156985863976337
1591,2026-07-29T09:47:07.298776Z,sun,39.759062,-104.62011683333333,1672.4,41.05354587444432,-20.394803989990386,151883506.67910233,0.6155938810467462,0.7068245555209167,-0.34848704614441967
1592,2026-07-29T09:48:37.322219Z,sun,39.759062,-104.62011683333333,1672.4,41.37382203108005,-20.205024844958963,151883469.42841303,0.6202948484896681,0.7042347681531005,-0.3453805035920941
1593,2026-07-29T09:50:07.345663Z,sun,39.759062,-104.62011683333333,1672.4,41.692891216928665,-20.01403785237629,151883432.0264534,0.6249692451425046,0.7016253493911112,-0.342250364087183
1594,2026-07-29T09:51:37.369107Z,sun,39.759062,-104.62011683333333,1672.4,42.010757343945826,-19.82185348274769,151883394.4740811,0.6296168705293871,0.6989964108978907,-0.3390967618492519
1595,2026-07-29T09:53:07.392550Z,sun,39.759062,-104.62011683333333,1672.4,42.327424491081324,-19.628482161495143,151883356.7721601,0.6342375253222161,0.6963480651741516,-0.3359198321048743
1596,2026-07-29T09:54:37.415994Z,sun,39.759062,-104.62011683333333,1672.4,42.64289691070421,-19.43393426138025,151883318.9215598,0.6388310115017969,0.6936804254643593,-0.3327197109748332
1597,2026-07-29T09:56:07.439437Z,sun,39.759062,-104.62011683333333,1672.4,42.957178999991555,-19.238220116543115,151883280.92315736,0.64339713200781,0.6909936059583387,-0.32949653571595683
1598,2026-07-29T09:57:37.462881Z,sun,39.759062,-104.62011683333333,1672.4,43.2702753249827,-19.041350004231685,151883242.7778347,0.647935691155405,0.6882877215493574,-0.3262504444309037
1599,2026-07-29T09:59:07.486325Z,sun,39.759062,-104.62011683333333,1672.4,43.58219059218194,-18.84333415904362,151883204.48648122,0.6524464942878687,0.685562888037542,-0.3229815763121709
1600,2026-07-29T10:00:37.509768Z,sun,39.759062,-104.62011683333333,1672.4,43.8929296552032,-18.644182765566587,151883166.0499925,0.6569293479384768,0.6828192220363585,-0.3196900715298959
1601,2026-07-29T10:02:07.533212Z,sun,39.759062,-104.62011683333333,1672.4,44.20249752122735,-18.443905950832036,151883127.46926934,0.6613840599867452,0.6800568408752667,-0.31637607111506016
1602,2026-07-29T10:03:37.556655Z,sun,39.759062,-104.62011683333333,1672.4,44.51089932309367,-18.242513799015374,151883088.74522004,0.6658104393189802,0.6772758628084931,-0.3130397172099384
1603,2026-07-29T10:05:07.580099Z,sun,39.759062,-104.62011683333333,1672.4,44.81814034306818,-18.040016332872458,151883049.8787575,0.6702082962322204,0.674476406764561,-0.3096811527676015
1604,2026-07-29T10:06:37.603543Z,sun,39.759062,-104.62011683333333,1672.4,45.124225985436276,-17.83642341889831,151883010.87080204,0.6745774425165053,0.6716585929674755,-0.3063005199813448
1605,2026-07-29T10:08:07.626986Z,sun,39.759062,-104.62011683333333,1672.4,45.42916178208335,-17.631745199334684,151882971.7222799,0.6789176899318153,0.6688225411890808,-0.3028979674659898
1606,2026-07-29T10:09:37.650430Z,sun,39.759062,-104.62011683333333,1672.4,45.73295340070869,-17.42599142499518,151882932.4341221,0.6832288528852821,0.6659683731372452,-0.2994736391838062
1607,2026-07-29T10:11:07.673873Z,sun,39.759062,-104.62011683333333,1672.4,46.03560661650914,-17.219171910771202,151882893.00726736,0.6875107464146408,0.6630962110040517,-0.29602768201040525
1608,2026-07-29T10:12:37.697317Z,sun,39.759062,-104.62011683333333,1672.4,46.33712733599881,-17.011296406621206,151882853.44265854,0.691763187002245,0.6602061776259259,-0.29256024359618865
1609,2026-07-29T10:14:07.720761Z,sun,39.759062,-104.62011683333333,1672.4,46.63752157002525,-16.802374613092137,151882813.74124578,0.6959859922489734,0.6572983967013453,-0.2890714726275372
1610,2026-07-29T10:15:37.744204Z,sun,39.759062,-104.62011683333333,1672.4,46.936795440581385,-16.5924161739636,151882773.90398487,0.7001789810264489,0.654372992690563,-0.28556151870649504
1611,2026-07-29T10:17:07.767648Z,sun,39.759062,-104.62011683333333,1672.4,47.23495518743003,-16.381430668731475,151882733.93183637,0.704341973622988,0.6514300907119498,-0.2820305322263797
1612,2026-07-29T10:18:37.791091Z,sun,39.759062,-104.62011683333333,1672.4,47.53200714163092,-16.169427628529217,151882693.82576823,0.708474791426049,0.6484698167646293,-0.27847866463889914
1613,2026-07-29T10:20:07.814535Z,sun,39.759062,-104.62011683333333,1672.4,47.82795774886894,-15.95641651697528,151882653.58675227,0.7125772572998423,0.645492297461561,-0.27490606813388097
1614,2026-07-29T10:21:37.837979Z,sun,39.759062,-104.62011683333333,1672.4,48.12281354322068,-15.742406746255648,151882613.21576744,0.7166491952708061,0.6424976602537638,-0.27131289590829505
1615,2026-07-29T10:23:07.861422Z,sun,39.759062,-104.62011683333333,1672.4,48.41658115405123,-15.527407669775423,151882572.71379825,0.720690430674299,0.63948603332714,-0.26769930204244685
1616,2026-07-29T10:24:37.884866Z,sun,39.759062,-104.62011683333333,1672.4,48.70926731276707,-15.311428574631286,151882532.0818335,0.7247007902953351,0.6364575454956989,-0.26406544137184484
1617,2026-07-29T10:26:07.908309Z,sun,39.759062,-104.62011683333333,1672.4,49.000878827070686,-15.094478698081826,151882491.32086942,0.7286801020625819,0.6334123264307194,-0.2604114697621611
1618,2026-07-29T10:27:37.931753Z,sun,39.759062,-104.62011683333333,1672.4,49.29142260410093,-14.876567208107744,151882450.43190575,0.7326281954120918,0.6303505063860975,-0.2567375437796589
1619,2026-07-29T10:29:07.955197Z,sun,39.759062,-104.62011683333333,1672.4,49.580905624926224,-14.657703220031163,151882409.41594926,0.7365449009844102,0.6272722164290296,-0.2530438209679859
1620,2026-07-29T10:30:37.978640Z,sun,39.759062,-104.62011683333333,1672.4,49.86933495156183,-14.437895789146994,151882368.27401197,0.7404300507659219,0.6241775883338176,-0.24933045972073592
1621,2026-07-29T10:32:08.002084Z,sun,39.759062,-104.62011683333333,1672.4,50.15671773384949,-14.217153903180847,151882327.00711,0.7442834782240514,0.6210667544722035,-0.2455976191498441
1622,2026-07-29T10:33:38.025527Z,sun,39.759062,-104.62011683333333,1672.4,50.44306118442985,-13.995486499271713,151882285.61626667,0.7481050180131379,0.6179398480488172,-0.2418454593681002
1623,2026-07-29T10:35:08.048971Z,sun,39.759062,-104.62011683333333,1672.4,50.72837260171492,-13.772902444245256,151882244.10250875,0.7518945063239321,0.6147970028190548,-0.2380741411506034
1624,2026-07-29T10:36:38.072415Z,sun,39.759062,-104.62011683333333,1672.4,51.01265934509515,-13.549410551732997,151882202.4668696,0.7556517805926635,0.6116383533259773,-0.2342838262190207
1625,2026-07-29T10:38:08.095858Z,sun,39.759062,-104.62011683333333,1672.4,51.295928842080464,-13.325019574774483,151882160.71038786,0.7593766796368621,0.6084640347912289,-0.2304746771106814
1626,2026-07-29T10:39:38.119302Z,sun,39.759062,-104.62011683333333,1672.4,51.5781885953154,-13.099738198246834,151882118.8341057,0.7630690437849332,0.6052741830025554,-0.2266468570435886
1627,2026-07-29T10:41:08.142746Z,sun,39.759062,-104.62011683333333,1672.4,51.859446161367046,-12.873575053810509,151882076.83907208,0.7667287146346402,0.6020689345196416,-0.2228005301634086
1628,2026-07-29T10:42:38.166189Z,sun,39.759062,-104.62011683333333,1672.4,52.13970915794618,-12.646538712485057,151882034.726341,0.7703555351856161,0.5988484265632943,-0.21893586141048207
1629,2026-07-29T10:44:08.189633Z,sun,39.759062,-104.62011683333333,1672.4,52.418985271004864,-12.41863767705567,151881992.4969699,0.7739493499655077,0.5956127969013127,-0.21505301638285318
1630,2026-07-29T10:45:38.213076Z,sun,39.759062,-104.62011683333333,1672.4,52.697282230811744,-12.18988039980978,151881950.15202335,0.7775100047553956,0.5923621840935618,-0.21115216163035166
1631,2026-07-29T10:47:08.236520Z,sun,39.759062,-104.62011683333333,1672.4,52.97460783468309,-11.960275262352948,151881907.69256863,0.7810373469157872,0.5890967271984927,-0.20723346430239736
1632,2026-07-29T10:48:38.259964Z,sun,39.759062,-104.62011683333333,1672.4,53.25096992328921,-11.729830593458047,151881865.11967963,0.7845312251154392,0.5858165660194742,-0.20329709244359376
1633,2026-07-29T10:50:08.283407Z,sun,39.759062,-104.62011683333333,1672.4,53.52637638800067,-11.498554661594168,151881822.43443495,0.7879914894581472,0.5825218409912419,-0.19934321485745343
1634,2026-07-29T10:51:38.306851Z,sun,39.759062,-104.62011683333333,1672.4,53.80083517809797,-11.266455667306985,151881779.6379166,0.7914179916027745,0.5792126930633934,-0.19537200096657104
1635,2026-07-29T10:53:08.330294Z,sun,39.759062,-104.62011683333333,1672.4,54.07435427752897,-11.033541761364386,151881736.7312131,0.7948105845015759,0.5758892639508608,-0.19138362111319446
1636,2026-07-29T10:54:38.353738Z,sun,39.759062,-104.62011683333333,1672.4,54.34694172748816,-10.799821024299387,151881693.715416,0.7981691227109081,0.5725516958338647,-0.18737824619913881
1637,2026-07-29T10:56:08.377182Z,sun,39.759062,-104.62011683333333,1672.4,54.6186056033792,-10.565301484672329,151881650.59162283,0.8014934621328023,0.5692001316097762,-0.1833560479880273
1638,2026-07-29T10:57:38.400625Z,sun,39.759062,-104.62011683333333,1672.4,54.889354022280145,-10.329991111546002,151881607.3609358,0.8047834601358855,0.5658347147769719,-0.17931719896589507
1639,2026-07-29T10:59:08.424069Z,sun,39.759062,-104.62011683333333,1672.4,55.15919515027743,-10.09389780681779,151881564.02446002,0.8080389756693914,0.5624555893158735,-0.17526187219841624
1640,2026-07-29T11:00:38.447512Z,sun,39.759062,-104.62011683333333,1672.4,55.428137179857885,-9.85702942376008,151881520.5833073,0.8112598690144129,0.5590628999447821,-0.17119024163791602
1641,2026-07-29T11:02:08.470956Z,sun,39.759062,-104.62011683333333,1672.4,55.69618835235451,-9.61939374628265,151881477.0385919,0.8144460020791661,0.5556567918134252,-0.167102481755583
1642,2026-07-29T11:03:38.494400Z,sun,39.759062,-104.62011683333333,1672.4,55.9633569355259,-9.38099850758778,151881433.39143386,0.8175972381534639,0.5522374107602144,-0.16299876785019718
1643,2026-07-29T11:05:08.517843Z,sun,39.759062,-104.62011683333333,1672.4,56.22965123114178,-9.141851382577581,151881389.64295766,0.8207134420237372,0.5488049031935215,-0.15887927590563608
1644,2026-07-29T11:06:38.541287Z,sun,39.759062,-104.62011683333333,1672.4,56.49507958243291,-8.901959980132109,151881345.79429078,0.823794480080887,0.5453594159704123,-0.15474418244532487
1645,2026-07-29T11:08:08.564730Z,sun,39.759062,-104.62011683333333,1672.4,56.759650352085465,-8.661331862018542,151881301.8465667,0.8268402200847086,0.5419010966575933,-0.15059366484539916
1646,2026-07-29T11:09:38.588174Z,sun,39.759062,-104.62011683333333,1672.4,57.023371944551535,-8.419974521882784,151881257.80092135,0.8298505314433233,0.5384300932189537,-0.1464279009596958
1647,2026-07-29T11:11:08.611618Z,sun,39.759062,-104.62011683333333,1672.4,57.286252784232175,-8.17789540425451,151881213.65849626,0.8328252849810244,0.5349465542777229,-0.14224706943437096
1648,2026-07-29T11:12:38.635061Z,sun,39.759062,-104.62011683333333,1672.4,57.5483013231588,-7.935101896895783,151881169.4204369,0.8357643530470753,0.5314506289955047,-0.13805134956271223
1649,2026-07-29T11:14:08.658505Z,sun,39.759062,-104.62011683333333,1672.4,57.809526048553266,-7.691601323018114,151881125.08789164,0.8386676096173153,0.5279424669488081,-0.1338409211369418
1650,2026-07-29T11:15:38.681948Z,sun,39.759062,-104.62011683333333,1672.4,58.06993546140158,-7.447400960526381,151881080.66201478,0.8415349300721043,0.5244222183947232,-0.12961596476706008
1651,2026-07-29T11:17:08.705392Z,sun,39.759062,-104.62011683333333,1672.4,58.329538098629044,-7.202508020748846,151881036.14396232,0.8443661914595807,0.5208900339528375,-0.12537666149907853
1652,2026-07-29T11:18:38.728836Z,sun,39.759062,-104.62011683333333,1672.4,58.588342511849554,-6.9569296677716155,151880991.53489625,0.8471612722770565,0.5173460648720866,-0.12112319313527682
1653,2026-07-29T11:20:08.752279Z,sun,39.759062,-104.62011683333333,1672.4,58.846357275141635,-6.710673010718272,151880946.83598197,0.8499200525735621,0.5137904629075907,-0.11685574208637323
1654,2026-07-29T11:21:38.775723Z,sun,39.759062,-104.62011683333333,1672.4,59.10359099271045,-6.463745095901323,151880902.0483873,0.8526424140450937,0.5102233801951116,-0.11257449122083474
1655,2026-07-29T11:23:08.799166Z,sun,39.759062,-104.62011683333333,1672.4,59.36005227800377,-6.21615292638199,151880857.17328608,0.8553282398262508,0.5066449695212449,-0.10827962418915262
1656,2026-07-29T11:24:38.822610Z,sun,39.759062,-104.62011683333333,1672.4,59.61574977576045,-5.967903440440025,151880812.21185362,0.8579774147371011,0.5030553839999865,-0.10397132503563963
1657,2026-07-29T11:26:08.846054Z,sun,39.759062,-104.62011683333333,1672.4,59.87069214129175,-5.719003531216761,151880767.16527045,0.8605898250783257,0.499454777344024,-0.09964977852402968
1658,2026-07-29T11:27:38.869497Z,sun,39.759062,-104.62011683333333,1672.4,60.1248880483437,-5.469460038922788,151880722.03472096,0.8631653587274006,0.4958433037395131,-0.09531516998716781
1659,2026-07-29T11:29:08.892941Z,sun,39.759062,-104.62011683333333,1672.4,60.37834619685937,-5.219279742914922,151880676.8213913,0.8657039052274433,0.49222111771850874,-0.09096768517388873
1660,2026-07-29T11:30:38.916384Z,sun,39.759062,-104.62011683333333,1672.4,60.63107529259552,-4.968469381559,151880631.5264734,0.8682053555926686,0.48858837443352643,-0.08660751057854066
1661,2026-07-29T11:32:08.939828Z,sun,39.759062,-104.62011683333333,1672.4,60.88308406905553,-4.717035630440505,151880586.15116048,0.8706696025386574,0.4849452293290085,-0.08223483304665638
1662,2026-07-29T11:33:38.963272Z,sun,39.759062,-104.62011683333333,1672.4,61.13438126726975,-4.4649851222958326,151880540.69665086,0.8730965402914627,0.4812918384167923,-0.07784984010556847
1663,2026-07-29T11:35:08.986715Z,sun,39.759062,-104.62011683333333,1672.4,61.38497564374063,-4.2123244391427335,151880495.16414607,0.8754860646773551,0.477628358148905,-0.07345271981172326
1664,2026-07-29T11:36:39.010159Z,sun,39.759062,-104.62011683333333,1672.4,61.63487597828381,-3.959060104294505,151880449.55484962,0.8778380732050314,0.4739549452883124,-0.06904366059552972
1665,2026-07-29T11:38:09.033603Z,sun,39.759062,-104.62011683333333,1672.4,61.88409105690068,-3.705198599661343,151880403.86996976,0.8801524649108139,0.4702717571462804,-0.0646228515462472
1666,2026-07-29T11:39:39.057046Z,sun,39.759062,-104.62011683333333,1672.4,62.13262967976352,-3.4507463578401327,151880358.11071792,0.8824291404444295,0.46657895145414274,-0.06019048225806011
1667,2026-07-29T11:41:09.080490Z,sun,39.759062,-104.62011683333333,1672.4,62.38050066911496,-3.1957097540768395,151880312.27830714,0.8846680021473226,0.4628766862329033,-0.05574674267355231
1668,2026-07-29T11:42:39.103933Z,sun,39.759062,-104.62011683333333,1672.4,62.62771284964031,-2.940095126554684,151880266.3739557,0.8868689538808419,0.4591651200739145,-0.051291823420588196
1669,2026-07-29T11:44:09.127377Z,sun,39.759062,-104.62011683333333,1672.4,62.874275070213294,-2.6839087542201483,151880220.39888284,0.8890319012293045,0.4554444118031196,-0.04682591540929654
1670,2026-07-29T11:45:39.150821Z,sun,39.759062,-104.62011683333333,1672.4,63.12019618441728,-2.4271568771296157,151880174.35431242,0.8911567513319076,0.4517147207625049,-0.042349210169882245
1671,2026-07-29T11:47:09.174264Z,sun,39.759062,-104.62011683333333,1672.4,63.365485058601934,-2.1698456884628414,151880128.24147117,0.893243412961908,0.4479762066801375,-0.037861899696622625
1672,2026-07-29T11:48:39.197708Z,sun,39.759062,-104.62011683333333,1672.4,63.610150579860175,-1.9119813264144117,151880082.0615874,0.8952917965982243,0.4442290295381986,-0.033364176289456975
1673,2026-07-29T11:50:09.221151Z,sun,39.759062,-104.62011683333333,1672.4,63.854201636832904,-1.6535698947254553,151880035.81589395,0.8973018142680624,0.44047334985711917,-0.02885623289501941
1674,2026-07-29T11:51:39.244595Z,sun,39.759062,-104.62011683333333,1672.4,64.09764714135305,-1.394617440275225,151879989.50562468,0.899273379732735,0.4367093283556871,-0.02433826269865906
1675,2026-07-29T11:53:09.268039Z,sun,39.759062,-104.62011683333333,1672.4,64.34049600938238,-1.1351299736743932,151879943.13201785,0.901206408333985,0.4329371262360005,-0.019810459466452286
1676,2026-07-29T11:54:39.291482Z,sun,39.759062,-104.62011683333333,1672.4,64.58275716914332,-0.8751134611947947,151879896.69631404,0.9031008170665421,0.4291569050517956,-0.015273017387149338
1677,2026-07-29T11:56:09.314926Z,sun,39.759062,-104.62011683333333,1672.4,64.82443956916921,-0.6145738165910086,151879850.19975528,0.9049565246429305,0.42536882657506353,-0.010726130912058431
1678,2026-07-29T11:57:39.338369Z,sun,39.759062,-104.62011683333333,1672.4,65.06555215951036,-0.3535169218631463,151879803.64358816,0.9067734513506767,0.42157305308338777,-0.006169995099931218
1679,2026-07-29T11:59:09.361813Z,sun,39.759062,-104.62011683333333,1672.4,65.30610391328133,-0.09194860462741242,151879757.0290596,0.9085515192206493,0.4177697470163509,-0.0016048052045262234
1680,2026-07-29T12:00:39.385257Z,sun,39.759062,-104.62011683333333,1672.4,65.54610380800152,0.1701253410750736,151879710.35742074,0.9102906518880843,0.41395907126344433,0.002969242979813523
1681,2026-07-29T12:02:09.408700Z,sun,39.759062,-104.62011683333333,1672.4,65.785560833788,0.43269916291914395,151879663.62992492,0.9119907746583391,0.41014118903101054,0.007551953277888971
1682,2026-07-29T12:03:39.432144Z,sun,39.759062,-104.62011683333333,1672.4,66.02448400147118,0.6957671585354915,151879616.8478267,0.9136518145647988,0.40631626370768253,0.012143129295171801
1683,2026-07-29T12:05:09.455587Z,sun,39.759062,-104.62011683333333,1672.4,66.26288232419189,0.9593236545491824,151879570.01238462,0.9152737002409373,0.4024844591543651,0.01674257406974218
1684,2026-07-29T12:06:39.479031Z,sun,39.759062,-104.62011683333333,1672.4,66.50076483885641,1.2233630294123596,151879523.12485754,0.9168563620709481,0.39864593935741394,0.021350090488602903
1685,2026-07-29T12:08:09.502475Z,sun,39.759062,-104.62011683333333,1672.4,66.73814058784946,1.4878796923889708,151879476.18650827,0.9183997320655727,0.394800868719283,0.025965480938814903
1686,2026-07-29T12:09:39.525918Z,sun,39.759062,-104.62011683333333,1672.4,66.97501862729204,1.7528680917681834,151879429.1986016,0.9199037439210186,0.3909494119241542,0.03058854746880056
1687,2026-07-29T12:11:09.549362Z,sun,39.759062,-104.62011683333333,1672.4,67.21140803522948,2.0183227231713032,151879382.16240287,0.9213683330699556,0.3870917338022365,0.03521909195124108
1688,2026-07-29T12:12:39.572805Z,sun,39.759062,-104.62011683333333,1672.4,67.44731789358053,2.2842381083899306,151879335.07918167,0.9227934365684585,0.38322799962230175,0.039856915731946135
1689,2026-07-29T12:14:09.596249Z,sun,39.759062,-104.62011683333333,1672.4,67.68275730952917,2.5506088184285636,151879287.95020738,0.924178993228875,0.3793583747417602,0.044501820049895495
1690,2026-07-29T12:15:39.619693Z,sun,39.759062,-104.62011683333333,1672.4,67.91773539756848,2.817429452276505,151879240.77675295,0.9255249435104848,0.3754830249000155,0.049153605685123
1691,2026-07-29T12:17:09.643136Z,sun,39.759062,-104.62011683333333,1672.4,68.1522612878402,3.084694645207815,151879193.5600932,0.926831229571607,0.37160211608268107,0.05381207312171511
1692,2026-07-29T12:18:39.666580Z,sun,39.759062,-104.62011683333333,1672.4,68.3863441343916,3.3523990771467513,151879146.30150327,0.9280977953135986,0.36771581438496864,0.058477022711805084
1693,2026-07-29T12:20:09.690023Z,sun,39.759062,-104.62011683333333,1672.4,68.61999309745397,3.620537451317683,151879099.00226215,0.9293245862828045,0.3638242863064672,0.06314825432174838
1694,2026-07-29T12:21:39.713467Z,sun,39.759062,-104.62011683333333,1672.4,68.85321736477678,3.8891045174763237,151879051.6636483,0.9305115497854576,0.35992769839864064,0.0678255677552581
1695,2026-07-29T12:23:09.736911Z,sun,39.759062,-104.62011683333333,1672.4,69.08602613400407,4.158095050506802,151879004.28694373,0.9316586347934331,0.35602621756019653,0.07250876239887061
1696,2026-07-29T12:24:39.760354Z,sun,39.759062,-104.62011683333333,1672.4,69.3184286210762,4.427503858779749,151878956.87343186,0.9327657919893484,0.3521200109004013,0.07719763738603012
1697,2026-07-29T12:26:09.783798Z,sun,39.759062,-104.62011683333333,1672.4,69.55043406856592,4.697325792579152,151878909.42439604,0.9338329738035563,0.3482092456016068,0.08189199176211466
1698,2026-07-29T12:27:39.807241Z,sun,39.759062,-104.62011683333333,1672.4,69.78205172827076,4.96755572258168,151878861.9411234,0.9348601343312405,0.3442940892158609,0.08659162412841054
1699,2026-07-29T12:29:09.830685Z,sun,39.759062,-104.62011683333333,1672.4,70.01329088250523,5.238188563263618,151878814.42490035,0.9358472294292135,0.34037470931023683,0.0912963330678567
1700,2026-07-29T12:30:39.854129Z,sun,39.759062,-104.62011683333333,1672.4,70.24416082678253,5.509219251326137,151878766.87701625,0.9367942166368274,0.33645127376400846,0.09600591678833795
1701,2026-07-29T12:32:09.877572Z,sun,39.759062,-104.62011683333333,1672.4,70.47467087829166,5.780642754115366,151878719.29876173,0.937701055214061,0.33252395063109097,0.10072017328781839
1702,2026-07-29T12:33:39.901016Z,sun,39.759062,-104.62011683333333,1672.4,70.70483038431776,6.052454078106124,151878671.69142735,0.9385677061714653,0.32859290800186547,0.10543890052021421
1703,2026-07-29T12:35:09.924459Z,sun,39.759062,-104.62011683333333,1672.4,70.934648705125,6.32464824721583,151878624.05630675,0.9393941322024651,0.32465831430137193,0.11016189603746396
1704,2026-07-29T12:36:39.947903Z,sun,39.759062,-104.62011683333333,1672.4,71.16413523523015,6.597220326379394,151878576.39469284,0.9401802977619753,0.3207203379327938,0.1148889574174911
1705,2026-07-29T12:38:09.971347Z,sun,39.759062,-104.62011683333333,1672.4,71.39329938637032,6.870165399811554,151878528.70788106,0.9409261690025448,0.31677914757613507,0.11961988190569321
1706,2026-07-29T12:39:39.994790Z,sun,39.759062,-104.62011683333333,1672.4,71.62215059606122,7.143478579482081,151878480.99716803,0.9416317138053859,0.312834912049965,0.1243544665809096
1707,2026-07-29T12:41:10.018234Z,sun,39.759062,-104.62011683333333,1672.4,71.85069833611665,7.417155013659372,151878433.26384982,0.942296901803258,0.308887800172577,0.12909250852209553
1708,2026-07-29T12:42:40.041678Z,sun,39.759062,-104.62011683333333,1672.4,72.07895209833089,7.6911898681050035,151878385.50922486,0.9429217043347435,0.30493798101768665,0.13383380450140164
1709,2026-07-29T12:44:10.065121Z,sun,39.759062,-104.62011683333333,1672.4,72.306921403084,7.9655783345718785,151878337.73459265,0.9435060944710099,0.30098562377594046,0.13857815115042416
1710,2026-07-29T12:45:40.088565Z,sun,39.759062,-104.62011683333333,1672.4,72.53461580793281,8.24031563939011,151878289.94125193,0.9440500470344579,0.29703089761562146,0.1433253451274275
1711,2026-07-29T12:47:10.112008Z,sun,39.759062,-104.62011683333333,1672.4,72.7620448909088,8.515397021516742,151878242.13050413,0.9445535385554656,0.2930739719829653,0.1480751827568576
1712,2026-07-29T12:48:40.135452Z,sun,39.759062,-104.62011683333333,1672.4,72.98921827181171,8.790817756358283,151878194.30364963,0.945016547321747,0.2891150162434369,0.15282746045996307
1713,2026-07-29T12:50:10.158896Z,sun,39.759062,-104.62011683333333,1672.4,73.2161455956083,9.066573133797732,151878146.46199083,0.9454390533390264,0.28515419998202657,0.15758197439433197
1714,2026-07-29T12:51:40.182339Z,sun,39.759062,-104.62011683333333,1672.4,73.4428365411388,9.342658466742957,151878098.6068308,0.9458210383507014,0.2811916928642542,0.16233852062075713
1715,2026-07-29T12:53:10.205783Z,sun,39.759062,-104.62011683333333,1672.4,73.66930082980515,9.619069099739415,151878050.73947164,0.9461624858493375,0.2772276644967893,0.1670968952705524
1716,2026-07-29T12:54:40.229226Z,sun,39.759062,-104.62011683333333,1672.4,73.8955482091338,9.895800386894747,151878002.86121807,0.9464633810488158,0.27326228472825415,0.17185689418448888
1717,2026-07-29T12:56:10.252670Z,sun,39.759062,-104.62011683333333,1672.4,74.12158847410574,10.172847715827926,151877954.973373,0.9467237109153105,0.2692957232897856,0.17661831334427006
1718,2026-07-29T12:57:40.276114Z,sun,39.759062,-104.62011683333333,1672.4,74.34743145080417,10.45020648555594,151877907.07724148,0.9469434641433404,0.26532815009597227,0.18138094851130138
1719,2026-07-29T12:59:10.299557Z,sun,39.759062,-104.62011683333333,1672.4,74.57308700523521,10.727872115084626,151877859.1741289,0.9471226311683153,0.261359735105515,0.18614459539396372
1720,2026-07-29T13:00:40.323001Z,sun,39.759062,-104.62011683333333,1672.4,74.79856505214089,11.005840052058428,151877811.2653392,0.9472612041708958,0.2573906481816884,0.19090904981512782
1721,2026-07-29T13:02:10.346444Z,sun,39.759062,-104.62011683333333,1672.4,75.02387553879959,11.28410575054727,151877763.35217875,0.9473591770645376,0.2534210593935714,0.19567410735056864
1722,2026-07-29T13:03:40.369888Z,sun,39.759062,-104.62011683333333,1672.4,75.24902846643232,11.562664695123074,151877715.43595207,0.947416545508074,0.2494511386560914,0.200439563761068
1723,2026-07-29T13:05:10.393332Z,sun,39.759062,-104.62011683333333,1672.4,75.47403387408038,11.841512378602237,151877667.51796514,0.9474333068971639,0.24548105603142054,0.20520521463063074
1724,2026-07-29T13:06:40.416775Z,sun,39.759062,-104.62011683333333,1672.4,75.69890184755927,12.120644310675775,151877619.5995244,0.9474094603697107,0.24151098158939435,0.20997085553404912
1725,2026-07-29T13:08:10.440219Z,sun,39.759062,-104.62011683333333,1672.4,75.92364252842115,12.400056026598012,151877571.68193424,0.947345006803083,0.23754108526783266,0.21473628220458446
1726,2026-07-29T13:09:40.463662Z,sun,39.759062,-104.62011683333333,1672.4,76.14826609797247,12.679743064828815,151877523.76650137,0.9472399488170659,0.23357153717406515,0.21950129017203227
1727,2026-07-29T13:11:10.487106Z,sun,39.759062,-104.62011683333333,1672.4,76.37278279878848,12.959700991223388,151877475.85453033,0.9470942907680351,0.22960250722484163,0.22426567519497723
1728,2026-07-29T13:12:40.510550Z,sun,39.759062,-104.62011683333333,1672.4,76.59720291882354,13.239925376650955,151877427.94732678,0.946908038755817,0.22563416544765844,0.22902923289910182
1729,2026-07-29T13:14:10.533993Z,sun,39.759062,-104.62011683333333,1672.4,76.8215368005119,13.520411805649092,151877380.0461965,0.9466812006219653,0.22166668184119115,0.23379175894472976
1730,2026-07-29T13:15:40.557437Z,sun,39.759062,-104.62011683333333,1672.4,77.0457948498858,13.801155885127066,151877332.15244335,0.9464137859398496,0.21770022623586366,0.2385530491942083
1731,2026-07-29T13:17:10.580880Z,sun,39.759062,-104.62011683333333,1672.4,77.26998752082478,14.082153221895334,151877284.2673727,0.9461058060330133,0.21373496859495772,0.2433128993504754
1732,2026-07-29T13:18:40.604324Z,sun,39.759062,-104.62011683333333,1672.4,77.49412533670393,14.363399446942795,151877236.3922877,0.9457572739509418,0.20977107865495045,0.24807110538880167
1733,2026-07-29T13:20:10.627768Z,sun,39.759062,-104.62011683333333,1672.4,77.71821887472653,14.644890192930905,151877188.52849257,0.9453682044913259,0.2058087262265128,0.2528274631954901
1734,2026-07-29T13:21:40.651211Z,sun,39.759062,-104.62011683333333,1672.4,77.94227877519694,14.926621102868236,151877140.677291,0.9449386141912036,0.20184808105505253,0.25758176873529026
1735,2026-07-29T13:23:10.674655Z,sun,39.759062,-104.62011683333333,1672.4,78.16631575082418,15.208587838828306,151877092.8399845,0.9444685213099228,0.19788931268156718,0.2623338182184387
1736,2026-07-29T13:24:40.698098Z,sun,39.759062,-104.62011683333333,1672.4,78.39034057118548,15.490786059354816,151877045.01787624,0.9439579458628895,0.19393259074322974,0.26708340773985395
1737,2026-07-29T13:26:10.721542Z,sun,39.759062,-104.62011683333333,1672.4,78.61436408456079,15.773211443829084,151876997.21226615,0.9434069095789402,0.18997808461429586,0.2718303337101964
1738,2026-07-29T13:27:40.744986Z,sun,39.759062,-104.62011683333333,1672.4,78.8383972024675,16.05585966982236,151876949.42445576,0.942815435938021,0.18602596370674243,0.27657439249499804
1739,2026-07-29T13:29:10.768429Z,sun,39.759062,-104.62011683333333,1672.4,79.06245090914456,16.338726421798984,151876901.65574533,0.9421835501551694,0.18207639733082684,0.28131538058205807
1740,2026-07-29T13:30:40.791873Z,sun,39.759062,-104.62011683333333,1672.4,79.28653627106739,16.62180739983868,151876853.9074326,0.9415112791563708,0.17812955455638943,0.2860530947479447
1741,2026-07-29T13:32:10.815316Z,sun,39.759062,-104.62011683333333,1672.4,79.51066442161463,16.90509829690988,151876806.18081707,0.9407986516276862,0.1741856045127379,0.2907873316980289
1742,2026-07-29T13:33:40.838760Z,sun,39.759062,-104.62011683333333,1672.4,79.73484658313116,17.188594823310886,151876758.47719443,0.9400456979542675,0.17024471603052604,0.2955178884963813
1743,2026-07-29T13:35:10.862204Z,sun,39.759062,-104.62011683333333,1672.4,79.9590940516814,17.472292683906105,151876710.7978616,0.9392524502733767,0.16630705794138437,0.3002445622061107
1744,2026-07-29T13:36:40.885647Z,sun,39.759062,-104.62011683333333,1672.4,80.18341820675427,17.756187586822644,151876663.14411426,0.938418942451267,0.16237279893900078,0.30496715005613384
1745,2026-07-29T13:38:10.909091Z,sun,39.759062,-104.62011683333333,1672.4,80.40783052102164,18.040275252169984,151876615.5172451,0.937545210051956,0.15844210744097967,0.3096854496070079
1746,2026-07-29T13:39:40.932535Z,sun,39.759062,-104.62011683333333,1672.4,80.63234254771577,18.324551392357982,151876567.91854763,0.9366312903912755,0.15451515184388273,0.31439925844479355
1747,2026-07-29T13:41:10.955978Z,sun,39.759062,-104.62011683333333,1672.4,80.85696593048603,18.609011720789933,151876520.3493139,0.9356772225094894,0.15059210038462317,0.3191083743474545
1748,2026-07-29T13:42:40.979422Z,sun,39.759062,-104.62011683333333,1672.4,81.08171241331554,18.893651960569162,151876472.8108332,0.9346830471358546,0.14667312100280755,0.32381259545009916
1749,2026-07-29T13:44:11.002865Z,sun,39.759062,-104.62011683333333,1672.4,81.30659382554039,19.178467821597827,151876425.30439553,0.9336488067621603,0.14275838163838322,0.32851171988771405
1750,2026-07-29T13:45:41.026309Z,sun,39.759062,-104.62011683333333,1672.4,81.53162210435781,19.46345502507556,151876377.8312874,0.9325745455525791,0.1388480498762214,0.33320554622180404
1751,2026-07-29T13:47:11.049753Z,sun,39.759062,-104.62011683333333,1672.4,81.75680927993294,19.74860928055115,151876330.39279553,0.9314603094211027,0.1349422932434897,0.33789387308344576
1752,2026-07-29T13:48:41.073196Z,sun,39.759062,-104.62011683333333,1672.4,81.98216748553767,20.033926294599016,151876282.990205,0.9303061459970885,0.1310412790716923,0.3425764993389049
1753,2026-07-29T13:50:11.096640Z,sun,39.759062,-104.62011683333333,1672.4,82.20770896776679,20.31940177950382,151876235.6247978,0.9291121045827979,0.1271451743598295,0.3472532242539047
1754,2026-07-29T13:51:41.120083Z,sun,39.759062,-104.62011683333333,1672.4,82.43344607177576,20.60503143024025,151876188.29785654,0.9278782362421226,0.12325414607036124,0.3519238471383739
1755,2026-07-29T13:53:11.143527Z,sun,39.759062,-104.62011683333333,1672.4,82.65939126414652,20.89081094899611,151876141.01065993,0.9266045936922946,0.11936836077581968,0.3565881677706531
1756,2026-07-29T13:54:41.166971Z,sun,39.759062,-104.62011683333333,1672.4,82.88555711821962,21.176736022104397,151876093.76448664,0.9252912313964856,0.11548798495440928,0.361245986042676
1757,2026-07-29T13:56:11.190414Z,sun,39.759062,-104.62011683333333,1672.4,83.11195632454631,21.462802328679228,151876046.56061342,0.9239382055223737,0.11161318485299955,0.3658971021244446
1758,2026-07-29T13:57:41.213858Z,sun,39.759062,-104.62011683333333,1672.4,83.33860170146399,21.74900554928759,151875999.40031374,0.9225455738925995,0.10774412635093888,0.37054131662750794
1759,2026-07-29T13:59:11.237301Z,sun,39.759062,-104.62011683333333,1672.4,83.56550618054725,22.035341342791906,151875952.2848612,0.9211133960886664,0.10388097525425588,0.37517843025183134
1760,2026-07-29T14:00:41.260745Z,sun,39.759062,-104.62011683333333,1672.4,83.79268282989081,22.321805370876017,151875905.2155254,0.9196417333246307,0.10002389694470014,0.37980824420708
1761,2026-07-29T14:02:11.284189Z,sun,39.759062,-104.62011683333333,1672.4,84.02014483968368,22.60839327486433,151875858.19357553,0.9181306485547284,0.09617305667314238,0.38443055986044916
1762,2026-07-29T14:03:41.307632Z,sun,39.759062,-104.62011683333333,1672.4,84.24790553303097,22.895100684316585,151875811.22027877,0.916580206424942,0.09232861942347753,0.38904517890004175
1763,2026-07-29T14:05:11.331076Z,sun,39.759062,-104.62011683333333,1672.4,84.47597837690367,23.18192322563203,151875764.29689848,0.9149904732166166,0.08849074977778856,0.3936519034967273
1764,2026-07-29T14:06:41.354519Z,sun,39.759062,-104.62011683333333,1672.4,84.70437696784548,23.468856498789837,151875717.42469823,0.9133615169652429,0.0846596122079518,0.3982505359541269
1765,2026-07-29T14:08:11.377963Z,sun,39.759062,-104.62011683333333,1672.4,84.93311505573084,23.75589610184574,151875670.60493684,0.9116934073163186,0.08083537072763716,0.402840879126345
1766,2026-07-29T14:09:41.401407Z,sun,39.759062,-104.62011683333333,1672.4,85.16220652959036,24.04303760762831,151875623.838873,0.9099862156479118,0.07701818918327764,0.4074227360687187
1767,2026-07-29T14:11:11.424850Z,sun,39.759062,-104.62011683333333,1672.4,85.39166542885175,24.330276572274684,151875577.1277626,0.9082400150152944,0.0732082311190566,0.41199591019989096
1768,2026-07-29T14:12:41.448294Z,sun,39.759062,-104.62011683333333,1672.4,85.62150595473118,24.617608543768842,151875530.47285777,0.9064548800876916,0.06940565964332167,0.41656020546216854
1769,2026-07-29T14:14:11.471737Z,sun,39.759062,-104.62011683333333,1672.4,85.85174245619586,24.905029038554925,151875483.87541044,0.9046308872819177,0.06561063771756148,0.42111542597466706
1770,2026-07-29T14:15:41.495181Z,sun,39.759062,-104.62011683333333,1672.4,86.08238945428242,25.19253356599519,151875437.33666775,0.9027681146004916,0.0618233278115479,0.42566137644726426
1771,2026-07-29T14:17:11.518625Z,sun,39.759062,-104.62011683333333,1672.4,86.31346162818308,25.480117604927454,151875390.857876,0.9008666417690713,0.05804389219170747,0.43019786183447417
1772,2026-07-29T14:18:41.542068Z,sun,39.759062,-104.62011683333333,1672.4,86.54497382696981,25.76777661213205,151875344.44027883,0.89892655017416,0.05427249278722865,0.4347246874961712
1773,2026-07-29T14:20:11.565512Z,sun,39.759062,-104.62011683333333,1672.4,86.77694108148576,26.055506030785036,151875298.08511576,0.8969479227930609,0.05050929105788006,0.43924165935626325
1774,2026-07-29T14:21:41.588955Z,sun,39.759062,-104.62011683333333,1672.4,87.00937859058183,26.343301266934734,151875251.79362556,0.8949308443422458,0.04675444828009254,0.443748583559316
1775,2026-07-29T14:23:11.612399Z,sun,39.759062,-104.62011683333333,1672.4,87.24230174607294,26.631157713890357,151875205.56704244,0.8928754010979285,0.04300812520567751,0.44824526688020466
1776,2026-07-29T14:24:41.635843Z,sun,39.759062,-104.62011683333333,1672.4,87.475726119122,26.91907072865082,151875159.40659896,0.8907816810481124,0.03927048234706049,0.4527315163817605
1777,2026-07-29T14:26:11.659286Z,sun,39.759062,-104.62011683333333,1672.4,87.70966747249754,27.207035640266096,151875113.31352526,0.8886497738235404,0.035541679844877924,0.4572071395737108
1778,2026-07-29T14:27:41.682730Z,sun,39.759062,-104.62011683333333,1672.4,87.94414177303332,27.49504775818578,151875067.2890468,0.8864797706209255,0.031821877337312114,0.4616719445695182
1779,2026-07-29T14:29:11.706173Z,sun,39.759062,-104.62011683333333,1672.4,88.17916517817108,27.783102348599307,151875021.3343881,0.88427176436583,0.028111234242859853,0.4661257397469968
1780,2026-07-29T14:30:41.729617Z,sun,39.759062,-104.62011683333333,1672.4,88.41475406164218,28.071194658723623,151874975.45076874,0.8820258495159142,0.02440990942303513,0.47056833415316957
1781,2026-07-29T14:32:11.753061Z,sun,39.759062,-104.62011683333333,1672.4,88.65092500017117,28.35931989308653,151874929.63940665,0.8797421222274766,0.020718061464255835,0.47499953716594195
1782,2026-07-29T14:33:41.776504Z,sun,39.759062,-104.62011683333333,1672.4,88.88769478634543,28.64747322176755,151874883.9015168,0.8774206802796735,0.017035848546954245,0.47941915865121637
1783,2026-07-29T14:35:11.799948Z,sun,39.759062,-104.62011683333333,1672.4,89.12508044171517,28.935649788617397,151874838.23830932,0.8750616229911076,0.013363428316593243,0.48382700911771764
1784,2026-07-29T14:36:41.823392Z,sun,39.759062,-104.62011683333333,1672.4,89.36309920631665,29.22384469064617,151874792.65099275,0.8726650513702565,0.009700958122253595,0.488222899430637
1785,2026-07-29T14:38:11.846835Z,sun,39.759062,-104.62011683333333,1672.4,89.60176855194678,29.512052986180258,151874747.14077228,0.8702310680356875,0.006048594886717047,0.4926066409675808
1786,2026-07-29T14:39:41.870279Z,sun,39.759062,-104.62011683333333,1672.4,89.84110619568607,29.80026970299112,151874701.70884842,0.8677597771287058,0.0024064949785573804,0.49697804577210164
1787,2026-07-29T14:41:11.893722Z,sun,39.759062,-104.62011683333333,1672.4,90.08113008698989,30.088489814382857,151874656.35641995,0.8652512844991563,-0.0012251855109082829,0.5013369262213027
1788,2026-07-29T14:42:41.917166Z,sun,39.759062,-104.62011683333333,1672.4,90.32185843475249,30.376708263266945,151874611.08468074,0.8627056974812717,-0.00484629109798456,0.5056830954223662
1789,2026-07-29T14:44:11.940610Z,sun,39.759062,-104.62011683333333,1672.4,90.56330969457798,30.664919938167987,151874565.89482227,0.8601231250831755,-0.008456666630477465,0.5100163668811551
1790,2026-07-29T14:45:41.964053Z,sun,39.759062,-104.62011683333333,1672.4,90.80550258280441,30.953119681224845,151874520.78803268,0.8575036779004235,-0.012056157415978042,0.5143365546561977
1791,2026-07-29T14:47:11.987497Z,sun,39.759062,-104.62011683333333,1672.4,91.04845609080905,31.241302296153314,151874475.7654949,0.8548474680220818,-0.01564460934797909,0.5186434735100646
1792,2026-07-29T14:48:42.010940Z,sun,39.759062,-104.62011683333333,1672.4,91.29218947247782,31.529462524139756,151874430.82839048,0.8521546092307433,-0.019221868632748305,0.52293693858157
1793,2026-07-29T14:50:12.034384Z,sun,39.759062,-104.62011683333333,1672.4,91.536722272283,31.817595067738605,151874385.977895,0.8494252167615126,-0.022787782114950934,0.5272167657766005
1794,2026-07-29T14:51:42.057828Z,sun,39.759062,-104.62011683333333,1672.4,91.78207431296805,32.105694566691675,151874341.21518204,0.8466594075055301,-0.026342197005637932,0.5314827714416533
1795,2026-07-29T14:53:12.081271Z,sun,39.759062,-104.62011683333333,1672.4,92.02826571040762,32.39375560573424,151874296.54142118,0.843857299916982,-0.02988496100867035,0.53573477251559
1796,2026-07-29T14:54:42.104715Z,sun,39.759062,-104.62011683333333,1672.4,92.27531688877617,32.6817727223408,151874251.9577769,0.8410190139128619,-0.03341592244470098,0.5399725866784414
1797,2026-07-29T14:56:12.128158Z,sun,39.759062,-104.62011683333333,1672.4,92.52324856846006,32.96974038243117,151874207.4654117,0.8381446710867562,-0.03693492998249277,0.544196032028957
1798,2026-07-29T14:57:42.151602Z,sun,39.759062,-104.62011683333333,1672.4,92.77208179526143,33.25765300403299,151874163.06548202,0.8352343944513497,-0.040441832959268294,0.5484049274690935
1799,2026-07-29T14:59:12.175046Z,sun,39.759062,-104.62011683333333,1672.4,93.02183792854252,33.545504932894275,151874118.75914207,0.8322883086557411,-0.04393648111311392,0.552599092382862
1800,2026-07-29T15:00:42.198489Z,sun,39.759062,-104.62011683333333,1672.4,93.27253865702127,33.833290450055586,151874074.54754177,0.8293065398860312,-0.04741872470740091,0.5567783467856686
1801,2026-07-29T15:02:12.221933Z,sun,39.759062,-104.62011683333333,1672.4,93.52420601490857,34.121003779344534,151874030.4318258,0.8262892157588426,-0.050888414652545746,0.5609425114704603
1802,2026-07-29T15:03:42.245376Z,sun,39.759062,-104.62011683333333,1672.4,93.77686237030959,34.408639062868126,151873986.41313633,0.8232364655486428,-0.05434540224205231,0.5650914076909396
1803,2026-07-29T15:05:12.268820Z,sun,39.759062,-104.62011683333333,1672.4,94.03053045568512,34.696190384390036,151873942.49260956,0.8201484199140757,-0.05778953946721722,0.5692248575392784
1804,2026-07-29T15:06:42.292264Z,sun,39.759062,-104.62011683333333,1672.4,94.28523335650726,34.98365174471322,151873898.67137897,0.8170252111287898,-0.0612206787542852,0.5733426836306721
1805,2026-07-29T15:08:12.315707Z,sun,39.759062,-104.62011683333333,1672.4,94.54099452808516,35.271017068961704,151873854.9505737,0.8138669729758583,-0.06463867308657165,0.5774447092499166
1806,2026-07-29T15:09:42.339151Z,sun,39.759062,-104.62011683333333,1672.4,94.7978378128045,35.55828021380576,151873811.33131713,0.8106738406348819,-0.06804337612419724,0.5815307584951214
1807,2026-07-29T15:11:12.362594Z,sun,39.759062,-104.62011683333333,1672.4,95.0557874290425,35.84543494268408,151873767.81473035,0.8074459509228887,-0.07143464194480681,0.5856006559665463
1808,2026-07-29T15:12:42.386038Z,sun,39.759062,-104.62011683333333,1672.4,95.31486800303617,36.13247494884833,151873724.40192765,0.8041834420047054,-0.07481232535240304,0.5896542271372527
1809,2026-07-29T15:14:12.409482Z,sun,39.759062,-104.62011683333333,1672.4,95.57510455810124,36.419393830487394,151873681.0940208,0.8008864536370067,-0.07817628161956929,0.5936912980437531
1810,2026-07-29T15:15:42.432925Z,sun,39.759062,-104.62011683333333,1672.4,95.8365225326125,36.70618509768312,151873637.89211693,0.7975551270565266,-0.08152636660733235,0.5977116954298741
1811,2026-07-29T15:17:12.456369Z,sun,39.759062,-104.62011683333333,1672.4,96.09914779842427,36.99284217927434,151873594.79731694,0.794189604861303,-0.08486243688227053,0.6017152468873049
1812,2026-07-29T15:18:42.479812Z,sun,39.759062,-104.62011683333333,1672.4,96.36300665038011,37.27935839781135,151873551.81071922,0.790790031264478,-0.0881843494626392,0.6057017805509384
1813,2026-07-29T15:20:12.503256Z,sun,39.759062,-104.62011683333333,1672.4,96.62812583972588,37.56572699219368,151873508.93341574,0.7873565517891414,-0.09149196212086773,0.6096711254619057
1814,2026-07-29T15:21:42.526700Z,sun,39.759062,-104.62011683333333,1672.4,96.89453256393169,37.85194109248968,151873466.16649482,0.78388931352542,-0.09478513313103967,0.6136231112645424
1815,2026-07-29T15:23:12.550143Z,sun,39.759062,-104.62011683333333,1672.4,97.16225448594005,38.1379937265087,151873423.51104036,0.780388465012604,-0.0980637213863654,0.6175575683473801
1816,2026-07-29T15:24:42.573587Z,sun,39.759062,-104.62011683333333,1672.4,97.43131975389709,38.423877826261354,151873380.96812987,0.7768541561144755,-0.10132758651373569,0.6214743279806234
1817,2026-07-29T15:26:12.597030Z,sun,39.759062,-104.62011683333333,1672.4,97.70175699127998,38.70958620258293,151873338.53883797,0.7732865382859667,-0.10457658862528034,0.6253732220180241
1818,2026-07-29T15:27:42.620474Z,sun,39.759062,-104.62011683333333,1672.4,97.97359533201777,38.99511156730721,151873296.2242325,0.7696857642526309,-0.10781058861438078,0.6292540832521186
1819,2026-07-29T15:29:12.643918Z,sun,39.759062,-104.62011683333333,1672.4,98.24686441094342,39.280446507724626,151873254.02537775,0.7660519882806351,-0.11102944790854731,0.6331167451176828
1820,2026-07-29T15:30:42.667361Z,sun,39.759062,-104.62011683333333,1672.4,98.52159438442695,39.56558349271256,151873211.94333315,0.7623853660528286,-0.11423302858446722,0.6369610418298084
1821,2026-07-29T15:32:12.690805Z,sun,39.759062,-104.62011683333333,1672.4,98.79781595152632,39.85051487872317,151873169.97915143,0.7586860545382927,-0.1174211934798721,0.6407868085181537
1822,2026-07-29T15:33:42.714249Z,sun,39.759062,-104.62011683333333,1672.4,99.07556034785148,40.13523288718326,151873128.13388202,0.7549542122299856,-0.12059380598591694,0.6445938809778083
1823,2026-07-29T15:35:12.737692Z,sun,39.759062,-104.62011683333333,1672.4,99.35485936706526,40.419729610312544,151873086.4085689,0.7511899990173785,-0.12375073016058172,0.648382095805393
1824,2026-07-29T15:36:42.761136Z,sun,39.759062,-104.62011683333333,1672.4,99.6357453829346,40.70399701679234,151873044.80424976,0.7473935760525918,-0.1268918308388913,0.652151290531325
1825,2026-07-29T15:38:12.784579Z,sun,39.759062,-104.62011683333333,1672.4,99.91825134049787,40.988026925753616,151873003.3219587,0.7435651060369965,-0.1300169733937489,0.6559013033328408
1826,2026-07-29T15:39:42.808023Z,sun,39.759062,-104.62011683333333,1672.4,100.20241079419777,41.27181102801991,151872961.96272287,0.7397047528769789,-0.1331260240207583,0.6596319733757847
1827,2026-07-29T15:41:12.831467Z,sun,39.759062,-104.62011683333333,1672.4,100.48825789939795,41.55534085989853,151872920.72756547,0.7358126819736378,-0.13621884950058954,0.6633431405294683
1828,2026-07-29T15:42:42.854910Z,sun,39.759062,-104.62011683333333,1672.4,100.77582743539965,41.83860780841768,151872879.6175045,0.7318890600897424,-0.1392953173096164,0.6670346454994422
1829,2026-07-29T15:44:12.878354Z,sun,39.759062,-104.62011683333333,1672.4,101.06515482905364,42.12160311639512,151872838.6335509,0.7279340552102829,-0.14235529572728575,0.6707063299563452
1830,2026-07-29T15:45:42.901797Z,sun,39.759062,-104.62011683333333,1672.4,101.35627614656127,42.404317855946786,151872797.7767123,0.7239478368411558,-0.14539865360307413,0.6743580362562785
1831,2026-07-29T15:47:12.925241Z,sun,39.759062,-104.62011683333333,1672.4,101.64922813364309,42.686742949024215,151872757.04798886,0.7199305756505461,-0.1484252606339573,0.6779896077737586
1832,2026-07-29T15:48:42.948685Z,sun,39.759062,-104.62011683333333,1672.4,101.94404820767768,42.96886914069643,151872716.44837672,0.7158824437706186,-0.15143498713296236,0.6816008886240149
1833,2026-07-29T15:50:12.972128Z,sun,39.759062,-104.62011683333333,1672.4,102.24077448228299,43.250687003717125,151872675.97886646,0.7118036146588873,-0.1544277041369646,0.6851917237923474
1834,2026-07-29T15:51:42.995572Z,sun,39.759062,-104.62011683333333,1672.4,102.5394457925253,43.53218694289518,151872635.64044154,0.7076942629533585,-0.15740328351107868,0.6887619592593901
1835,2026-07-29T15:53:13.019015Z,sun,39.759062,-104.62011683333333,1672.4,102.84010168727879,43.81335916804998,151872595.43408182,0.7035545647829897,-0.1603615977219728,0.6923114417291355
1836,2026-07-29T15:54:43.042459Z,sun,39.759062,-104.62011683333333,1672.4,103.1427824715016,44.094193713738775,151872555.36075956,0.699384697394954,-0.1633025201077744,0.6958400189527897
1837,2026-07-29T15:56:13.065903Z,sun,39.759062,-104.62011683333333,1672.4,103.44752919887868,44.37468041193733,151872515.42144254,0.6951848394682171,-0.1662259246529076,0.6993475394586265
1838,2026-07-29T15:57:43.089346Z,sun,39.759062,-104.62011683333333,1672.4,103.75438369795842,44.654808895840695,151872475.6170931,0.6909551709693533,-0.16913168609301452,0.7028338526778897
1839,2026-07-29T15:59:13.112790Z,sun,39.759062,-104.62011683333333,1672.4,104.06338859893727,44.93456860343725,151872435.94866604,0.6866958730022961,-0.17201968001634776,0.7062988090664515
1840,2026-07-29T16:00:43.136233Z,sun,39.759062,-104.62011683333333,1672.4,104.37458732640107,45.213948749812005,151872396.41711238,0.6824071281304861,-0.17488978264352215,0.7097422598405734
1841,2026-07-29T16:02:13.159677Z,sun,39.759062,-104.62011683333333,1672.4,104.68802414369584,45.49293834594132,151872357.0233754,0.6780891199903706,-0.17774187108958575,0.7131640572913486
1842,2026-07-29T16:03:43.183121Z,sun,39.759062,-104.62011683333333,1672.4,105.00374414588504,45.77152617069966,151872317.76839367,0.6737420336163426,-0.18057582314553178,0.7165640545225729
1843,2026-07-29T16:05:13.206564Z,sun,39.759062,-104.62011683333333,1672.4,105.32179328731823,46.04970077377253,151872278.65310004,0.6693660552912342,-0.18339151738016496,0.719942105572978
1844,2026-07-29T16:06:43.230008Z,sun,39.759062,-104.62011683333333,1672.4,105.64221840983244,46.327450478298424,151872239.67841977,0.6649613723911023,-0.18618883323820565,0.7232980655339383
1845,2026-07-29T16:08:13.253451Z,sun,39.759062,-104.62011683333333,1672.4,105.96506723561657,46.604763352457105,151872200.84527403,0.6605281737183121,-0.18896765082700095,0.7266317902935957
1846,2026-07-29T16:09:43.276895Z,sun,39.759062,-104.62011683333333,1672.4,106.29038841352077,46.88162722717897,151872162.15457606,0.6560666491019213,-0.19172785117031754,0.7299431368413495
1847,2026-07-29T16:11:13.300339Z,sun,39.759062,-104.62011683333333,1672.4,106.61823151197588,47.158029667387574,151872123.60723418,0.6515769897335926,-0.19446931599678355,0.7332319630140607
1848,2026-07-29T16:12:43.323782Z,sun,39.759062,-104.62011683333333,1672.4,106.94864704772115,47.43395797389702,151872085.2041508,0.6470593880129739,-0.1971919278385623,0.7364981276144476
1849,2026-07-29T16:14:13.347226Z,sun,39.759062,-104.62011683333333,1672.4,107.28168651512856,47.709399185004465,151872046.94622067,0.6425140373875333,-0.19989557012616826,0.7397414905248357
1850,2026-07-29T16:15:43.370669Z,sun,39.759062,-104.62011683333333,1672.4,107.61740237869839,47.98434004725669,151872008.83433402,0.637941132696397,-0.20258012698224367,0.7429619124597815
1851,2026-07-29T16:17:13.394113Z,sun,39.759062,-104.62011683333333,1672.4,107.9558481209899,48.25876703193661,151871970.86937308,0.6333408697579188,-0.2052454834668858,0.7461592552603816
1852,2026-07-29T16:18:43.417557Z,sun,39.759062,-104.62011683333333,1672.4,108.29707823492436,48.532666305443605,151871933.0522152,0.628713445716232,-0.20789152537322578,0.7493333816490603
1853,2026-07-29T16:20:13.441000Z,sun,39.759062,-104.62011683333333,1672.4,108.6411482531651,48.8060237300365,151871895.38373104,0.6240590588818288,-0.21051813932272623,0.7524841553439006
1854,2026-07-29T16:21:43.464444Z,sun,39.759062,-104.62011683333333,1672.4,108.98811477803376,49.07882486425993,151871857.86478403,0.6193779085663702,-0.21312521285674074,0.7556114411684871
1855,2026-07-29T16:23:13.487887Z,sun,39.759062,-104.62011683333333,1672.4,109.33803547287494,49.35105493278881,151871820.49623248,0.6146701954370044,-0.2157126342375271,0.7587151048132242
1856,2026-07-29T16:24:43.511331Z,sun,39.759062,-104.62011683333333,1672.4,109.69096911098981,49.62269884153179,151871783.27892685,0.6099361210917519,-0.2182802926847375,0.7617950131190234
1857,2026-07-29T16:26:13.534775Z,sun,39.759062,-104.62011683333333,1672.4,110.04697556644345,49.89374114706941,151871746.213712,0.6051758884161131,-0.22082807817847627,0.76485103384108
1858,2026-07-29T16:27:43.558218Z,sun,39.759062,-104.62011683333333,1672.4,110.40611584328413,50.164166056125026,151871709.30142677,0.6003897014188465,-0.22335588155121208,0.7678830357591379
1859,2026-07-29T16:29:13.581662Z,sun,39.759062,-104.62011683333333,1672.4,110.7684521051102,50.43395742466547,151871672.54290166,0.5955777650624676,-0.2258635945756843,0.7708908887829373
1860,2026-07-29T16:30:43.605105Z,sun,39.759062,-104.62011683333333,1672.4,111.13404766418661,50.70309872676423,151871635.93896243,0.5907402856272375,-0.22835110977360412,0.7738744637227755
1861,2026-07-29T16:32:13.628549Z,sun,39.759062,-104.62011683333333,1672.4,111.50296703037546,50.97157306817878,151871599.49042672,0.5858774702748378,-0.2308183206430482,0.7768336325622621
1862,2026-07-29T16:33:43.651993Z,sun,39.759062,-104.62011683333333,1672.4,111.87527589908815,51.239363154758784,151871563.19810638,0.5809895274148301,-0.23326512146910064,0.7797682682312086
1863,2026-07-29T16:35:13.675436Z,sun,39.759062,-104.62011683333333,1672.4,112.25104117905045,51.506451290531366,151871527.0628068,0.5760766665358159,-0.2356914074122816,0.782678244711708
1864,2026-07-29T16:36:43.698880Z,sun,39.759062,-104.62011683333333,1672.4,112.6303310201373,51.772819375381935,151871491.0853254,0.5711390980315373,-0.23809707459285637,0.7855634371392586
1865,2026-07-29T16:38:13.722324Z,sun,39.759062,-104.62011683333333,1672.4,113.01321480279131,52.03844887580591,151871455.2664537,0.5661770335192048,-0.24048201993362894,0.7884237216142312
1866,2026-07-29T16:39:43.745767Z,sun,39.759062,-104.62011683333333,1672.4,113.39976316403167,52.30332082212049,151871419.6069769,0.5611906856679872,-0.2428461412462302,0.7912589753053739
1867,2026-07-29T16:41:13.769211Z,sun,39.759062,-104.62011683333333,1672.4,113.79004802329898,52.5674158052572,151871384.10767177,0.5561802680225462,-0.24518933731323317,0.7940690765482977
1868,2026-07-29T16:42:43.792654Z,sun,39.759062,-104.62011683333333,1672.4,114.18414256409663,52.830713943923875,151871348.76930994,0.5511459953821921,-0.24751150770928965,0.796853904630985
1869,2026-07-29T16:44:13.816098Z,sun,39.759062,-104.62011683333333,1672.4,114.58212127936517,53.0931948955288,151871313.59265456,0.5460880833464898,-0.24981255301363864,0.7996133400486545
1870,2026-07-29T16:45:43.839542Z,sun,39.759062,-104.62011683333333,1672.4,114.98405995040773,53.35483782287162,151871278.57846293,0.541006748696803,-0.2520923746332281,0.8023472642916498
1871,2026-07-29T16:47:13.862985Z,sun,39.759062,-104.62011683333333,1672.4,115.39003566793079,53.615621389876544,151871243.72748536,0.5359022092203867,-0.2543508748854007,0.8050555599446166
1872,2026-07-29T16:48:43.886429Z,sun,39.759062,-104.62011683333333,1672.4,115.80012685236879,53.87552375688475,151871209.04046404,0.5307746835298466,-0.2565879570762593,0.8077381107804824
1873,2026-07-29T16:50:13.909872Z,sun,39.759062,-104.62011683333333,1672.4,116.21441322716151,54.134522546789256,151871174.5181357,0.5256243914512052,-0.2588035253298477,0.8103948015556326
1874,2026-07-29T16:51:43.933316Z,sun,39.759062,-104.62011683333333,1672.4,116.63297585832815,54.392594854245424,151871140.1612284,0.5204515535589671,-0.26099748479100177,0.8130255182531656
1875,2026-07-29T16:53:13.956760Z,sun,39.759062,-104.62011683333333,1672.4,117.0558971235297,54.649717211379624,151871105.97046414,0.5152563915663911,-0.26316974145659616,0.8156301478805513
1876,2026-07-29T16:54:43.980203Z,sun,39.759062,-104.62011683333333,1672.4,117.48326072463514,54.90586558208531,151871071.9465579,0.5100391281455172,-0.26532020225447744,0.818208578564295
1877,2026-07-29T16:56:14.003647Z,sun,39.759062,-104.62011683333333,1672.4,117.91515169879224,55.161015355889134,151871038.0902164,0.5047999867427029,-0.2674487751180128,0.8207606996393295
1878,2026-07-29T16:57:44.027090Z,sun,39.759062,-104.62011683333333,1672.4,118.35165637912219,55.41514131321847,151871004.4021405,0.4995391919752133,-0.26955536882348546,0.8232864014540661
1879,2026-07-29T16:59:14.050534Z,sun,39.759062,-104.62011683333333,1672.4,118.79286242434033,55.66821763300178,151870970.8830224,0.49425696915616185,-0.2716398931831075,0.8257855756018233
1880,2026-07-29T17:00:44.073978Z,sun,39.759062,-104.62011683333333,1672.4,119.23885877316812,55.920217857615796,151870937.5335482,0.48895354469320174,-0.2737022588845231,0.8282581147284116
1881,2026-07-29T17:02:14.097421Z,sun,39.759062,-104.62011683333333,1672.4,119.6897356435743,56.17111488594816,151870904.3543968,0.4836291459046129,-0.27574237756593467,0.8307039126222171
1882,2026-07-29T17:03:44.120865Z,sun,39.759062,-104.62011683333333,1672.4,120.1455845294297,56.4208809660742,151870871.34623834,0.47828400083112715,-0.27776016188674885,0.8331228642989085
1883,2026-07-29T17:05:14.144308Z,sun,39.759062,-104.62011683333333,1672.4,120.60649814289097,56.66948766000547,151870838.50973752,0.4729183386406534,-0.2797555253733472,0.8355148658165494
1884,2026-07-29T17:06:44.167752Z,sun,39.759062,-104.62011683333333,1672.4,121.07257042837588,56.91690584997968,151870805.84554976,0.46753238914345824,-0.281728382602107,0.8378798144950209
1885,2026-07-29T17:08:14.191196Z,sun,39.759062,-104.62011683333333,1672.4,121.54389649589335,57.16310570308761,151870773.35432452,0.4621263831990336,-0.2836786490472667,0.8402176087336528
1886,2026-07-29T17:09:44.214639Z,sun,39.759062,-104.62011683333333,1672.4,122.02057260041907,57.40805666353602,151870741.03670374,0.45670055252847525,-0.2856062411521485,0.8425281480966237
1887,2026-07-29T17:11:14.238083Z,sun,39.759062,-104.62011683333333,1672.4,122.50269611726272,57.65172744464153,151870708.89332062,0.45125512952245095,-0.28751107639595697,0.8448113333930329
1888,2026-07-29T17:12:44.261526Z,sun,39.759062,-104.62011683333333,1672.4,122.99036545856526,57.894085993677386,151870676.92480254,0.445790347654011,-0.28939307314794904,0.8470670665021169
1889,2026-07-29T17:14:14.284970Z,sun,39.759062,-104.62011683333333,1672.4,123.48368006408758,58.13509949744148,151870645.13176787,0.440306440984457,-0.29125215084028855,0.8492952505804484
1890,2026-07-29T17:15:44.308414Z,sun,39.759062,-104.62011683333333,1672.4,123.98274030513892,58.3747343473513,151870613.51482835,0.4348036445777823,-0.2930882298245034,0.8514957898898953
1891,2026-07-29T17:17:14.331857Z,sun,39.759062,-104.62011683333333,1672.4,124.48764743561557,58.61295613169003,151870582.07458848,0.4292821943094741,-0.2949012314387541,0.8536685898782673
1892,2026-07-29T17:18:44.355301Z,sun,39.759062,-104.62011683333333,1672.4,124.99850353715678,58.84972962775735,151870550.8116437,0.42374232667133527,-0.29669107807052125,0.8558135572544496
1893,2026-07-29T17:20:14.378744Z,sun,39.759062,-104.62011683333333,1672.4,125.51541140024933,59.08501876788397,151870519.7265836,0.4181842791913462,-0.2984576930195573,0.8579305998241687
1894,2026-07-29T17:21:44.402188Z,sun,39.759062,-104.62011683333333,1672.4,126.03847448224883,59.31878664527174,151870488.81998864,0.41260828993104925,-0.3002010006602723,0.8600196266846161
1895,2026-07-29T17:23:14.425632Z,sun,39.759062,-104.62011683333333,1672.4,126.5677967715457,59.55099548080401,151870458.0924325,0.4070145979070873,-0.3019209263069527,0.8620805480629311
1896,2026-07-29T17:24:44.449075Z,sun,39.759062,-104.62011683333333,1672.4,127.10348269978464,59.781606616540465,151870427.54448113,0.4014034428966725,-0.3036173962769877,0.8641132753919941
1897,2026-07-29T17:26:14.472519Z,sun,39.759062,-104.62011683333333,1672.4,127.64563704597565,60.010580509412016,151870397.17669207,0.39577506523930384,-0.3052903379494417,0.8661177213806103
1898,2026-07-29T17:27:44.495962Z,sun,39.759062,-104.62011683333333,1672.4,128.194364770699,60.237876699997514,151870366.98961613,0.39012970626342997,-0.3069396796368567,0.8680937998599193
1899,2026-07-29T17:29:14.519406Z,sun,39.759062,-104.62011683333333,1672.4,128.749770929983,60.46345382022656,151870336.98379532,0.3844676077757287,-0.3085653507370608,0.8700414259652945
1900,2026-07-29T17:30:44.542850Z,sun,39.759062,-104.62011683333333,1672.4,129.3119604875779,60.687269563773995,151870307.15976438,0.3787890124893954,-0.31016728160724627,0.8719605159854888
1901,2026-07-29T17:32:14.566293Z,sun,39.759062,-104.62011683333333,1672.4,129.88103817626111,60.90928068271772,151870277.51805088,0.37309416382651295,-0.3117454036230907,0.873850987433482
1902,2026-07-29T17:33:44.589737Z,sun,39.759062,-104.62011683333333,1672.4,130.45710834861416,61.12944298484501,151870248.059173,0.36738330571672284,-0.3132996492331887,0.8757127591116929
1903,2026-07-29T17:35:14.613181Z,sun,39.759062,-104.62011683333333,1672.4,131.0402747580851,61.347711309931626,151870218.7836424,0.36165668296660647,-0.314829951856694,0.8775457509893734
1904,2026-07-29T17:36:44.636624Z,sun,39.759062,-104.62011683333333,1672.4,131.63064038370635,61.56403952955606,151870189.6919627,0.3559145410600598,-0.3163362459400018,0.8793498842705295
1905,2026-07-29T17:38:14.660068Z,sun,39.759062,-104.62011683333333,1672.4,132.22830724280306,61.77838054788504,151870160.7846287,0.3501571259557244,-0.31781846700854055,0.8811250814559578
1906,2026-07-29T17:39:44.683511Z,sun,39.759062,-104.62011683333333,1672.4,132.83337612372162,61.990686280085676,151870132.06212857,0.34438468452323395,-0.3192765515531165,0.882871266207131
1907,2026-07-29T17:41:14.706955Z,sun,39.759062,-104.62011683333333,1672.4,133.4459464034569,62.20090766818374,151870103.5249411,0.33859746402115837,-0.32071043716431635,0.8845883635071815
1908,2026-07-29T17:42:44.730399Z,sun,39.759062,-104.62011683333333,1672.4,134.06611575064744,62.40899466312166,151870075.1735384,0.33279571253469675,-0.322120062421176,0.8862762995275802
1909,2026-07-29T17:44:14.753842Z,sun,39.759062,-104.62011683333333,1672.4,134.69397988011718,62.61489623251638,151870047.0083843,0.3269796787734714,-0.3235053669436052,0.8879350016909351
1910,2026-07-29T17:45:44.777286Z,sun,39.759062,-104.62011683333333,1672.4,135.3296322935654,62.818560370120125,151870019.02993378,0.3211496118663796,-0.3248662914399187,0.8895643987279097
1911,2026-07-29T17:47:14.800729Z,sun,39.759062,-104.62011683333333,1672.4,135.9731639343108,63.01993408488952,151869991.23863506,0.31530576180340164,-0.326202777602374,0.891164420552163
1912,2026-07-29T17:48:44.824173Z,sun,39.759062,-104.62011683333333,1672.4,136.62466293172255,63.218963426574554,151869963.63492727,0.30944837890696986,-0.32751476823057596,0.8927349984081058
1913,2026-07-29T17:50:14.847617Z,sun,39.759062,-104.62011683333333,1672.4,137.28421422344914,63.41559348017422,151869936.21924195,0.3035777142751107,-0.32880220712936536,0.8942760647486643
1914,2026-07-29T17:51:44.871060Z,sun,39.759062,-104.62011683333333,1672.4,137.95189923254708,63.60976838580436,151869908.99200287,0.2976940195766651,-0.3300650391569825,0.8957875532929601
1915,2026-07-29T17:53:14.894504Z,sun,39.759062,-104.62011683333333,1672.4,138.62779553035583,63.80143136115005,151869881.95362476,0.29179754684382375,-0.33130321026827914,0.8972693990780355
1916,2026-07-29T17:54:44.917947Z,sun,39.759062,-104.62011683333333,1672.4,139.3119764089189,63.99052470580917,151869855.10451543,0.28588854891905857,-0.33251666741955727,0.8987215383449685
1917,2026-07-29T17:56:14.941391Z,sun,39.759062,-104.62011683333333,1672.4,140.0045105502362,64.17698984115614,151869828.4450734,0.27996727892038054,-0.3337053586808575,0.9001439086732732
1918,2026-07-29T17:57:44.964835Z,sun,39.759062,-104.62011683333333,1672.4,140.70546156757538,64.36076732207728,151869801.9756898,0.27403399068959394,-0.334869233143151,0.9015364488698466
1919,2026-07-29T17:59:14.988278Z,sun,39.759062,-104.62011683333333,1672.4,141.41488760782255,64.54179687379437,151869775.69674772,0.2680889385850725,-0.3360082409622109,0.9028990990214854
1920,2026-07-29T18:00:45.011722Z,sun,39.759062,-104.62011683333333,1672.4,142.13284094194967,64.72001743222701,151869749.60862103,0.2621323772722236,-0.3371223333974556,0.9042318005413587
1921,2026-07-29T18:02:15.035165Z,sun,39.759062,-104.62011683333333,1672.4,142.85936746342892,64.89536716874353,151869723.71167687,0.2561645621750236,-0.33821146272619124,0.9055344960664329
1922,2026-07-29T18:03:45.058609Z,sun,39.759062,-104.62011683333333,1672.4,143.59450629432396,65.06778354920745,151869698.00627258,0.250185748935902,-0.33927558234463656,0.9068071295783297
1923,2026-07-29T18:05:15.082053Z,sun,39.759062,-104.62011683333333,1672.4,144.33828926118468,65.23720336814023,151869672.4927586,0.24419619386837646,-0.3403146466845689,0.9080496463036343
1924,2026-07-29T18:06:45.105496Z,sun,39.759062,-104.62011683333333,1672.4,145.09074044231718,65.40356280741784,151869647.1714767,0.23819615374778058,-0.3413286112528196,0.9092619927611542
1925,2026-07-29T18:08:15.128940Z,sun,39.759062,-104.62011683333333,1672.4,145.85187570989456,65.56679749936175,151869622.0427598,0.2321858855998341,-0.34231743266571024,0.9104441168031006
1926,2026-07-29T18:09:45.152383Z,sun,39.759062,-104.62011683333333,1672.4,146.62170218293326,65.72684257673217,151869597.10693356,0.2261656471563157,-0.3432810685727987,0.9115959675239258
1927,2026-07-29T18:11:15.175827Z,sun,39.759062,-104.62011683333333,1672.4,147.40021780393556,65.88363275533263,151869572.36431438,0.22013569631007718,-0.3442194777465409,0.9127174953675294
1928,2026-07-29T18:12:45.199271Z,sun,39.759062,-104.62011683333333,1672.4,148.18741078808023,66.03710239495975,151869547.81521088,0.2140962915716921,-0.3451326200084558,0.9138086520390075
1929,2026-07-29T18:14:15.222714Z,sun,39.759062,-104.62011683333333,1672.4,148.983259159696,66.18718558383486,151869523.4599237,0.20804769185828376,-0.3460204562642186,0.9148693905466193
1930,2026-07-29T18:15:45.246158Z,sun,39.759062,-104.62011683333333,1672.4,149.78773029587344,66.33381622787901,151869499.29874432,0.20199015628043993,-0.34688294853365587,0.9158996652376288
1931,2026-07-29T18:17:15.269601Z,sun,39.759062,-104.62011683333333,1672.4,150.60078038959466,66.47692812910982,151869475.33195648,0.19592394460158136,-0.34772005988406135,0.9168994317186488
1932,2026-07-29T18:18:45.293045Z,sun,39.759062,-104.62011683333333,1672.4,151.42235405843616,66.61645509415114,151869451.55983523,0.18984931668852734,-0.3485317545084255,0.9178686469491034
1933,2026-07-29T18:20:15.316489Z,sun,39.759062,-104.62011683333333,1672.4,152.2523838343763,66.75233102394965,151869427.98264742,0.18376653297186993,-0.34931799766117094,0.9188072691644797
1934,2026-07-29T18:21:45.339932Z,sun,39.759062,-104.62011683333333,1672.4,153.09078976264513,66.88449002503548,151869404.60065192,0.1776758542331652,-0.35007875568880176,0.919715257912956
1935,2026-07-29T18:23:15.363376Z,sun,39.759062,-104.62011683333333,1672.4,153.9374790256952,67.01286652528995,151869381.41409823,0.17157754139006381,-0.35081399605547053,0.9205925740859162
1936,2026-07-29T18:24:45.386819Z,sun,39.759062,-104.62011683333333,1672.4,154.79234550080935,67.13739538034967,151869358.4232285,0.16547185595920227,-0.3515236872858949,0.9214391798498398
1937,2026-07-29T18:26:15.410263Z,sun,39.759062,-104.62011683333333,1672.4,155.6552694901535,67.25801200639873,151869335.6282756,0.15935905950303578,-0.35220779903205385,0.9222550387258962
1938,2026-07-29T18:27:45.433707Z,sun,39.759062,-104.62011683333333,1672.4,156.52611734542285,67.37465249628424,151869313.02946448,0.15323941409305047,-0.35286630201861513,0.9230401155248488
1939,2026-07-29T18:29:15.457150Z,sun,39.759062,-104.62011683333333,1672.4,157.40474122719831,67.4872537539378,151869290.62701195,0.1471131820955711,-0.35349916806910364,0.9237943763782972
1940,2026-07-29T18:30:45.480594Z,sun,39.759062,-104.62011683333333,1672.4,158.2909789106855,67.59575363178321,151869268.42112544,0.14098062595586733,-0.3541063701269413,0.9245177887637498
1941,2026-07-29T18:32:15.504038Z,sun,39.759062,-104.62011683333333,1672.4,159.18465355220903,67.70009106040202,151869246.4120047,0.13484200859528062,-0.3546878822144221,0.9252103214557426
1942,2026-07-29T18:33:45.527481Z,sun,39.759062,-104.62011683333333,1672.4,160.08557359635296,67.80020619247746,151869224.59984124,0.12869759319616328,-0.3552436794561985,0.9258719445538549
1943,2026-07-29T18:35:15.550925Z,sun,39.759062,-104.62011683333333,1672.4,160.99353274175965,67.89604054815756,151869202.9848169,0.12254764298538011,-0.35577373809760227,0.9265026295045182
1944,2026-07-29T18:36:45.574368Z,sun,39.759062,-104.62011683333333,1672.4,161.9083098670982,67.98753715124897,151869181.5671066,0.1163924217011257,-0.356278035463152,0.9271023490516375
1945,2026-07-29T18:38:15.597812Z,sun,39.759062,-104.62011683333333,1672.4,162.82966917227648,68.07464068255878,151869160.34687525,0.11023219303495622,-0.35675655000464046,0.9276710772938276
1946,2026-07-29T18:39:45.621256Z,sun,39.759062,-104.62011683333333,1672.4,163.75736023530905,68.15729761773213,151869139.32428047,0.10406722109901884,-0.3572092612621323,0.9282087896380262
1947,2026-07-29T18:41:15.644699Z,sun,39.759062,-104.62011683333333,1672.4,164.6911182401929,68.23545637508816,151869118.49947122,0.09789777020992965,-0.357636149882932,0.9287154628220835
1948,2026-07-29T18:42:45.668143Z,sun,39.759062,-104.62011683333333,1672.4,165.63066427809372,68.3090674612685,151869097.872587,0.09172410467134771,-0.35803719763537206,0.9291910749311194
1949,2026-07-29T18:44:15.691586Z,sun,39.759062,-104.62011683333333,1672.4,166.5757056177515,68.37808360641615,151869077.44376013,0.08554648924289868,-0.3584123873770961,0.9296356053598985
1950,2026-07-29T18:45:45.715030Z,sun,39.759062,-104.62011683333333,1672.4,167.5259362067038,68.4424599088795,151869057.21311325,0.07936518857974553,-0.3587617030914622,0.9300490348560203
1951,2026-07-29T18:47:15.738474Z,sun,39.759062,-104.62011683333333,1672.4,168.48103709026424,68.50215396403256,151869037.18076134,0.07318046770182293,-0.359085129858325,0.9304313454852928
1952,2026-07-29T18:48:45.761917Z,sun,39.759062,-104.62011683333333,1672.4,169.4406770093929,68.55712599641717,151869017.34681073,0.06699259177661383,-0.359382653868483,0.9307825206488882
1953,2026-07-29T18:50:15.785361Z,sun,39.759062,-104.62011683333333,1672.4,170.40451307253966,68.60733898536402,151868997.71135852,0.06080182590151931,-0.3596542624328893,0.9311025450941994
1954,2026-07-29T18:51:45.808804Z,sun,39.759062,-104.62011683333333,1672.4,171.3721913916696,68.6527587784361,151868978.27449417,0.054608435573572006,-0.3598999439607925,0.9313914048890646
1955,2026-07-29T18:53:15.832248Z,sun,39.759062,-104.62011683333333,1672.4,172.3433479469952,68.69335420619646,151868959.03629804,0.048412686128088425,-0.3601196879843656,0.9316490874507989
1956,2026-07-29T18:54:45.855692Z,sun,39.759062,-104.62011683333333,1672.4,173.31760935590052,68.72909718077321,151868939.99684218,0.04221484320865507,-0.36031348513934014,0.9318755815234194
1957,2026-07-29T18:56:15.879135Z,sun,39.759062,-104.62011683333333,1672.4,174.29459380975922,68.75996279100137,151868921.15619028,0.03601517254951335,-0.3604813271748938,0.9320708771893133
1958,2026-07-29T18:57:45.902579Z,sun,39.759062,-104.62011683333333,1672.4,175.27391206713492,68.78592938704259,151868902.51439685,0.029813939757520325,-0.36062320695830186,0.9322349658746151
1959,2026-07-29T18:59:15.926022Z,sun,39.759062,-104.62011683333333,1672.4,176.25516838842094,68.80697865175442,151868884.07150874,0.023611410782736465,-0.36073911846292095,0.9323678403352635
1960,2026-07-29T19:00:45.949466Z,sun,39.759062,-104.62011683333333,1672.4,177.23796167740105,68.82309566584924,151868865.82756332,0.017407851356109765,-0.36082905678105426,0.9324694946718945
1961,2026-07-29T19:02:15.972910Z,sun,39.759062,-104.62011683333333,1672.4,178.22188649674837,68.83426895769435,151868847.7825901,0.011203527460212952,-0.36089301811443486,0.9325399243189014
1962,2026-07-29T19:03:45.996353Z,sun,39.759062,-104.62011683333333,1672.4,179.20653422228492,68.8404905441386,151868829.93661,0.004998705111223296,-0.3609309997795515,0.9325791260506233
1963,2026-07-29T19:05:16.019797Z,sun,39.759062,-104.62011683333333,1672.4,180.1914942197236,68.84175595833283,151868812.28963485,-0.0012063498592194525,-0.36094300020773473,0.9325870979812322
1964,2026-07-29T19:06:46.043240Z,sun,39.759062,-104.62011683333333,1672.4,181.17635492633732,68.83806426499865,151868794.8416686,-0.007411371333060651,-0.3609290189429966,0.9325638395626379
1965,2026-07-29T19:08:16.066684Z,sun,39.759062,-104.62011683333333,1672.4,182.16070510290135,68.82941806378268,151868777.59270602,-0.013616093468569122,-0.36088905664311827,0.9325093515852242
1966,2026-07-29T19:09:46.090128Z,sun,39.759062,-104.62011683333333,1672.4,183.14413491958825,68.8158234802481,151868760.54273376,-0.019820250229257968,-0.3608231150799925,0.9324236361787598
1967,2026-07-29T19:11:16.113571Z,sun,39.759062,-104.62011683333333,1672.4,184.12623714117797,68.79729014451648,151868743.69173005,-0.02602357560213097,-0.360731197140382,0.9323066968130965
1968,2026-07-29T19:12:46.137015Z,sun,39.759062,-104.62011683333333,1672.4,185.1066082938925,68.77383115677193,151868727.0396639,-0.032225803815695,-0.3606133068214404,0.9321585382925686
1969,2026-07-29T19:14:16.160458Z,sun,39.759062,-104.62011683333333,1672.4,186.08484969729543,68.74546304333228,151868710.58649656,-0.03842666886917282,-0.36046944923840885,0.9319791667657475
1970,2026-07-29T19:15:46.183902Z,sun,39.759062,-104.62011683333333,1672.4,187.0605686261308,68.7122056975522,151868694.33218002,-0.04462590509490745,-0.36029963061392767,0.9317685897120205
1971,2026-07-29T19:17:16.207346Z,sun,39.759062,-104.62011683333333,1672.4,188.03337926851293,68.67408231382791,151868678.2766582,-0.05082324668768401,-0.3601038582882337,0.9315268159543506
1972,2026-07-29T19:18:46.230789Z,sun,39.759062,-104.62011683333333,1672.4,189.00290374596693,68.63111930831825,151868662.41986665,-0.057018427922811796,-0.3598821407153554,0.9312538556544849
1973,2026-07-29T19:20:16.254233Z,sun,39.759062,-104.62011683333333,1672.4,189.96877307995723,68.58334622879475,151868646.76173154,-0.06321118337380559,-0.3596344874540682,0.9309497203018715
1974,2026-07-29T19:21:46.277676Z,sun,39.759062,-104.62011683333333,1672.4,190.93062799278178,68.53079566041907,151868631.30217144,-0.06940124744226327,-0.35936090918544306,0.9306144227352537
1975,2026-07-29T19:23:16.301120Z,sun,39.759062,-104.62011683333333,1672.4,191.88811980670351,68.47350311532149,151868616.04109564,-0.07558835491939526,-0.35906141769039285,0.9302479771151049
1976,2026-07-29T19:24:46.324564Z,sun,39.759062,-104.62011683333333,1672.4,192.84091111573656,68.41150692267422,151868600.97840545,-0.08177224051614368,-0.3587360258697148,0.929850398948225
1977,2026-07-29T19:26:16.348007Z,sun,39.759062,-104.62011683333333,1672.4,193.7886764948067,68.34484810641727,151868586.11399361,-0.08795263908093952,-0.358384747735723,0.9294217050774639
1978,2026-07-29T19:27:46.371451Z,sun,39.759062,-104.62011683333333,1672.4,194.73110313584527,68.27357025601283,151868571.4477438,-0.09412928581681113,-0.35800759839864993,0.9289619136651664
1979,2026-07-29T19:29:16.394895Z,sun,39.759062,-104.62011683333333,1672.4,195.6678913156779,68.19771939893056,151868556.9795317,-0.1003019158809325,-0.3576045940894127,0.9284710442209605
1980,2026-07-29T19:30:46.418338Z,sun,39.759062,-104.62011683333333,1672.4,196.59875488437842,68.11734386240406,151868542.7092246,-0.10647026460203768,-0.35717575214850855,0.9279491175882001
1981,2026-07-29T19:32:16.441782Z,sun,39.759062,-104.62011683333333,1672.4,197.523421677881,68.03249413084393,151868528.63668057,-0.11263406769727877,-0.3567210910096822,0.9273961559241157
1982,2026-07-29T19:33:46.465225Z,sun,39.759062,-104.62011683333333,1672.4,198.4416337534933,67.94322270997024,151868514.76175004,-0.11879306080372683,-0.35624063023322483,0.9268121827403418
1983,2026-07-29T19:35:16.488669Z,sun,39.759062,-104.62011683333333,1672.4,199.35314770702925,67.84958397529361,151868501.08427423,-0.12494698003787327,-0.35573439046470245,0.9261972228527366
1984,2026-07-29T19:36:46.512113Z,sun,39.759062,-104.62011683333333,1672.4,200.25773476504185,67.75163403404339,151868487.60408625,-0.13109556152760354,-0.35520239347074123,0.9255513024248948
1985,2026-07-29T19:38:16.535556Z,sun,39.759062,-104.62011683333333,1672.4,201.15518091091707,67.6494305773717,151868474.32101098,-0.13723854162906537,-0.3546446621233703,0.9248744489491143
1986,2026-07-29T19:39:46.559000Z,sun,39.759062,-104.62011683333333,1672.4,202.0452869436953,67.54303273228923,151868461.23486406,-0.14337565714253805,-0.3540612203791586,0.9241666912211056
1987,2026-07-29T19:41:16.582443Z,sun,39.759062,-104.62011683333333,1672.4,202.92786837504593,67.43250092657664,151868448.34545338,-0.14950664484613915,-0.35345209332228233,0.9234280593922555
1988,2026-07-29T19:42:46.605887Z,sun,39.759062,-104.62011683333333,1672.4,203.80275541580872,67.31789673811231,151868435.652578,-0.15563124205242176,-0.352817307111609,0.922658584905453
1989,2026-07-29T19:44:16.629331Z,sun,39.759062,-104.62011683333333,1672.4,204.66979275937413,67.19928276465185,151868423.1560287,-0.16174918614288805,-0.3521568890262141,0.9218583005503026
1990,2026-07-29T19:45:46.652774Z,sun,39.759062,-104.62011683333333,1672.4,205.5288394124574,67.07672248471225,151868410.8555879,-0.1678602147837234,-0.35147086744521805,0.9210272404386681
1991,2026-07-29T19:47:16.676218Z,sun,39.759062,-104.62011683333333,1672.4,206.37976847736462,66.9502801211936,151868398.75102916,-0.17396406614050927,-0.35075927182240957,0.9201654399739612
1992,2026-07-29T19:48:46.699661Z,sun,39.759062,-104.62011683333333,1672.4,207.22246679674598,66.82002052289886,151868386.8421183,-0.18006047841441183,-0.35002213273904853,0.9192729359151073
1993,2026-07-29T19:50:16.723105Z,sun,39.759062,-104.62011683333333,1672.4,208.05683470221138,66.68600902952683,151868375.12861204,-0.18614919039575045,-0.34925948183932926,0.9183497662984021
1994,2026-07-29T19:51:46.746549Z,sun,39.759062,-104.62011683333333,1672.4,208.88278558762627,66.54831136257671,151868363.61025906,-0.19222994100109986,-0.34847135188561723,0.9173959705044077
1995,2026-07-29T19:53:16.769992Z,sun,39.759062,-104.62011683333333,1672.4,209.70024554692517,66.40699350700481,151868352.2867998,-0.19830246948785507,-0.3476577767337818,0.9164115892280839
1996,2026-07-29T19:54:46.793436Z,sun,39.759062,-104.62011683333333,1672.4,210.50915298480035,66.26212159727082,151868341.1579659,-0.20436651566763334,-0.3468187913033254,0.9153966644426729
1997,2026-07-29T19:56:16.816879Z,sun,39.759062,-104.62011683333333,1672.4,211.30945811572556,66.11376182467738,151868330.2234811,-0.2104218194451807,-0.3459544316398987,0.9143512394753421
1998,2026-07-29T19:57:46.840323Z,sun,39.759062,-104.62011683333333,1672.4,212.10112258072138,65.96198032615594,151868319.48306045,-0.2164681213686408,-0.34506473483916883,0.9132753589151005
1999,2026-07-29T19:59:16.863767Z,sun,39.759062,-104.62011683333333,1672.4,212.88411891589632,65.80684310286172,151868308.9364106,-0.22250516216947833,-0.3441497391117534,0.9121690686913508
2000,2026-07-29T20:00:46.887210Z,sun,39.759062,-104.62011683333333,1672.4,213.65843010026688,65.6484159280738,151868298.58323035,-0.22853268297589494,-0.34320948375403804,0.9110324160385984
2001,2026-07-29T20:02:16.910654Z,sun,39.759062,-104.62011683333333,1672.4,214.4240490948053,65.48676425994897,151868288.42320958,-0.2345504255242508,-0.3422440091139081,0.9098654494550455
2002,2026-07-29T20:03:46.934097Z,sun,39.759062,-104.62011683333333,1672.4,215.18097829221287,65.32195317761003,151868278.4560303,-0.24055813170186952,-0.3412533566628139,0.9086682187897123
2003,2026-07-29T20:05:16.957541Z,sun,39.759062,-104.62011683333333,1672.4,215.92922909351856,65.15404729589055,151868268.68136615,-0.24655554409269786,-0.34023756890822227,0.9074407751366347
2004,2026-07-29T20:06:46.980985Z,sun,39.759062,-104.62011683333333,1672.4,216.66882135902,64.9831107124855,151868259.09888223,-0.25254240552107043,-0.3391966894681066,0.9061831709249009
2005,2026-07-29T20:08:17.004428Z,sun,39.759062,-104.62011683333333,1672.4,217.39978294773385,64.80920694224794,151868249.70823595,-0.2585184592634018,-0.3381307630373306,0.9048954598780289
2006,2026-07-29T20:09:47.027872Z,sun,39.759062,-104.62011683333333,1672.4,218.12214926100154,64.63239885595104,151868240.50907564,-0.2644834492577628,-0.3370398353489679,0.9035776969672598
2007,2026-07-29T20:11:17.051315Z,sun,39.759062,-104.62011683333333,1672.4,218.83596271334537,64.45274864351175,151868231.50104228,-0.2704371196506184,-0.33592395325589886,0.9022299385101371
2008,2026-07-29T20:12:47.074759Z,sun,39.759062,-104.62011683333333,1672.4,219.5412723334886,64.27031775265947,151868222.6837679,-0.27637921533772286,-0.33478316463188745,0.9008522420510275
2009,2026-07-29T20:14:17.098203Z,sun,39.759062,-104.62011683333333,1672.4,220.2381332563007,64.08516686176486,151868214.05687675,-0.2823094815119272,-0.3336175184555814,0.8994446664625938
2010,2026-07-29T20:15:47.121646Z,sun,39.759062,-104.62011683333333,1672.4,220.92660630673112,63.897355837312276,151868205.61998513,-0.28822766387305016,-0.332427064772483,0.8980072718998635
2011,2026-07-29T20:17:17.145090Z,sun,39.759062,-104.62011683333333,1672.4,221.60675759514226,63.7069436950124,151868197.37270033,-0.29413350883535405,-0.33121185465190084,0.8965401197482747
2012,2026-07-29T20:18:47.168533Z,sun,39.759062,-104.62011683333333,1672.4,222.2786580507733,63.51398858596356,151868189.31462234,-0.30002676307866755,-0.32997194027800114,0.8950432727336195
2013,2026-07-29T20:20:17.191977Z,sun,39.759062,-104.62011683333333,1672.4,222.94238308356785,63.31854775499969,151868181.44534248,-0.3059071740840976,-0.32870737483957574,0.8935167947889711
2014,2026-07-29T20:21:47.215421Z,sun,39.759062,-104.62011683333333,1672.4,223.59801214820087,63.12067753447165,151868173.76444426,-0.31177448968607796,-0.3274182126235312,0.8919607511675599
2015,2026-07-29T20:23:17.238864Z,sun,39.759062,-104.62011683333333,1672.4,224.24562839894978,62.92043332014405,151868166.27150306,-0.3176284582804439,-0.32610450897242516,0.8903752083915195
2016,2026-07-29T20:24:47.262308Z,sun,39.759062,-104.62011683333333,1672.4,224.88531835868298,62.717869549787515,151868158.966086,-0.32346882902947,-0.32476632023712976,0.8887602341947672
2017,2026-07-29T20:26:17.285751Z,sun,39.759062,-104.62011683333333,1672.4,225.51717153248387,62.513039707158896,151868151.8477522,-0.3292953514179595,-0.3234037038772119,0.887115897644171
2018,2026-07-29T20:27:47.309195Z,sun,39.759062,-104.62011683333333,1672.4,226.14128014418486,62.30599629512859,151868144.91605294,-0.3351077757829189,-0.32201671833957335,0.885442268993093
2019,2026-07-29T20:29:17.332639Z,sun,39.759062,-104.62011683333333,1672.4,226.7577387825797,62.096790845253906,151868138.17053124,-0.34090585287076464,-0.32060542316123486,0.8837394198054436
2020,2026-07-29T20:30:47.356082Z,sun,39.759062,-104.62011683333333,1672.4,227.36664413417722,61.88547390716173,151868131.61072227,-0.34668933404303703,-0.3191698789225574,0.8820074228992382
2021,2026-07-29T20:32:17.379526Z,sun,39.759062,-104.62011683333333,1672.4,227.96809472990418,61.67209503972926,151868125.23615298,-0.3524579714789149,-0.3177101471956354,0.8802463522843456
2022,2026-07-29T20:33:47.402970Z,sun,39.759062,-104.62011683333333,1672.4,228.56219064657765,61.456702825537235,151868119.04634258,-0.35821151780051136,-0.31622629063730057,0.8784562832747156
2023,2026-07-29T20:35:17.426413Z,sun,39.759062,-104.62011683333333,1672.4,229.14903328449145,61.23934486618561,151868113.0408024,-0.36394972627691785,-0.31471837293982047,0.8766372924288977
2024,2026-07-29T20:36:47.449857Z,sun,39.759062,-104.62011683333333,1672.4,229.72872515804377,61.02006777893214,151868107.21903569,-0.369672351025189,-0.3131864587767271,0.8747894574847155
2025,2026-07-29T20:38:17.473300Z,sun,39.759062,-104.62011683333333,1672.4,230.3013696358563,60.798917219196035,151868101.5805378,-0.375379146575263,-0.3116306139179312,0.8729128574981356
2026,2026-07-29T20:39:47.496744Z,sun,39.759062,-104.62011683333333,1672.4,230.86707079146643,60.57593786806485,151868096.12479615,-0.3810698683888743,-0.3100509050908114,0.8710075726757229
2027,2026-07-29T20:41:17.520188Z,sun,39.759062,-104.62011683333333,1672.4,231.42593317097794,60.351173457714076,151868090.85129043,-0.3867442724259841,-0.30844740009763727,0.869073684516281
2028,2026-07-29T20:42:47.543631Z,sun,39.759062,-104.62011683333333,1672.4,231.97806163752622,60.12466677357824,151868085.75949264,-0.39240211534614783,-0.30682016776202553,0.8671112757462857
2029,2026-07-29T20:44:17.567075Z,sun,39.759062,-104.62011683333333,1672.4,232.5235612265817,59.896459657202584,151868080.84886658,-0.3980431547068055,-0.3051692778705428,0.8651204302494685
2030,2026-07-29T20:45:47.590518Z,sun,39.759062,-104.62011683333333,1672.4,233.06253695208358,59.66659303534191,151868076.1188686,-0.4036671485339256,-0.3034948012969819,0.8631012332167038
2031,2026-07-29T20:47:17.613962Z,sun,39.759062,-104.62011683333333,1672.4,233.59509371503157,59.43510691192125,151868071.56894705,-0.40927385583404513,-0.3017968098525106,0.8610537709653102
2032,2026-07-29T20:48:47.637406Z,sun,39.759062,-104.62011683333333,1672.4,234.12133613208948,59.20204039885649,151868067.19854274,-0.4148630361665341,-0.30007537641222554,0.8589781310916746
2033,2026-07-29T20:50:17.660849Z,sun,39.759062,-104.62011683333333,1672.4,234.6413684347384,58.96743172208235,151868063.0070886,-0.420434449842336,-0.2983305748573633,0.8568744024015699
2034,2026-07-29T20:51:47.684293Z,sun,39.759062,-104.62011683333333,1672.4,235.15529437678214,58.73131822782153,151868058.99400994,-0.42598785811894024,-0.29656248001284397,0.8547426748348705
2035,2026-07-29T20:53:17.707736Z,sun,39.759062,-104.62011683333333,1672.4,235.66321709373187,58.493736415493096,151868055.15872437,-0.4315230227780318,-0.2947711677803441,0.8525830396260076
2036,2026-07-29T20:54:47.731180Z,sun,39.759062,-104.62011683333333,1672.4,236.16523905676402,58.25472193176001,151868051.50064182,-0.43703970662905667,-0.2929567149779708,0.8503955891106821
2037,2026-07-29T20:56:17.754624Z,sun,39.759062,-104.62011683333333,1672.4,236.66146194954558,58.01430960430259,151868048.01916492,-0.44253767308861247,-0.29111919947557297,0.8481804168890119
2038,2026-07-29T20:57:47.778067Z,sun,39.759062,-104.62011683333333,1672.4,237.1519866096418,57.77253344957944,151868044.71368808,-0.4480166863759306,-0.28925870013287835,0.8459376177509595
2039,2026-07-29T20:59:17.801511Z,sun,39.759062,-104.62011683333333,1672.4,237.63691297603845,57.52942668051038,151868041.5835987,-0.45347651170458664,-0.28737529673298245,0.843667287596165
2040,2026-07-29T21:00:47.824954Z,sun,39.759062,-104.62011683333333,1672.4,238.11633998947764,57.28502174126406,151868038.6282765,-0.45891691486719205,-0.28546907012418826,0.8413695236049435
2041,2026-07-29T21:02:17.848398Z,sun,39.759062,-104.62011683333333,1672.4,238.59036558028214,57.039350301717306,151868035.84709346,-0.46433766273047117,-0.2835401020492244,0.8390444240324338
2042,2026-07-29T21:03:47.871842Z,sun,39.759062,-104.62011683333333,1672.4,239.05908658169855,56.792443292527125,151868033.2394144,-0.4697385228218182,-0.2815884752892903,0.8366920883822369
2043,2026-07-29T21:05:17.895285Z,sun,39.759062,-104.62011683333333,1672.4,239.52259870254056,56.5443309131742,151868030.80459645,-0.4751192635214878,-0.27961427359814,0.8343126173269727
2044,2026-07-29T21:06:47.918729Z,sun,39.759062,-104.62011683333333,1672.4,239.98099650405598,56.29504263973145,151868028.5419894,-0.48047965425086975,-0.27761758163156075,0.8319061126232986
2045,2026-07-29T21:08:17.942172Z,sun,39.759062,-104.62011683333333,1672.4,240.43437333063022,56.044607260235125,151868026.4509356,-0.48581946506449286,-0.27559848509790213,0.8294726772933462
2046,2026-07-29T21:09:47.965616Z,sun,39.759062,-104.62011683333333,1672.4,240.88282132173657,55.79305286848422,151868024.53076997,-0.4911384671363313,-0.27355707057692974,0.8270124154064095
2047,2026-07-29T21:11:17.989060Z,sun,39.759062,-104.62011683333333,1672.4,241.3264313520091,55.54040689932793,151868022.78082025,-0.4964364323537533,-0.27149342567252366,0.8245254322629928
2048,2026-07-29T21:12:48.012503Z,sun,39.759062,-104.62011683333333,1672.4,241.76529302604325,55.28669613607568,151868021.20040685,-0.5017131335063563,-0.26940763894272957,0.8220118343105147
2049,2026-07-29T21:14:18.035947Z,sun,39.759062,-104.62011683333333,1672.4,242.19949467590286,55.03194671753576,151868019.78884256,-0.5069683444704189,-0.2672997998253764,0.819471729053685
2050,2026-07-29T21:15:48.059390Z,sun,39.759062,-104.62011683333333,1672.4,242.62912331367892,54.776184173131334,151868018.54543337,-0.5122018398090189,-0.26516999879699277,0.816905225246025
2051,2026-07-29T21:17:18.082834Z,sun,39.759062,-104.62011683333333,1672.4,243.05426465977146,54.51943341543945,151868017.46947762,-0.5174133952485573,-0.26301832718167156,0.8143124326595508
2052,2026-07-29T21:18:48.106278Z,sun,39.759062,-104.62011683333333,1672.4,243.47500310198288,54.261718775003615,151868016.56026673,-0.5226027872809552,-0.2608448773121071,0.8116934622788387
2053,2026-07-29T21:20:18.129721Z,sun,39.759062,-104.62011683333333,1672.4,243.89142170535553,54.003064006597995,151868015.81708497,-0.5277697933486881,-0.2586497424557745,0.8090484262120806
2054,2026-07-29T21:21:48.153165Z,sun,39.759062,-104.62011683333333,1672.4,244.30360222360326,53.74349229506374,151868015.23920923,-0.5329141920253696,-0.25643301673671054,0.8063774375968473
2055,2026-07-29T21:23:18.176608Z,sun,39.759062,-104.62011683333333,1672.4,244.7116250669057,53.483026289700014,151868014.82590953,-0.5380357626242197,-0.2541947953027179,0.8036806108015694
2056,2026-07-29T21:24:48.200052Z,sun,39.759062,-104.62011683333333,1672.4,245.11556934065806,53.221688095213075,151868014.5764485,-0.5431342856645356,-0.251935174124358,0.8009580611833581
2057,2026-07-29T21:26:18.223496Z,sun,39.759062,-104.62011683333333,1672.4,245.51551281766683,52.95949930568859,151868014.49008217,-0.5482095424823542,-0.24965425016423254,0.7982099052919743
2058,2026-07-29T21:27:48.246939Z,sun,39.759062,-104.62011683333333,1672.4,245.91153195770804,52.696481009444774,151868014.56605926,-0.5532613154116147,-0.2473521212993191,0.7954362607762715
2059,2026-07-29T21:29:18.270383Z,sun,39.759062,-104.62011683333333,1672.4,246.30370192786225,52.432653793448615,151868014.8036215,-0.5582893879606239,-0.2450288862390241,0.7926372462854716
2060,2026-07-29T21:30:48.293827Z,sun,39.759062,-104.62011683333333,1672.4,246.6920965849037,52.16803777379267,151868015.20200372,-0.563293544484745,-0.24268464467433848,0.7898129816488855
2061,2026-07-29T21:32:18.317270Z,sun,39.759062,-104.62011683333333,1672.4,247.07678849875072,51.9026525996531,151868015.76043394,-0.5682735703651196,-0.24031949719792994,0.7869635877796466
2062,2026-07-29T21:33:48.340714Z,sun,39.759062,-104.62011683333333,1672.4,247.45784897633524,51.63651745681295,151868016.47813314,-0.5732292521826486,-0.23793354521995702,0.7840891865733032
2063,2026-07-29T21:35:18.364157Z,sun,39.759062,-104.62011683333333,1672.4,247.8353480440765,51.369651100453424,151868017.3543156,-0.5781603773405857,-0.23552689114820666,0.7811899011248497
2064,2026-07-29T21:36:48.387601Z,sun,39.759062,-104.62011683333333,1672.4,248.20935449497432,51.10207184336477,151868018.38818857,-0.5830667345140575,-0.2330996381716711,0.7782658554680075
2065,2026-07-29T21:38:18.411045Z,sun,39.759062,-104.62011683333333,1672.4,248.57993587320965,50.833797588271416,151868019.57895276,-0.5879481132749372,-0.2306518904427211,0.7753171747947033
2066,2026-07-29T21:39:48.434488Z,sun,39.759062,-104.62011683333333,1672.4,248.9471585017038,50.564845830287034,151868020.9258019,-0.5928043042665612,-0.228183752993408,0.7723439853542473
2067,2026-07-29T21:41:18.457932Z,sun,39.759062,-104.62011683333333,1672.4,249.31108750962466,50.29523365897562,151868022.42792326,-0.5976350993731657,-0.22569533164775107,0.7693464143476838
2068,2026-07-29T21:42:48.481375Z,sun,39.759062,-104.62011683333333,1672.4,249.67178681994912,50.02497779006401,151868024.08449712,-0.6024402913520135,-0.2231867332096264,0.7663245901541436
2069,2026-07-29T21:44:18.504819Z,sun,39.759062,-104.62011683333333,1672.4,250.0293191983141,49.754094552008866,151868025.8946974,-0.607219674271525,-0.22065806523707962,0.7632786420589874
2070,2026-07-29T21:45:48.528263Z,sun,39.759062,-104.62011683333333,1672.4,250.38374624180693,49.48259991726038,151868027.85769144,-0.6119730431457098,-0.21810943623224407,0.7602087004825925
2071,2026-07-29T21:47:18.551706Z,sun,39.759062,-104.62011683333333,1672.4,250.73512840843588,49.21050950328928,151868029.97263953,-0.6167001941044864,-0.21554095555403796,0.7571148968751976
2072,2026-07-29T21:48:48.575150Z,sun,39.759062,-104.62011683333333,1672.4,251.08352504626106,48.93783857325089,151868032.23869598,-0.6214009245585504,-0.2129527333269401,0.753997363607038
2073,2026-07-29T21:50:18.598593Z,sun,39.759062,-104.62011683333333,1672.4,251.42899438398567,48.66460206666134,151868034.6550084,-0.6260750328413137,-0.210344880636489,0.7508562342038382
2074,2026-07-29T21:51:48.622037Z,sun,39.759062,-104.62011683333333,1672.4,251.77159357993224,48.390814584432626,151868037.22071782,-0.6307223186352434,-0.2077175092945427,0.7476916430640735
2075,2026-07-29T21:53:18.645481Z,sun,39.759062,-104.62011683333333,1672.4,252.1113787132524,48.11649041913111,151868039.93495902,-0.6353425826162131,-0.2050707320367443,0.7445037256968391
2076,2026-07-29T21:54:48.668924Z,sun,39.759062,-104.62011683333333,1672.4,252.44840481384404,47.84164355468317,151868042.79686022,-0.6399356266192415,-0.20240466243171867,0.7412926186124753
2077,2026-07-29T21:56:18.692368Z,sun,39.759062,-104.62011683333333,1672.4,252.78272589176387,47.566287665745776,151868045.80554342,-0.6445012537987365,-0.19971941478636104,0.738058459208517
2078,2026-07-29T21:57:48.715811Z,sun,39.759062,-104.62011683333333,1672.4,253.11439492942367,47.29043614743872,151868048.9601242,-0.6490392682803302,-0.19701510434891067,0.7348013860142899
2079,2026-07-29T21:59:18.739255Z,sun,39.759062,-104.62011683333333,1672.4,253.443463929662,47.014102098968166,151868052.25971198,-0.6535494755753128,-0.19429184706520491,0.7315215383973492
2080,2026-07-29T22:00:48.762699Z,sun,39.759062,-104.62011683333333,1672.4,253.76998390816195,46.73729835297226,151868055.70341003,-0.658031682235111,-0.19154975978359529,0.7282190568102959
2081,2026-07-29T22:02:18.786142Z,sun,39.759062,-104.62011683333333,1672.4,254.0940049228724,46.46003747403032,151868059.29031494,-0.6624856960123051,-0.18878896016070065,0.7248940826772785
2082,2026-07-29T22:03:48.809586Z,sun,39.759062,-104.62011683333333,1672.4,254.41557610281743,46.18233175688079,151868063.01951772,-0.6669113260158444,-0.18600956656346299,0.7215467582760391
2083,2026-07-29T22:05:18.833029Z,sun,39.759062,-104.62011683333333,1672.4,254.73474564100857,45.904193255263195,151868066.89010283,-0.671308382373779,-0.18321169827919845,0.7181772269909092
2084,2026-07-29T22:06:48.856473Z,sun,39.759062,-104.62011683333333,1672.4,255.05156084091576,45.62563376432576,151868070.9011491,-0.6756766766345692,-0.18039547526357352,0.7147856330092912
2085,2026-07-29T22:08:18.879917Z,sun,39.759062,-104.62011683333333,1672.4,255.3660681093406,45.34666484912174,151868075.05172873,-0.6800160214325677,-0.17756101835243504,0.7113721215767932
2086,2026-07-29T22:09:48.903360Z,sun,39.759062,-104.62011683333333,1672.4,255.67831298474874,45.06729784206255,151868079.34090835,-0.6843262306439909,-0.17470844916433825,0.707936838879839
2087,2026-07-29T22:11:18.926804Z,sun,39.759062,-104.62011683333333,1672.4,255.98834016496133,44.78754384010749,151868083.76774853,-0.6886071195370432,-0.17183788999938468,0.7044799319238665
2088,2026-07-29T22:12:48.950247Z,sun,39.759062,-104.62011683333333,1672.4,256.2961935001543,44.507413732829605,151868088.3313038,-0.692858504445603,-0.168949464056226,0.7010015487946629
2089,2026-07-29T22:14:18.973691Z,sun,39.759062,-104.62011683333333,1672.4,256.60191603741015,44.2269181837282,151868093.03062296,-0.6970802031574028,-0.16604329517176708,0.6975018383449146
2090,2026-07-29T22:15:48.997135Z,sun,39.759062,-104.62011683333333,1672.4,256.9055500135178,43.94606765799117,151868097.8647489,-0.701272034590542,-0.16311950803989303,0.6939809504576224
2091,2026-07-29T22:17:19.020578Z,sun,39.759062,-104.62011683333333,1672.4,257.2071368819009,43.66487241901329,151868102.83271864,-0.705433818944365,-0.16017822811078986,0.6904390359248647
2092,2026-07-29T22:18:49.044022Z,sun,39.759062,-104.62011683333333,1672.4,257.5067173389046,43.38334252467768,151868107.93356353,-0.7095653778444035,-0.15721958148664145,0.6868762463222136
2093,2026-07-29T22:20:19.067465Z,sun,39.759062,-104.62011683333333,1672.4,257.80433131649653,43.101487854751966,151868113.16630915,-0.7136665340271832,-0.15424369514546746,0.6832927342782884
2094,2026-07-29T22:21:49.090909Z,sun,39.759062,-104.62011683333333,1672.4,258.10001802475836,42.81931809122869,151868118.52997547,-0.7177371117150736,-0.15125069667268579,0.679688653151523
2095,2026-07-29T22:23:19.114353Z,sun,39.759062,-104.62011683333333,1672.4,258.3938159442962,42.53684274545572,151868124.02357683,-0.7217769363040167,-0.1482407144866182,0.6760641573017196
2096,2026-07-29T22:24:49.137796Z,sun,39.759062,-104.62011683333333,1672.4,258.68576285161805,42.254071153832065,151868129.64612174,-0.7257858345092517,-0.1452138777346365,0.6724194019650082
2097,2026-07-29T22:26:19.161240Z,sun,39.759062,-104.62011683333333,1672.4,258.9758958438739,41.971012473308754,151868135.39661348,-0.7297636345047537,-0.14217031618594944,0.6687545431247548
2098,2026-07-29T22:27:49.184684Z,sun,39.759062,-104.62011683333333,1672.4,259.26425133425755,41.687675705031744,151868141.2740497,-0.7337101656634837,-0.13911016042772237,0.6650697377477318
2099,2026-07-29T22:29:19.208127Z,sun,39.759062,-104.62011683333333,1672.4,259.5508650764194,41.404069689604874,151868147.27742243,-0.7376252586998265,-0.13603354175946616,0.6613651436569588
2100,2026-07-29T22:30:49.231571Z,sun,39.759062,-104.62011683333333,1672.4,259.8357721882661,41.120203102169945,151868153.40571868,-0.7415087458057171,-0.13294059208408487,0.6576409194005232
2101,2026-07-29T22:32:19.255014Z,sun,39.759062,-104.62011683333333,1672.4,260.119007143809,40.83608447887905,151868159.65791956,-0.7453604603543715,-0.1298314441418398,0.6538972245333082
2102,2026-07-29T22:33:49.278458Z,sun,39.759062,-104.62011683333333,1672.4,260.40060381230256,40.55172219597359,151868166.03300127,-0.749180237252443,-0.12670623122987584,0.6501342192792919
2103,2026-07-29T22:35:19.301902Z,sun,39.759062,-104.62011683333333,1672.4,260.68059544974625,40.267124496045795,151868172.52993447,-0.7529679126467939,-0.12356508743776387,0.6463520648151656
2104,2026-07-29T22:36:49.325345Z,sun,39.759062,-104.62011683333333,1672.4,260.9590147217126,39.982299482652635,151868179.14768463,-0.7567233240614535,-0.12040814753895182,0.6425509231396549
2105,2026-07-29T22:38:19.348789Z,sun,39.759062,-104.62011683333333,1672.4,261.23589372559803,39.69725511477298,151868185.88521218,-0.760446310528092,-0.11723554687902932,0.638730956938982
2106,2026-07-29T22:39:49.372232Z,sun,39.759062,-104.62011683333333,1672.4,261.5112639818256,39.41199923280635,151868192.74147204,-0.7641367123018943,-0.11404742161576056,0.6348923298759003
2107,2026-07-29T22:41:19.395676Z,sun,39.759062,-104.62011683333333,1672.4,261.7851564709965,39.126539536997164,151868199.71541443,-0.7677943711991531,-0.11084390843140139,0.6310352062433192
2108,2026-07-29T22:42:49.419120Z,sun,39.759062,-104.62011683333333,1672.4,262.057601624745,38.84088361325028,151868206.8059843,-0.7714191303162772,-0.10762514477423533,0.6271597512551356
2109,2026-07-29T22:44:19.442563Z,sun,39.759062,-104.62011683333333,1672.4,262.328629347039,38.555038927189415,151868214.01212144,-0.7750108341610772,-0.10439126874726218,0.6232661309122197
2110,2026-07-29T22:45:49.466007Z,sun,39.759062,-104.62011683333333,1672.4,262.59826903495883,38.269012818069335,151868221.33276087,-0.7785693287775678,-0.10114241899366667,0.6193545118645356
2111,2026-07-29T22:47:19.489450Z,sun,39.759062,-104.62011683333333,1672.4,262.86654956922297,37.98281252438139,151868228.7668326,-0.7820944614740746,-0.09787873494287455,0.6154250617074024
2112,2026-07-29T22:48:49.512894Z,sun,39.759062,-104.62011683333333,1672.4,263.133499349496,37.696445161698115,151868236.31326178,-0.7855860811461429,-0.09460035651574329,0.611477948626555
2113,2026-07-29T22:50:19.536338Z,sun,39.759062,-104.62011683333333,1672.4,263.39914628458115,37.40991774811909,151868243.9709688,-0.7890440380078778,-0.09130742437202498,0.6075133416961058
2114,2026-07-29T22:51:49.559781Z,sun,39.759062,-104.62011683333333,1672.4,263.6635178122999,37.123237197838094,151868251.73886898,-0.7924681837176019,-0.08800007979623466,0.6035314107411325
2115,2026-07-29T22:53:19.583225Z,sun,39.759062,-104.62011683333333,1672.4,263.9266409188754,36.836410314606155,151868259.61587322,-0.7958583714966125,-0.08467846458066851,0.5995323261968618
2116,2026-07-29T22:54:49.606668Z,sun,39.759062,-104.62011683333333,1672.4,264.1885421288221,36.54944381697418,151868267.60088742,-0.7992144558701249,-0.08134272127694492,0.5955162594115139
2117,2026-07-29T22:56:19.630112Z,sun,39.759062,-104.62011683333333,1672.4,264.449247538532,36.26234431566318,151868275.69281316,-0.8025362929748633,-0.077992992894629,0.5914833822834777
2118,2026-07-29T22:57:49.653556Z,sun,39.759062,-104.62011683333333,1672.4,264.70878280584594,35.97511833867563,151868283.8905471,-0.8058237403032238,-0.07462942315418668,0.5874338675658698
2119,2026-07-29T22:59:19.676999Z,sun,39.759062,-104.62011683333333,1672.4,264.9671731686103,35.68777232445235,151868292.19298154,-0.8090766568230251,-0.0712521563702736,0.5833678887260276
2120,2026-07-29T23:00:49.700443Z,sun,39.759062,-104.62011683333333,1672.4,265.2244434627815,35.40031261494397,151868300.5990042,-0.8122949030902087,-0.0678613373323427,0.5792856198017818
2121,2026-07-29T23:02:19.723886Z,sun,39.759062,-104.62011683333333,1672.4,265.4806181117106,35.11274548054424,151868309.10749826,-0.8154783410028082,-0.0644571115614561,0.5751872357106523
2122,2026-07-29T23:03:49.747330Z,sun,39.759062,-104.62011683333333,1672.4,265.73572115815927,34.8250770970559,151868317.71734262,-0.8186268340929308,-0.061039625002650526,0.5710729118794909
2123,2026-07-29T23:05:19.770774Z,sun,39.759062,-104.62011683333333,1672.4,265.98977625329076,34.537313570510314,151868326.42741182,-0.8217402472840237,-0.057609024283095514,0.5669428245552997
2124,2026-07-29T23:06:49.794217Z,sun,39.759062,-104.62011683333333,1672.4,266.24280667401666,34.24946092997619,151868335.23657575,-0.8248184470045675,-0.05416545659295962,0.5627971506618078
2125,2026-07-29T23:08:19.817661Z,sun,39.759062,-104.62011683333333,1672.4,266.4948353399406,33.96152512029285,151868344.14370072,-0.827861301294653,-0.050709069563662904,0.5586360676529142
2126,2026-07-29T23:09:49.841104Z,sun,39.759062,-104.62011683333333,1672.4,266.74588480207325,33.67351202674468,151868353.14764792,-0.8308686795731197,-0.04724001152983093,0.5544597538280682
2127,2026-07-29T23:11:19.864548Z,sun,39.759062,-104.62011683333333,1672.4,266.99597727343905,33.38542745167239,151868362.24727517,-0.833840452913767,-0.04375843121555005,0.5502683879545671
2128,2026-07-29T23:12:49.887992Z,sun,39.759062,-104.62011683333333,1672.4,267.2451346175257,33.09727713904598,151868371.44143572,-0.836776493815891,-0.04026447799757056,0.5460621495844289
2129,2026-07-29T23:14:19.911435Z,sun,39.759062,-104.62011683333333,1672.4,267.49337836453867,32.80906676697485,151868380.72897878,-0.8396766763118321,-0.0367583017838273,0.5418412189081632
2130,2026-07-29T23:15:49.934879Z,sun,39.759062,-104.62011683333333,1672.4,267.7407297272858,32.52080194016532,151868390.10874975,-0.8425408760671874,-0.033240052889613826,0.5376057766057132
2131,2026-07-29T23:17:19.958322Z,sun,39.759062,-104.62011683333333,1672.4,267.98720958939856,32.232488214337415,151868399.57958964,-0.8453689701617001,-0.029709882304025922,0.5333560041672236
2132,2026-07-29T23:18:49.981766Z,sun,39.759062,-104.62011683333333,1672.4,268.23283853463687,31.94413107257874,151868409.1403361,-0.848160837348976,-0.02616794137093647,0.5290920835089967
2133,2026-07-29T23:20:20.005210Z,sun,39.759062,-104.62011683333333,1672.4,268.47763683487165,31.655735949671783,151868418.78982252,-0.8509163578408413,-0.02261438205658936,0.5248141972956485
2134,2026-07-29T23:21:50.028653Z,sun,39.759062,-104.62011683333333,1672.4,268.7216244653465,31.36730822436226,151868428.5268784,-0.8536354134085115,-0.019049356826062593,0.5205225287913993
2135,2026-07-29T23:23:20.052097Z,sun,39.759062,-104.62011683333333,1672.4,268.96482111961853,31.078853211575723,151868438.3503298,-0.8563178874764296,-0.01547301851739031,0.516217261708542
2136,2026-07-29T23:24:50.075541Z,sun,39.759062,-104.62011683333333,1672.4,269.2072462000052,30.790376183421053,151868448.2589987,-0.8589636649460954,-0.01188552057253059,0.5118985804855214
2137,2026-07-29T23:26:20.098984Z,sun,39.759062,-104.62011683333333,1672.4,269.4489188323049,30.501882361326754,151868458.2517035,-0.8615726322934187,-0.008287016912600014,0.5075666701367216
2138,2026-07-29T23:27:50.122428Z,sun,39.759062,-104.62011683333333,1672.4,269.6898578802202,30.213376908133405,151868468.32725927,-0.8641446776586682,-0.004677661810822209,0.5032217160995538
2139,2026-07-29T23:29:20.145871Z,sun,39.759062,-104.62011683333333,1672.4,269.93008193285885,29.924864952186788,151868478.4844771,-0.8666796906494801,-0.0010576101659575757,0.4988639045636178
2140,2026-07-29T23:30:50.169315Z,sun,39.759062,-104.62011683333333,1672.4,270.16960933227443,29.636351563330738,151868488.72216478,-0.8691775625741288,0.0025729828250438532,0.4944934220766525
2141,2026-07-29T23:32:20.192759Z,sun,39.759062,-104.62011683333333,1672.4,270.40845816075824,29.34784177693676,151868499.03912663,-0.8716381862480156,0.00621396139246304,0.49011045587508384
2142,2026-07-29T23:33:50.216202Z,sun,39.759062,-104.62011683333333,1672.4,270.646646254747,29.059340585840303,151868509.43416333,-0.8740614560846576,0.009865169320687227,0.4857151937313084
2143,2026-07-29T23:35:20.239646Z,sun,39.759062,-104.62011683333333,1672.4,270.884191218456,28.77085293225388,151868519.9060725,-0.8764472681790713,0.013526450077044803,0.4813078237986126
2144,2026-07-29T23:36:50.263089Z,sun,39.759062,-104.62011683333333,1672.4,271.12111041098524,28.482383731688287,151868530.45364812,-0.8787955201248596,0.01719764653435829,0.47688853494517636
2145,2026-07-29T23:38:20.286533Z,sun,39.759062,-104.62011683333333,1672.4,271.3574209729103,28.193937848777775,151868541.07568124,-0.8811061112305852,0.020878601302979125,0.4724575163543775
2146,2026-07-29T23:39:50.309977Z,sun,39.759062,-104.62011683333333,1672.4,271.593139813211,27.90552012113347,151868551.77095944,-0.8833789423404942,0.02456915645242762,0.468014957859902
2147,2026-07-29T23:41:20.333420Z,sun,39.759062,-104.62011683333333,1672.4,271.8282836224394,27.617135351128713,151868562.53826717,-0.8856139159188893,0.0282691536399806,0.46356104979095225
2148,2026-07-29T23:42:50.356864Z,sun,39.759062,-104.62011683333333,1672.4,272.0628688856549,27.32878829766109,151868573.37638602,-0.8878109361268823,0.031978434241205736,0.4590959828151296
2149,2026-07-29T23:44:20.380307Z,sun,39.759062,-104.62011683333333,1672.4,272.2969118691789,27.04048369990962,151868584.284094,-0.8899699086538219,0.03569683906888731,0.45461994827679747
2150,2026-07-29T23:45:50.403751Z,sun,39.759062,-104.62011683333333,1672.4,272.53042864634557,26.752226253030976,151868595.2601667,-0.8920907409165143,0.03942420870937349,0.4501331377922142
2151,2026-07-29T23:47:20.427195Z,sun,39.759062,-104.62011683333333,1672.4,272.7634350840939,26.464020631858272,151868606.3033765,-0.8941733418943154,0.043160383240608224,0.445635743588949
2152,2026-07-29T23:48:50.450638Z,sun,39.759062,-104.62011683333333,1672.4,272.9959468554883,26.175871482555067,151868617.4124925,-0.8962176222068649,0.04690520236243752,0.44112795834906243
2153,2026-07-29T23:50:20.474082Z,sun,39.759062,-104.62011683333333,1672.4,273.22797945203297,25.887783414254056,151868628.5862818,-0.8982234941841156,0.0506585055286604,0.4366099750501364
2154,2026-07-29T23:51:50.497525Z,sun,39.759062,-104.62011683333333,1672.4,273.45954817010465,25.59976102266925,151868639.82350785,-0.9001908717122338,0.054420131662565215,0.43208198730773056
2155,2026-07-29T23:53:20.520969Z,sun,39.759062,-104.62011683333333,1672.4,273.69066813597203,25.31180886568119,151868651.12293202,-0.9021196704155557,0.058189919497386354,0.4275441889655581
2156,2026-07-29T23:54:50.544413Z,sun,39.759062,-104.62011683333333,1672.4,273.92135429206814,25.023931486914627,151868662.48331243,-0.904009807506071,0.0619677072907862,0.4229967744391909
2157,2026-07-29T23:56:20.567856Z,sun,39.759062,-104.62011683333333,1672.4,274.1516214089501,24.736133407266333,151868673.90340486,-0.9058612018545671,0.06575333295693958,0.41843993855708034
2158,2026-07-29T23:57:50.591300Z,sun,39.759062,-104.62011683333333,1672.4,274.3814840970657,24.448419116445077,151868685.38196275,-0.907673774053847,0.06954663419997867,0.41387387639992507
2159,2026-07-29T23:59:20.614743Z,sun,39.759062,-104.62011683333333,1672.4,274.61095679288303,24.16079309645971,151868696.9177364,-0.9094474462791987,0.07334744822628511,0.4092987836470276
2160,2026-07-30T00:00:50.638187Z,sun,39.759062,-104.62011683333333,1672.4,274.8400537832688,23.873259797123694,151868708.50947416,-0.9111821424528757,0.0771556120886742,0.40471485616197683
2161,2026-07-30T00:02:20.661631Z,sun,39.759062,-104.62011683333333,1672.4,275.06878919148625,23.585823659495194,151868720.15592176,-0.9128777881083098,0.08097096239796052,0.400122290339876
2162,2026-07-30T00:03:50.685074Z,sun,39.759062,-104.62011683333333,1672.4,275.29717698864005,23.2984891073273,151868731.85582235,-0.9145343104543999,0.08479333545632545,0.3955212829468048
2163,2026-07-30T00:05:20.708518Z,sun,39.759062,-104.62011683333333,1672.4,275.52523100496245,23.011260538526958,151868743.60791725,-0.9161516384318721,0.08862256739205437,0.39091203095765287
2164,2026-07-30T00:06:50.731961Z,sun,39.759062,-104.62011683333333,1672.4,275.7529649156759,22.72414234850905,151868755.410945,-0.9177297025885878,0.09245849386910057,0.3862947319057299
2165,2026-07-30T00:08:20.755405Z,sun,39.759062,-104.62011683333333,1672.4,275.9803922648047,22.437138905657818,151868767.2636425,-0.9192684352262845,0.09630095043450604,0.38166958346458396
2166,2026-07-30T00:09:50.778849Z,sun,39.759062,-104.62011683333333,1672.4,276.2075264509149,22.150254574641462,151868779.16474387,-0.9207677702796381,0.10014977222726097,0.37703678379846645
2167,2026-07-30T00:11:20.802292Z,sun,39.759062,-104.62011683333333,1672.4,276.4343807381124,21.863493707792657,151868791.11298156,-0.9222276433736907,0.10400479411296831,0.37239653140023715
2168,2026-07-30T00:12:50.825736Z,sun,39.759062,-104.62011683333333,1672.4,276.66096826690506,21.57686063650738,151868803.10708585,-0.923647991873278,0.1078658508196805,0.36774902492788153
2169,2026-07-30T00:14:20.849179Z,sun,39.759062,-104.62011683333333,1672.4,276.8873020398141,21.290359694474866,151868815.14578503,-0.9250287547732778,0.1117327766450075,0.36309446355706904
2170,2026-07-30T00:15:50.872623Z,sun,39.759062,-104.62011683333333,1672.4,277.1133949446955,21.00399519311583,151868827.22780547,-0.9263698728274828,0.11560540580642607,0.35843304655950053
2171,2026-07-30T00:17:20.896067Z,sun,39.759062,-104.62011683333333,1672.4,277.33925974023896,20.717771444776094,151868839.35187164,-0.9276712884426347,0.11948357214775811,0.3537649736562305
2172,2026-07-30T00:18:50.919510Z,sun,39.759062,-104.62011683333333,1672.4,277.56490906657274,20.431692754056435,151868851.51670608,-0.9289329457289238,0.12336710927496104,0.34909044485422985
2173,2026-07-30T00:20:20.942954Z,sun,39.759062,-104.62011683333333,1672.4,277.7903554557537,20.14576340916339,151868863.72102985,-0.9301547905424443,0.1272558506929551,0.3444096602816969
2174,2026-07-30T00:21:50.966397Z,sun,39.759062,-104.62011683333333,1672.4,278.01561131714305,19.859987705020135,151868875.9635619,-0.9313367703904971,0.13114962951059184,0.33972282054320846
2175,2026-07-30T00:23:20.989841Z,sun,39.759062,-104.62011683333333,1672.4,278.2406889602992,19.57436991870977,151868888.24301994,-0.9324788345424249,0.13504827879336337,0.33503012629516005
2176,2026-07-30T00:24:51.013285Z,sun,39.759062,-104.62011683333333,1672.4,278.465600580259,19.288914332538095,151868900.55811977,-0.9335809339387907,0.13895163126800483,0.3303317786013566
2177,2026-07-30T00:26:21.036728Z,sun,39.759062,-104.62011683333333,1672.4,278.6903582677894,19.00362522533529,151868912.90757558,-0.9346430212348559,0.14285951945915012,0.325627978768535
2178,2026-07-30T00:27:51.060172Z,sun,39.759062,-104.62011683333333,1672.4,278.9149740195491,18.718506863779492,151868925.29010049,-0.935665050835997,0.14677177582692424,0.32091892818075113
2179,2026-07-30T00:29:21.083616Z,sun,39.759062,-104.62011683333333,1672.4,279.13945972573845,18.43356352221473,151868937.7044057,-0.9366469788288949,0.15068823251375213,0.3162048286041583
2180,2026-07-30T00:30:51.107059Z,sun,39.759062,-104.62011683333333,1672.4,279.36382718016506,18.148799473937174,151868950.14920118,-0.9375887630208032,0.15460872148152852,0.31148588202191024
2181,2026-07-30T00:32:21.130503Z,sun,39.759062,-104.62011683333333,1672.4,279.5880880902288,17.864218982505957,151868962.6231959,-0.9384903629707316,0.15853307464964275,0.306762290468035
2182,2026-07-30T00:33:51.153946Z,sun,39.759062,-104.62011683333333,1672.4,279.81225406194824,17.579826324654626,151868975.1250969,-0.9393517399190856,0.1624611235973198,0.3020342563857334
2183,2026-07-30T00:35:21.177390Z,sun,39.759062,-104.62011683333333,1672.4,280.03633662229737,17.295625765779644,151868987.65361053,-0.9401728568694259,0.16639269991946648,0.29730198219906395
2184,2026-07-30T00:36:51.200834Z,sun,39.759062,-104.62011683333333,1672.4,280.2603472041398,17.01162158281569,151869000.2074419,-0.9409536785219775,0.17032763492865013,0.2925656706716825
2185,2026-07-30T00:38:21.224277Z,sun,39.759062,-104.62011683333333,1672.4,280.4842971560136,16.727818055504457,151869012.7852946,-0.9416941713058579,0.17426575979302034,0.2878255247408312
2186,2026-07-30T00:39:51.247721Z,sun,39.759062,-104.62011683333333,1672.4,280.70819775185345,16.44421945769526,151869025.38587192,-0.9423943034031698,0.1782069056749157,0.28308174735052416
2187,2026-07-30T00:41:21.271164Z,sun,39.759062,-104.62011683333333,1672.4,280.93206017579934,16.160830080139906,151869038.00787535,-0.943054044693923,0.18215090343187032,0.2783345418114426
2188,2026-07-30T00:42:51.294608Z,sun,39.759062,-104.62011683333333,1672.4,281.1558955442634,15.877654206022786,151869050.65000612,-0.9436733668195358,0.1860975839740593,0.2735841113707073
2189,2026-07-30T00:44:21.318052Z,sun,39.759062,-104.62011683333333,1672.4,281.3797148906439,15.59469613372885,151869063.310964,-0.9442522431316251,0.19004677796489655,0.2688306595722583
2190,2026-07-30T00:45:51.341495Z,sun,39.759062,-104.62011683333333,1672.4,281.60352917487216,15.31196016809873,151869075.98944816,-0.9447906487171676,0.19399831595969178,0.26407439008998435
2191,2026-07-30T00:47:21.364939Z,sun,39.759062,-104.62011683333333,1672.4,281.82734929290314,15.029450611730264,151869088.68415734,-0.9452885604154818,0.19795202854466407,0.2593155065604029
2192,2026-07-30T00:48:51.388382Z,sun,39.759062,-104.62011683333333,1672.4,282.05118606130736,14.74717178765828,151869101.39378878,-0.9457459567784848,0.20190774603690687,0.2545542129438129
2193,2026-07-30T00:50:21.411826Z,sun,39.759062,-104.62011683333333,1672.4,282.2750502391104,14.465128014948592,151869114.11703992,-0.9461628181158533,0.2058652988429575,0.2497907130927137
2194,2026-07-30T00:51:51.435270Z,sun,39.759062,-104.62011683333333,1672.4,282.4989525123016,14.183323631339498,151869126.85260707,-0.9465391264591855,0.20982451715860068,0.24502521111314648
2195,2026-07-30T00:53:21.458713Z,sun,39.759062,-104.62011683333333,1672.4,282.7229035031597,13.901762984509173,151869139.59918585,-0.9468748655800384,0.21378523110786282,0.24025791119740839
2196,2026-07-30T00:54:51.482157Z,sun,39.759062,-104.62011683333333,1672.4,282.94691377954433,13.620450423387073,151869152.355472,-0.9471700209997816,0.21774727088231446,0.23548901745639259
2197,2026-07-30T00:56:21.505600Z,sun,39.759062,-104.62011683333333,1672.4,283.1709938392754,13.33939032070729,151869165.12016022,-0.947424579965248,0.22171046644043482,0.23071873428145837
2198,2026-07-30T00:57:51.529044Z,sun,39.759062,-104.62011683333333,1672.4,283.39515413178674,13.058587048685476,151869177.89194518,-0.9476385314755017,0.22567464786687416,0.22594726591201966
2199,2026-07-30T00:59:21.552488Z,sun,39.759062,-104.62011683333333,1672.4,283.6194050424218,12.77804500153723,151869190.66952112,-0.9478118662613964,0.22963964507169465,0.2211748167975614
2200,2026-07-30T01:00:51.575931Z,sun,39.759062,-104.62011683333333,1672.4,283.84375690157106,12.49776858676054,151869203.45158175,-0.9479445767964824,0.23360528792965154,0.216401591430013
2201,2026-07-30T01:02:21.599375Z,sun,39.759062,-104.62011683333333,1672.4,284.0682199937898,12.217762216464848,151869216.23682117,-0.9480366572997236,0.23757140641964192,0.2116277941759059
2202,2026-07-30T01:03:51.622818Z,sun,39.759062,-104.62011683333333,1672.4,284.2928045419563,11.93803032980291,151869229.0239326,-0.948088103726557,0.2415378303236806,0.2068536296387136
2203,2026-07-30T01:05:21.646262Z,sun,39.759062,-104.62011683333333,1672.4,284.5175207287893,11.658577368730764,151869241.81160977,-0.9480989137772479,0.24550438958667692,0.20207930222582435
2204,2026-07-30T01:06:51.669706Z,sun,39.759062,-104.62011683333333,1672.4,284.74237868090944,11.379407800421022,151869254.59854606,-0.9480690868918604,0.24947091401512772,0.1973050165112154
2205,2026-07-30T01:08:21.693149Z,sun,39.759062,-104.62011683333333,1672.4,284.9673884778267,11.100526108549053,151869267.38343462,-0.9479986242540301,0.2534372334168078,0.19253097706732955
2206,2026-07-30T01:09:51.716593Z,sun,39.759062,-104.62011683333333,1672.4,285.1925601609052,10.821936784651577,151869280.1649693,-0.9478875287865332,0.25740317774017235,0.18775738829729297
2207,2026-07-30T01:11:21.740036Z,sun,39.759062,-104.62011683333333,1672.4,285.41790371728644,10.543644350441246,151869292.94184348,-0.9477358051577709,0.2613685767731462,0.18298445479748232
2208,2026-07-30T01:12:51.763480Z,sun,39.759062,-104.62011683333333,1672.4,285.6434291013041,10.265653333666762,151869305.71275115,-0.9475434597716972,0.26533326050297557,0.17821238092439629
2209,2026-07-30T01:14:21.786924Z,sun,39.759062,-104.62011683333333,1672.4,285.8691462183273,9.987968290387617,151869318.4763862,-0.9473105007782132,0.26929705881511884,0.17344137115710745
2210,2026-07-30T01:15:51.810367Z,sun,39.759062,-104.62011683333333,1672.4,286.0950649335885,9.710593796308023,151869331.23144275,-0.9470369380697975,0.27325980163267144,0.16867162992944462
2211,2026-07-30T01:17:21.833811Z,sun,39.759062,-104.62011683333333,1672.4,286.3211950810274,9.433534438158361,151869343.9766158,-0.9467227832699305,0.2772213190557776,0.163903361462207
2212,2026-07-30T01:18:51.857254Z,sun,39.759062,-104.62011683333333,1672.4,286.5475464469777,9.156794835877323,151869356.7106,-0.946368049755003,0.28118144106069226,0.15913677012540073
2213,2026-07-30T01:20:21.880698Z,sun,39.759062,-104.62011683333333,1672.4,286.7741287915053,8.880379618594509,151869369.43209133,-0.9459727526258201,0.28513999785920807,0.15437206000562373
2214,2026-07-30T01:21:51.904142Z,sun,39.759062,-104.62011683333333,1672.4,287.0009518320155,8.604293446770086,151869382.13978544,-0.945536908733413,0.2890968195979218,0.14960943526806064
2215,2026-07-30T01:23:21.927585Z,sun,39.759062,-104.62011683333333,1672.4,287.2280252519556,8.32854100356455,151869394.83237892,-0.94506053666853,0.29305173649752747,0.14484909998882858
2216,2026-07-30T01:24:51.951029Z,sun,39.759062,-104.62011683333333,1672.4,287.45535870954285,8.053126986262455,151869407.50856915,-0.9445436567429268,0.2970045789919015,0.14009125798758273
2217,2026-07-30T01:26:21.974473Z,sun,39.759062,-104.62011683333333,1672.4,287.68296182373683,7.778056125260161,151869420.16705388,-0.9439862910202605,0.30095517747166334,0.1353361131361896
2218,2026-07-30T01:27:51.997916Z,sun,39.759062,-104.62011683333333,1672.4,287.9108441828813,7.503333175451319,151869432.80653164,-0.9433884633012821,0.3049033624234508,0.13058386919110443
2219,2026-07-30T01:29:22.021360Z,sun,39.759062,-104.62011683333333,1672.4,288.1390153533625,7.2289629076880635,151869445.42570215,-0.9427501991008749,0.30884896456860245,0.12583472962645387
2220,2026-07-30T01:30:52.044803Z,sun,39.759062,-104.62011683333333,1672.4,288.3674848629011,6.954950130731005,151869458.02326524,-0.9420715256945816,0.31279181456343347,0.12108889799481172
2221,2026-07-30T01:32:22.068247Z,sun,39.759062,-104.62011683333333,1672.4,288.59626222183147,6.681299667450073,151869470.59792235,-0.9413524720606935,0.31673174335724674,0.11634657749629056
2222,2026-07-30T01:33:52.091691Z,sun,39.759062,-104.62011683333333,1672.4,288.8253569063016,6.408016376739006,151869483.1483756,-0.940593068930678,0.3206685818928072,0.11160797133908
2223,2026-07-30T01:35:22.115134Z,sun,39.759062,-104.62011683333333,1672.4,289.05477836680336,6.135105144957135,151869495.67332783,-0.939793348767275,0.32460216124508207,0.1068732825724596
2224,2026-07-30T01:36:52.138578Z,sun,39.759062,-104.62011683333333,1672.4,289.28453603675155,5.862570877424909,151869508.17148364,-0.9389533457343977,0.32853231275962164,0.10214271392025304
2225,2026-07-30T01:38:22.162021Z,sun,39.759062,-104.62011683333333,1672.4,289.51463931550114,5.590418520231612,151869520.6415479,-0.9380730957590085,0.3324588677538321,0.09741646814040247
2226,2026-07-30T01:39:52.185465Z,sun,39.759062,-104.62011683333333,1672.4,289.74509758961545,5.318653036596475,151869533.08222744,-0.9371526364549286,0.3363816578734875,0.09269474759586126
2227,2026-07-30T01:41:22.208909Z,sun,39.759062,-104.62011683333333,1672.4,289.97592021580556,5.047279428617727,151869545.4922299,-0.936192007188542,0.34030051479458845,0.08797775461346509
2228,2026-07-30T01:42:52.232352Z,sun,39.759062,-104.62011683333333,1672.4,290.2071165293683,4.77630272876531,151869557.8702641,-0.935191249049789,0.34421527036158933,0.08326569131757328
2229,2026-07-30T01:44:22.255796Z,sun,39.759062,-104.62011683333333,1672.4,290.43869585266793,4.505727991449783,151869570.2150408,-0.9341504048150624,0.3481257567248209,0.0785587594646568
2230,2026-07-30T01:45:52.279239Z,sun,39.759062,-104.62011683333333,1672.4,290.670667477886,4.235560314651099,151869582.52527127,-0.933069519024276,0.3520318060435042,0.07385716080079716
2231,2026-07-30T01:47:22.302683Z,sun,39.759062,-104.62011683333333,1672.4,290.9030406882982,3.965804816455138,151869594.79966915,-0.9319486378864983,0.35593325084032107,0.06916109663489653
2232,2026-07-30T01:48:52.326127Z,sun,39.759062,-104.62011683333333,1672.4,291.1358247409286,3.6964666566379667,151869607.0369491,-0.9307878093608744,0.359829923704861,0.06447076819566083
2233,2026-07-30T01:50:22.349570Z,sun,39.759062,-104.62011683333333,1672.4,291.36902887490214,3.4275510282155115,151869619.23582715,-0.9295870831205668,0.36372165743113766,0.05978637646606979
2234,2026-07-30T01:51:52.373014Z,sun,39.759062,-104.62011683333333,1672.4,291.6026623198521,3.1590631490732974,151869631.39502144,-0.9283465105086229,0.36760828515419064,0.0551081220189751
2235,2026-07-30T01:53:22.396457Z,sun,39.759062,-104.62011683333333,1672.4,291.83673427836595,2.8910082834276496,151869643.51325142,-0.9270661446302292,0.37148964005482815,0.050436205372502665
2236,2026-07-30T01:54:52.419901Z,sun,39.759062,-104.62011683333333,1672.4,292.0712539473055,2.6233917185335693,151869655.58923867,-0.9257460402402005,0.37536555571212926,0.04577082656576527
2237,2026-07-30T01:56:22.443345Z,sun,39.759062,-104.62011683333333,1672.4,292.3062305001445,2.356218786106992,151869667.62170616,-0.924386253839105,0.3792358658085822,0.041112185513794995
2238,2026-07-30T01:57:52.466788Z,sun,39.759062,-104.62011683333333,1672.4,292.54167309525127,2.089494853926021,151869679.60937873,-0.9229868436301301,0.383100404266919,0.03646048184285249
2239,2026-07-30T01:59:22.490232Z,sun,39.759062,-104.62011683333333,1672.4,292.7775908842249,1.823225317528166,151869691.55098346,-0.9215478694679919,0.38695900538567757,0.031815914727254
2240,2026-07-30T02:00:52.513675Z,sun,39.759062,-104.62011683333333,1672.4,293.0139929940173,1.5574156214941965,151869703.44524884,-0.9200693929662694,0.390811503546012,0.027178683242309265
2241,2026-07-30T02:02:22.537119Z,sun,39.759062,-104.62011683333333,1672.4,293.2508885483065,1.2920712363460856,151869715.290906,-0.9185514773669184,0.394657733561612,0.022548985943122154
2242,2026-07-30T02:03:52.560563Z,sun,39.759062,-104.62011683333333,1672.4,293.4882866495136,1.0271976797776454,151869727.08668768,-0.9169941876513941,0.39849753038614094,0.01792702121676634
2243,2026-07-30T02:05:22.584006Z,sun,39.759062,-104.62011683333333,1672.4,293.72619638700473,0.7628005083279837,151869738.83132875,-0.9153975904905803,0.4023307292489745,0.013312987118907512
2244,2026-07-30T02:06:52.607450Z,sun,39.759062,-104.62011683333333,1672.4,293.96462684536215,0.4988853091474093,151869750.52356645,-0.9137617541867764,0.40615716578964,0.008707081211991862
2245,2026-07-30T02:08:22.630893Z,sun,39.759062,-104.62011683333333,1672.4,294.20358708616567,0.235457721085195,151869762.16214007,-0.9120867487959694,0.4099766757670807,0.004109500915217507
2246,2026-07-30T02:09:52.654337Z,sun,39.759062,-104.62011683333333,1672.4,294.44308616943397,-0.02747658821031757,151869773.7457914,-0.9103726459795127,0.4137890954066187,-0.0004795569131036924
2247,2026-07-30T02:11:22.677781Z,sun,39.759062,-104.62011683333333,1672.4,294.6831331352915,-0.28991190125637145,151869785.27326435,-0.9086195191301703,0.4175942611098825,-0.00505989562635842
2248,2026-07-30T02:12:52.701224Z,sun,39.759062,-104.62011683333333,1672.4,294.92373701209806,-0.5518424589954722,151869796.7433051,-0.9068274433151186,0.4213920095894281,-0.009631318951666124
2249,2026-07-30T02:14:22.724668Z,sun,39.759062,-104.62011683333333,1672.4,295.164906824656,-0.8132624689574076,151869808.1546627,-0.9049964952110864,0.42518217800188135,-0.014193631150148099
2250,2026-07-30T02:15:52.748111Z,sun,39.759062,-104.62011683333333,1672.4,295.40665157562194,-1.0741660843738745,151869819.50608817,-0.9031267532414571,0.4289646036599062,-0.01874663667018345
2251,2026-07-30T02:17:22.771555Z,sun,39.759062,-104.62011683333333,1672.4,295.64898026704094,-1.3345474268781146,151869830.79633564,-0.9012182974101932,0.43273912437600265,-0.023290140561253947
2252,2026-07-30T02:18:52.794999Z,sun,39.759062,-104.62011683333333,1672.4,295.89190188162024,-1.5944005656596285,151869842.02416128,-0.8992712094428057,0.4365055781749589,-0.02782394812779547
2253,2026-07-30T02:20:22.818442Z,sun,39.759062,-104.62011683333333,1672.4,296.1354253908029,-1.8537195256708376,151869853.1883243,-0.8972855727223721,0.44026380342745,-0.032347865089995785
2254,2026-07-30T02:21:52.841886Z,sun,39.759062,-104.62011683333333,1672.4,296.3795597629082,-2.112498295712752,151869864.2875864,-0.8952614722178995,0.44401363898172475,-0.03686169774231428
2255,2026-07-30T02:23:22.865330Z,sun,39.759062,-104.62011683333333,1672.4,296.6243139468667,-2.3707308106275806,151869875.32071227,-0.8931989946130354,0.4477549239200142,-0.04136525266023631
2256,2026-07-30T02:24:52.888773Z,sun,39.759062,-104.62011683333333,1672.4,296.869696880232,-2.628410959444511,151869886.28646892,-0.8910982282381412,0.45148749769102475,-0.0458583368597525
2257,2026-07-30T02:26:22.912217Z,sun,39.759062,-104.62011683333333,1672.4,297.1157174973005,-2.885532593438983,151869897.1836269,-0.8889592629944661,0.4552112002409887,-0.050340757955099326
2258,2026-07-30T02:27:52.935660Z,sun,39.759062,-104.62011683333333,1672.4,297.3623847098597,-3.142089505583743,151869908.01095912,-0.8867821905148386,0.45892587173029786,-0.05481232381764804
2259,2026-07-30T02:29:22.959104Z,sun,39.759062,-104.62011683333333,1672.4,297.6097074288893,-3.398075452901149,151869918.76724184,-0.8845671039695735,0.46263135287141505,-0.05927284298264949
2260,2026-07-30T02:30:52.982548Z,sun,39.759062,-104.62011683333333,1672.4,297.85769454518544,-3.6534841359907757,151869929.45125413,-0.8823140982307374,0.46632748464655277,-0.06372212430937779
2261,2026-07-30T02:32:23.005991Z,sun,39.759062,-104.62011683333333,1672.4,298.1063549372999,-3.9083092071062686,151869940.06177798,-0.8800232697974502,0.47001410843870955,-0.06815997713885577
2262,2026-07-30T02:33:53.029435Z,sun,39.759062,-104.62011683333333,1672.4,298.35569747958317,-4.162544278129433,151869950.59759903,-0.8776947167134609,0.4736910661609447,-0.0725862114494563
2263,2026-07-30T02:35:23.052878Z,sun,39.759062,-104.62011683333333,1672.4,298.60573102250277,-4.416182900274694,151869961.05750546,-0.8753285387421876,0.4773581999766561,-0.07700063752017507
2264,2026-07-30T02:36:53.076322Z,sun,39.759062,-104.62011683333333,1672.4,298.85646441444993,-4.66921858620212,151869971.4402891,-0.8729248371554643,0.48101535263318007,-0.081403066332194
2265,2026-07-30T02:38:23.099766Z,sun,39.759062,-104.62011683333333,1672.4,299.1079064819177,-4.921644789795736,151869981.74474517,-0.8704837149121644,0.4846623671830795,-0.08579330923336279
2266,2026-07-30T02:39:53.123209Z,sun,39.759062,-104.62011683333333,1672.4,299.36006603736,-5.173454914168428,151869991.96967167,-0.8680052765768345,0.48829908711354575,-0.09017117809395062
2267,2026-07-30T02:41:23.146653Z,sun,39.759062,-104.62011683333333,1672.4,299.61295188716014,-5.4246423195594415,151870002.1138705,-0.8654896282306989,0.4919253564738661,-0.09453648546009416
2268,2026-07-30T02:42:53.170096Z,sun,39.759062,-104.62011683333333,1672.4,299.8665728114812,-5.675200303300259,151870012.17614672,-0.8629368776609324,0.49554101959951924,-0.0988890442216415
2269,2026-07-30T02:44:23.193540Z,sun,39.759062,-104.62011683333333,1672.4,300.120937586193,-5.9251221216878704,151870022.15530908,-0.8603471341324044,0.4991459214412173,-0.103228668008246
2270,2026-07-30T02:45:53.216984Z,sun,39.759062,-104.62011683333333,1672.4,300.3760549625675,-6.174400970026302,151870032.05016974,-0.8577205085805247,0.5027399072900199,-0.10755517085843999
2271,2026-07-30T02:47:23.240427Z,sun,39.759062,-104.62011683333333,1672.4,300.6319336750508,-6.423029990560555,151870041.85954422,-0.8550571135233075,0.5063228229049462,-0.11186836737324904
2272,2026-07-30T02:48:53.263871Z,sun,39.759062,-104.62011683333333,1672.4,300.88858244915957,-6.671002280304839,151870051.58225232,-0.8523570629658159,0.5098945146386205,-0.11616807286743501
2273,2026-07-30T02:50:23.287314Z,sun,39.759062,-104.62011683333333,1672.4,301.1460099808282,-6.918310871286517,151870061.21711677,-0.8496204726035054,0.513454829165421,-0.12045410304221524
2274,2026-07-30T02:51:53.310758Z,sun,39.759062,-104.62011683333333,1672.4,301.40422495845064,-7.164948752161153,151870070.7629647,-0.846847459577315,0.5170036138054646,-0.1247262743752807
2275,2026-07-30T02:53:23.334202Z,sun,39.759062,-104.62011683333333,1672.4,301.6632360420771,-7.410908848552422,151870080.21862668,-0.8440381426803835,0.5205407162540483,-0.12898440379507498
2276,2026-07-30T02:54:53.357645Z,sun,39.759062,-104.62011683333333,1672.4,301.9230518710943,-7.656184030918663,151870089.5829369,-0.8411926422635998,0.5240659847073766,-0.1332283088321361
2277,2026-07-30T02:56:23.381089Z,sun,39.759062,-104.62011683333333,1672.4,302.1836810720195,-7.900767122292259,151870098.85473415,-0.8383110801338339,0.52757926798593,-0.1374578077676012
2278,2026-07-30T02:57:53.404532Z,sun,39.759062,-104.62011683333333,1672.4,302.44513223733236,-8.144650878842402,151870108.03286037,-0.83539357977092,0.5310804152672325,-0.14167271931148645
2279,2026-07-30T02:59:23.427976Z,sun,39.759062,-104.62011683333333,1672.4,302.7074139476359,-8.387828011224228,151870117.11616203,-0.8324402660663697,0.5345692764044333,-0.14587286298620486
2280,2026-07-30T03:00:53.451420Z,sun,39.759062,-104.62011683333333,1672.4,302.9705347503138,-8.630291165230734,151870126.10348952,-0.8294512655438107,0.5380457016602496,-0.15005805880625236
2281,2026-07-30T03:02:23.474863Z,sun,39.759062,-104.62011683333333,1672.4,303.2345031671081,-8.872032929592836,151870134.99369696,-0.8264267062581636,0.5415095418306306,-0.15422812742707934
2282,2026-07-30T03:03:53.498307Z,sun,39.759062,-104.62011683333333,1672.4,303.4993277018181,-9.113045843647818,151870143.78564328,-0.8233667176876026,0.5449606483659405,-0.15838289029095695
2283,2026-07-30T03:05:23.521750Z,sun,39.759062,-104.62011683333333,1672.4,303.76501681856877,-9.353322378228626,151870152.478191,-0.8202714309641126,0.5483988731084053,-0.16252216931089197
2284,2026-07-30T03:06:53.545194Z,sun,39.759062,-104.62011683333333,1672.4,304.03157896410505,-9.592854956751149,151870161.0702072,-0.8171409785959838,0.5518240686051007,-0.1666457872474161
2285,2026-07-30T03:08:23.568638Z,sun,39.759062,-104.62011683333333,1672.4,304.2990225458665,-9.831635936192177,151870169.56056315,-0.8139754947018641,0.5552360878465389,-0.17075356739385025
2286,2026-07-30T03:09:53.592081Z,sun,39.759062,-104.62011683333333,1672.4,304.5673559394642,-10.069657614836139,151870177.9481342,-0.8107751149035521,0.5586347843882702,-0.17484533372270145
2287,2026-07-30T03:11:23.615525Z,sun,39.759062,-104.62011683333333,1672.4,304.8365874962731,-10.306912239875148,151870186.23180076,-0.8075399762118299,0.5620200124697117,-0.17892091102870666
2288,2026-07-30T03:12:53.638968Z,sun,39.759062,-104.62011683333333,1672.4,305.10672552110174,-10.543391988646455,151870194.41044676,-0.8042702172703818,0.565391626756528,-0.1829801246186583
2289,2026-07-30T03:14:23.662412Z,sun,39.759062,-104.62011683333333,1672.4,305.3777782946186,-10.779088989449125,151870202.48296157,-0.8009659780624201,0.5687494826476265,-0.18702280068100777
2290,2026-07-30T03:15:53.685856Z,sun,39.759062,-104.62011683333333,1672.4,305.64975405082913,-11.013995302889109,151870210.44823834,-0.7976274001579055,0.5720934360188812,-0.19104876597730452
2291,2026-07-30T03:17:23.709299Z,sun,39.759062,-104.62011683333333,1672.4,305.92266098442565,-11.248102929562297,151870218.3051749,-0.794254626600266,0.5754233433423287,-0.19505784798569023
2292,2026-07-30T03:18:53.732743Z,sun,39.759062,-104.62011683333333,1672.4,306.1965072582683,-11.481403817594396,151870226.05267417,-0.7908478017861881,0.5787390618025624,-0.19904987504101598
2293,2026-07-30T03:20:23.756187Z,sun,39.759062,-104.62011683333333,1672.4,306.4713009834877,-11.713889846838327,151870233.68964326,-0.7874070716841644,0.5820404490809715,-0.20302467607507776
2294,2026-07-30T03:21:53.779630Z,sun,39.759062,-104.62011683333333,1672.4,306.74705022676136,-11.945552836526215,151870241.2149941,-0.7839325837175637,0.5853273634735033,-0.2069820807583645
2295,2026-07-30T03:23:23.803074Z,sun,39.759062,-104.62011683333333,1672.4,307.0237630177216,-12.176384552775897,151870248.62764362,-0.7804244866408772,0.5885996640055114,-0.21092191963834034
2296,2026-07-30T03:24:53.826517Z,sun,39.759062,-104.62011683333333,1672.4,307.3014473256119,-12.406376690452317,151870255.92651317,-0.7768829308043541,0.5918572101827089,-0.2148440238395707
2297,2026-07-30T03:26:23.849961Z,sun,39.759062,-104.62011683333333,1672.4,307.58011108193017,-12.635520893538517,151870263.1105292,-0.7733080678359218,0.5950998622878811,-0.21874822542095795
2298,2026-07-30T03:27:53.873405Z,sun,39.759062,-104.62011683333333,1672.4,307.8597621568723,-12.863808737117356,151870270.1786231,-0.7697000509090571,0.5983274811332435,-0.22263435707756998
2299,2026-07-30T03:29:23.896848Z,sun,39.759062,-104.62011683333333,1672.4,308.1404083664782,-13.09123173497899,151870277.129731,-0.766059034619887,0.6015399281756916,-0.22650225227937704
2300,2026-07-30T03:30:53.920292Z,sun,39.759062,-104.62011683333333,1672.4,308.4220574799149,-13.317781347076757,151870283.9627942,-0.7623851748576225,0.6047370656289935,-0.23035174540633888
2301,2026-07-30T03:32:23.943735Z,sun,39.759062,-104.62011683333333,1672.4,308.7047171954567,-13.543448961814228,151870290.6767589,-0.7586786290818375,0.607918756220394,-0.23418267145532484
2302,2026-07-30T03:33:53.967179Z,sun,39.759062,-104.62011683333333,1672.4,308.9883951632807,-13.76822591614144,151870297.27057657,-0.75493955598925,0.6110848634806053,-0.23799486638926506
2303,2026-07-30T03:35:23.990623Z,sun,39.759062,-104.62011683333333,1672.4,309.2730989612177,-13.99210347796619,151870303.7432036,-0.7511681157942698,0.6142352515017863,-0.2417881668457413
2304,2026-07-30T03:36:54.014066Z,sun,39.759062,-104.62011683333333,1672.4,309.55883610176113,-14.215072853723875,151870310.09360152,-0.7473644701002923,0.6173697850501376,-0.24556241027253356
2305,2026-07-30T03:38:24.037510Z,sun,39.759062,-104.62011683333333,1672.4,309.8456140392387,-14.43712519580587,151870316.3207374,-0.7435287817642104,0.6204883296755268,-0.24931743505961243
2306,2026-07-30T03:39:54.060953Z,sun,39.759062,-104.62011683333333,1672.4,310.13344014507555,-14.65825158529238,151870322.4235832,-0.739661215186258,0.6235907514738179,-0.2530530802529526
2307,2026-07-30T03:41:24.084397Z,sun,39.759062,-104.62011683333333,1672.4,310.42232173074296,-14.878443051766473,151870328.40111646,-0.7357619359620842,0.6266769173697644,-0.2567691858951446
2308,2026-07-30T03:42:54.107841Z,sun,39.759062,-104.62011683333333,1672.4,310.71226602281206,-15.097690556203583,151870334.2523199,-0.7318311111754304,0.6297466948810844,-0.26046559274131637
2309,2026-07-30T03:44:24.131284Z,sun,39.759062,-104.62011683333333,1672.4,311.0032801698227,-15.315984998512315,151870339.9761816,-0.7278689092637661,0.632799952228267,-0.26414214239132383
2310,2026-07-30T03:45:54.154728Z,sun,39.759062,-104.62011683333333,1672.4,311.29537124931744,-15.533317224925305,151870345.5716952,-0.7238754998773644,0.6358365584412197,-0.2677986774181702
2311,2026-07-30T03:47:24.178171Z,sun,39.759062,-104.62011683333333,1672.4,311.5885462423937,-15.749678011234224,151870351.03785983,-0.7198510541810343,0.638856383127896,-0.2714350410893857
2312,2026-07-30T03:48:54.201615Z,sun,39.759062,-104.62011683333333,1672.4,311.8828120568103,-15.965058082314306,151870356.37368006,-0.7157957444919538,0.6418592967497029,-0.2750510776986456
2313,2026-07-30T03:50:24.225059Z,sun,39.759062,-104.62011683333333,1672.4,312.17817550131736,-16.179448095520836,151870361.57816595,-0.7117097445842611,0.6448451703918435,-0.2786466322892137
2314,2026-07-30T03:51:54.248502Z,sun,39.759062,-104.62011683333333,1672.4,312.4746432923908,-16.392838648214823,151870366.6503333,-0.7075932295491466,0.6478138758702412,-0.28222155078268635
2315,2026-07-30T03:53:24.271946Z,sun,39.759062,-104.62011683333333,1672.4,312.77222206114016,-16.605220285132678,151870371.58920354,-0.7034463756485325,0.65076528583519,-0.285775680103796
2316,2026-07-30T03:54:54.295389Z,sun,39.759062,-104.62011683333333,1672.4,313.07091832712445,-16.816583482151973,151870376.39380366,-0.6992693606285119,0.6536992735464098,-0.2893088679095205
2317,2026-07-30T03:56:24.318833Z,sun,39.759062,-104.62011683333333,1672.4,313.3707385216411,-17.02691866553125,151870381.0631667,-0.6950623633432128,0.6566157131407638,-0.29282096291145837
2318,2026-07-30T03:57:54.342277Z,sun,39.759062,-104.62011683333333,1672.4,313.67168896131386,-17.236216195846612,151870385.59633103,-0.6908255640710632,0.6595144794090497,-0.2963118146070242
2319,2026-07-30T03:59:24.365720Z,sun,39.759062,-104.62011683333333,1672.4,313.9737758547009,-17.44446637551284,151870389.9923412,-0.6865591443694986,0.6623954478999263,-0.29978127340459054
2320,2026-07-30T04:00:54.389164Z,sun,39.759062,-104.62011683333333,1672.4,314.2770053090956,-17.651659456150163,151870394.25024736,-0.6822632869232699,0.6652584950205435,-0.3032291907446538
2321,2026-07-30T04:02:24.412607Z,sun,39.759062,-104.62011683333333,1672.4,314.58138330359094,-17.857785622912907,151870398.36910573,-0.677938175869378,0.6681034978181803,-0.30665541883686487
2322,2026-07-30T04:03:54.436051Z,sun,39.759062,-104.62011683333333,1672.4,314.88691571285807,-18.062835123620975,151870402.34797838,-0.6735839959815896,0.6709303338225777,-0.3100598128010117
2323,2026-07-30T04:05:24.459495Z,sun,39.759062,-104.62011683333333,1672.4,315.1936082788429,-18.266797812976648,151870406.18593347,-0.6692009346972625,0.673738882490525,-0.3134422230981793
2324,2026-07-30T04:06:54.482938Z,sun,39.759062,-104.62011683333333,1672.4,315.5014666190031,-18.469663819931288,151870409.88204494,-0.6647891794237026,0.6765290228278948,-0.3168025066073405
2325,2026-07-30T04:08:24.506382Z,sun,39.759062,-104.62011683333333,1672.4,315.81049623183577,-18.671423115567897,151870413.435393,-0.6603489190729759,0.6793006351310144,-0.32014051944381056
2326,2026-07-30T04:09:54.529825Z,sun,39.759062,-104.62011683333333,1672.4,316.1207024695116,-18.872065607816847,151870416.84506387,-0.6558803439757599,0.6820536003664686,-0.3234561185282735
2327,2026-07-30T04:11:24.553269Z,sun,39.759062,-104.62011683333333,1672.4,316.4320905615852,-19.071581160109965,151870420.11014998,-0.6513836454787264,0.6847878004224286,-0.3267491618894487
2328,2026-07-30T04:12:54.576713Z,sun,39.759062,-104.62011683333333,1672.4,316.74466558711384,-19.269959576524492,151870423.22974974,-0.6468590162829221,0.6875031178991898,-0.33001950841182554
2329,2026-07-30T04:14:24.600156Z,sun,39.759062,-104.62011683333333,1672.4,317.058432481081,-19.467190609336967,151870426.20296803,-0.6423066502880401,0.6901994362068664,-0.33326701795329405
2330,2026-07-30T04:15:54.623600Z,sun,39.759062,-104.62011683333333,1672.4,317.3733960410054,-19.6632639663935,151870429.02891576,-0.6377267424310492,0.6928766396592718,-0.33649155145821685
2331,2026-07-30T04:17:24.647044Z,sun,39.759062,-104.62011683333333,1672.4,317.68956090207956,-19.858169298866674,151870431.7067103,-0.6331194889811771,0.6955346132992165,-0.3396929707470005
2332,2026-07-30T04:18:54.670487Z,sun,39.759062,-104.62011683333333,1672.4,318.00693154356094,-20.051896208828,151870434.23547518,-0.628485087381198,0.6981732429942291,-0.3428711386313655
2333,2026-07-30T04:20:24.693931Z,sun,39.759062,-104.62011683333333,1672.4,318.32551229535403,-20.244434256631557,151870436.61434045,-0.6238237360832191,0.700792415528388,-0.3460259190249502
2334,2026-07-30T04:21:54.717374Z,sun,39.759062,-104.62011683333333,1672.4,318.6453073092087,-20.435772946920373,151870438.84244242,-0.6191356349012005,0.7033920184025892,-0.34915717670272634
2335,2026-07-30T04:23:24.740818Z,sun,39.759062,-104.62011683333333,1672.4,318.9663205828891,-20.625901746814147,151870440.91892403,-0.6144209845882092,0.705971940072098,-0.3522647775871068
2336,2026-07-30T04:24:54.764262Z,sun,39.759062,-104.62011683333333,1672.4,319.28855593115827,-20.81481007212492,151870442.84293455,-0.6096799871916216,0.7085320697486365,-0.355348588509561
2337,2026-07-30T04:26:24.787705Z,sun,39.759062,-104.62011683333333,1672.4,319.61201699215536,-21.002487294970546,151870444.6136297,-0.6049128458895181,0.7110722974927779,-0.3584084773218774
2338,2026-07-30T04:27:54.811149Z,sun,39.759062,-104.62011683333333,1672.4,319.9367072339717,-21.18892275118876,151870446.23017183,-0.6001197648218776,0.7135925143022738,-0.3614443130025613
2339,2026-07-30T04:29:24.834592Z,sun,39.759062,-104.62011683333333,1672.4,320.2626299251788,-21.374105727055728,151870447.6917299,-0.5953009494531072,0.7160926119198314,-0.36445596542526654
2340,2026-07-30T04:30:54.858036Z,sun,39.759062,-104.62011683333333,1672.4,320.5897881593462,-21.55802547717086,151870448.99747953,-0.5904566061374509,0.71857248306163,-0.36744330563406175
2341,2026-07-30T04:32:24.881480Z,sun,39.759062,-104.62011683333333,1672.4,320.9181848253824,-21.740671211400375,151870450.14660284,-0.5855869424840071,0.7210320212270303,-0.3704062056141817
2342,2026-07-30T04:33:54.904923Z,sun,39.759062,-104.62011683333333,1672.4,321.2478226139456,-21.922032102534743,151870451.13828877,-0.5806921671885744,0.7234711207874337,-0.3733445383990653
2343,2026-07-30T04:35:24.928367Z,sun,39.759062,-104.62011683333333,1672.4,321.5787040240769,-22.102097293743572,151870451.9717329,-0.575772489860369,0.7258896770710592,-0.3762581781724681
2344,2026-07-30T04:36:54.951810Z,sun,39.759062,-104.62011683333333,1672.4,321.9108313331092,-22.280855886042126,151870452.64613768,-0.57082812139423,0.7282875861783955,-0.3791470000461303
2345,2026-07-30T04:38:24.975254Z,sun,39.759062,-104.62011683333333,1672.4,322.2442066216109,-22.458296955869486,151870453.16071227,-0.5658592735245341,0.7306647452015135,-0.38201088032396874
2346,2026-07-30T04:39:54.998698Z,sun,39.759062,-104.62011683333333,1672.4,322.5788317431351,-22.634409542791545,151870453.5146726,-0.5608661591997921,0.7330210520414993,-0.38484969628212906
2347,2026-07-30T04:41:25.022141Z,sun,39.759062,-104.62011683333333,1672.4,322.91470833074305,-22.80918265721214,151870453.70724154,-0.5558489924100024,0.7353564054937671,-0.3876633262717423
2348,2026-07-30T04:42:55.045585Z,sun,39.759062,-104.62011683333333,1672.4,323.25183780376665,-22.98260528787235,151870453.73764896,-0.5508079880091427,0.7376707053291485,-0.3904516498166154
2349,2026-07-30T04:44:25.069028Z,sun,39.759062,-104.62011683333333,1672.4,323.5902213371682,-23.154666390099468,151870453.6051314,-0.5457433620966576,0.7399638521172234,-0.39321454740036826
2350,2026-07-30T04:45:55.092472Z,sun,39.759062,-104.62011683333333,1672.4,323.9298598870048,-23.32535490307159,151870453.30893257,-0.5406553315602338,0.742235747436242,-0.39595190071933845
2351,2026-07-30T04:47:25.115916Z,sun,39.759062,-104.62011683333333,1672.4,324.2707541596506,-23.494659738306545,151870452.84830302,-0.5355441144597615,0.7444862936984015,-0.3986635924720585
2352,2026-07-30T04:48:55.139359Z,sun,39.759062,-104.62011683333333,1672.4,324.6129046185302,-23.662569787433164,151870452.22250056,-0.5304099298502749,0.7467153942315606,-0.4013495064576901
2353,2026-07-30T04:50:25.162803Z,sun,39.759062,-104.62011683333333,1672.4,324.9563114911,-23.82907392973583,151870451.4307897,-0.52525299760041,0.7489229533565578,-0.40400952766918113
2354,2026-07-30T04:51:55.186246Z,sun,39.759062,-104.62011683333333,1672.4,325.30097473775425,-23.9941610212185,151870450.4724424,-0.5200735387827166,0.7511088762186324,-0.40664354209012743
2355,2026-07-30T04:53:25.209690Z,sun,39.759062,-104.62011683333333,1672.4,325.64689407789047,-24.157819911530545,151870449.3467375,-0.5148717752060502,0.7532730689876099,-0.40925143693597227
2356,2026-07-30T04:54:55.233134Z,sun,39.759062,-104.62011683333333,1672.4,325.9940689587314,-24.320039433284435,151870448.05296108,-0.5096479298080835,0.7554154386913925,-0.41183310045335836
2357,2026-07-30T04:56:25.256577Z,sun,39.759062,-104.62011683333333,1672.4,326.3424985623546,-24.48080840987524,151870446.59040636,-0.5044022264742869,0.7575358932938684,-0.41438842201398796
2358,2026-07-30T04:57:55.280021Z,sun,39.759062,-104.62011683333333,1672.4,326.6921818130041,-24.64011566306836,151870444.95837387,-0.4991348898524899,0.7596343417684008,-0.4169172922031793
2359,2026-07-30T04:59:25.303464Z,sun,39.759062,-104.62011683333333,1672.4,327.0431173456513,-24.797950002903313,151870443.1561713,-0.4938461457516165,0.7617106939375149,-0.41941960262665673
2360,2026-07-30T05:00:55.326908Z,sun,39.759062,-104.62011683333333,1672.4,327.39530353278303,-24.95430024426303,151870441.18311343,-0.48853622066408736,0.7637648606631771,-0.4218952461398537
2361,2026-07-30T05:02:25.350352Z,sun,39.759062,-104.62011683333333,1672.4,327.74873845292916,-25.1091551970372,151870439.03852266,-0.483205342166624,0.7657967536886076,-0.42434411665725486
2362,2026-07-30T05:03:55.373795Z,sun,39.759062,-104.62011683333333,1672.4,328.10341989811536,-25.26250367398462,151870436.72172868,-0.477853738735372,0.7678062857123383,-0.42676610924164293
2363,2026-07-30T05:05:25.397239Z,sun,39.759062,-104.62011683333333,1672.4,328.45934538162754,-25.414334498352726,151870434.2320684,-0.4724816395567614,0.7697933704578,-0.4291611201879485
2364,2026-07-30T05:06:55.420682Z,sun,39.759062,-104.62011683333333,1672.4,328.81651210635306,-25.564636494639377,151870431.56888595,-0.4670892749342884,0.7717579225214215,-0.43152904684016374
2365,2026-07-30T05:08:25.444126Z,sun,39.759062,-104.62011683333333,1672.4,329.17491699242595,-25.713398504779075,151870428.73153326,-0.46167687580132605,0.7736998575528466,-0.4338697878085448
2366,2026-07-30T05:09:55.467570Z,sun,39.759062,-104.62011683333333,1672.4,329.5345566455855,-25.860609379164103,151870425.7193695,-0.45624467412994085,0.7756190921051767,-0.43618324278908915
2367,2026-07-30T05:11:25.491013Z,sun,39.759062,-104.62011683333333,1672.4,329.8954273651903,-26.00625798453381,151870422.53176132,-0.4507929027423065,0.7775155437051263,-0.4384693126480883
2368,2026-07-30T05:12:55.514457Z,sun,39.759062,-104.62011683333333,1672.4,330.2575251525782,-26.150333211611013,151870419.16808286,-0.4453217951179594,0.7793891309186617,-0.44072789950123575
2369,2026-07-30T05:14:25.537900Z,sun,39.759062,-104.62011683333333,1672.4,330.62084567932635,-26.292823966729244,151870415.6277158,-0.4398315858083019,0.7812397732076412,-0.44295890654080744
2370,2026-07-30T05:15:55.561344Z,sun,39.759062,-104.62011683333333,1672.4,330.98538431588526,-26.43371918759616,151870411.91004935,-0.4343225099404235,0.7830673910997468,-0.4451622382404945
2371,2026-07-30T05:17:25.584788Z,sun,39.759062,-104.62011683333333,1672.4,331.351136099933,-26.573007835185535,151870408.01448038,-0.42879480363329353,0.7848719060473891,-0.4473378001853004
2372,2026-07-30T05:18:55.608231Z,sun,39.759062,-104.62011683333333,1672.4,331.7180957450957,-26.71067890162749,151870403.94041333,-0.42324870380567653,0.7866532404938785,-0.44948549915130165
2373,2026-07-30T05:20:25.631675Z,sun,39.759062,-104.62011683333333,1672.4,332.08625765002984,-26.846721417826515,151870399.68725997,-0.41768444798027315,0.7884113179349485,-0.4516052431798066
2374,2026-07-30T05:21:55.655119Z,sun,39.759062,-104.62011683333333,1672.4,332.45561587089065,-26.98112444744778,151870395.25444025,-0.4121022746430953,0.7901460628033357,-0.4536969414381962
2375,2026-07-30T05:23:25.678562Z,sun,39.759062,-104.62011683333333,1672.4,332.82616413054996,-27.113877094791658,151870390.64138147,-0.4065024230493685,0.7918574005325373,-0.45576050429676884
2376,2026-07-30T05:24:55.702006Z,sun,39.759062,-104.62011683333333,1672.4,333.1978958281897,-27.24496851238605,151870385.84751865,-0.40088513302583023,0.7935452576158517,-0.45779584339993074
2377,2026-07-30T05:26:25.725449Z,sun,39.759062,-104.62011683333333,1672.4,333.5708040077966,-27.374387894008112,151870380.8722947,-0.39525064539624566,0.795209561477151,-0.4598028715103553
2378,2026-07-30T05:27:55.748893Z,sun,39.759062,-104.62011683333333,1672.4,333.9448813886701,-27.50212448966776,151870375.71515998,-0.38959920147206073,0.7968502406239393,-0.4617815026935388
2379,2026-07-30T05:29:25.772337Z,sun,39.759062,-104.62011683333333,1672.4,334.32012033410643,-27.628167598879486,151870370.37557274,-0.38393104347957613,0.7984672245203912,-0.46373165216468365
2380,2026-07-30T05:30:55.795780Z,sun,39.759062,-104.62011683333333,1672.4,334.69651286156477,-27.75250657847609,151870364.85299936,-0.37824641436272105,0.8000604436469975,-0.46565323636061445
2381,2026-07-30T05:32:25.819224Z,sun,39.759062,-104.62011683333333,1672.4,335.07405065324275,-27.875130850123867,151870359.1469136,-0.37254555758233,0.8016298295554676,-0.4675461730059855
2382,2026-07-30T05:33:55.842667Z,sun,39.759062,-104.62011683333333,1672.4,335.452725024918,-27.996029894190848,151870353.2567974,-0.366828717548276,0.8031753147484175,-0.46941038096815413
2383,2026-07-30T05:35:25.866111Z,sun,39.759062,-104.62011683333333,1672.4,335.8325269578402,-28.115193264173037,151870347.18214008,-0.3610961391022005,0.8046968328217774,-0.47124578042894427
2384,2026-07-30T05:36:55.889555Z,sun,39.759062,-104.62011683333333,1672.4,336.2134470678166,-28.232610580796543,151870340.9224394,-0.35534806795136076,0.806194318346736,-0.47305229274222604
2385,2026-07-30T05:38:25.912998Z,sun,39.759062,-104.62011683333333,1672.4,336.59547561650004,-28.348271539725026,151870334.47720075,-0.34958475046815474,0.8076677069253048,-0.4748298405009293
2386,2026-07-30T05:39:55.936442Z,sun,39.759062,-104.62011683333333,1672.4,336.9786025230748,-28.462165918937423,151870327.8459374,-0.3438064334868886,0.8091169352409375,-0.4765783475981027
2387,2026-07-30T05:41:25.959885Z,sun,39.759062,-104.62011683333333,1672.4,337.36281733364444,-28.57428357342538,151870321.02817076,-0.3380133647416246,0.8105419409473856,-0.47829773909280665
2388,2026-07-30T05:42:55.983329Z,sun,39.759062,-104.62011683333333,1672.4,337.7481092546002,-28.68461444897515,151870314.02343014,-0.3322057923421581,0.8119426628001324,-0.47998794136868633
2389,2026-07-30T05:44:26.006773Z,sun,39.759062,-104.62011683333333,1672.4,338.1344671223156,-28.793148577082057,151870306.83125266,-0.326383965213471,0.8133190405475379,-0.48164888200260997
2390,2026-07-30T05:45:56.030216Z,sun,39.759062,-104.62011683333333,1672.4,338.52187941567064,-28.89987608247995,151870299.45118368,-0.3205481328926082,0.8146710149821527,-0.48328048982657257
2391,2026-07-30T05:47:26.053660Z,sun,39.759062,-104.62011683333333,1672.4,338.9103342689983,-29.004787190321675,151870291.88277647,-0.31469854532294395,0.81599852798706,-0.48488269498361597
2392,2026-07-30T05:48:56.077103Z,sun,39.759062,-104.62011683333333,1672.4,339.29981944216473,-29.10787222166197,151870284.12559256,-0.30883545329750606,0.817301522433952,-0.48645542880480624
2393,2026-07-30T05:50:26.100547Z,sun,39.759062,-104.62011683333333,1672.4,339.69032235554863,-29.209121606518508,151870276.1792012,-0.30295910792845676,0.8185799423035384,-0.48799862395454496
2394,2026-07-30T05:51:56.123991Z,sun,39.759062,-104.62011683333333,1672.4,340.08183006048273,-29.30852587955057,151870268.0431798,-0.2970697610919457,0.8198337325859285,-0.4895122143103259
2395,2026-07-30T05:53:26.147434Z,sun,39.759062,-104.62011683333333,1672.4,340.47432925314405,-29.40607568733996,151870259.7171143,-0.29116766522241894,0.8210628393276835,-0.4909961350195008
2396,2026-07-30T05:54:56.170878Z,sun,39.759062,-104.62011683333333,1672.4,340.86780628887357,-29.501761795299252,151870251.20059812,-0.28525307310464226,0.8222672096738177,-0.49245032254999244
2397,2026-07-30T05:56:26.194321Z,sun,39.759062,-104.62011683333333,1672.4,341.2622471530918,-29.595575083890566,151870242.49323338,-0.27932623832203235,0.8234467917752077,-0.4938747145784858
2398,2026-07-30T05:57:56.217765Z,sun,39.759062,-104.62011683333333,1672.4,341.6576374979787,-29.687506560874613,151870233.5946299,-0.2733874147201848,0.8246015348978435,-0.49526925012232914
2399,2026-07-30T05:59:26.241209Z,sun,39.759062,-104.62011683333333,1672.4,342.05396261379593,-29.777547357700218,151870224.50440606,-0.26743685685663304,0.8257313893325697,-0.49663386943053806
2400,2026-07-30T06:00:56.264652Z,sun,39.759062,-104.62011683333333,1672.4,342.45120744423025,-29.865688736453905,151870215.22218826,-0.2614748197929061,0.8268363064377958,-0.4979685140353463
2401,2026-07-30T06:02:26.288096Z,sun,39.759062,-104.62011683333333,1672.4,342.84935660217684,-29.95192209641408,151870205.7476109,-0.25550155888443893,0.8279162386771358,-0.49927312679767344
2402,2026-07-30T06:03:56.311539Z,sun,39.759062,-104.62011683333333,1672.4,343.2483943416092,-30.036238970947437,151870196.0803171,-0.249517330233395,0.8289711395362556,-0.5005476518066595
2403,2026-07-30T06:05:26.334983Z,sun,39.759062,-104.62011683333333,1672.4,343.6483045959955,-30.118631038843933,151870186.2199577,-0.24352239014705135,0.8300009636208033,-0.5017920344979633
2404,2026-07-30T06:06:56.358427Z,sun,39.759062,-104.62011683333333,1672.4,344.049070950624,-30.199090121359333,151870176.16619208,-0.23751699559167883,0.8310056665756639,-0.503006221556194
2405,2026-07-30T06:08:26.381870Z,sun,39.759062,-104.62011683333333,1672.4,344.4506766594468,-30.277608188743162,151870165.91868794,-0.2315014039827101,0.8319852051232559,-0.5041901609611674
2406,2026-07-30T06:09:56.405314Z,sun,39.759062,-104.62011683333333,1672.4,344.8531046623712,-30.354177366349173,151870155.4771209,-0.22547587297277452,0.8329395370967689,-0.5053438020280704
2407,2026-07-30T06:11:26.428757Z,sun,39.759062,-104.62011683333333,1672.4,345.2563375581634,-30.428789932142625,151870144.84117532,-0.21944066090854725,0.8338686213665294,-0.5064670953184458
2408,2026-07-30T06:12:56.452201Z,sun,39.759062,-104.62011683333333,1672.4,345.6603576446197,-30.501438327020814,151870134.01054358,-0.21339602628440135,0.8347724179265431,-0.5075599927447985
2409,2026-07-30T06:14:26.475645Z,sun,39.759062,-104.62011683333333,1672.4,346.06514689194097,-30.572115152435874,151870122.9849264,-0.20734222820019485,0.8356508878232926,-0.5086224474844984
2410,2026-07-30T06:15:56.499088Z,sun,39.759062,-104.62011683333333,1672.4,346.4706869610998,-30.640813176411104,151870111.76403314,-0.20127952614957495,0.8365039931896225,-0.5096544140207347
2411,2026-07-30T06:17:26.522532Z,sun,39.759062,-104.62011683333333,1672.4,346.876959222636,-30.70752533911437,151870100.34758103,-0.1952081798064266,0.8373316972735232,-0.5106558481773246
2412,2026-07-30T06:18:56.545976Z,sun,39.759062,-104.62011683333333,1672.4,347.2839447351561,-30.77224475161238,151870088.73529598,-0.18912844941767482,0.8381339643828676,-0.5116267070518543
2413,2026-07-30T06:20:26.569419Z,sun,39.759062,-104.62011683333333,1672.4,347.6916242645896,-30.834964701533476,151870076.9269123,-0.18304059559071548,0.8389107599166173,-0.5125669490534087
2414,2026-07-30T06:21:56.592863Z,sun,39.759062,-104.62011683333333,1672.4,348.0999783038862,-30.895678658277607,151870064.92217228,-0.17694487907869533,0.8396620503909571,-0.5134765339342001
2415,2026-07-30T06:23:26.616306Z,sun,39.759062,-104.62011683333333,1672.4,348.5089870476014,-30.95438027134635,151870052.72082728,-0.17084156124323255,0.8403878033810005,-0.5143554227189907
2416,2026-07-30T06:24:56.639750Z,sun,39.759062,-104.62011683333333,1672.4,348.9186304347875,-31.011063378829032,151870040.32263628,-0.16473090350129418,0.8410879875889745,-0.5152035777876318
2417,2026-07-30T06:26:26.663194Z,sun,39.759062,-104.62011683333333,1672.4,349.3288881240459,-31.06572200580028,151870027.72736737,-0.158613167788483,0.8417625727884059,-0.5160209628074679
2418,2026-07-30T06:27:56.686637Z,sun,39.759062,-104.62011683333333,1672.4,349.7397395142316,-31.118350369324602,151870014.93479675,-0.15248861634471816,0.8424115298508921,-0.5168075427657312
2419,2026-07-30T06:29:26.710081Z,sun,39.759062,-104.62011683333333,1672.4,350.15116376552015,-31.168942882979067,151870001.94470885,-0.1463575114986459,0.8430348307676863,-0.5175632839957083
2420,2026-07-30T06:30:56.733524Z,sun,39.759062,-104.62011683333333,1672.4,350.5631397750516,-31.217494155610268,151869988.756897,-0.14022011613265684,0.84363244860117,-0.5182881541178984
2421,2026-07-30T06:32:26.756968Z,sun,39.759062,-104.62011683333333,1672.4,350.9756462213163,-31.26399899853798,151869975.3711625,-0.13407669312696355,0.8442043575413793,-0.5189821221085414
2422,2026-07-30T06:33:56.780412Z,sun,39.759062,-104.62011683333333,1672.4,351.38866154021684,-31.3084524243482,151869961.78731555,-0.12792750582523763,0.8447505328599476,-0.5196451582437465
2423,2026-07-30T06:35:26.803855Z,sun,39.759062,-104.62011683333333,1672.4,351.8021639470656,-31.35084965114841,151869948.0051747,-0.12177281781915987,0.845270950932362,-0.5202772341264628
2424,2026-07-30T06:36:56.827299Z,sun,39.759062,-104.62011683333333,1672.4,352.21613145890586,-31.391186106321506,151869934.02456665,-0.11561289273179957,0.8457655892550288,-0.5208783227072128
2425,2026-07-30T06:38:26.850742Z,sun,39.759062,-104.62011683333333,1672.4,352.63054187109066,-31.42945742563681,151869919.84532705,-0.10944799468487876,0.8462344264065049,-0.5214483982369802
2426,2026-07-30T06:39:56.874186Z,sun,39.759062,-104.62011683333333,1672.4,353.0453728029983,-31.46565945908579,151869905.4672996,-0.10327838774024248,0.8466774420923584,-0.5219874363217156
2427,2026-07-30T06:41:26.897630Z,sun,39.759062,-104.62011683333333,1672.4,353.4606016749708,-31.499788270002302,151869890.89033684,-0.09710433636762549,0.8470946171088815,-0.5224954138782086
2428,2026-07-30T06:42:56.921073Z,sun,39.759062,-104.62011683333333,1672.4,353.8762057314281,-31.53184013849147,151869876.11429992,-0.09092610522819818,0.8474859333608223,-0.5229723091556248
2429,2026-07-30T06:44:26.944517Z,sun,39.759062,-104.62011683333333,1672.4,354.2921620642598,-31.561811564340115,151869861.13905796,-0.0847439589569843,0.8478513738739232,-0.5234181017507877
2430,2026-07-30T06:45:56.967960Z,sun,39.759062,-104.62011683333333,1672.4,354.708447590164,-31.589699266419018,151869845.96448907,-0.07855816263233599,0.8481909227659215,-0.5238327725728185
2431,2026-07-30T06:47:26.991404Z,sun,39.759062,-104.62011683333333,1672.4,355.1250390974899,-31.615500187076993,151869830.59047958,-0.07236898121477393,0.848504565279734,-0.5242163038836025
2432,2026-07-30T06:48:57.014848Z,sun,39.759062,-104.62011683333333,1672.4,355.5419132238544,-31.639211491529732,151869815.01692456,-0.06617668001692506,0.8487922877569478,-0.5245686792654173
2433,2026-07-30T06:50:27.038291Z,sun,39.759062,-104.62011683333333,1672.4,355.9590464801661,-31.660830570398286,151869799.2437278,-0.059981524485920576,0.8490540776510332,-0.5248898836370329
2434,2026-07-30T06:51:57.061735Z,sun,39.759062,-104.62011683333333,1672.4,356.3764152748173,-31.680355041712605,151869783.2708009,-0.053783779985495855,0.8492899235353086,-0.5251799032635021
2435,2026-07-30T06:53:27.085178Z,sun,39.759062,-104.62011683333333,1672.4,356.7939958916445,-31.69778275055937,151869767.09806493,-0.0475837122664744,0.8494998150837945,-0.5254387257326399
2436,2026-07-30T06:54:57.108622Z,sun,39.759062,-104.62011683333333,1672.4,357.2117645375458,-31.71311177196939,151869750.72544852,-0.04138158690449426,0.8496837430926225,-0.5256663399813385
2437,2026-07-30T06:56:27.132066Z,sun,39.759062,-104.62011683333333,1672.4,357.6296973206278,-31.726340410535595,151869734.15288976,-0.03517766977081296,0.8498416994633866,-0.5258627362750462
2438,2026-07-30T06:57:57.155509Z,sun,39.759062,-104.62011683333333,1672.4,358.0477702748357,-31.737467202009384,151869717.38033488,-0.028972226814257825,0.84997367721179,-0.5260279062183784
2439,2026-07-30T06:59:27.178953Z,sun,39.759062,-104.62011683333333,1672.4,358.4659593846814,-31.74649091435392,151869700.40773836,-0.02276552384301198,0.8500796704710453,-0.5261618427594236
2440,2026-07-30T07:00:57.202396Z,sun,39.759062,-104.62011683333333,1672.4,358.88424056358923,-31.7534105476011,151869683.23506406,-0.016557826995830256,0.8501596744825874,-0.5262645401780716
2441,2026-07-30T07:02:27.225840Z,sun,39.759062,-104.62011683333333,1672.4,359.30258970198406,-31.758225335193046,151869665.8622832,-0.01034940217895555,0.8502136856057027,-0.5263359940981671
2442,2026-07-30T07:03:57.249284Z,sun,39.759062,-104.62011683333333,1672.4,359.7209826457212,-31.760934743799698,151869648.28937668,-0.004140515537545947,0.8502417013107411,-0.5263762014788472
2443,2026-07-30T07:05:27.272727Z,sun,39.759062,-104.62011683333333,1672.4,0.13939522102803298,-31.76153847394311,151869630.51633355,0.0020685667627067805,0.8502437201831977,-0.5263851606196593
2444,2026-07-30T07:06:57.296171Z,sun,39.759062,-104.62011683333333,1672.4,0.5578032594633632,-31.76003646007469,151869612.54315102,0.008277578753872658,0.8502197419225417,-0.5263628711593742
2445,2026-07-30T07:08:27.319614Z,sun,39.759062,-104.62011683333333,1672.4,0.9761825764026516,-31.756428870622955,151869594.3698356,0.014486254194285349,0.8501697673427985,-0.5263093340761784
2446,2026-07-30T07:09:57.343058Z,sun,39.759062,-104.62011683333333,1672.4,1.3945090192569563,-31.75071610776956,151869575.99640152,0.020694327131912767,0.8500937983703865,-0.5262245516856527
2447,2026-07-30T07:11:27.366502Z,sun,39.759062,-104.62011683333333,1672.4,1.8127584459351884,-31.742898807455013,151869557.4228724,0.026901531432769077,0.8499918380472025,-0.5261085276439738
2448,2026-07-30T07:12:57.389945Z,sun,39.759062,-104.62011683333333,1672.4,2.2309067497814836,-31.73297783902118,151869538.64927983,0.03310760099938448,0.8498638905301278,-0.5259612669475392
2449,2026-07-30T07:14:27.413389Z,sun,39.759062,-104.62011683333333,1672.4,2.6489298844436333,-31.72095430430752,151869519.6756641,0.03931226998887284,0.8497099610852921,-0.5257827759262881
2450,2026-07-30T07:15:57.436833Z,sun,39.759062,-104.62011683333333,1672.4,3.0668038469062586,-31.70682953771937,151869500.50207415,0.04551527241081759,0.8495300560963763,-0.5255730622532484
2451,2026-07-30T07:17:27.460276Z,sun,39.759062,-104.62011683333333,1672.4,3.484504702261373,-31.690605105285233,151869481.12856767,0.0517163423454994,0.8493241830613781,-0.5253321349408637
2452,2026-07-30T07:18:57.483720Z,sun,39.759062,-104.62011683333333,1672.4,3.902008608376289,-31.672282803171047,151869461.55521017,0.05791521416179378,0.8490923505841373,-0.5250600043310267
2453,2026-07-30T07:20:27.507163Z,sun,39.759062,-104.62011683333333,1672.4,4.319291794104175,-31.65186465803708,151869441.78207663,0.06411162204658111,0.8488345683906945,-0.5247566821142344
2454,2026-07-30T07:21:57.530607Z,sun,39.759062,-104.62011683333333,1672.4,4.736330606952753,-31.629352924326668,151869421.80924964,0.07030530056682141,0.8485508473082826,-0.5244221813049146
2455,2026-07-30T07:23:27.554051Z,sun,39.759062,-104.62011683333333,1672.4,5.1531014911134045,-31.604750084592176,151869401.63682106,0.07649598419919554,0.8482411992841836,-0.5240565162635861
2456,2026-07-30T07:24:57.577494Z,sun,39.759062,-104.62011683333333,1672.4,5.569581011729858,-31.57805884759803,151869381.26489124,0.08268340754804838,0.8479056373779295,-0.5236597026877001
2457,2026-07-30T07:26:27.600938Z,sun,39.759062,-104.62011683333333,1672.4,5.98574587898692,-31.5492821458891,151869360.69356844,0.08886730556275638,0.8475441757482698,-0.5232317575961933
2458,2026-07-30T07:27:57.624381Z,sun,39.759062,-104.62011683333333,1672.4,6.401572925831154,-31.518423136371183,151869339.92297018,0.09504741306820083,0.847156829679373,-0.5227726993604741
2459,2026-07-30T07:29:27.647825Z,sun,39.759062,-104.62011683333333,1672.4,6.817039154880627,-31.48548519608945,151869318.95322183,0.10122346532548886,0.8467436155480631,-0.5222825476656228
2460,2026-07-30T07:30:57.671269Z,sun,39.759062,-104.62011683333333,1672.4,7.232121715871787,-31.4504719227935,151869297.78445777,0.10739519756279009,0.8463045508525135,-0.5217613235443719
2461,2026-07-30T07:32:27.694712Z,sun,39.759062,-104.62011683333333,1672.4,7.6467979291429815,-31.413387132128747,151869276.416821,0.11356234519276494,0.8458396541998899,-0.5212090493624703
2462,2026-07-30T07:33:57.718156Z,sun,39.759062,-104.62011683333333,1672.4,8.061045308872444,-31.374234854306,151869254.85046232,0.11972464402924296,0.8453489452887681,-0.5206257487977696
2463,2026-07-30T07:35:27.741599Z,sun,39.759062,-104.62011683333333,1672.4,8.474841540089214,-31.33301933494865,151869233.08554184,0.12588182981904694,0.844832444945168,-0.5200114468830263
2464,2026-07-30T07:36:57.765043Z,sun,39.759062,-104.62011683333333,1672.4,8.888164524549566,-31.28974502941687,151869211.1222273,0.13203363880106087,0.8442901750780458,-0.5193661699529858
2465,2026-07-30T07:38:27.788487Z,sun,39.759062,-104.62011683333333,1672.4,9.300992357394751,-31.24441660366149,151869188.9606958,0.138179807238525,0.8437221587178144,-0.5186899456901738
2466,2026-07-30T07:39:57.811930Z,sun,39.759062,-104.62011683333333,1672.4,9.71330334961159,-31.197038930562567,151869166.6011325,0.1443200716358509,0.8431284199994279,-0.5179828031047857
2467,2026-07-30T07:41:27.835374Z,sun,39.759062,-104.62011683333333,1672.4,10.125076050168063,-31.147617085765095,151869144.04373085,0.15045416895416863,0.8425089841402883,-0.5172447725083453
2468,2026-07-30T07:42:57.858817Z,sun,39.759062,-104.62011683333333,1672.4,10.536289222178869,-31.09615634884489,151869121.28869316,0.156581836145464,0.8418638774860365,-0.5164758855682333
2469,2026-07-30T07:44:27.882261Z,sun,39.759062,-104.62011683333333,1672.4,10.946921887456982,-31.042662196257865,151869098.3362296,0.1627028107087833,0.8411931274543948,-0.5156761752407767
2470,2026-07-30T07:45:57.905705Z,sun,39.759062,-104.62011683333333,1672.4,11.35695330226676,-30.987140302538542,151869075.18655944,0.16881683022497834,0.8404967625834328,-0.5148456758287472
2471,2026-07-30T07:47:27.929148Z,sun,39.759062,-104.62011683333333,1672.4,11.76636297854431,-30.92959653586145,151869051.8399104,0.17492363257242488,0.8397748125101369,-0.5139844229558245
2472,2026-07-30T07:48:57.952592Z,sun,39.759062,-104.62011683333333,1672.4,12.1751307047524,-30.87003695311901,151869028.2965176,0.18102295614137218,0.8390273079438102,-0.5130924535348397
2473,2026-07-30T07:50:27.976035Z,sun,39.759062,-104.62011683333333,1672.4,12.583236521063817,-30.808467801472585,151869004.55662602,0.18711453937064265,0.8382542807215927,-0.5121698058340002
2474,2026-07-30T07:51:57.999479Z,sun,39.759062,-104.62011683333333,1672.4,12.990660762410347,-30.744895510012554,151868980.62048772,0.19319812130068337,0.8374557637406935,-0.5112165193960171
2475,2026-07-30T07:53:28.022923Z,sun,39.759062,-104.62011683333333,1672.4,13.397384033215651,-30.679326691371234,151868956.4883639,0.19927344111102208,0.8366317910163663,-0.5102326351072802
2476,2026-07-30T07:54:58.046366Z,sun,39.759062,-104.62011683333333,1672.4,13.803387227233001,-30.611768136590925,151868932.1605244,0.20534023833473602,0.835782397655983,-0.5092181951669148
2477,2026-07-30T07:56:28.069810Z,sun,39.759062,-104.62011683333333,1672.4,14.208651546994874,-30.542226809528373,151868907.63724643,0.21139825307153864,0.8349076198279306,-0.5081732430496133
2478,2026-07-30T07:57:58.093253Z,sun,39.759062,-104.62011683333333,1672.4,14.613158477915437,-30.470709848866875,151868882.91881666,0.2174472255270958,0.8340074948268656,-0.5070978235835607
2479,2026-07-30T07:59:28.116697Z,sun,39.759062,-104.62011683333333,1672.4,15.016889829734298,-30.397224558578046,151868858.00552896,0.22348689656291404,0.8330820609943221,-0.5059919828555883
2480,2026-07-30T08:00:58.140141Z,sun,39.759062,-104.62011683333333,1672.4,15.419827710151324,-30.321778410026727,151868832.89768654,0.2295170072365559,0.8321313577864017,-0.5048557682920286
2481,2026-07-30T08:02:28.163584Z,sun,39.759062,-104.62011683333333,1672.4,15.821954543202875,-30.24437903623382,151868807.5956008,0.23553729901482934,0.8311554257433493,-0.5036892286223623
2482,2026-07-30T08:03:58.187028Z,sun,39.759062,-104.62011683333333,1672.4,16.22325308721012,-30.16503422570225,151868782.09959054,0.2415475139851425,0.8301543064540142,-0.5024924138367186
2483,2026-07-30T08:05:28.210471Z,sun,39.759062,-104.62011683333333,1672.4,16.623706407824024,-30.083751924956456,151868756.40998414,0.24754739439853934,0.8291280426306836,-0.5012653752753178
2484,2026-07-30T08:06:58.233915Z,sun,39.759062,-104.62011683333333,1672.4,17.023297917724456,-30.00054022791775,151868730.52711698,0.25353668321500966,0.8280766780182661,-0.5000081655198891
2485,2026-07-30T08:08:28.257359Z,sun,39.759062,-104.62011683333333,1672.4,17.422011349197092,-29.915407378568432,151868704.45133358,0.2595151236475091,0.8270002574715499,-0.4987208384860294
2486,2026-07-30T08:09:58.280802Z,sun,39.759062,-104.62011683333333,1672.4,17.819830771007517,-29.828361764702624,151868678.18298686,0.26548245937359377,0.8258988269203149,-0.4974034493814813
2487,2026-07-30T08:11:28.304246Z,sun,39.759062,-104.62011683333333,1672.4,18.216740604812834,-29.739411911269585,151868651.722437,0.2714384347446695,0.8247724333294176,-0.4960560546583773
2488,2026-07-30T08:12:58.327690Z,sun,39.759062,-104.62011683333333,1672.4,18.612725601570688,-29.648566482493184,151868625.07005307,0.27738279439914754,0.8236211247702092,-0.4946787120986466
2489,2026-07-30T08:14:28.351133Z,sun,39.759062,-104.62011683333333,1672.4,19.007770857511385,-29.55583427536077,151868598.22621277,0.2833152834729761,0.8224449503829911,-0.4932714807691061
2490,2026-07-30T08:15:58.374577Z,sun,39.759062,-104.62011683333333,1672.4,19.40186182963688,-29.461224212721316,151868571.1913007,0.289235647807529,0.8212439603345024,-0.4918344209705754
2491,2026-07-30T08:17:28.398020Z,sun,39.759062,-104.62011683333333,1672.4,19.794984307160444,-29.36474534681489,151868543.965711,0.29514363349964157,0.8200182059078995,-0.4903675943455266
2492,2026-07-30T08:18:58.421464Z,sun,39.759062,-104.62011683333333,1672.4,20.187124448392705,-29.26640684712289,151868516.54984477,0.3010389874386514,0.8187677393938255,-0.4888710637477291
2493,2026-07-30T08:20:28.444908Z,sun,39.759062,-104.62011683333333,1672.4,20.57826875172964,-29.166218004074743,151868488.94411212,0.30692145685723743,0.8174926141828559,-0.48734489335286074
2494,2026-07-30T08:21:58.468351Z,sun,39.759062,-104.62011683333333,1672.4,20.96840407016928,-29.064188222168934,151868461.1489313,0.3127907895400892,0.8161928847235335,-0.48578914860828704
2495,2026-07-30T08:23:28.491795Z,sun,39.759062,-104.62011683333333,1672.4,21.357517625349423,-28.96032701273005,151868433.1647277,0.3186467340295669,0.8148686064755145,-0.48420389617695514
2496,2026-07-30T08:24:58.515238Z,sun,39.759062,-104.62011683333333,1672.4,21.745596978078584,-28.85464399814594,151868404.9919361,0.324489039180386,0.8135198360089583,-0.48258920405635625
2497,2026-07-30T08:26:28.538682Z,sun,39.759062,-104.62011683333333,1672.4,22.132630063516313,-28.74714889889457,151868376.63099796,0.3303174546907897,0.8121466308844223,-0.4809451414347377
2498,2026-07-30T08:27:58.562126Z,sun,39.759062,-104.62011683333333,1672.4,22.518605161332765,-28.63785153797509,151868348.0823638,0.3361317306586869,0.8107490497545787,-0.4792717788128605
2499,2026-07-30T08:29:28.585569Z,sun,39.759062,-104.62011683333333,1672.4,22.903510908815896,-28.52676183375323,151868319.3464923,0.3419316177877133,0.8093271523179879,-0.4775691879486507
2500,2026-07-30T08:30:58.609013Z,sun,39.759062,-104.62011683333333,1672.4,23.287336313536656,-28.41388979246059,151868290.42384893,0.3477168675904352,0.8078809992679542,-0.4758374417959431
2501,2026-07-30T08:32:28.632456Z,sun,39.759062,-104.62011683333333,1672.4,23.670070723126962,-28.299245513186843,151868261.31490865,0.35348723194854514,0.8064106524011364,-0.4740766146345219
2502,2026-07-30T08:33:58.655900Z,sun,39.759062,-104.62011683333333,1672.4,24.051703858828287,-28.182839174178692,151868232.0201529,0.35924246363744655,0.8049161744864295,-0.4722867819130975
2503,2026-07-30T08:35:28.679344Z,sun,39.759062,-104.62011683333333,1672.4,24.43222578494469,-28.064681038050317,151868202.54007217,0.36498231588788066,0.8033976293759036,-0.47046802038214847
2504,2026-07-30T08:36:58.702787Z,sun,39.759062,-104.62011683333333,1672.4,24.811626920675252,-27.94478144442327,151868172.87516496,0.37070654258950264,0.8018550819542929,-0.4686204080334226
2505,2026-07-30T08:38:28.726231Z,sun,39.759062,-104.62011683333333,1672.4,25.189898051522615,-27.823150802242306,151868143.02593648,0.37641489849137283,0.8002885980836243,-0.46674402403359894
2506,2026-07-30T08:39:58.749674Z,sun,39.759062,-104.62011683333333,1672.4,25.567030298457016,-27.69979959557069,151868112.99290127,0.3821071387679262,0.7986982447209751,-0.4648389488653272
2507,2026-07-30T08:41:28.773118Z,sun,39.759062,-104.62011683333333,1672.4,25.94301514995768,-27.57473836924175,151868082.77658027,0.3877830195365933,0.7970840897764437,-0.46290526415708466
2508,2026-07-30T08:42:58.796562Z,sun,39.759062,-104.62011683333333,1672.4,26.31784443091418,-27.447977734889978,151868052.3775034,0.3934422974253122,0.7954462022332086,-0.4609430528269816
2509,2026-07-30T08:44:28.820005Z,sun,39.759062,-104.62011683333333,1672.4,26.691510313318414,-27.319528363451397,151868021.7962084,0.3990847297734061,0.793784652092785,-0.45895239901717866
2510,2026-07-30T08:45:58.843449Z,sun,39.759062,-104.62011683333333,1672.4,27.064005326559634,-27.18940097735827,151867991.03323963,0.40471007482921273,0.7920995103154664,-0.45693338802251154
2511,2026-07-30T08:47:28.866892Z,sun,39.759062,-104.62011683333333,1672.4,27.43532232613393,-27.057606357172816,151867960.0891508,0.41031809132218877,0.790390848947137,-0.45488610644241484
2512,2026-07-30T08:48:58.890336Z,sun,39.759062,-104.62011683333333,1672.4,27.805454524313785,-26.924155326664504,151867928.96450174,0.4159085389730711,0.7886587409664615,-0.4528106419978238
2513,2026-07-30T08:50:28.913780Z,sun,39.759062,-104.62011683333333,1672.4,28.17439545866738,-26.78905875969019,151867897.65986115,0.4214811780677347,0.7869032604139384,-0.450707083685788
2514,2026-07-30T08:51:58.937223Z,sun,39.759062,-104.62011683333333,1672.4,28.542139001759743,-26.652327572609334,151867866.17580563,0.42703576965519197,0.7851244823329743,-0.448575521708861
2515,2026-07-30T08:53:28.960667Z,sun,39.759062,-104.62011683333333,1672.4,28.908679370473752,-26.51397271641502,151867834.51291797,0.4325720757419862,0.7833224827062474,-0.44641604739882496
2516,2026-07-30T08:54:58.984110Z,sun,39.759062,-104.62011683333333,1672.4,29.274011094452245,-26.374005184221993,151867802.6717904,0.43808985887112484,0.7814973385913698,-0.4442287533792514
2517,2026-07-30T08:56:29.007554Z,sun,39.759062,-104.62011683333333,1672.4,29.638129045527794,-26.23243599583709,151867770.6530211,0.4435888826240863,0.7796491279575053,-0.4420137333696955
2518,2026-07-30T08:57:59.030998Z,sun,39.759062,-104.62011683333333,1672.4,30.001028406034138,-26.089276205504532,151867738.45721713,0.4490689112015132,0.7777779298232681,-0.4397710823509418
2519,2026-07-30T08:59:29.054441Z,sun,39.759062,-104.62011683333333,1672.4,30.36270467766691,-25.944536894281352,151867706.0849929,0.45452970961809386,0.7758838241936861,-0.4375008964894502
2520,2026-07-30T09:00:59.077885Z,sun,39.759062,-104.62011683333333,1672.4,30.723153689991584,-25.798229162145272,151867673.53696948,0.45997104389361376,0.7739668919925222,-0.43520327305622925
2521,2026-07-30T09:02:29.101328Z,sun,39.759062,-104.62011683333333,1672.4,31.0823715687777,-25.65036413635021,151867640.81377664,0.4653926806390271,0.7720272152066873,-0.4328783105999051
2522,2026-07-30T09:03:59.124772Z,sun,39.759062,-104.62011683333333,1672.4,31.44035476433977,-25.500952955541873,151867607.91605055,0.4707943875498538,0.7700648767124335,-0.43052610873839287
2523,2026-07-30T09:05:29.148216Z,sun,39.759062,-104.62011683333333,1672.4,31.797100019807043,-25.350006778374176,151867574.8444356,0.4761759329941524,0.7680799604219534,-0.4281467683345969
2524,2026-07-30T09:06:59.171659Z,sun,39.759062,-104.62011683333333,1672.4,32.152604379291425,-25.197536775880646,151867541.5995838,0.4815370862040235,0.7660725512163156,-0.4257403914160182
2525,2026-07-30T09:08:29.195103Z,sun,39.759062,-104.62011683333333,1672.4,32.50686519574532,-25.043554123586098,151867508.1821534,0.48687761746329894,0.7640427348737523,-0.4233070810887748
2526,2026-07-30T09:09:59.218546Z,sun,39.759062,-104.62011683333333,1672.4,32.85988009932256,-24.8880700107411,151867474.5928116,0.4921972977007998,0.7619905982228118,-0.4208469417211816
2527,2026-07-30T09:11:29.241990Z,sun,39.759062,-104.62011683333333,1672.4,33.21164702480688,-24.731095624011203,151867440.83223122,0.4974958989751144,0.7599162289581205,-0.41836007872287734
2528,2026-07-30T09:12:59.265434Z,sun,39.759062,-104.62011683333333,1672.4,33.56216417996851,-24.572642156972478,151867406.90109372,0.5027731940698728,0.7578197157956824,-0.41584659873098556
2529,2026-07-30T09:14:29.288877Z,sun,39.759062,-104.62011683333333,1672.4,33.91143005319705,-24.41272080249763,151867372.80008796,0.5080289566818839,0.75570114840178,-0.41330660952487486
2530,2026-07-30T09:15:59.312321Z,sun,39.759062,-104.62011683333333,1672.4,34.25944342083545,-24.251342744901088,151867338.5299086,0.5132629616050106,0.7535606173173938,-0.4107402199355231
2531,2026-07-30T09:17:29.335765Z,sun,39.759062,-104.62011683333333,1672.4,34.60620331959731,-24.08851916821009,151867304.09125897,0.5184749843893902,0.7513982140955816,-0.40814754001021747
2532,2026-07-30T09:18:59.359208Z,sun,39.759062,-104.62011683333333,1672.4,34.95170905394084,-23.92426124856816,151867269.4848494,0.523664801527423,0.7492140312280051,-0.40552868092445277
2533,2026-07-30T09:20:29.382652Z,sun,39.759062,-104.62011683333333,1672.4,35.295960203144816,-23.758580146411617,151867234.71139634,0.5288321906351507,0.7470081620671093,-0.4028837548886117
2534,2026-07-30T09:21:59.406095Z,sun,39.759062,-104.62011683333333,1672.4,35.63895659007073,-23.591487017061016,151867199.77162492,0.5339769300588114,0.7447807009925904,-0.4002128753475489
2535,2026-07-30T09:23:29.429539Z,sun,39.759062,-104.62011683333333,1672.4,35.980698307334485,-23.42299299382859,151867164.66626582,0.5390987993436619,0.7425317432112777,-0.3975161567406329
2536,2026-07-30T09:24:59.452983Z,sun,39.759062,-104.62011683333333,1672.4,36.32118568613981,-23.253109198867516,151867129.3960579,0.5441975788426088,0.7402613849257255,-0.3947937147038811
2537,2026-07-30T09:26:29.476426Z,sun,39.759062,-104.62011683333333,1672.4,36.660419303311805,-23.081846735616427,151867093.9617472,0.5492730498983543,0.7379697232568785,-0.39204566597722545
2538,2026-07-30T09:27:59.499870Z,sun,39.759062,-104.62011683333333,1672.4,36.99839998805455,-22.909216681027925,151867058.3640855,0.554324995020697,0.7356568561625001,-0.3892721283066782
2539,2026-07-30T09:29:29.523313Z,sun,39.759062,-104.62011683333333,1672.4,37.33512879111384,-22.735230096985664,151867022.6038331,0.5593531975017886,0.7333228826117923,-0.3864732206537169
2540,2026-07-30T09:30:59.546757Z,sun,39.759062,-104.62011683333333,1672.4,37.670607010332,-22.559898013072367,151866986.68175584,0.5643574418745597,0.7309679023755346,-0.38364906294361517
2541,2026-07-30T09:32:29.570201Z,sun,39.759062,-104.62011683333333,1672.4,38.004836159914674,-22.383231438242454,151866950.59862742,0.5693375135300115,0.7285920162028539,-0.38079977627740835
2542,2026-07-30T09:33:59.593644Z,sun,39.759062,-104.62011683333333,1672.4,38.337817977241905,-22.205241353307137,151866914.35522866,0.57429319889546,0.7261953257400504,-0.37792548283454197
2543,2026-07-30T09:35:29.617088Z,sun,39.759062,-104.62011683333333,1672.4,38.66955442941256,-22.025938703219534,151866877.95234582,0.5792242856075461,0.7237779334453704,-0.3750263057706444
2544,2026-07-30T09:36:59.640531Z,sun,39.759062,-104.62011683333333,1672.4,39.000047682909326,-21.84533440928832,151866841.39077386,0.5841305621366246,0.7213399427715822,-0.3721023694364783
2545,2026-07-30T09:38:29.663975Z,sun,39.759062,-104.62011683333333,1672.4,39.329300128620254,-21.663439351632366,151866804.6713126,0.5890118182340394,0.7188814579467252,-0.3691537991149785
2546,2026-07-30T09:39:59.687419Z,sun,39.759062,-104.62011683333333,1672.4,39.657314351667836,-21.480264381627283,151866767.79477003,0.5938678445590191,0.7164025841586109,-0.366180721242516
2547,2026-07-30T09:41:29.710862Z,sun,39.759062,-104.62011683333333,1672.4,39.9840931380595,-21.295820314446882,151866730.7619607,0.5986984328523692,0.7139034274701165,-0.3631832633072969
2548,2026-07-30T09:42:59.734306Z,sun,39.759062,-104.62011683333333,1672.4,40.30963948111358,-21.11011792140122,151866693.57370478,0.6035033761050685,0.7113840947303651,-0.36016155374282116
2549,2026-07-30T09:44:29.757749Z,sun,39.759062,-104.62011683333333,1672.4,40.63395655171864,-20.923167942907458,151866656.23083067,0.6082824681923547,0.7088446937649827,-0.357115722156061
2550,2026-07-30T09:45:59.781193Z,sun,39.759062,-104.62011683333333,1672.4,40.957047722911604,-20.73498107064185,151866618.73417163,0.6130355043094179,0.7062853331476705,-0.35404589905347245
2551,2026-07-30T09:47:29.804637Z,sun,39.759062,-104.62011683333333,1672.4,41.27891654032046,-20.545567960737287,151866581.08456886,0.6177622806079642,0.7037061223923993,-0.35095221607150506
2552,2026-07-30T09:48:59.828080Z,sun,39.759062,-104.62011683333333,1672.4,41.59956672875202,-20.354939226365378,151866543.2828699,0.6224625943654821,0.7011071718651118,-0.347834805870686
2553,2026-07-30T09:50:29.851524Z,sun,39.759062,-104.62011683333333,1672.4,41.91900219857157,-20.163105430122567,151866505.32992795,0.6271362441492104,0.6984885926914237,-0.34469380202489347
2554,2026-07-30T09:51:59.874967Z,sun,39.759062,-104.62011683333333,1672.4,42.237227016607804,-19.970077097728353,151866467.2266039,0.6317830294601431,0.6958504969544356,-0.3415293392586191
2555,2026-07-30T09:53:29.898411Z,sun,39.759062,-104.62011683333333,1672.4,42.55424543036926,-19.775864699877452,151866428.9737636,0.6364027511568167,0.6931929974573087,-0.33834155316216563
2556,2026-07-30T09:54:59.921855Z,sun,39.759062,-104.62011683333333,1672.4,42.870061839153415,-19.580478666152466,151866390.5722805,0.6409952111018843,0.6905162079229662,-0.33513058043117716
2557,2026-07-30T09:56:29.945298Z,sun,39.759062,-104.62011683333333,1672.4,43.18468080063331,-19.38392937763885,151866352.0230345,0.6455602123267787,0.6878202429023011,-0.3318965587565257
2558,2026-07-30T09:57:59.968742Z,sun,39.759062,-104.62011683333333,1672.4,43.498107037253114,-19.186227159348487,151866313.32691032,0.6500975591909166,0.6851052176784691,-0.32863962670948577
2559,2026-07-30T09:59:29.992185Z,sun,39.759062,-104.62011683333333,1672.4,43.81034540781851,-18.987382294610462,151866274.484801,0.6546070570359264,0.6823712484720915,-0.3253599239878857
2560,2026-07-30T10:01:00.015629Z,sun,39.759062,-104.62011683333333,1672.4,44.12140093141402,-18.787405006625793,151866235.4976038,0.659088512597128,0.6796184521950571,-0.3220575911207502
2561,2026-07-30T10:02:30.039073Z,sun,39.759062,-104.62011683333333,1672.4,44.431278759217165,-18.58630547305708,151866196.3662236,0.6635417336604938,0.6768469466575185,-0.3187327697166082
2562,2026-07-30T10:04:00.062516Z,sun,39.759062,-104.62011683333333,1672.4,44.73998418113182,-18.384093818665487,151866157.09157145,0.6679665292225362,0.6740568504727001,-0.31538560234928703
2563,2026-07-30T10:05:30.085960Z,sun,39.759062,-104.62011683333333,1672.4,45.04752263223928,-18.18078010776523,151866117.67456305,0.6723627096444915,0.6712482829579361,-0.3120162324391787
2564,2026-07-30T10:07:00.109403Z,sun,39.759062,-104.62011683333333,1672.4,45.353899665114,-17.97637435926058,151866078.1161223,0.6767300863172925,0.6684213643469584,-0.3086248045079014
2565,2026-07-30T10:08:30.132847Z,sun,39.759062,-104.62011683333333,1672.4,45.65912097376453,-17.770886418310553,151866038.41717705,0.6810684724810412,0.6655762159399407,-0.30521146205116656
2566,2026-07-30T10:10:00.156291Z,sun,39.759062,-104.62011683333333,1672.4,45.96319236504607,-17.564326410373422,151865998.57866257,0.6853776812052138,0.6627129586904437,-0.30177635508688005
2567,2026-07-30T10:11:30.179734Z,sun,39.759062,-104.62011683333333,1672.4,46.26611976707335,-17.356704075003094,151865958.6015201,0.6896575280810433,0.659831715560166,-0.29831962909281245
2568,2026-07-30T10:13:00.203178Z,sun,39.759062,-104.62011683333333,1672.4,46.567909234631664,-17.1480291979706,151865918.48669553,0.6939078296748881,0.6569326097728905,-0.29484143218493825
2569,2026-07-30T10:14:30.226622Z,sun,39.759062,-104.62011683333333,1672.4,46.86856692584382,-16.938311514560116,151865878.23514187,0.6981284036758517,0.6540157654142792,-0.29134191351499916
2570,2026-07-30T10:16:00.250065Z,sun,39.759062,-104.62011683333333,1672.4,47.168099108945896,-16.72756070221845,151865837.84781808,0.7023190690476641,0.6510813073314614,-0.2878212231500271
2571,2026-07-30T10:17:30.273509Z,sun,39.759062,-104.62011683333333,1672.4,47.46651216889771,-16.51578637303048,151865797.32568747,0.7064796461745756,0.6481293610290354,-0.2842795119475564
2572,2026-07-30T10:19:00.296952Z,sun,39.759062,-104.62011683333333,1672.4,47.763812580875395,-16.30299808971523,151865756.66972095,0.7106099565441033,0.6451600528923138,-0.28071693182345514
2573,2026-07-30T10:20:30.320396Z,sun,39.759062,-104.62011683333333,1672.4,48.06000693360272,-16.08920534642135,151865715.88089344,0.7147098231244444,0.6421735099195635,-0.2771336354306595
2574,2026-07-30T10:22:00.343840Z,sun,39.759062,-104.62011683333333,1672.4,48.355101903059946,-15.87441758490349,151865674.96018675,0.7187790700498817,0.6391698599471041,-0.2735297764292337
2575,2026-07-30T10:23:30.367283Z,sun,39.759062,-104.62011683333333,1672.4,48.64910425939363,-15.658644187151015,151865633.90858832,0.722817522767703,0.63614923154559,-0.2699055093619182
2576,2026-07-30T10:25:00.390727Z,sun,39.759062,-104.62011683333333,1672.4,48.942020873650385,-15.441894467861523,151865592.72708997,0.7268250081786899,0.633111753913019,-0.26626098952574384
2577,2026-07-30T10:26:30.414170Z,sun,39.759062,-104.62011683333333,1672.4,49.23385869199317,-15.224177690994685,151865551.41669077,0.7308013543312597,0.6300575571046361,-0.26259637324787005
2578,2026-07-30T10:28:00.437614Z,sun,39.759062,-104.62011683333333,1672.4,49.52462475886138,-15.00550305027417,151865509.97839338,0.7347463907851064,0.6269867717573334,-0.2589118175548909
2579,2026-07-30T10:29:30.461058Z,sun,39.759062,-104.62011683333333,1672.4,49.81432619142438,-14.785879685893038,151865468.41320762,0.7386599483083978,0.6238995293211199,-0.25520748045055464
2580,2026-07-30T10:31:00.484501Z,sun,39.759062,-104.62011683333333,1672.4,50.10297018659983,-14.565316677136115,151865426.72214842,0.7425418590190747,0.620795961952568,-0.25148352078790803
2581,2026-07-30T10:32:30.507945Z,sun,39.759062,-104.62011683333333,1672.4,50.39056402793155,-14.343823034831416,151865384.90623474,0.7463919565199398,0.6176762024048309,-0.2477400981373071
2582,2026-07-30T10:34:00.531388Z,sun,39.759062,-104.62011683333333,1672.4,50.677115060532664,-14.1214077184145,151865342.96649292,0.7502100756047191,0.6145403842638182,-0.24397737306980014
2583,2026-07-30T10:35:30.554832Z,sun,39.759062,-104.62011683333333,1672.4,50.962630714079225,-13.898079616146845,151865300.90395257,0.7539960526073781,0.6113886416651653,-0.24019550681750113
2584,2026-07-30T10:37:00.578276Z,sun,39.759062,-104.62011683333333,1672.4,51.247118477986504,-13.673847562319237,151865258.71964988,0.7577497251113253,0.6082211095319089,-0.2363946615587686
2585,2026-07-30T10:38:30.601719Z,sun,39.759062,-104.62011683333333,1672.4,51.5305859085581,-13.448720329843598,151865216.41462654,0.7614709320851907,0.6050379234650326,-0.23257500028685832
2586,2026-07-30T10:40:00.625163Z,sun,39.759062,-104.62011683333333,1672.4,51.81304063600101,-13.22270662267949,151865173.9899276,0.7651595140122218,0.6018392196307102,-0.22873668667460909
2587,2026-07-30T10:41:30.648606Z,sun,39.759062,-104.62011683333333,1672.4,52.094490340075666,-12.9958150933743,151865131.44660538,0.7688153126085571,0.598625135002527,-0.22487988536508305
2588,2026-07-30T10:43:00.672050Z,sun,39.759062,-104.62011683333333,1672.4,52.3749427729431,-12.768054322993756,151865088.7857153,0.7724381711579551,0.5953958070712271,-0.22100476162326407
2589,2026-07-30T10:44:30.695494Z,sun,39.759062,-104.62011683333333,1672.4,52.654405735033066,-12.539432838796703,151865046.00831917,0.776027934233176,0.5921513740884615,-0.21711148162853242
2590,2026-07-30T10:46:00.718937Z,sun,39.759062,-104.62011683333333,1672.4,52.93288708233194,-12.309959106779946,151865003.11548385,0.7795844478262038,0.5888919749544502,-0.2132002123398564
2591,2026-07-30T10:47:30.742381Z,sun,39.759062,-104.62011683333333,1672.4,53.21039473353166,-12.079641524070922,151864960.1082797,0.7831075594717863,0.585617749102599,-0.20927112135731493
2592,2026-07-30T10:49:00.765824Z,sun,39.759062,-104.62011683333333,1672.4,53.48693664636564,-11.848488436908614,151864916.98778376,0.7865971179782488,0.582328836747478,-0.2053243772196617
2593,2026-07-30T10:50:30.789268Z,sun,39.759062,-104.62011683333333,1672.4,53.762520840301875,-11.616508120301308,151864873.75507605,0.7900529737470792,0.5790253785878395,-0.20136014904793376
2594,2026-07-30T10:52:00.812712Z,sun,39.759062,-104.62011683333333,1672.4,54.03715537310475,-11.383708796118094,151864830.411243,0.7934749785071314,0.5757075160558665,-0.1973786068445404
2595,2026-07-30T10:53:30.836155Z,sun,39.759062,-104.62011683333333,1672.4,54.310848348240285,-11.150098625591294,151864786.95737553,0.7968629854389282,0.5723753912022697,-0.19337992135536541
2596,2026-07-30T10:55:00.859599Z,sun,39.759062,-104.62011683333333,1672.4,54.58360792214879,-10.915685701672059,151864743.39456794,0.8002168492921423,0.5690291465784711,-0.1893642639283705
2597,2026-07-30T10:56:30.883042Z,sun,39.759062,-104.62011683333333,1672.4,54.85544228125281,-10.680478067408796,151864699.72392106,0.8035364261294079,0.5656689254899145,-0.18533180681756733
2598,2026-07-30T10:58:00.906486Z,sun,39.759062,-104.62011683333333,1672.4,55.1263596645036,-10.444483695334014,151864655.94653848,0.8068215736304484,0.5622948716926515,-0.1812827228188927
2599,2026-07-30T10:59:30.929930Z,sun,39.759062,-104.62011683333333,1672.4,55.39636834059253,-10.207710505954381,151864612.06352967,0.8100721508391808,0.5589071296480057,-0.17721718557580915
2600,2026-07-30T11:01:00.953373Z,sun,39.759062,-104.62011683333333,1672.4,55.66547661547643,-9.970166360195877,151864568.07600868,0.8132880182820875,0.5555058444051189,-0.17313536943834076
2601,2026-07-30T11:02:30.976817Z,sun,39.759062,-104.62011683333333,1672.4,55.93369283977418,-9.731859051708769,151864523.9850927,0.8164690380796029,0.5520911614807462,-0.16903744931880726
2602,2026-07-30T11:04:01.000260Z,sun,39.759062,-104.62011683333333,1672.4,56.201025386401994,-9.492796325625942,151864479.79190496,0.819615073703007,0.5486632271178015,-0.16492360100208314
2603,2026-07-30T11:05:31.023704Z,sun,39.759062,-104.62011683333333,1672.4,56.46748267298986,-9.252985857672888,151864435.49757132,0.8227259902629276,0.5452221879756827,-0.1607940007739551
2604,2026-07-30T11:07:01.047148Z,sun,39.759062,-104.62011683333333,1672.4,56.733073139702,-9.012435273035761,151864391.10322353,0.8258016542694991,0.5417681913902063,-0.1566488257330499
2605,2026-07-30T11:08:31.070591Z,sun,39.759062,-104.62011683333333,1672.4,56.99780525688077,-8.771152138737392,151864346.6099973,0.8288419337447522,0.5383013852536432,-0.1524882536468587
2606,2026-07-30T11:10:01.094035Z,sun,39.759062,-104.62011683333333,1672.4,57.2616875325599,-8.529143955884441,151864302.01903144,0.8318466983277941,0.5348219178922459,-0.14831246280474075
2607,2026-07-30T11:11:31.117479Z,sun,39.759062,-104.62011683333333,1672.4,57.52472849360916,-8.286418176081702,151864257.33147,0.8348158190777859,0.5313299382909389,-0.14412163228756641
2608,2026-07-30T11:13:01.140922Z,sun,39.759062,-104.62011683333333,1672.4,57.78693669343231,-8.042982193775487,151864212.54846162,0.8377491685825327,0.5278255959720795,-0.1399159418222044
2609,2026-07-30T11:14:31.164366Z,sun,39.759062,-104.62011683333333,1672.4,58.04832071955493,-7.798843338455819,151864167.6711571,0.8406466210599878,0.5243090408715697,-0.13569557163282814
2610,2026-07-30T11:16:01.187809Z,sun,39.759062,-104.62011683333333,1672.4,58.308889172189275,-7.554008893974352,151864122.70071355,0.8435080521365189,0.5207804236053081,-0.1314607027606794
2611,2026-07-30T11:17:31.211253Z,sun,39.759062,-104.62011683333333,1672.4,58.568650686443355,-7.308486077226803,151864077.6382898,0.8463333391097049,0.5172398951502669,-0.1272115166813066
2612,2026-07-30T11:19:01.234697Z,sun,39.759062,-104.62011683333333,1672.4,58.82761391107043,-7.062282057552897,151864032.48505053,0.8491223607301543,0.5136876071120048,-0.12294819562560595
2613,2026-07-30T11:20:31.258140Z,sun,39.759062,-104.62011683333333,1672.4,59.08578751626551,-6.815403949008271,151863987.2421638,0.8518749973038529,0.5101237116012018,-0.11867092243163324
2614,2026-07-30T11:22:01.281584Z,sun,39.759062,-104.62011683333333,1672.4,59.343180201347856,-6.5678588025092965,151863941.91080025,0.8545911307871917,0.5065483611078232,-0.11437988039356914
2615,2026-07-30T11:23:31.305027Z,sun,39.759062,-104.62011683333333,1672.4,59.599800673879585,-6.3196536254549125,151863896.4921363,0.8572706445790724,0.5029617087719463,-0.11007525358674138
2616,2026-07-30T11:25:01.328471Z,sun,39.759062,-104.62011683333333,1672.4,59.855657671743806,-6.0707953601553495,151863850.98735005,0.8599134237672036,0.49936390805957637,-0.10575722647853761
2617,2026-07-30T11:26:31.351915Z,sun,39.759062,-104.62011683333333,1672.4,60.11075994242999,-5.821290903535738,151863805.39762476,0.8625193549237318,0.4957551130345582,-0.10142598425473662
2618,2026-07-30T11:28:01.375358Z,sun,39.759062,-104.62011683333333,1672.4,60.365116250918604,-5.5711470993354,151863759.72414732,0.8650883262012129,0.4921354782330462,-0.09708171266883771
2619,2026-07-30T11:29:31.398802Z,sun,39.759062,-104.62011683333333,1672.4,60.618735387459,-5.320370730183803,151863713.96810672,0.8676202274211643,0.48850515853573734,-0.09272459788870131
2620,2026-07-30T11:31:01.422245Z,sun,39.759062,-104.62011683333333,1672.4,60.87162614719774,-5.068968537515305,151863668.13069743,0.8701149498800993,0.48486430944294134,-0.08835482682667664
2621,2026-07-30T11:32:31.445689Z,sun,39.759062,-104.62011683333333,1672.4,61.12379735214338,-4.816947199738453,151863622.21311548,0.8725723865792003,0.48121308674529606,-0.08397258674438184
2622,2026-07-30T11:34:01.469133Z,sun,39.759062,-104.62011683333333,1672.4,61.37525783094379,-4.564313352233137,151863576.21656165,0.8749924320338602,0.4775516467999573,-0.0795780655841755
2623,2026-07-30T11:35:31.492576Z,sun,39.759062,-104.62011683333333,1672.4,61.62601642685166,-4.311073579475368,151863530.1422403,0.8773749823631812,0.4738801464031357,-0.07517145181616604
2624,2026-07-30T11:37:01.516020Z,sun,39.759062,-104.62011683333333,1672.4,61.87608200560451,-4.0572344070282504,151863483.99135745,0.879719935372087,0.47019874266032957,-0.07075293428244576
2625,2026-07-30T11:38:31.539463Z,sun,39.759062,-104.62011683333333,1672.4,62.125463435519,-3.802802321741386,151863437.76512438,0.8820271903713824,0.4665075932655253,-0.0663227025321825
2626,2026-07-30T11:40:01.562907Z,sun,39.759062,-104.62011683333333,1672.4,62.37416960934062,-3.5477837496757987,151863391.46475372,0.8842966483904817,0.4628068561672623,-0.061880946420814306
2627,2026-07-30T11:41:31.586351Z,sun,39.759062,-104.62011683333333,1672.4,62.622209424500014,-3.292185076356613,151863345.09146264,0.8865282120012463,0.4590966898485459,-0.05742785644598961
2628,2026-07-30T11:43:01.609794Z,sun,39.759062,-104.62011683333333,1672.4,62.86959179115086,-3.0360126388245052,151863298.64647147,0.8887217854008922,0.4553772531976174,-0.05296362359245695
2629,2026-07-30T11:44:31.633238Z,sun,39.759062,-104.62011683333333,1672.4,63.11632564012427,-2.779272717562392,151863252.13100204,0.8908772744873645,0.45164870537663687,-0.04848843917443513
2630,2026-07-30T11:46:01.656681Z,sun,39.759062,-104.62011683333333,1672.4,63.36241990348205,-2.521971556937579,151863205.54628125,0.8929945866938414,0.4479112061043772,-0.04400249517490658
2631,2026-07-30T11:47:31.680125Z,sun,39.759062,-104.62011683333333,1672.4,63.607883536252764,-2.2641153428955656,151863158.8935369,0.8950736311842414,0.4441649153180729,-0.03950598383973728
2632,2026-07-30T11:49:01.703569Z,sun,39.759062,-104.62011683333333,1672.4,63.85272549712964,-2.0057102234584283,151863112.17400128,0.8971143186914702,0.44040999345686394,-0.034999098017870024
2633,2026-07-30T11:50:31.727012Z,sun,39.759062,-104.62011683333333,1672.4,64.0969547565786,-1.7467623006995825,151863065.38890937,0.8991165615936766,0.43664660133089694,-0.0304820310042012
2634,2026-07-30T11:52:01.750456Z,sun,39.759062,-104.62011683333333,1672.4,64.34058030486939,-1.487277622599539,151863018.53949758,0.9010802739828754,0.43287489998849854,-0.02595497638013957
2635,2026-07-30T11:53:31.773899Z,sun,39.759062,-104.62011683333333,1672.4,64.58361113304925,-1.2272622037229277,151862971.62700695,0.9030053715139852,0.4290950510021959,-0.02141812835689834
2636,2026-07-30T11:55:01.797343Z,sun,39.759062,-104.62011683333333,1672.4,64.82605625458176,-0.9667220026824995,151862924.65267938,0.9048917715829731,0.4253072161265923,-0.01687168136483857
2637,2026-07-30T11:56:31.820787Z,sun,39.759062,-104.62011683333333,1672.4,65.0679246864493,-0.7056629428751372,151862877.61776075,0.9067393931796168,0.42151155758516895,-0.012315830397698572
2638,2026-07-30T11:58:01.844230Z,sun,39.759062,-104.62011683333333,1672.4,65.30922545733485,-0.4440909043738444,151862830.52349943,0.9085481569570852,0.41770823793775,-0.007750770853503729
2639,2026-07-30T11:59:31.867674Z,sun,39.759062,-104.62011683333333,1672.4,65.5499676157261,-0.18201171571401684,151862783.37114516,0.9103179852937249,0.41389741994631657,-0.0031766983734935906
2640,2026-07-30T12:01:01.891117Z,sun,39.759062,-104.62011683333333,1672.4,65.79016021127943,0.08056882520754644,151862736.1619518,0.9120488021567776,0.4100792668640911,0.0014061908109078809
2641,2026-07-30T12:02:31.914561Z,sun,39.759062,-104.62011683333333,1672.4,66.02981231636689,0.3436449738834369,151862688.89717385,0.9137405332629333,0.4062539420898778,0.005997700292992666
2642,2026-07-30T12:04:01.938005Z,sun,39.759062,-104.62011683333333,1672.4,66.26893300757081,0.6072110182528495,151862641.5780695,0.9153931059458804,0.40242160945768995,0.010597633143147113
2643,2026-07-30T12:05:31.961448Z,sun,39.759062,-104.62011683333333,1672.4,66.50753137392749,0.8712612868796562,151862594.20589942,0.9170064492190486,0.39858243310287783,0.015205792069547636
2644,2026-07-30T12:07:01.984892Z,sun,39.759062,-104.62011683333333,1672.4,66.74561652509611,1.1357901572260714,151862546.78192487,0.9185804938304521,0.3947365773268429,0.019821979580556225
2645,2026-07-30T12:08:32.008336Z,sun,39.759062,-104.62011683333333,1672.4,66.98319757573847,1.4007920375085872,151862499.3074111,0.9201151721581683,0.3908842068458044,0.02444599768613797
2646,2026-07-30T12:10:02.031779Z,sun,39.759062,-104.62011683333333,1672.4,67.22028365380157,1.6662613749189155,151862451.7836251,0.9216104182689595,0.3870254866561673,0.0290776480594722
2647,2026-07-30T12:11:32.055223Z,sun,39.759062,-104.62011683333333,1672.4,67.45688390873026,1.9321926639375375,151862404.21183482,0.9230661679689549,0.38316058189857244,0.033716732200146475
2648,2026-07-30T12:13:02.078666Z,sun,39.759062,-104.62011683333333,1672.4,67.69300749342017,2.1985804251279304,151862356.59331197,0.9244823586912756,0.37928965815094884,0.03836305108241519
2649,2026-07-30T12:14:32.102110Z,sun,39.759062,-104.62011683333333,1672.4,67.92866358563772,2.4654192282033187,151862308.92932865,0.9258589296280489,0.3754128810780704,0.0430164055758519
2650,2026-07-30T12:16:02.125554Z,sun,39.759062,-104.62011683333333,1672.4,68.16386137008158,2.732703670771302,151862261.22115967,0.9271958216218396,0.3715304167251933,0.047676596092906386
2651,2026-07-30T12:17:32.148997Z,sun,39.759062,-104.62011683333333,1672.4,68.39861004673148,3.000428386623737,151862213.4700826,0.9284929772173559,0.36764243138226915,0.052343422751900945
2652,2026-07-30T12:19:02.172441Z,sun,39.759062,-104.62011683333333,1672.4,68.63291883913567,3.2685880541145167,151862165.6773747,0.9297503407051544,0.3637490914470035,0.05701668554141768
2653,2026-07-30T12:20:32.195884Z,sun,39.759062,-104.62011683333333,1672.4,68.8667969766926,3.5371773747685826,151862117.8443172,0.930967858024302,0.35985056372012164,0.06169618396589639
2654,2026-07-30T12:22:02.219328Z,sun,39.759062,-104.62011683333333,1672.4,69.10025371601897,3.80619109654106,151862069.9721911,0.93214547687642,0.3559470150522929,0.06638171746945201
2655,2026-07-30T12:23:32.242772Z,sun,39.759062,-104.62011683333333,1672.4,69.33329832333072,4.075623992376178,151862022.06228042,0.9332831466321647,0.35203861263995156,0.07107308508080505
2656,2026-07-30T12:25:02.266215Z,sun,39.759062,-104.62011683333333,1672.4,69.56594008286113,4.345470868562034,151861974.11587092,0.9343808183759611,0.3481255238885111,0.07577008557748027
2657,2026-07-30T12:26:32.289659Z,sun,39.759062,-104.62011683333333,1672.4,69.79818830523357,4.615726573176723,151861926.13424826,0.9354384449427149,0.34420791627446545,0.08047251765134444
2658,2026-07-30T12:28:02.313102Z,sun,39.759062,-104.62011683333333,1672.4,70.03005231004482,4.88638597451633,151861878.11870185,0.9364559808355899,0.3402859576426501,0.08518017955180465
2659,2026-07-30T12:29:32.336546Z,sun,39.759062,-104.62011683333333,1672.4,70.26154144719631,5.157443984532306,151861830.07052013,0.9374333823219438,0.33635981585095387,0.08989286951228571
2660,2026-07-30T12:31:02.359990Z,sun,39.759062,-104.62011683333333,1672.4,70.492665079581,5.428895537223457,151861781.99099493,0.9383706073549951,0.33242965906789207,0.09461038539305668
2661,2026-07-30T12:32:32.383433Z,sun,39.759062,-104.62011683333333,1672.4,70.72343259157813,5.700735597053282,151861733.881419,0.939267615611544,0.3284956556349364,0.09933252484648825
2662,2026-07-30T12:34:02.406877Z,sun,39.759062,-104.62011683333333,1672.4,70.95385339750317,5.97295916744392,151861685.74308494,0.940124368521583,0.32455797392804636,0.10405908548327909
2663,2026-07-30T12:35:32.430320Z,sun,39.759062,-104.62011683333333,1672.4,71.18393692448836,6.245561269050475,151861637.5772887,0.9409408292013508,0.32061678265635585,0.10878986451394002
2664,2026-07-30T12:37:02.453764Z,sun,39.759062,-104.62011683333333,1672.4,71.413692633792,6.518536963359131,151861589.38532516,0.9417169625310324,0.3166722505051362,0.11352465917737134
2665,2026-07-30T12:38:32.477208Z,sun,39.759062,-104.62011683333333,1672.4,71.64313000377092,6.791881330919641,151861541.16849223,0.9424527350916888,0.31272454643483233,0.11826326638193098
2666,2026-07-30T12:40:02.500651Z,sun,39.759062,-104.62011683333333,1672.4,71.87225853845803,7.065589479819084,151861492.9280885,0.9431481151959143,0.3087738395426838,0.12300548287154969
2667,2026-07-30T12:41:32.524095Z,sun,39.759062,-104.62011683333333,1672.4,72.10108777610566,7.339656554227432,151861444.66541204,0.943803072910356,0.3048202989236998,0.12775110539261672
2668,2026-07-30T12:43:02.547538Z,sun,39.759062,-104.62011683333333,1672.4,72.32962727233573,7.614077712515595,151861396.38176402,0.9444175800040664,0.30086409397062597,0.1324999303339336
2669,2026-07-30T12:44:32.570982Z,sun,39.759062,-104.62011683333333,1672.4,72.5578866214602,7.8888481510152495,151861348.0784445,0.944991610007926,0.29690539401535204,0.13725175415715624
2670,2026-07-30T12:46:02.594426Z,sun,39.759062,-104.62011683333333,1672.4,72.78587543971327,8.163963082089163,151861299.75675577,0.9455251381668731,0.2929443686292538,0.14200637303629518
2671,2026-07-30T12:47:32.617869Z,sun,39.759062,-104.62011683333333,1672.4,73.01360337392092,8.43941774265475,151861251.41800088,0.94601814146347,0.2889811874842656,0.14676358302448833
2672,2026-07-30T12:49:02.641313Z,sun,39.759062,-104.62011683333333,1672.4,73.24108011016165,8.715207402792759,151861203.06348222,0.9464705986333298,0.2850160202132174,0.1515231802216584
2673,2026-07-30T12:50:32.664756Z,sun,39.759062,-104.62011683333333,1672.4,73.46831535715879,8.991327343701634,151861154.6945048,0.9468824901288049,0.2810490367109678,0.15628496041305676
2674,2026-07-30T12:52:02.688200Z,sun,39.759062,-104.62011683333333,1672.4,73.69531886763188,9.26777288160134,151861106.31237203,0.9472537981600462,0.2770804067747295,0.16104871950101596
2675,2026-07-30T12:53:32.711644Z,sun,39.759062,-104.62011683333333,1672.4,73.9221004217885,9.544539345666227,151861057.91838965,0.9475845066626275,0.27311030040514167,0.16581425314356396
2676,2026-07-30T12:55:02.735087Z,sun,39.759062,-104.62011683333333,1672.4,74.14866983610075,9.821622086595768,151861009.51386377,0.9478746013139947,0.26913888766690003,0.1705813569217325
2677,2026-07-30T12:56:32.758531Z,sun,39.759062,-104.62011683333333,1672.4,74.37503697206884,10.09901648524669,151860961.10009938,0.9481240695417233,0.2651663385490849,0.1753498265072238
2678,2026-07-30T12:58:02.781974Z,sun,39.759062,-104.62011683333333,1672.4,74.60121171987161,10.376717930467107,151860912.67840403,0.948332900502646,0.2611928232666244,0.18011945730056073
2679,2026-07-30T12:59:32.805418Z,sun,39.759062,-104.62011683333333,1672.4,74.82720401976702,10.654721843119203,151860864.25008336,0.9485010851054875,0.2572185119000873,0.18489004486347402
2680,2026-07-30T13:01:02.828862Z,sun,39.759062,-104.62011683333333,1672.4,75.053023845826,10.933023653876349,151860815.81644478,0.9486286159939028,0.25324357469724745,0.18966138455693068
2681,2026-07-30T13:02:32.852305Z,sun,39.759062,-104.62011683333333,1672.4,75.27868121482997,11.211618811832732,151860767.37879634,0.9487154875557907,0.2492681819334398,0.19443327170876862
2682,2026-07-30T13:04:02.875749Z,sun,39.759062,-104.62011683333333,1672.4,75.50418619516631,11.490502793168986,151860718.9384441,0.9487616959244055,0.24529250377179249,0.1992055017814791
2683,2026-07-30T13:05:32.899192Z,sun,39.759062,-104.62011683333333,1672.4,75.72954889070975,11.769671078852433,151860670.49669677,0.9487672389729094,0.24131671056497903,0.20397787001000986
2684,2026-07-30T13:07:02.922636Z,sun,39.759062,-104.62011683333333,1672.4,75.95477946231368,12.049119178779884,151860622.0548607,0.9487321163185765,0.2373409724946615,0.20875017183457234
2685,2026-07-30T13:08:32.946080Z,sun,39.759062,-104.62011683333333,1672.4,76.17988811176687,12.328842609433222,151860573.61424413,0.9486563293212603,0.2333654598733849,0.21352220253827467
2686,2026-07-30T13:10:02.969523Z,sun,39.759062,-104.62011683333333,1672.4,76.40488509083598,12.608836902529257,151860525.17615482,0.9485398810855615,0.22939034300469044,0.2182937574150466
2687,2026-07-30T13:11:32.992967Z,sun,39.759062,-104.62011683333333,1672.4,76.62978071031101,12.889097613711035,151860476.7418991,0.9483827764547909,0.22541579204340947,0.22306463193734774
2688,2026-07-30T13:13:03.016411Z,sun,39.759062,-104.62011683333333,1672.4,76.85458532660171,13.16962030323281,151860428.31278467,0.9481850220185326,0.2214419772533045,0.2278346214469207
2689,2026-07-30T13:14:33.039854Z,sun,39.759062,-104.62011683333333,1672.4,77.07930935086891,13.450400544620553,151860379.8901189,0.9479466261105219,0.21746906886724812,0.2326035213226367
2690,2026-07-30T13:16:03.063298Z,sun,39.759062,-104.62011683333333,1672.4,77.3039632581703,13.731433933375367,151860331.47520742,0.9476675987983242,0.2134972369476207,0.23737112714808012
2691,2026-07-30T13:17:33.086741Z,sun,39.759062,-104.62011683333333,1672.4,77.52855757169476,14.012716064472174,151860283.0693575,0.9473479519025718,0.20952665168782234,0.24213723434964007
2692,2026-07-30T13:19:03.110185Z,sun,39.759062,-104.62011683333333,1672.4,77.75310288446039,14.294242556653778,151860234.67387393,0.9469876989716798,0.20555748305213126,0.24690163862881928
2693,2026-07-30T13:20:33.133629Z,sun,39.759062,-104.62011683333333,1672.4,77.97760984363144,14.576009029894282,151860186.2900627,0.9465868553049939,0.20158990107710228,0.2516641356004604
2694,2026-07-30T13:22:03.157072Z,sun,39.759062,-104.62011683333333,1672.4,78.2020891598188,14.85801111407452,151860137.91922912,0.9461454379435233,0.19762407573192467,0.25642452096038104
2695,2026-07-30T13:23:33.180516Z,sun,39.759062,-104.62011683333333,1672.4,78.42655161641312,15.140244457700273,151860089.56267652,0.9456634656524867,0.1936601767790888,0.26118259065263155
2696,2026-07-30T13:25:03.203959Z,sun,39.759062,-104.62011683333333,1672.4,78.65100805403125,15.422704705279063,151860041.22170958,0.9451409589559555,0.18969837407534326,0.26593814050825404
2697,2026-07-30T13:26:33.227403Z,sun,39.759062,-104.62011683333333,1672.4,78.87546939239581,15.705387521693032,151859992.89763024,0.9445779400931669,0.18573883721226855,0.270690966676733
2698,2026-07-30T13:28:03.250847Z,sun,39.759062,-104.62011683333333,1672.4,79.09994661486631,15.988288569541055,151859944.59174123,0.9439744330570703,0.18178173581703022,0.275440865264997
2699,2026-07-30T13:29:33.274290Z,sun,39.759062,-104.62011683333333,1672.4,79.32445077793741,16.271403517823572,151859896.30534464,0.9433304635779268,0.17782723941300896,0.2801876325047233
2700,2026-07-30T13:31:03.297734Z,sun,39.759062,-104.62011683333333,1672.4,79.54899302078506,16.55472805066576,151859848.03973994,0.9426460590987369,0.17387551728090272,0.2849310649190766
2701,2026-07-30T13:32:33.321177Z,sun,39.759062,-104.62011683333333,1672.4,79.77358454992101,16.83825784457368,151859799.79622796,0.9419212488252594,0.16992673875882658,0.2896709589624978
2702,2026-07-30T13:34:03.344621Z,sun,39.759062,-104.62011683333333,1672.4,79.99823666130345,17.12198859287852,151859751.57610622,0.9411560636639474,0.16598107288387012,0.2944071114509686
2703,2026-07-30T13:35:33.368065Z,sun,39.759062,-104.62011683333333,1672.4,80.2229607250681,17.405915982944176,151859703.38067317,0.9403505362758925,0.16203868869210244,0.2991393192019153
2704,2026-07-30T13:37:03.391508Z,sun,39.759062,-104.62011683333333,1672.4,80.44776819526474,17.69003570486614,151859655.21122572,0.9395047010532688,0.15809975507942625,0.3038673792012457
2705,2026-07-30T13:38:33.414952Z,sun,39.759062,-104.62011683333333,1672.4,80.67267061964144,17.974343460182784,151859607.06905857,0.9386185940876879,0.15416444066335167,0.30859108876927743
2706,2026-07-30T13:40:03.438395Z,sun,39.759062,-104.62011683333333,1672.4,80.89767962451027,18.258834939016626,151859558.9554669,0.9376922532355317,0.15023291408186185,0.3133102452020095
2707,2026-07-30T13:41:33.461839Z,sun,39.759062,-104.62011683333333,1672.4,81.12280693712624,18.54350584456144,151859510.8717428,0.9367257180376017,0.1463053436365127,0.3180246461995381
2708,2026-07-30T13:43:03.485283Z,sun,39.759062,-104.62011683333333,1672.4,81.34806437063621,18.82835187017738,151859462.8191787,0.9357190297883592,0.1423818975910725,0.32273408950759624
2709,2026-07-30T13:44:33.508726Z,sun,39.759062,-104.62011683333333,1672.4,81.57346383407315,19.113368708075924,151859414.79906532,0.9346722315052755,0.13846274403298892,0.327438373083858
2710,2026-07-30T13:46:03.532170Z,sun,39.759062,-104.62011683333333,1672.4,81.7990173424178,19.398552058014555,151859366.81269088,0.933585367890136,0.1345480507358936,0.33213729526298436
2711,2026-07-30T13:47:33.555613Z,sun,39.759062,-104.62011683333333,1672.4,82.024737001677,19.683897604322393,151859318.86134377,0.9324584854096167,0.1306379854569356,0.33683065439974
2712,2026-07-30T13:49:03.579057Z,sun,39.759062,-104.62011683333333,1672.4,82.25063503158586,19.969401040415892,151859270.94630903,0.9312916321967283,0.1267327155817533,0.34151824929515584
2713,2026-07-30T13:50:33.602501Z,sun,39.759062,-104.62011683333333,1672.4,82.4767237507741,20.255058045776515,151859223.06887183,0.9300848581352882,0.12283240842150929,0.3461998788400023
2714,2026-07-30T13:52:03.625944Z,sun,39.759062,-104.62011683333333,1672.4,82.70301558705812,20.54086429461251,151859175.2303153,0.9288382148222059,0.1189372310750693,0.3508753421802298
2715,2026-07-30T13:53:33.649388Z,sun,39.759062,-104.62011683333333,1672.4,82.92952308781847,20.826815464524987,151859127.4319196,0.9275517555217725,0.11504735029238963,0.35554443888096193
2716,2026-07-30T13:55:03.672831Z,sun,39.759062,-104.62011683333333,1672.4,83.15625890529564,21.1129072134155,151859079.67496526,0.926225535261405,0.11116293277002008,0.3602069685718086
2717,2026-07-30T13:56:33.696275Z,sun,39.759062,-104.62011683333333,1672.4,83.3832358196749,21.399135204014414,151859031.96072885,0.9248596107149751,0.10728414479828922,0.36486273137036684
2718,2026-07-30T13:58:03.719719Z,sun,39.759062,-104.62011683333333,1672.4,83.61046672447782,21.685495080740395,151858984.2904866,0.9234540403024218,0.10341115255640815,0.3695115275280169
2719,2026-07-30T13:59:33.743162Z,sun,39.759062,-104.62011683333333,1672.4,83.83796463718461,21.97198247831375,151858936.665513,0.9220088841450687,0.09954412197567708,0.37415315759412887
2720,2026-07-30T14:01:03.766606Z,sun,39.759062,-104.62011683333333,1672.4,84.06574270998901,22.258593030402494,151858889.08707893,0.9205242040128399,0.09568321860359146,0.37878742257918885
2721,2026-07-30T14:02:33.790049Z,sun,39.759062,-104.62011683333333,1672.4,84.29381421530655,22.545322346392105,151858841.5564552,0.9190000634351558,0.09182860789744186,0.3834141236024015
2722,2026-07-30T14:04:03.813493Z,sun,39.759062,-104.62011683333333,1672.4,84.5221925693048,22.83216603590606,151858794.07490867,0.9174365275662744,0.0879804548740943,0.3880330623120718
2723,2026-07-30T14:05:33.836937Z,sun,39.759062,-104.62011683333333,1672.4,84.75089131753673,23.119119685551187,151858746.64370564,0.9158336632999006,0.08413892440275525,0.39264404053421187
2724,2026-07-30T14:07:03.860380Z,sun,39.759062,-104.62011683333333,1672.4,84.97992414595198,23.406178867482364,151858699.26411012,0.9141915392175154,0.0803041810691505,0.39724686043557733
2725,2026-07-30T14:08:33.883824Z,sun,39.759062,-104.62011683333333,1672.4,85.20930489204558,23.69333914797231,151858651.9373824,0.9125102255287744,0.07647638904105299,0.4018413246850886
2726,2026-07-30T14:10:03.907268Z,sun,39.759062,-104.62011683333333,1672.4,85.43904753317616,23.980596067269154,151858604.66478196,0.9107897941779218,0.07265571231674967,0.40642723615560594
2727,2026-07-30T14:11:33.930711Z,sun,39.759062,-104.62011683333333,1672.4,85.6691661978342,24.26794514812226,151858557.44756612,0.9090303187879623,0.06884231458990142,0.4110043980861527
2728,2026-07-30T14:13:03.954155Z,sun,39.759062,-104.62011683333333,1672.4,85.8996751770616,24.55538190430901,151858510.2869881,0.9072318745969452,0.0650363591158406,0.4155726142424066
2729,2026-07-30T14:14:33.977598Z,sun,39.759062,-104.62011683333333,1672.4,86.13058891036914,24.842901817226167,151858463.1843008,0.9053945385925992,0.06123800900079176,0.4201316885695642
2730,2026-07-30T14:16:04.001042Z,sun,39.759062,-104.62011683333333,1672.4,86.36192201011511,25.130500360337024,151858416.14075258,0.9035183893492735,0.05744742685677152,0.42468142560657196
2731,2026-07-30T14:17:34.024486Z,sun,39.759062,-104.62011683333333,1672.4,86.59368924755147,25.41817297571589,151858369.15759066,0.9016035071663172,0.05366477509007764,0.4292216301398706
2732,2026-07-30T14:19:04.047929Z,sun,39.759062,-104.62011683333333,1672.4,86.82590556456226,25.705915082489025,151858322.23605984,0.8996499740054089,0.04989021576746076,0.4337521073640373
2733,2026-07-30T14:20:34.071373Z,sun,39.759062,-104.62011683333333,1672.4,87.05858608559397,25.99372208528943,151858275.37740064,0.8976578734199362,0.046123910483633096,0.4382726630408239
2734,2026-07-30T14:22:04.094816Z,sun,39.759062,-104.62011683333333,1672.4,87.29174610382616,26.281589350695207,151858228.58285284,0.8956272907044922,0.042366020647794815,0.44278310315526
2735,2026-07-30T14:23:34.118260Z,sun,39.759062,-104.62011683333333,1672.4,87.52540110620397,26.569512231623175,151858181.85365164,0.8935583127141251,0.0386167071418782,0.4472832343258621
2736,2026-07-30T14:25:04.141704Z,sun,39.759062,-104.62011683333333,1672.4,87.75956675975777,26.85748604372442,151858135.19103062,0.8914510280174832,0.03487613060615383,0.45177286346184503
2737,2026-07-30T14:26:34.165147Z,sun,39.759062,-104.62011683333333,1672.4,87.99425892388739,27.145506073735636,151858088.59622082,0.8893055268272609,0.031144451306652263,0.45625179792226084
2738,2026-07-30T14:28:04.188591Z,sun,39.759062,-104.62011683333333,1672.4,88.22949366284435,27.433567587811083,151858042.07044858,0.8871219009229525,0.027421829004416396,0.46071984567294233
2739,2026-07-30T14:29:34.212034Z,sun,39.759062,-104.62011683333333,1672.4,88.46528723221333,27.721665807840424,151857995.61493936,0.884900243814768,0.0237084232384846,0.4651768149468642
2740,2026-07-30T14:31:04.235478Z,sun,39.759062,-104.62011683333333,1672.4,88.70165610465719,28.009795935722924,151857949.2309138,0.8826406505456426,0.020004392988336124,0.46962251464930127
2741,2026-07-30T14:32:34.258922Z,sun,39.759062,-104.62011683333333,1672.4,88.93861695655544,28.297953129628247,151857902.91959056,0.8803432178588159,0.01630989695599526,0.4740567540192526
2742,2026-07-30T14:34:04.282365Z,sun,39.759062,-104.62011683333333,1672.4,89.17618668089287,28.58613251222044,151857856.68218544,0.8780080441215713,0.012625093435033664,0.4784793427866761
2743,2026-07-30T14:35:34.305809Z,sun,39.759062,-104.62011683333333,1672.4,89.41438240037863,28.87432917885861,151857810.51990947,0.8756352292413394,0.008950140181504095,0.4828900913274141
2744,2026-07-30T14:37:04.329252Z,sun,39.759062,-104.62011683333333,1672.4,89.65322145425111,29.16253817376333,151857764.43397263,0.8732248748439917,0.005285194693333523,0.4872888103278677
2745,2026-07-30T14:38:34.352696Z,sun,39.759062,-104.62011683333333,1672.4,89.89272142484721,29.450754514157268,151857718.42557916,0.870777084058701,0.0016304138771050041,0.49167531118494795
2746,2026-07-30T14:40:04.376140Z,sun,39.759062,-104.62011683333333,1672.4,90.13290012458219,29.7389731663679,151857672.495932,0.8682919616998506,-0.0020140456735122272,0.49604940567190486
2747,2026-07-30T14:41:34.399583Z,sun,39.759062,-104.62011683333333,1672.4,90.37377560952287,30.027189053901925,151857626.6462303,0.865769614184118,-0.005648027807079473,0.5004109060935562
2748,2026-07-30T14:43:04.423027Z,sun,39.759062,-104.62011683333333,1672.4,90.61536619322351,30.315397065486813,151857580.87766844,0.863210149440022,-0.009271376941642671,0.5047596254390211
2749,2026-07-30T14:44:34.446470Z,sun,39.759062,-104.62011683333333,1672.4,90.85769043388484,30.6035920310688,151857535.19143927,0.860613677100427,-0.012883937789183644,0.5090953770510261
2750,2026-07-30T14:46:04.469914Z,sun,39.759062,-104.62011683333333,1672.4,91.10076716186263,30.891768745794092,151857489.58873007,0.8579803082703966,-0.016485555684279896,0.5134179750203683
2751,2026-07-30T14:47:34.493358Z,sun,39.759062,-104.62011683333333,1672.4,91.3446154670098,31.179921945921436,151857444.0707262,0.8553101557233859,-0.020076076309424873,0.517727233856261
2752,2026-07-30T14:49:04.516801Z,sun,39.759062,-104.62011683333333,1672.4,91.58925471303093,31.468046316729627,151857398.63860893,0.8526033338116401,-0.0236553458227072,0.5220229686395849
2753,2026-07-30T14:50:34.540245Z,sun,39.759062,-104.62011683333333,1672.4,91.83470455212061,31.756136500367617,151857353.2935549,0.8498599583692927,-0.027223210983083293,0.5263049951732498
2754,2026-07-30T14:52:04.563688Z,sun,39.759062,-104.62011683333333,1672.4,92.08098491250996,32.04418707166061,151857308.0367386,0.847080146918928,-0.030779518878914003,0.5305731296564028
2755,2026-07-30T14:53:34.587132Z,sun,39.759062,-104.62011683333333,1672.4,92.3281160270273,32.33219256188873,151857262.86932886,0.8442640184226966,-0.03432411725166264,0.5348271890729328
2756,2026-07-30T14:55:04.610576Z,sun,39.759062,-104.62011683333333,1672.4,92.5761184208558,32.62014743450635,151857217.79249206,0.8414116934924422,-0.0378568542254755,0.5390669908669345
2757,2026-07-30T14:56:34.634019Z,sun,39.759062,-104.62011683333333,1672.4,92.82501292674854,32.90804609283286,151857172.80739096,0.8385232942936423,-0.04137757843288758,0.543292353093588
2758,2026-07-30T14:58:04.657463Z,sun,39.759062,-104.62011683333333,1672.4,93.0748207005661,33.19588288767711,151857127.9151824,0.8355989444421461,-0.0448861391380078,0.5475030945670122
2759,2026-07-30T14:59:34.680906Z,sun,39.759062,-104.62011683333333,1672.4,93.32556320925754,33.48365209293777,151857083.11702177,0.8326387692245043,-0.048382385969526945,0.5516990345398463
2760,2026-07-30T15:01:04.704350Z,sun,39.759062,-104.62011683333333,1672.4,93.57726226059322,33.77134792912789,151857038.41405812,0.8296428953326686,-0.05186616923903229,0.5558799930852835
2761,2026-07-30T15:02:34.727794Z,sun,39.759062,-104.62011683333333,1672.4,93.82993999137948,34.05896453887679,151856993.80743763,0.8266114510878307,-0.05533733967513006,0.5600457907779953
2762,2026-07-30T15:04:04.751237Z,sun,39.759062,-104.62011683333333,1672.4,94.08361888363551,34.34649599436674,151856949.29830292,0.8235445663379879,-0.058795748547073645,0.5641962488425146
2763,2026-07-30T15:05:34.774681Z,sun,39.759062,-104.62011683333333,1672.4,94.338321781131,34.63393630468986,151856904.8877905,0.8204423723484346,-0.062241247785725054,0.568331189298413
2764,2026-07-30T15:07:04.798125Z,sun,39.759062,-104.62011683333333,1672.4,94.59407188069113,34.92127939440733,151856860.57703426,0.8173050020005824,-0.06567368975936806,0.5724504346912649
2765,2026-07-30T15:08:34.821568Z,sun,39.759062,-104.62011683333333,1672.4,94.8508927489983,35.20851911080996,151856816.36716375,0.8141325896857748,-0.06909292739600152,0.576553808239426
2766,2026-07-30T15:10:04.845012Z,sun,39.759062,-104.62011683333333,1672.4,95.10880833978509,35.495649231097204,151856772.25930282,0.8109252711920318,-0.07249881430296255,0.5806411339776008
2767,2026-07-30T15:11:34.868455Z,sun,39.759062,-104.62011683333333,1672.4,95.36784298258937,35.78266343757965,151856728.25457272,0.8076831839460406,-0.07589120450753932,0.5847122364455708
2768,2026-07-30T15:13:04.891899Z,sun,39.759062,-104.62011683333333,1672.4,95.62802141465328,36.06955534070063,151856684.3540884,0.8044064667220339,-0.07926995276612857,0.5887669410592183
2769,2026-07-30T15:14:34.915343Z,sun,39.759062,-104.62011683333333,1672.4,95.88936876995302,36.35631845412087,151856640.5589619,0.8010952598871487,-0.08263491430612852,0.5928050738007904
2770,2026-07-30T15:16:04.938786Z,sun,39.759062,-104.62011683333333,1672.4,96.15191059713192,36.64294620165071,151856596.8703004,0.797749705289018,-0.08598594494596956,0.5968264613629607
2771,2026-07-30T15:17:34.962230Z,sun,39.759062,-104.62011683333333,1672.4,96.4156728778585,36.92943192407546,151856553.28920543,0.7943699461365421,-0.08932290121222605,0.6008309312893754
2772,2026-07-30T15:19:04.985673Z,sun,39.759062,-104.62011683333333,1672.4,96.68068201614356,37.21576885409202,151856509.81677553,0.7909561272547693,-0.09264564008566908,0.6048183116699212
2773,2026-07-30T15:20:35.009117Z,sun,39.759062,-104.62011683333333,1672.4,96.94696487174302,37.501950138900455,151856466.45410284,0.7875083947784459,-0.09595401930384888,0.6087884315038451
2774,2026-07-30T15:22:05.032561Z,sun,39.759062,-104.62011683333333,1672.4,97.214548749772,37.787968815006025,151856423.20227608,0.7840268964101862,-0.09924789710850787,0.6127411203966567
2775,2026-07-30T15:23:35.056004Z,sun,39.759062,-104.62011683333333,1672.4,97.48346141986471,38.07381781475381,151856380.06237924,0.7805117813021005,-0.10252713236308678,0.6166762087011498
2776,2026-07-30T15:25:05.079448Z,sun,39.759062,-104.62011683333333,1672.4,97.75373113581169,38.3594899727499,151856337.03549016,0.7769631999306201,-0.10579158466729495,0.6205935276549005
2777,2026-07-30T15:26:35.102891Z,sun,39.759062,-104.62011683333333,1672.4,98.02538662545345,38.64497800046947,151856294.12268355,0.7733813043642273,-0.10904111410863662,0.6244929090821077
2778,2026-07-30T15:28:05.126335Z,sun,39.759062,-104.62011683333333,1672.4,98.29845712575232,38.930274508374325,151856251.3250274,0.7697662479416935,-0.11227558155841856,0.6283741857488149
2779,2026-07-30T15:29:35.149779Z,sun,39.759062,-104.62011683333333,1672.4,98.5729723729997,39.215371980365326,151856208.6435862,0.7661181855430287,-0.1154948484246999,0.6322371910664645
2780,2026-07-30T15:31:05.173222Z,sun,39.759062,-104.62011683333333,1672.4,98.84896262330959,39.50026277986257,151856166.0794194,0.7624372734651771,-0.11869877676724713,0.6360817592298542
2781,2026-07-30T15:32:35.196666Z,sun,39.759062,-104.62011683333333,1672.4,99.12645867363804,39.784939155757755,151856123.63358006,0.758723669290984,-0.12188722940947982,0.639907725351481
2782,2026-07-30T15:34:05.220109Z,sun,39.759062,-104.62011683333333,1672.4,99.40549185225936,40.069393216633586,151856081.30711785,0.7549775321696282,-0.12506006969561242,0.6437149251701304
2783,2026-07-30T15:35:35.243553Z,sun,39.759062,-104.62011683333333,1672.4,99.68609405565239,40.35361695233866,151856039.10107562,0.751199022479723,-0.12821716177991688,0.6475031953979928
2784,2026-07-30T15:37:05.266997Z,sun,39.759062,-104.62011683333333,1672.4,99.96829773929977,40.637602208028035,151855997.0164924,0.7473883021128802,-0.13135837038536885,0.6512723734310601
2785,2026-07-30T15:38:35.290440Z,sun,39.759062,-104.62011683333333,1672.4,100.25213593960436,40.92134068971964,151855955.0544019,0.7435455343435331,-0.13448356091598682,0.6550222974839451
2786,2026-07-30T15:40:05.313884Z,sun,39.759062,-104.62011683333333,1672.4,100.53764229636305,41.20482396969046,151855913.2158313,0.739670883692314,-0.13759259956592843,0.6587528067207922
2787,2026-07-30T15:41:35.337327Z,sun,39.759062,-104.62011683333333,1672.4,100.82485104383464,41.48804346027044,151855871.5018043,0.7357645162186175,-0.14068535308273497,0.6624637409712096
2788,2026-07-30T15:43:05.360771Z,sun,39.759062,-104.62011683333333,1672.4,101.11379704952815,41.77099043475638,151855829.91333723,0.7318265991692693,-0.14376168904925174,0.6661549410685534
2789,2026-07-30T15:44:35.384215Z,sun,39.759062,-104.62011683333333,1672.4,101.40451580558732,42.05365600099936,151855788.4514426,0.7278573012741407,-0.14682147564844175,0.6698262485677452
2790,2026-07-30T15:46:05.407658Z,sun,39.759062,-104.62011683333333,1672.4,101.69704345217598,42.33603110634333,151855747.11712733,0.7238567926103541,-0.14986458177289913,0.6734775058766884
2791,2026-07-30T15:47:35.431102Z,sun,39.759062,-104.62011683333333,1672.4,101.99141680145918,42.618106542382655,151855705.91139174,0.7198252444601502,-0.15289087713103103,0.6771085563836784
2792,2026-07-30T15:49:05.454545Z,sun,39.759062,-104.62011683333333,1672.4,102.28767332919793,42.89987291825498,151855664.835232,0.7157628296153926,-0.15590023201655612,0.680719244180852
2793,2026-07-30T15:50:35.477989Z,sun,39.759062,-104.62011683333333,1672.4,102.58585121552699,43.181320680803076,151855623.88963738,0.7116697220120144,-0.15889251758291767,0.6843094143934485
2794,2026-07-30T15:52:05.501433Z,sun,39.759062,-104.62011683333333,1672.4,102.88598933683602,43.46244008762952,151855583.07559246,0.7075460970374964,-0.16186760561441232,0.6878789129052167
2795,2026-07-30T15:53:35.524876Z,sun,39.759062,-104.62011683333333,1672.4,103.18812729062864,43.743221211324006,151855542.39407653,0.7033921313895756,-0.16482536863278271,0.6914275864863199
2796,2026-07-30T15:55:05.548320Z,sun,39.759062,-104.62011683333333,1672.4,103.4923054210135,44.023653943493,151855501.84606162,0.6992080029286161,-0.1677656800004665,0.694955282917223
2797,2026-07-30T15:56:35.571763Z,sun,39.759062,-104.62011683333333,1672.4,103.79856481067654,44.30372796745542,151855461.43251586,0.6949938909940484,-0.17068841369637244,0.6984618507196859
2798,2026-07-30T15:58:05.595207Z,sun,39.759062,-104.62011683333333,1672.4,104.10694732369028,44.58343277756424,151855421.15439966,0.6907499760245791,-0.173593444582777,0.7019471394769906
2799,2026-07-30T15:59:35.618651Z,sun,39.759062,-104.62011683333333,1672.4,104.41749559770618,44.8627576516297,151855381.01266938,0.6864764398775133,-0.17648064818279693,0.7054109995669721
2800,2026-07-30T16:01:05.642094Z,sun,39.759062,-104.62011683333333,1672.4,104.73025307021948,45.141691654338594,151855341.00827506,0.6821734656819785,-0.17934990078404306,0.7088532822863928
2801,2026-07-30T16:02:35.665538Z,sun,39.759062,-104.62011683333333,1672.4,105.04526400546271,45.42022364043574,151855301.14215964,0.677841237686119,-0.1822010795387101,0.7122738399710317
2802,2026-07-30T16:04:05.688982Z,sun,39.759062,-104.62011683333333,1672.4,105.36257349009041,45.698342229855754,151855261.4152616,0.6734799415361101,-0.1850340622775361,0.7156725257725006
2803,2026-07-30T16:05:35.712425Z,sun,39.759062,-104.62011683333333,1672.4,105.68222746020065,45.976035810602085,151855221.8285132,0.6690897641261655,-0.18784872761163407,0.7190491937804272
2804,2026-07-30T16:07:05.735869Z,sun,39.759062,-104.62011683333333,1672.4,106.00427272896232,46.253292541356615,151855182.38283953,0.6646708934428129,-0.19064495503056383,0.7224036991401186
2805,2026-07-30T16:08:35.759312Z,sun,39.759062,-104.62011683333333,1672.4,106.32875697869217,46.53010032309157,151855143.0791613,0.6602235188990582,-0.19342262468912058,0.7257358977967926
2806,2026-07-30T16:10:05.782756Z,sun,39.759062,-104.62011683333333,1672.4,106.65572880661165,46.80644681672332,151855103.9183913,0.6557478309334847,-0.19618161766102862,0.7290456467999324
2807,2026-07-30T16:11:35.806200Z,sun,39.759062,-104.62011683333333,1672.4,106.98523771690665,47.082319414385516,151855064.90143758,0.651244021347241,-0.19892181572746692,0.7323328040496083
2808,2026-07-30T16:13:05.829643Z,sun,39.759062,-104.62011683333333,1672.4,107.31733414874046,47.35770524130569,151855026.02920213,0.6467122831489021,-0.2016431014757222,0.7355972284148343
2809,2026-07-30T16:14:35.853087Z,sun,39.759062,-104.62011683333333,1672.4,107.65206950481802,47.63259115737185,151854987.302579,0.6421528103938944,-0.2043453583938984,0.7388387798471954
2810,2026-07-30T16:16:05.876530Z,sun,39.759062,-104.62011683333333,1672.4,107.98949614291264,47.906963727954036,151854948.72245824,0.6375657985292251,-0.20702847066490665,0.7420573191337321
2811,2026-07-30T16:17:35.899974Z,sun,39.759062,-104.62011683333333,1672.4,108.32966742303749,48.180809240334405,151854910.28972152,0.6329514439799794,-0.20969232341154123,0.7452527081909388
2812,2026-07-30T16:19:05.923418Z,sun,39.759062,-104.62011683333333,1672.4,108.67263769868237,48.45411367414593,151854872.00524545,0.6283099444968656,-0.21233680249221704,0.7484248098197485
2813,2026-07-30T16:20:35.946861Z,sun,39.759062,-104.62011683333333,1672.4,109.01846234527386,48.72686270212027,151854833.86990055,0.6236414989961544,-0.2149617945962957,0.7515734878199001
2814,2026-07-30T16:22:05.970305Z,sun,39.759062,-104.62011683333333,1672.4,109.36719778909828,48.9990416904987,151854795.88454932,0.6189463073942302,-0.21756718733545427,0.7546986070995404
2815,2026-07-30T16:23:35.993748Z,sun,39.759062,-104.62011683333333,1672.4,109.71890149745325,49.27063566895784,151854758.0500498,0.6142245709628348,-0.22015286904490303,0.7578000334368027
2816,2026-07-30T16:25:06.017192Z,sun,39.759062,-104.62011683333333,1672.4,110.0736320265964,49.541629345687056,151854720.36725163,0.6094764919032114,-0.222718729019705,0.760877633763276
2817,2026-07-30T16:26:36.040636Z,sun,39.759062,-104.62011683333333,1672.4,110.43144901121943,49.812007076912806,151854682.8369993,0.6047022737037794,-0.22526465731796197,0.7639312759279467
2818,2026-07-30T16:28:06.064079Z,sun,39.759062,-104.62011683333333,1672.4,110.79241319247411,50.08175286639401,151854645.46013078,0.5999021209754092,-0.22779054485267392,0.7669608288073958
2819,2026-07-30T16:29:36.087523Z,sun,39.759062,-104.62011683333333,1672.4,111.15658644628769,50.35085036455039,151854608.23747608,0.5950762392814445,-0.23029628347956807,0.7699661624111488
2820,2026-07-30T16:31:06.110966Z,sun,39.759062,-104.62011683333333,1672.4,111.52403177096367,50.619282837439,151854571.16986033,0.590224835502738,-0.23278176580595417,0.7729471476524303
2821,2026-07-30T16:32:36.134410Z,sun,39.759062,-104.62011683333333,1672.4,111.8948133348368,50.88703318033802,151854534.25810027,0.5853481174000671,-0.23524688541793548,0.7759036566206903
2822,2026-07-30T16:34:06.157854Z,sun,39.759062,-104.62011683333333,1672.4,112.2689964625765,51.15408388628694,151854497.5030073,0.5804462939816504,-0.23769153669120271,0.7788355623546873
2823,2026-07-30T16:35:36.181297Z,sun,39.759062,-104.62011683333333,1672.4,112.64664766143909,51.42041704423616,151854460.905386,0.575519575333816,-0.2401156148793961,0.7817427389484815
2824,2026-07-30T16:37:06.204741Z,sun,39.759062,-104.62011683333333,1672.4,113.02783464752055,51.68601433679956,151854424.46603274,0.5705681724466185,-0.2425190161983317,0.7846250616524552
2825,2026-07-30T16:38:36.228184Z,sun,39.759062,-104.62011683333333,1672.4,113.41262632903748,51.95085700822876,151854388.18573928,0.5655922975884532,-0.24490163764259762,0.7874824066533731
2826,2026-07-30T16:40:06.251628Z,sun,39.759062,-104.62011683333333,1672.4,113.80109285207122,52.214925876405964,151854352.0652884,0.5605921638570892,-0.24726337720348673,0.790314651335753
2827,2026-07-30T16:41:36.275072Z,sun,39.759062,-104.62011683333333,1672.4,114.19330558166885,52.47820130037343,151854316.10545737,0.5555679855566649,-0.24960413368758066,0.7931216740643152
2828,2026-07-30T16:43:06.298515Z,sun,39.759062,-104.62011683333333,1672.4,114.58933712431839,52.74066317707521,151854280.30701664,0.5505199780239434,-0.25192380680151416,0.795903354285651
2829,2026-07-30T16:44:36.321959Z,sun,39.759062,-104.62011683333333,1672.4,114.98926134999297,53.00229093768651,151854244.67072847,0.5454483574496273,-0.25422229723254935,0.7986595726248505
2830,2026-07-30T16:46:06.345402Z,sun,39.759062,-104.62011683333333,1672.4,115.39315336858603,53.2630635145885,151854209.1973498,0.5403533412623452,-0.25649950647301745,0.8013902106749983
2831,2026-07-30T16:47:36.368846Z,sun,39.759062,-104.62011683333333,1672.4,115.80108957136301,53.522959351732716,151854173.88762867,0.5352351476685381,-0.2587553370288514,0.8040951512472412
2832,2026-07-30T16:49:06.392290Z,sun,39.759062,-104.62011683333333,1672.4,116.21314760396949,53.78195637119512,151854138.74230784,0.5300939960387113,-0.26098969224607466,0.8067742781627398
2833,2026-07-30T16:50:36.415733Z,sun,39.759062,-104.62011683333333,1672.4,116.62940638225672,54.04003196852579,151854103.7621225,0.5249301067293554,-0.2632024763919244,0.8094274763499606
2834,2026-07-30T16:52:06.439177Z,sun,39.759062,-104.62011683333333,1672.4,117.04994610701971,54.29716300767329,151854068.94779986,0.519743700900333,-0.26539359473160007,0.8120546319367092
2835,2026-07-30T16:53:36.462620Z,sun,39.759062,-104.62011683333333,1672.4,117.47484823010731,54.55332578708716,151854034.30006137,0.5145350009074494,-0.2675629533609184,0.8146556320494901
2836,2026-07-30T16:55:06.486064Z,sun,39.759062,-104.62011683333333,1672.4,117.90419548811471,54.80849604847388,151853999.81961992,0.5093042298321634,-0.2697104594050001,0.8172303650517463
2837,2026-07-30T16:56:36.509508Z,sun,39.759062,-104.62011683333333,1672.4,118.33807186334236,55.06264894255403,151853965.50718224,0.5040516118763113,-0.27183602085301645,0.8197787203457351
2838,2026-07-30T16:58:06.532951Z,sun,39.759062,-104.62011683333333,1672.4,118.77656258892802,55.315759023140245,151853931.363448,0.4987773721800631,-0.2739395466355048,0.8223005884652429
2839,2026-07-30T16:59:36.556395Z,sun,39.759062,-104.62011683333333,1672.4,119.21975415199826,55.56780024082089,151853897.38910824,0.49348173663546896,-0.27602094669726257,0.8247958611629841
2840,2026-07-30T17:01:06.579838Z,sun,39.759062,-104.62011683333333,1672.4,119.6677342446466,55.81874590843982,151853863.5848484,0.4881649322873663,-0.27808013183830693,0.8272644312199461
2841,2026-07-30T17:02:36.603282Z,sun,39.759062,-104.62011683333333,1672.4,120.12059178514072,56.06856870845377,151853829.95134518,0.4828271868531936,-0.2801170139026132,0.8297061926716677
2842,2026-07-30T17:04:06.626726Z,sun,39.759062,-104.62011683333333,1672.4,120.57841686143104,56.317240658222055,151853796.48926896,0.47746872912594246,-0.28213150562121,0.8321210406201531
2843,2026-07-30T17:05:36.650169Z,sun,39.759062,-104.62011683333333,1672.4,121.04130072011988,56.56473310313203,151853763.19928265,0.47208978878830515,-0.28412352068562985,0.8345088713219386
2844,2026-07-30T17:07:06.673613Z,sun,39.759062,-104.62011683333333,1672.4,121.50933575225103,56.81101670941224,151853730.08204082,0.46669059622239956,-0.2860929738169313,0.8368695822708374
2845,2026-07-30T17:08:36.697057Z,sun,39.759062,-104.62011683333333,1672.4,121.9826154280423,57.056061432174374,151853697.13819164,0.4612713828586718,-0.2880397806364911,0.8392030720430728
2846,2026-07-30T17:10:06.720500Z,sun,39.759062,-104.62011683333333,1672.4,122.46123427286092,57.299836508249705,151853664.36837587,0.4558323809874475,-0.2899638577372455,0.8415092403826883
2847,2026-07-30T17:11:36.743944Z,sun,39.759062,-104.62011683333333,1672.4,122.94528783906595,57.54231044875902,151853631.7732256,0.45037382356679406,-0.29186512275022936,0.8437879882813097
2848,2026-07-30T17:13:06.767387Z,sun,39.759062,-104.62011683333333,1672.4,123.43487261876051,57.78345100473193,151853599.353367,0.44489594463615306,-0.2937434941990815,0.8460392178037724
2849,2026-07-30T17:14:36.790831Z,sun,39.759062,-104.62011683333333,1672.4,123.93008603109851,58.02322517328231,151853567.10941723,0.43939897882103074,-0.2955988916725685,0.8482628322949111
2850,2026-07-30T17:16:06.814275Z,sun,39.759062,-104.62011683333333,1672.4,124.43102632237226,58.26159916355116,151853535.04198682,0.4338831617485314,-0.29743123568128393,0.8504587362078199
2851,2026-07-30T17:17:36.837718Z,sun,39.759062,-104.62011683333333,1672.4,124.93779251343227,58.49853838972455,151853503.15167907,0.4283487298555084,-0.2992404477248544,0.8526268351844207
2852,2026-07-30T17:19:06.861162Z,sun,39.759062,-104.62011683333333,1672.4,125.45048434118345,58.73400746398229,151853471.43908808,0.42279592019311785,-0.30102645035442926,0.8547670361303523
2853,2026-07-30T17:20:36.884605Z,sun,39.759062,-104.62011683333333,1672.4,125.9692021358644,58.967970163515034,151853439.90480217,0.417224970847569,-0.30278916703595204,0.8568792470511347
2854,2026-07-30T17:22:06.908049Z,sun,39.759062,-104.62011683333333,1672.4,126.49404677557375,59.20038943719579,151853408.54940042,0.41163612043633874,-0.30452852231219935,0.8589633772463575
2855,2026-07-30T17:23:36.931493Z,sun,39.759062,-104.62011683333333,1672.4,127.02511954668144,59.43122737348775,151853377.37345532,0.4060296085307801,-0.3062444416682609,0.8610193371484967
2856,2026-07-30T17:25:06.954936Z,sun,39.759062,-104.62011683333333,1672.4,127.56252205259999,59.66044519495409,151853346.3775315,0.40040567546095124,-0.3079368515946943,0.863047038398607
2857,2026-07-30T17:26:36.978380Z,sun,39.759062,-104.62011683333333,1672.4,128.1063561145078,59.88800325300138,151853315.56218496,0.3947645621170719,-0.3096056796458896,0.8650463939162589
2858,2026-07-30T17:28:07.001823Z,sun,39.759062,-104.62011683333333,1672.4,128.65672360213662,60.11386099792685,151853284.92796534,0.38910651037705835,-0.31125085431221505,0.8670173177463668
2859,2026-07-30T17:29:37.025267Z,sun,39.759062,-104.62011683333333,1672.4,129.21372634466803,60.337976987708416,151853254.47541308,0.38343176259462847,-0.31287230517145287,0.8689597252406338
2860,2026-07-30T17:31:07.048711Z,sun,39.759062,-104.62011683333333,1672.4,129.7774659399243,60.56030885976975,151853224.20506176,0.3777405620287516,-0.3144699627631415,0.8708735329070182
2861,2026-07-30T17:32:37.072154Z,sun,39.759062,-104.62011683333333,1672.4,130.34804361306692,60.780813328929085,151853194.11743727,0.3720331526451809,-0.3160437586476599,0.8727586584805374
2862,2026-07-30T17:34:07.095598Z,sun,39.759062,-104.62011683333333,1672.4,130.92556006495658,60.99944618601621,151853164.21305645,0.3663097789150695,-0.3175936254603957,0.8746150209881572
2863,2026-07-30T17:35:37.119041Z,sun,39.759062,-104.62011683333333,1672.4,131.51011524449524,61.21616227329545,151853134.4924298,0.36057068624879096,-0.31911949679291146,0.876442540606465
2864,2026-07-30T17:37:07.142485Z,sun,39.759062,-104.62011683333333,1672.4,132.10180820430435,61.43091549769308,151853104.95605847,0.35481612047681965,-0.32062130733352334,0.8782411388300604
2865,2026-07-30T17:38:37.165929Z,sun,39.759062,-104.62011683333333,1672.4,132.70073684683948,61.64365880910834,151853075.60443678,0.34904632828490956,-0.3220989927508178,0.8800107383320568
2866,2026-07-30T17:40:07.189372Z,sun,39.759062,-104.62011683333333,1672.4,133.306997721471,61.85434420449349,151853046.43805104,0.3432615570130959,-0.32355248974845346,0.8817512630297288
2867,2026-07-30T17:41:37.212816Z,sun,39.759062,-104.62011683333333,1672.4,133.92068580924095,62.062922733225776,151853017.45737863,0.33746205445160876,-0.3249817361150942,0.8834626381443184
2868,2026-07-30T17:43:07.236259Z,sun,39.759062,-104.62011683333333,1672.4,134.54189422561512,62.26934448108489,151852988.66289032,0.3316480692803336,-0.326386670614771,0.8851447900697558
2869,2026-07-30T17:44:37.259703Z,sun,39.759062,-104.62011683333333,1672.4,135.1707140106867,62.47355859107877,151852960.0550473,0.3258198505429427,-0.3277672331164778,0.8867976465278553
2870,2026-07-30T17:46:07.283147Z,sun,39.759062,-104.62011683333333,1672.4,135.80723380212274,62.675513251800865,151852931.63430417,0.31997764808776363,-0.32912336448687063,0.8884211364398451
2871,2026-07-30T17:47:37.306590Z,sun,39.759062,-104.62011683333333,1672.4,136.45153956166808,62.87515571121911,151852903.4011072,0.31412171236407405,-0.33045500664083116,0.8900151899869295
2872,2026-07-30T17:49:07.330034Z,sun,39.759062,-104.62011683333333,1672.4,137.1037142882395,63.07243229252405,151852875.35589358,0.3082522942155785,-0.33176210258710503,0.8915797386649248
2873,2026-07-30T17:50:37.353477Z,sun,39.759062,-104.62011683333333,1672.4,137.76383764388183,63.267288390677116,151852847.49909386,0.30236964532523813,-0.33304459632791555,0.8931147151641078
2874,2026-07-30T17:52:07.376921Z,sun,39.759062,-104.62011683333333,1672.4,138.43198567304339,63.45966850481215,151852819.83112916,0.2964740176830589,-0.33430243297748735,0.8946200535110969
2875,2026-07-30T17:53:37.400365Z,sun,39.759062,-104.62011683333333,1672.4,139.10823039803967,63.649516240964395,151852792.35241356,0.29056566403220496,-0.33553555866402807,0.896095688951544
2876,2026-07-30T17:55:07.423808Z,sun,39.759062,-104.62011683333333,1672.4,139.7926394726903,63.83677433988735,151852765.0633527,0.2846448376628391,-0.33674392057599906,0.8975415580055339
2877,2026-07-30T17:56:37.447252Z,sun,39.759062,-104.62011683333333,1672.4,140.485275823468,64.02138470781443,151852737.9643434,0.27871179220330117,-0.33792746700342013,0.8989575985170136
2878,2026-07-30T17:58:07.470695Z,sun,39.759062,-104.62011683333333,1672.4,141.18619720039516,64.20328843026027,151852711.05577555,0.27276678206994254,-0.3390861472468257,0.9003437495448683
2879,2026-07-30T17:59:37.494139Z,sun,39.759062,-104.62011683333333,1672.4,141.89545583000935,64.38242582054015,151852684.33802944,0.2668100619290707,-0.3402199117246005,0.9016999514913542
2880,2026-07-30T18:01:07.517583Z,sun,39.759062,-104.62011683333333,1672.4,142.61309794043183,64.55873644169333,151852657.81147823,0.2608418871478412,-0.34132871188434644,0.9030261459960757
2881,2026-07-30T18:02:37.541026Z,sun,39.759062,-104.62011683333333,1672.4,143.33916335253218,64.73215915302556,151852631.4764868,0.25486251358583545,-0.34241250024481884,0.9043222759861673
2882,2026-07-30T18:04:07.564470Z,sun,39.759062,-104.62011683333333,1672.4,144.07368506285488,64.9026321604667,151852605.33341098,0.24887219738431227,-0.3434712304328211,0.9055882857204304
2883,2026-07-30T18:05:37.587914Z,sun,39.759062,-104.62011683333333,1672.4,144.81668874501608,65.07009305428143,151852579.38259917,0.24287119535363363,-0.34450485711298784,0.9068241207053642
2884,2026-07-30T18:07:07.611357Z,sun,39.759062,-104.62011683333333,1672.4,145.56819231626832,65.23447886896744,151852553.62439153,0.2368597647635977,-0.3455133360270903,0.9080297277421946
2885,2026-07-30T18:08:37.634801Z,sun,39.759062,-104.62011683333333,1672.4,146.3282055005684,65.39572614739664,151852528.05911893,0.2308381631315938,-0.34649662402828374,0.9092050549678184
2886,2026-07-30T18:10:07.658244Z,sun,39.759062,-104.62011683333333,1672.4,147.09672930432717,65.55377099190974,151852502.68710542,0.22480664867914554,-0.3474546790052641,0.9103500517641552
2887,2026-07-30T18:11:37.681688Z,sun,39.759062,-104.62011683333333,1672.4,147.87375561734763,65.70854914750116,151852477.5086653,0.21876547978589675,-0.3483874599714334,0.9114646688647341
2888,2026-07-30T18:13:07.705132Z,sun,39.759062,-104.62011683333333,1672.4,148.65926668818352,65.85999606346918,151852452.5241056,0.21271491544711665,-0.3492949269914839,0.9125488582669642
2889,2026-07-30T18:14:37.728575Z,sun,39.759062,-104.62011683333333,1672.4,149.4532346882871,66.00804697809245,151852427.73372486,0.20665521506212733,-0.3501770412162989,0.9136025732738631
2890,2026-07-30T18:16:07.752019Z,sun,39.759062,-104.62011683333333,1672.4,150.25562128482943,66.15263700789141,151852403.1378126,0.20058663822083253,-0.35103376491274424,0.9146257685296479
2891,2026-07-30T18:17:37.775462Z,sun,39.759062,-104.62011683333333,1672.4,151.0663771347496,66.29370122596008,151852378.7366509,0.19450944516392638,-0.3518650613974179,0.9156183999406154
2892,2026-07-30T18:19:07.798906Z,sun,39.759062,-104.62011683333333,1672.4,151.88544152542147,66.43117476977207,151852354.5305126,0.1884238962324148,-0.3526708951143647,0.9165804247679682
2893,2026-07-30T18:20:37.822350Z,sun,39.759062,-104.62011683333333,1672.4,152.71274189798774,66.56499293020792,151852330.5196628,0.18233025232903122,-0.353451231571223,0.9175118015515754
2894,2026-07-30T18:22:07.845793Z,sun,39.759062,-104.62011683333333,1672.4,153.54819348065408,66.69509126157276,151852306.7043583,0.17622877470462942,-0.3542060373697253,0.9184124901464166
2895,2026-07-30T18:23:37.869237Z,sun,39.759062,-104.62011683333333,1672.4,154.391698947833,66.8214056957439,151852283.0848466,0.17011972474331805,-0.3549352802310038,0.9192824517527768
2896,2026-07-30T18:25:07.892680Z,sun,39.759062,-104.62011683333333,1672.4,155.24314801398947,66.94387264681951,151852259.66136792,0.16400336442608862,-0.3556389289389736,0.9201216488487071
2897,2026-07-30T18:26:37.916124Z,sun,39.759062,-104.62011683333333,1672.4,156.1024171998346,67.0624291414249,151852236.43415305,0.15787995577647765,-0.35631695340650416,0.9209300452689795
2898,2026-07-30T18:28:07.939568Z,sun,39.759062,-104.62011683333333,1672.4,156.96936949372162,67.17701293227566,151852213.40342507,0.15174976132482737,-0.35696932462128095,0.921707606140518
2899,2026-07-30T18:29:37.963011Z,sun,39.759062,-104.62011683333333,1672.4,157.8438541472613,67.28756262941587,151852190.56939852,0.14561304389359295,-0.3575960146717745,0.9224542979134016
2900,2026-07-30T18:31:07.986455Z,sun,39.759062,-104.62011683333333,1672.4,158.72570651674383,67.39401783402619,151852167.93227887,0.13947006638108622,-0.35819699676805916,0.923170088385666
2901,2026-07-30T18:32:38.009898Z,sun,39.759062,-104.62011683333333,1672.4,159.61474785494644,67.49631926316385,151852145.49226418,0.1333210922277339,-0.3587722451949345,0.9238549466474647
2902,2026-07-30T18:34:08.033342Z,sun,39.759062,-104.62011683333333,1672.4,160.5107853014886,67.59440889484794,151852123.24954283,0.12716638485872916,-0.3593217353664487,0.9245088431460271
2903,2026-07-30T18:35:38.056786Z,sun,39.759062,-104.62011683333333,1672.4,161.41361178137973,67.6882300974552,151852101.20429564,0.1210062081507724,-0.3598454437815094,0.925131749632808
2904,2026-07-30T18:37:08.080229Z,sun,39.759062,-104.62011683333333,1672.4,162.32300606062182,67.77772777204657,151852079.3566949,0.11484082621619057,-0.36034334804534485,0.9257236391890693
2905,2026-07-30T18:38:38.103673Z,sun,39.759062,-104.62011683333333,1672.4,163.23873286504713,67.86284849443076,151852057.70690355,0.10867050318571247,-0.3608154268857866,0.9262844862452311
2906,2026-07-30T18:40:08.127116Z,sun,39.759062,-104.62011683333333,1672.4,164.16054296204075,67.94354064751079,151852036.2550772,0.1024955036768989,-0.3612616601161709,0.9268142665367894
2907,2026-07-30T18:41:38.150560Z,sun,39.759062,-104.62011683333333,1672.4,165.08817346125977,68.01975456720228,151852015.00136194,0.09631609223420562,-0.36168202867817695,0.9273129571552262
2908,2026-07-30T18:43:08.174004Z,sun,39.759062,-104.62011683333333,1672.4,166.02134803077706,68.09144267278978,151851993.9458961,0.09013253379795029,-0.3620765146072136,0.9277805365069121
2909,2026-07-30T18:44:38.197447Z,sun,39.759062,-104.62011683333333,1672.4,166.95977728478783,68.15855960421868,151851973.0888092,0.0839450934872546,-0.3624451010493652,0.92821698433326
2910,2026-07-30T18:46:08.220891Z,sun,39.759062,-104.62011683333333,1672.4,167.90315924255435,68.22106235529327,151851952.43022186,0.07775403638216083,-0.36278777227311587,0.9286222817245942
2911,2026-07-30T18:47:38.244334Z,sun,39.759062,-104.62011683333333,1672.4,168.85117975273226,68.27891039576494,151851931.97024694,0.07155962799366566,-0.3631045136420741,0.9289964110878799
2912,2026-07-30T18:49:08.267778Z,sun,39.759062,-104.62011683333333,1672.4,169.80351314402893,68.33206579924016,151851911.70898792,0.06536213370214664,-0.36339531164605776,0.9293393561835027
2913,2026-07-30T18:50:38.291222Z,sun,39.759062,-104.62011683333333,1672.4,170.75982278644568,68.38049335526875,151851891.64654052,0.05916181922745137,-0.36366015387633444,0.9296511020960171
2914,2026-07-30T18:52:08.314665Z,sun,39.759062,-104.62011683333333,1672.4,171.71976182335942,68.4241606817818,151851871.7829917,0.05295895041128222,-0.3638990290380053,0.9299316352488135
2915,2026-07-30T18:53:38.338109Z,sun,39.759062,-104.62011683333333,1672.4,172.68297396748136,68.46303832936853,151851852.1184191,0.046753792999007546,-0.3641119269571526,0.9301809434124928
2916,2026-07-30T18:55:08.361552Z,sun,39.759062,-104.62011683333333,1672.4,173.64909424950991,68.49709987311437,151851832.6528932,0.04054661311051307,-0.3642988385634349,0.9303990156844528
2917,2026-07-30T18:56:38.384996Z,sun,39.759062,-104.62011683333333,1672.4,174.61774998245974,68.52632200249478,151851813.3864747,0.03433767667753411,-0.36445975590938995,0.9305858425115101
2918,2026-07-30T18:58:08.408440Z,sun,39.759062,-104.62011683333333,1672.4,175.5885616160053,68.55068459572834,151851794.31921625,0.028127249914707258,-0.3645946721555312,0.9307414156724929
2919,2026-07-30T18:59:38.431883Z,sun,39.759062,-104.62011683333333,1672.4,176.5611437430849,68.57017078839422,151851775.45116222,0.02191559910145405,-0.3647035815781673,0.9308657282874268
2920,2026-07-30T19:01:08.455327Z,sun,39.759062,-104.62011683333333,1672.4,177.5351061461307,68.58476703066391,151851756.78234777,0.015702990363530348,-0.36478647957198246,0.930958774820412
2921,2026-07-30T19:02:38.478771Z,sun,39.759062,-104.62011683333333,1672.4,178.5100547787056,68.59446313196877,151851738.3128,0.009489690075519976,-0.3648433626429807,0.9310205510715824
2922,2026-07-30T19:04:08.502214Z,sun,39.759062,-104.62011683333333,1672.4,179.4855928701744,68.59925229663816,151851720.0425374,0.0032759646424853238,-0.3648742284135661,0.9310510541829948
2923,2026-07-30T19:05:38.525658Z,sun,39.759062,-104.62011683333333,1672.4,180.4613220492352,68.5991311470593,151851701.9715695,-0.0029379197184791215,-0.36487907562237787,0.9310502826382079
2924,2026-07-30T19:07:08.549101Z,sun,39.759062,-104.62011683333333,1672.4,181.43684337030209,68.59409973500175,151851684.09989792,-0.009151696506623805,-0.36485790412267,0.9310182362608497
2925,2026-07-30T19:08:38.572545Z,sun,39.759062,-104.62011683333333,1672.4,182.4117585060648,68.58416154138952,151851666.4275149,-0.015365099501083734,-0.36481071488275263,0.9309549162145591
2926,2026-07-30T19:10:08.595989Z,sun,39.759062,-104.62011683333333,1672.4,183.3856707735533,68.56932346456334,151851648.9544048,-0.021577862289152223,-0.3647375099868758,0.9308603250045648
2927,2026-07-30T19:11:38.619432Z,sun,39.759062,-104.62011683333333,1672.4,184.35818625706827,68.54959579668592,151851631.68054333,-0.027789718484735628,-0.3646382926357395,0.9307344664780777
2928,2026-07-30T19:13:08.642876Z,sun,39.759062,-104.62011683333333,1672.4,185.3289149119796,68.52499218767727,151851614.60589722,-0.034000401946869555,-0.36451306714175447,0.9305773458183699
2929,2026-07-30T19:14:38.666319Z,sun,39.759062,-104.62011683333333,1672.4,186.29747153442253,68.49552960051217,151851597.7304252,-0.04020964630808535,-0.3643618389372944,0.9303889695552134
2930,2026-07-30T19:16:08.689763Z,sun,39.759062,-104.62011683333333,1672.4,187.26347685981148,68.4612282518192,151851581.05407664,-0.04641718553767445,-0.36418461456334184,0.9301693455506429
2931,2026-07-30T19:17:38.713207Z,sun,39.759062,-104.62011683333333,1672.4,188.22655846032583,68.42211154642423,151851564.57679334,-0.05262275347035688,-0.36398140168024634,0.9299184830123989
2932,2026-07-30T19:19:08.736650Z,sun,39.759062,-104.62011683333333,1672.4,189.18635170477577,68.37820599912423,151851548.298508,-0.058826084024670766,-0.36375220906365685,0.9296363924888225
2933,2026-07-30T19:20:38.760094Z,sun,39.759062,-104.62011683333333,1672.4,190.14250066708337,68.32954114621528,151851532.21914455,-0.06502691142091331,-0.36349704659521836,0.9293230858574484
2934,2026-07-30T19:22:08.783537Z,sun,39.759062,-104.62011683333333,1672.4,191.09465887284827,68.27614945363611,151851516.33861902,-0.07122496971043117,-0.36321592528068497,0.9289785763472934
2935,2026-07-30T19:23:38.806981Z,sun,39.759062,-104.62011683333333,1672.4,192.04249014560014,68.21806620931376,151851500.65683812,-0.07741999333786104,-0.362908857226786,0.9286028785104609
2936,2026-07-30T19:25:08.830425Z,sun,39.759062,-104.62011683333333,1672.4,192.98566923079792,68.15532941666267,151851485.17370072,-0.08361171667065072,-0.3625758556618406,0.9281960082474342
2937,2026-07-30T19:26:38.853868Z,sun,39.759062,-104.62011683333333,1672.4,193.9238824599258,68.08797967610782,151851469.88909692,-0.08979987421709935,-0.3622169349271257,0.9277579827964788
2938,2026-07-30T19:28:08.877312Z,sun,39.759062,-104.62011683333333,1672.4,194.85682834561226,68.01606006006844,151851454.80290797,-0.09598420084372826,-0.3618321104630086,0.9272888207167581
2939,2026-07-30T19:29:38.900755Z,sun,39.759062,-104.62011683333333,1672.4,195.7842180035179,67.93961599098503,151851439.91500717,-0.10216443130568449,-0.3614213988369144,0.9267885419224572
2940,2026-07-30T19:31:08.924199Z,sun,39.759062,-104.62011683333333,1672.4,196.7057756598122,67.85869510362048,151851425.2252585,-0.10834030080769076,-0.3609848177084155,0.9262571676402408
2941,2026-07-30T19:32:38.947643Z,sun,39.759062,-104.62011683333333,1672.4,197.621238933356,67.7733471164115,151851410.7335184,-0.11451154453463955,-0.3605223858597047,0.9256947204463886
2942,2026-07-30T19:34:08.971086Z,sun,39.759062,-104.62011683333333,1672.4,198.53035915184626,67.68362369232354,151851396.43963414,-0.12067789786904853,-0.3600341231824031,0.9251012242507226
2943,2026-07-30T19:35:38.994530Z,sun,39.759062,-104.62011683333333,1672.4,199.43290159847737,67.58957829724821,151851382.34344447,-0.1268390966079801,-0.35952005065912274,0.9244767042742252
2944,2026-07-30T19:37:09.017973Z,sun,39.759062,-104.62011683333333,1672.4,200.32864559141956,67.49126606791066,151851368.44478017,-0.1329948764947431,-0.3589801904012763,0.923821187094998
2945,2026-07-30T19:38:39.041417Z,sun,39.759062,-104.62011683333333,1672.4,201.2173846496769,67.38874366424263,151851354.74346274,-0.1391449737778005,-0.3584145656024442,0.9231347005916235
2946,2026-07-30T19:40:09.064861Z,sun,39.759062,-104.62011683333333,1672.4,202.09892644718593,67.28206913824717,151851341.23930597,-0.1452891247433748,-0.3578232005786357,0.9224172739920722
2947,2026-07-30T19:41:39.088304Z,sun,39.759062,-104.62011683333333,1672.4,202.97309280821594,67.17130179353398,151851327.9321149,-0.15142706593203226,-0.35720612075056096,0.9216689378521724
2948,2026-07-30T19:43:09.111748Z,sun,39.759062,-104.62011683333333,1672.4,203.8397196459983,67.05650204588342,151851314.8216858,-0.15755853435437853,-0.3565633526206775,0.9208897240278027
2949,2026-07-30T19:44:39.135191Z,sun,39.759062,-104.62011683333333,1672.4,204.69865675299732,66.93773129885622,151851301.907807,-0.16368326702517572,-0.3558949238207607,0.920079665732582
2950,2026-07-30T19:46:09.158635Z,sun,39.759062,-104.62011683333333,1672.4,205.5497676879466,66.81505180340359,151851289.19025785,-0.16980100151942443,-0.35520086305360915,0.919238797467215
2951,2026-07-30T19:47:39.182079Z,sun,39.759062,-104.62011683333333,1672.4,206.3929294748195,66.68852654017316,151851276.66880968,-0.17591147550732783,-0.354481200143064,0.9183671550801279
2952,2026-07-30T19:49:09.205522Z,sun,39.759062,-104.62011683333333,1672.4,207.22803235770738,66.55821909270769,151851264.3432254,-0.18201442696985115,-0.35373596601175605,0.9174647757405002
2953,2026-07-30T19:50:39.228966Z,sun,39.759062,-104.62011683333333,1672.4,208.05497951812177,66.42419352399637,151851252.21325898,-0.18810959441310737,-0.3529651926536525,0.9165316979050459
2954,2026-07-30T19:52:09.252409Z,sun,39.759062,-104.62011683333333,1672.4,208.87368666813543,66.28651427222617,151851240.27865687,-0.19419671640516087,-0.3521689131913537,0.9155679613873972
2955,2026-07-30T19:53:39.275853Z,sun,39.759062,-104.62011683333333,1672.4,209.68408175373187,66.14524602906313,151851228.53915605,-0.2002755321289174,-0.35134716180617515,0.9145736072734792
2956,2026-07-30T19:55:09.299297Z,sun,39.759062,-104.62011683333333,1672.4,210.48610449666631,66.0004536453226,151851216.99448597,-0.20634578091969633,-0.3504999737979058,0.9135486779938483
2957,2026-07-30T19:56:39.322740Z,sun,39.759062,-104.62011683333333,1672.4,211.2797060076148,65.8522020266528,151851205.64436755,-0.2124072024797206,-0.34962738555802764,0.9124932172912834
2958,2026-07-30T19:58:09.346184Z,sun,39.759062,-104.62011683333333,1672.4,212.0648483809784,65.70055603365522,151851194.48851278,-0.2184595370909574,-0.34872943453778926,0.9114072701821938
2959,2026-07-30T19:59:39.369628Z,sun,39.759062,-104.62011683333333,1672.4,212.84150419751117,65.54558040222575,151851183.526626,-0.22450252522208555,-0.3478061593047892,0.9102908830250682
2960,2026-07-30T20:01:09.393071Z,sun,39.759062,-104.62011683333333,1672.4,213.60965609681597,65.38733965448279,151851172.75840303,-0.2305359077422,-0.34685759951349415,0.9091441034848196
2961,2026-07-30T20:02:39.416515Z,sun,39.759062,-104.62011683333333,1672.4,214.36929634125823,65.22589801428398,151851162.18353102,-0.23655942613242614,-0.3458837958706793,0.907966980491024
2962,2026-07-30T20:04:09.439958Z,sun,39.759062,-104.62011683333333,1672.4,215.12042629124588,65.06131934578823,151851151.80168933,-0.2425728220282663,-0.34488479020812535,0.9067595643258143
2963,2026-07-30T20:05:39.463402Z,sun,39.759062,-104.62011683333333,1672.4,215.8630560061298,64.89366707044643,151851141.61254856,-0.24857583776580391,-0.34386062539431267,0.9055219065171537
2964,2026-07-30T20:07:09.486846Z,sun,39.759062,-104.62011683333333,1672.4,216.59720372006961,64.7230041161109,151851131.61577114,-0.25456821592502105,-0.3428113454095468,0.9042540599296462
2965,2026-07-30T20:08:39.510289Z,sun,39.759062,-104.62011683333333,1672.4,217.32289540525724,64.54939285307208,151851121.81101164,-0.2605496995416966,-0.3417369953120485,0.9029560787235582
2966,2026-07-30T20:10:09.533733Z,sun,39.759062,-104.62011683333333,1672.4,218.04016433871595,64.37289503433243,151851112.19791582,-0.2665200323171696,-0.34063762119897645,0.9016280183077484
2967,2026-07-30T20:11:39.557176Z,sun,39.759062,-104.62011683333333,1672.4,218.74905059620818,64.19357176008666,151851102.77612156,-0.27247895816467776,-0.33951327028866346,0.9002699354390263
2968,2026-07-30T20:13:09.580620Z,sun,39.759062,-104.62011683333333,1672.4,219.44960067464706,64.01148341749003,151851093.54525822,-0.2784262217507154,-0.33836399082092755,0.8988818881017443
2969,2026-07-30T20:14:39.604064Z,sun,39.759062,-104.62011683333333,1672.4,220.14186700541336,63.8266896543358,151851084.50494722,-0.28436156804246976,-0.33718983214171283,0.8974639356100452
2970,2026-07-30T20:16:09.627507Z,sun,39.759062,-104.62011683333333,1672.4,220.82590755817412,63.639249337229266,151851075.65480185,-0.2902847425178533,-0.3359908446647658,0.8960161385615779
2971,2026-07-30T20:17:39.650951Z,sun,39.759062,-104.62011683333333,1672.4,221.50178545517898,63.449220513232085,151851066.99442682,-0.2961954913731652,-0.33476707982828474,0.8945385587851716
2972,2026-07-30T20:19:09.674394Z,sun,39.759062,-104.62011683333333,1672.4,222.16956852318035,63.256660396353915,151851058.52341908,-0.30209356107386154,-0.3335185901866136,0.893031259451564
2973,2026-07-30T20:20:39.697838Z,sun,39.759062,-104.62011683333333,1672.4,222.82932897197875,63.06162532615198,151851050.24136722,-0.3079786988906031,-0.3322454292992576,0.8914943049394108
2974,2026-07-30T20:22:09.721282Z,sun,39.759062,-104.62011683333333,1672.4,223.48114297489832,62.8641707615546,151851042.14785185,-0.31385065245115484,-0.3309476518249749,0.8899277609488984
2975,2026-07-30T20:23:39.744725Z,sun,39.759062,-104.62011683333333,1672.4,224.12509033857202,62.66435125673792,151851034.24244538,-0.3197091699483446,-0.32962531347907714,0.8883316944501984
2976,2026-07-30T20:25:09.768169Z,sun,39.759062,-104.62011683333333,1672.4,224.76125418594188,62.46222043956968,151851026.5247121,-0.3255540003455591,-0.3282784709857184,0.8867061736258988
2977,2026-07-30T20:26:39.791612Z,sun,39.759062,-104.62011683333333,1672.4,225.38972058325032,62.25783101531075,151851018.99420846,-0.3313848929322672,-0.326907182178984,0.8850512679930278
2978,2026-07-30T20:28:09.815056Z,sun,39.759062,-104.62011683333333,1672.4,226.01057828841567,62.05123473943821,151851011.65048248,-0.33720159785413084,-0.32551150588073774,0.8833670482556362
2979,2026-07-30T20:29:39.838500Z,sun,39.759062,-104.62011683333333,1672.4,226.6239184087461,61.84248242675801,151851004.49307457,-0.343003865670032,-0.32409150200402714,0.8816535864296069
2980,2026-07-30T20:31:09.861943Z,sun,39.759062,-104.62011683333333,1672.4,227.2298341438693,61.63162394031791,151850997.52151674,-0.34879144755775826,-0.32264723150604635,0.8799109557858951
2981,2026-07-30T20:32:39.885387Z,sun,39.759062,-104.62011683333333,1672.4,227.8284205418004,61.41870818204873,151850990.73533335,-0.3545640955167588,-0.3211787563361945,0.8781392307878735
2982,2026-07-30T20:34:09.908830Z,sun,39.759062,-104.62011683333333,1672.4,228.41977420269797,61.20378310898155,151850984.13404065,-0.36032156192929843,-0.31968613954636327,0.8763384872244138
2983,2026-07-30T20:35:39.932274Z,sun,39.759062,-104.62011683333333,1672.4,229.0039930968006,60.98689571594119,151850977.71714675,-0.3660636000839081,-0.3181694451577796,0.8745088020492414
2984,2026-07-30T20:37:09.955718Z,sun,39.759062,-104.62011683333333,1672.4,229.58117629676534,60.768092055491906,151850971.48415217,-0.37178996373797907,-0.3166287382736223,0.8726502535168177
2985,2026-07-30T20:38:39.979161Z,sun,39.759062,-104.62011683333333,1672.4,230.1514237896102,60.54741723570927,151850965.4345494,-0.37750040732093226,-0.3150640850277025,0.8707629211204315
2986,2026-07-30T20:40:10.002605Z,sun,39.759062,-104.62011683333333,1672.4,230.71483630021814,60.324915418976644,151850959.56782284,-0.3831946861341859,-0.3134755525283105,0.8688468855244825
2987,2026-07-30T20:41:40.026048Z,sun,39.759062,-104.62011683333333,1672.4,231.2715150645956,60.100629846710646,151850953.8834494,-0.3888725559181773,-0.311863208977636,0.866902228708541
2988,2026-07-30T20:43:10.049492Z,sun,39.759062,-104.62011683333333,1672.4,231.8215617094364,59.87460282826294,151850948.3808978,-0.394533773368852,-0.310227123527684,0.8649290337935676
2989,2026-07-30T20:44:40.072936Z,sun,39.759062,-104.62011683333333,1672.4,232.3650780497598,59.646875768022916,151850943.0596291,-0.40017809570608176,-0.30856736640203947,0.8629273851887908
2990,2026-07-30T20:46:10.096379Z,sun,39.759062,-104.62011683333333,1672.4,232.90216596005484,59.417489168669945,151850937.91909677,-0.40580528087403683,-0.30688400884033973,0.8608973685247425
2991,2026-07-30T20:47:40.119823Z,sun,39.759062,-104.62011683333333,1672.4,233.43292725483602,59.18648263489439,151850932.9587461,-0.41141508773854074,-0.3051771230378547,0.8588390705804126
2992,2026-07-30T20:49:10.143266Z,sun,39.759062,-104.62011683333333,1672.4,233.95746352019003,58.95389490348083,151850928.1780149,-0.4170072756600796,-0.30344678227401733,0.856752579438255
2993,2026-07-30T20:50:40.166710Z,sun,39.759062,-104.62011683333333,1672.4,234.4758760438391,58.719763835609534,151850923.57633314,-0.4225816050026721,-0.3016930607575898,0.8546379842974935
2994,2026-07-30T20:52:10.190154Z,sun,39.759062,-104.62011683333333,1672.4,234.98826566633318,58.48412644827849,151850919.1531232,-0.4281378367089215,-0.2999160337573504,0.8524953756317184
2995,2026-07-30T20:53:40.213597Z,sun,39.759062,-104.62011683333333,1672.4,235.4947326997604,58.24701892049166,151850914.90779972,-0.4336757324974655,-0.29811577754238855,0.8503248451169022
2996,2026-07-30T20:55:10.237041Z,sun,39.759062,-104.62011683333333,1672.4,235.99537685358956,58.0084765995501,151850910.83976978,-0.43919505505678264,-0.29629236931769826,0.8481264855537612
2997,2026-07-30T20:56:40.260485Z,sun,39.759062,-104.62011683333333,1672.4,236.49029711808907,57.76853403145262,151850906.94843262,-0.44469556768640334,-0.29444588734081184,0.8459003910083914
2998,2026-07-30T20:58:10.283928Z,sun,39.759062,-104.62011683333333,1672.4,236.97959170609377,57.52722496794857,151850903.2331802,-0.45017703449239577,-0.2925764108596569,0.8436466567373533
2999,2026-07-30T20:59:40.307372Z,sun,39.759062,-104.62011683333333,1672.4,237.4633580006867,57.2845823735158,151850899.6933965,-0.4556392205793452,-0.29068402004566507,0.841365379107043
3000,2026-07-30T21:01:10.330815Z,sun,39.759062,-104.62011683333333,1672.4,237.94169245557606,57.040638459425246,151850896.3284585,-0.4610818916346733,-0.2887687961363556,0.8390566557655992
3001,2026-07-30T21:02:40.354259Z,sun,39.759062,-104.62011683333333,1672.4,238.4146905825948,56.79542467755969,151850893.137735,-0.46650481442402997,-0.2868308212637089,0.8367205854360149
3002,2026-07-30T21:04:10.377703Z,sun,39.759062,-104.62011683333333,1672.4,238.88244686472498,56.5489717547919,151850890.12058783,-0.4719077563776636,-0.2848701785988942,0.8343572680906147
3003,2026-07-30T21:05:40.401146Z,sun,39.759062,-104.62011683333333,1672.4,239.34505472813498,56.301309700407984,151850887.27637133,-0.4772904857826104,-0.28288695228606653,0.8319668048712643
3004,2026-07-30T21:07:10.424590Z,sun,39.759062,-104.62011683333333,1672.4,239.80260651833896,56.05246781326155,151850884.604432,-0.4826527719712311,-0.2808812273714632,0.8295492980039144
3005,2026-07-30T21:08:40.448033Z,sun,39.759062,-104.62011683333333,1672.4,240.25519343013409,55.80247471651893,151850882.10410944,-0.48799438491286046,-0.2788530899546861,0.8271048509809641
3006,2026-07-30T21:10:10.471477Z,sun,39.759062,-104.62011683333333,1672.4,240.70290551855982,55.551358350913006,151850879.77473545,-0.4933150957003872,-0.27680262700670283,0.8246335683419067
3007,2026-07-30T21:11:40.494921Z,sun,39.759062,-104.62011683333333,1672.4,241.14583163801797,55.299146009435276,151850877.61563465,-0.4986146761440622,-0.2747299265232294,0.8221355558582131
3008,2026-07-30T21:13:10.518364Z,sun,39.759062,-104.62011683333333,1672.4,241.5840594359463,55.0458643442213,151850875.62612447,-0.5038928989603683,-0.2726350774544783,0.8196109204486642
3009,2026-07-30T21:14:40.541808Z,sun,39.759062,-104.62011683333333,1672.4,242.01767534914634,54.79153937308066,151850873.80551478,-0.5091495379565484,-0.2705181696304452,0.8170597700893288
3010,2026-07-30T21:16:10.565251Z,sun,39.759062,-104.62011683333333,1672.4,242.44676455517015,54.536196514078135,151850872.15310845,-0.5143843676306006,-0.26837929392051735,0.8144822140059239
3011,2026-07-30T21:17:40.588695Z,sun,39.759062,-104.62011683333333,1672.4,242.87141099928365,54.2798605776272,151850870.66820088,-0.519597163647937,-0.26621854204151446,0.8118783624424963
3012,2026-07-30T21:19:10.612139Z,sun,39.759062,-104.62011683333333,1672.4,243.29169735229783,54.022555800806074,151850869.3500804,-0.5247877024434672,-0.264036006719418,0.8092483268563306
3013,2026-07-30T21:20:40.635582Z,sun,39.759062,-104.62011683333333,1672.4,243.70770501905324,53.764305853189946,151850868.1980283,-0.529955761406697,-0.26183178161522486,0.8065922198286103
3014,2026-07-30T21:22:10.659026Z,sun,39.759062,-104.62011683333333,1672.4,244.11951414848156,53.50513384227329,151850867.2113184,-0.5351011190623356,-0.2596059612464148,0.8039101549697958
3015,2026-07-30T21:23:40.682469Z,sun,39.759062,-104.62011683333333,1672.4,244.52720360005858,53.245062347419456,151850866.3892176,-0.5402235546786901,-0.2573586411548402,0.8012022471219452
3016,2026-07-30T21:25:10.705913Z,sun,39.759062,-104.62011683333333,1672.4,244.93085098113718,52.98411341045237,151850865.73098573,-0.5453228487342214,-0.2550899177048998,0.7984686121155301
3017,2026-07-30T21:26:40.729357Z,sun,39.759062,-104.62011683333333,1672.4,245.33053261778434,52.72230856922183,151850865.2358756,-0.5503987825281489,-0.25279988825349686,0.7957093669742432
3018,2026-07-30T21:28:10.752800Z,sun,39.759062,-104.62011683333333,1672.4,245.72632357293634,52.459668862110696,151850864.90313292,-0.5554511383616304,-0.2504886510720748,0.7929246298210576
3019,2026-07-30T21:29:40.776244Z,sun,39.759062,-104.62011683333333,1672.4,246.11829766534711,52.19621483211906,151850864.73199636,-0.560479699714257,-0.24815630526433308,0.7901145197791086
3020,2026-07-30T21:31:10.799687Z,sun,39.759062,-104.62011683333333,1672.4,246.50652744632436,51.931966559927275,151850864.7216978,-0.5654842508612322,-0.24580295094224514,0.7872791571837751
3021,2026-07-30T21:32:40.823131Z,sun,39.759062,-104.62011683333333,1672.4,246.89108424327353,51.66694365285076,151850864.87146223,-0.5704645773294793,-0.24342868901450088,0.7844186633278049
3022,2026-07-30T21:34:10.846575Z,sun,39.759062,-104.62011683333333,1672.4,247.27203813928335,51.401165277480416,151850865.18050742,-0.5754204655168933,-0.2410336213646582,0.7815331606759628
3023,2026-07-30T21:35:40.870018Z,sun,39.759062,-104.62011683333333,1672.4,247.64945799721207,51.13465016275362,151850865.6480448,-0.580351702869671,-0.23861785076930755,0.7786227727664466
3024,2026-07-30T21:37:10.893462Z,sun,39.759062,-104.62011683333333,1672.4,248.02341148398662,50.86741660263116,151850866.27327847,-0.5852580780544004,-0.23618148081218626,0.7756876241074316
3025,2026-07-30T21:38:40.916905Z,sun,39.759062,-104.62011683333333,1672.4,248.393965054127,50.599482488165975,151850867.05540612,-0.590139380584471,-0.2337246160681103,0.7727278403986693
3026,2026-07-30T21:40:10.940349Z,sun,39.759062,-104.62011683333333,1672.4,248.76118399651062,50.33086529483006,151850867.99361855,-0.5949954012650663,-0.23124736188199754,0.7697435482652902
3027,2026-07-30T21:41:40.963793Z,sun,39.759062,-104.62011683333333,1672.4,249.12513241966454,50.061582114148614,151850869.08709973,-0.5998259318218184,-0.22874982455486342,0.766734875481875
3028,2026-07-30T21:43:10.987236Z,sun,39.759062,-104.62011683333333,1672.4,249.48587327908714,49.79164965535977,151850870.33502722,-0.6046307650738044,-0.2262321112583304,0.7637019508694896
3029,2026-07-30T21:44:41.010680Z,sun,39.759062,-104.62011683333333,1672.4,249.84346840441384,49.52108424670318,151850871.7365717,-0.6094096951011413,-0.22369432994519844,0.7606449041879547
3030,2026-07-30T21:46:11.034123Z,sun,39.759062,-104.62011683333333,1672.4,250.19797848722914,49.249901866481906,151850873.29089737,-0.6141625168810391,-0.2211365895410796,0.7575638663667159
3031,2026-07-30T21:47:41.057567Z,sun,39.759062,-104.62011683333333,1672.4,250.54946312899497,48.97811812883678,151850874.99716178,-0.6188890267212176,-0.21855899971424156,0.7544589692276009
3032,2026-07-30T21:49:11.081011Z,sun,39.759062,-104.62011683333333,1672.4,250.89798082987062,48.70574831439145,151850876.85451603,-0.6235890218982998,-0.2159616710692597,0.75133034571811
3033,2026-07-30T21:50:41.104454Z,sun,39.759062,-104.62011683333333,1672.4,251.24358901742735,48.432807370571524,151850878.8621046,-0.6282623008263297,-0.21334471505796926,0.7481781298041532
3034,2026-07-30T21:52:11.127898Z,sun,39.759062,-104.62011683333333,1672.4,251.58634407497192,48.159309911585446,151850881.01906568,-0.6329086632197003,-0.21070824388655823,0.7450024563581618
3035,2026-07-30T21:53:41.151341Z,sun,39.759062,-104.62011683333333,1672.4,251.92630133189252,47.88527024852512,151850883.3245308,-0.6375279097392011,-0.2080523707147395,0.7418034613990027
3036,2026-07-30T21:55:11.174785Z,sun,39.759062,-104.62011683333333,1672.4,252.26351511138554,47.61070237370189,151850885.7776253,-0.6421198424134619,-0.20537720941660834,0.7385812818039444
3037,2026-07-30T21:56:41.198229Z,sun,39.759062,-104.62011683333333,1672.4,252.59803872129123,47.33561999036101,151850888.37746817,-0.6466842642874525,-0.20268287478177108,0.7353360555509252
3038,2026-07-30T21:58:11.221672Z,sun,39.759062,-104.62011683333333,1672.4,252.9299244829588,47.06003651177801,151850891.1231718,-0.6512209795861735,-0.1999694824229144,0.7320679216072347
3039,2026-07-30T21:59:41.245116Z,sun,39.759062,-104.62011683333333,1672.4,253.25922375961426,46.78396506002035,151850894.01384285,-0.6557297938730866,-0.19723714867933576,0.7287770198133342
3040,2026-07-30T22:01:11.268560Z,sun,39.759062,-104.62011683333333,1672.4,253.58598695164085,46.50741849210364,151850897.0485811,-0.6602105137558645,-0.19448599079293327,0.725463491094837
3041,2026-07-30T22:02:41.292003Z,sun,39.759062,-104.62011683333333,1672.4,253.9102635251519,46.23040939839531,151850900.22648063,-0.6646629470473806,-0.19171612681363198,0.7221274773486122
3042,2026-07-30T22:04:11.315447Z,sun,39.759062,-104.62011683333333,1672.4,254.23210203997996,45.95295010073402,151850903.5466291,-0.6690869029208453,-0.18892767550112605,0.7187691213244575
3043,2026-07-30T22:05:41.338890Z,sun,39.759062,-104.62011683333333,1672.4,254.5515501417666,45.67505268114889,151850907.00810814,-0.6734821915726783,-0.186120756535614,0.7153885668789185
3044,2026-07-30T22:07:11.362334Z,sun,39.759062,-104.62011683333333,1672.4,254.86865460767987,45.3967289641932,151850910.60999325,-0.6778486246236551,-0.18329549026495698,0.711985958670779
3045,2026-07-30T22:08:41.385778Z,sun,39.759062,-104.62011683333333,1672.4,255.18346133851477,45.11799054533009,151850914.35135394,-0.6821860147845251,-0.18045199791719363,0.7085614424170292
3046,2026-07-30T22:10:11.409221Z,sun,39.759062,-104.62011683333333,1672.4,255.4960153863075,44.83884878830796,151850918.23125368,-0.6864941760119249,-0.17759040150274727,0.7051151647750894
3047,2026-07-30T22:11:41.432665Z,sun,39.759062,-104.62011683333333,1672.4,255.80636098133476,44.559314822275226,151850922.2487501,-0.6907729236584301,-0.17471082371295082,0.7016472732206168
3048,2026-07-30T22:13:11.456108Z,sun,39.759062,-104.62011683333333,1672.4,256.11454152440945,44.279399569752684,151850926.4028946,-0.6950220741463914,-0.17181338813773206,0.698157916309685
3049,2026-07-30T22:14:41.479552Z,sun,39.759062,-104.62011683333333,1672.4,256.4205996308043,43.9991137278919,151850930.69273296,-0.6992414453559296,-0.1688982190045004,0.6946472433643269
3050,2026-07-30T22:16:11.502996Z,sun,39.759062,-104.62011683333333,1672.4,256.72457712239265,43.7184677961528,151850935.11730525,-0.7034308563016086,-0.1659654413975577,0.6911154047367918
3051,2026-07-30T22:17:41.526439Z,sun,39.759062,-104.62011683333333,1672.4,257.026515053975,43.43747207276404,151850939.67564532,-0.7075901272832459,-0.16301518115709848,0.6875625516879161
3052,2026-07-30T22:19:11.549883Z,sun,39.759062,-104.62011683333333,1672.4,257.32645373898686,43.156136650950245,151850944.3667816,-0.7117190800307559,-0.16004756477459706,0.6839888362611598
3053,2026-07-30T22:20:41.573326Z,sun,39.759062,-104.62011683333333,1672.4,257.6244327416018,42.8744714462548,151850949.1897366,-0.7158175373891592,-0.15706271961731846,0.6803944115529839
3054,2026-07-30T22:22:11.596770Z,sun,39.759062,-104.62011683333333,1672.4,257.92049091870393,42.59248617684407,151850954.14352745,-0.7198853236931835,-0.1540607736590798,0.6767794313886366
3055,2026-07-30T22:23:41.620214Z,sun,39.759062,-104.62011683333333,1672.4,258.21466641173987,42.31019039057132,151850959.22716537,-0.7239222644552062,-0.15104185570641881,0.6731440505945274
3056,2026-07-30T22:25:11.643657Z,sun,39.759062,-104.62011683333333,1672.4,258.5069966715949,42.027593460630996,151850964.43965587,-0.727928186510887,-0.14800609529444075,0.6694884248728011
3057,2026-07-30T22:26:41.667101Z,sun,39.759062,-104.62011683333333,1672.4,258.79751848285247,41.74470458102083,151850969.7799994,-0.7319029181584906,-0.14495362257928215,0.6658127106718742
3058,2026-07-30T22:28:11.690544Z,sun,39.759062,-104.62011683333333,1672.4,259.0862679554972,41.46153279327628,151850975.24719036,-0.7358462888557197,-0.1418845685689851,0.6621170654644524
3059,2026-07-30T22:29:41.713988Z,sun,39.759062,-104.62011683333333,1672.4,259.37328056486564,41.178086965968625,151850980.8402182,-0.7397581295801388,-0.1387990648467008,0.658401647414233
3060,2026-07-30T22:31:11.737432Z,sun,39.759062,-104.62011683333333,1672.4,259.6585911430472,40.894375821215455,151850986.55806652,-0.7436382725290047,-0.13569724380316808,0.6546666156558628
3061,2026-07-30T22:32:41.760875Z,sun,39.759062,-104.62011683333333,1672.4,259.9422339022447,40.61040792964263,151850992.39971375,-0.747486551259429,-0.13257923852960335,0.650912130165966
3062,2026-07-30T22:34:11.784319Z,sun,39.759062,-104.62011683333333,1672.4,260.22424245755167,40.32619170517668,151850998.36413306,-0.7513028008221272,-0.12944518270730956,0.6471383516302356
3063,2026-07-30T22:35:41.807762Z,sun,39.759062,-104.62011683333333,1672.4,260.5046498181199,40.04173543127614,151851004.4502921,-0.7550868574702463,-0.12629521084475978,0.643345441728925
3064,2026-07-30T22:37:11.831206Z,sun,39.759062,-104.62011683333333,1672.4,260.7834884251437,39.7570472397218,151851010.65715358,-0.758838559005407,-0.1231294579934163,0.6395335627946707
3065,2026-07-30T22:38:41.854650Z,sun,39.759062,-104.62011683333333,1672.4,261.06079014270597,39.47213513665376,151851016.98367476,-0.7625577444896113,-0.1199480599863618,0.6357028780998437
3066,2026-07-30T22:40:11.878093Z,sun,39.759062,-104.62011683333333,1672.4,261.3365862796444,39.18700699693338,151851023.4288078,-0.7662442543798168,-0.11675115332833275,0.6318535517241496
3067,2026-07-30T22:41:41.901537Z,sun,39.759062,-104.62011683333333,1672.4,261.6109076108823,38.90167055834811,151851029.99149978,-0.7698979306560846,-0.11353887508248212,0.6279857484182927
3068,2026-07-30T22:43:11.924980Z,sun,39.759062,-104.62011683333333,1672.4,261.8837843679847,38.61613344742791,151851036.6706928,-0.7735186165424311,-0.11031136311367051,0.6240996338969341
3069,2026-07-30T22:44:41.948424Z,sun,39.759062,-104.62011683333333,1672.4,262.1552462752976,38.33040315759742,151851043.46532393,-0.7771061568384905,-0.10706875579687747,0.6201953744876045
3070,2026-07-30T22:46:11.971868Z,sun,39.759062,-104.62011683333333,1672.4,262.4253225401798,38.04448707482795,151851050.37432507,-0.780660397643479,-0.10381119226201799,0.6162731374254954
3071,2026-07-30T22:47:41.995311Z,sun,39.759062,-104.62011683333333,1672.4,262.69404187345583,37.75839247146443,151851057.39662325,-0.7841811864852718,-0.10053881228103481,0.6123330907175196
3072,2026-07-30T22:49:12.018755Z,sun,39.759062,-104.62011683333333,1672.4,262.96143250934983,37.47212649994378,151851064.53114092,-0.7876683724425518,-0.09725175615215258,0.608375403002968
3073,2026-07-30T22:50:42.042198Z,sun,39.759062,-104.62011683333333,1672.4,263.22752219545197,37.18569621822129,151851071.77679527,-0.7911218058784097,-0.09395016494876118,0.6044002438531808
3074,2026-07-30T22:52:12.065642Z,sun,39.759062,-104.62011683333333,1672.4,263.4923382270952,36.89910856741361,151851079.13249913,-0.7945413387567352,-0.09063418022118837,0.6004077834124806
3075,2026-07-30T22:53:42.089086Z,sun,39.759062,-104.62011683333333,1672.4,263.7559074370097,36.61237039708445,151851086.59716022,-0.7979268243789969,-0.08730394424703558,0.596398192699609
3076,2026-07-30T22:55:12.112529Z,sun,39.759062,-104.62011683333333,1672.4,264.01825621443174,36.32548845863143,151851094.16968164,-0.8012781175074009,-0.08395959991570087,0.5923716434686854
3077,2026-07-30T22:56:42.135973Z,sun,39.759062,-104.62011683333333,1672.4,264.2794105237443,36.038469398576765,151851101.84896204,-0.8045950744810679,-0.08060129061011209,0.5883283080668387
3078,2026-07-30T22:58:12.159417Z,sun,39.759062,-104.62011683333333,1672.4,264.5393958967416,35.75131978047445,151851109.63389525,-0.8078775529987904,-0.07722916042352344,0.5842683596952382
3079,2026-07-30T22:59:42.182860Z,sun,39.759062,-104.62011683333333,1672.4,264.7982374509854,35.46404607806091,151851117.52337074,-0.8111254122386223,-0.07384335404249923,0.5801919722682133
3080,2026-07-30T23:01:12.206304Z,sun,39.759062,-104.62011683333333,1672.4,265.0559599077118,35.17665466832611,151851125.51627332,-0.8143385129703357,-0.07044401662728027,0.5760993202692379
3081,2026-07-30T23:02:42.229747Z,sun,39.759062,-104.62011683333333,1672.4,265.31258758088927,34.889151856424284,151851133.6114833,-0.8175167173098857,-0.06703129406913183,0.5719905790607797
3082,2026-07-30T23:04:12.253191Z,sun,39.759062,-104.62011683333333,1672.4,265.56814440907476,34.60154385264798,151851141.8078769,-0.8206598890108285,-0.06360533268203945,0.5678659245131211
3083,2026-07-30T23:05:42.276635Z,sun,39.759062,-104.62011683333333,1672.4,265.82265394418704,34.31383679723314,151851150.10432565,-0.8237678932220216,-0.06016627946147315,0.5637255333159177
3084,2026-07-30T23:07:12.300078Z,sun,39.759062,-104.62011683333333,1672.4,266.07613936869063,34.02603675316554,151851158.49969673,-0.8268405966011333,-0.05671428196495161,0.5595695828344157
3085,2026-07-30T23:08:42.323522Z,sun,39.759062,-104.62011683333333,1672.4,266.3286235123817,33.738149698912096,151851166.9928534,-0.8298778674210086,-0.05324948819001924,0.5553982509625504
3086,2026-07-30T23:10:12.346965Z,sun,39.759062,-104.62011683333333,1672.4,266.5801288409105,33.45018155307863,151851175.58265433,-0.83287957533732,-0.0497720468367347,0.5512117164389807
3087,2026-07-30T23:11:42.370409Z,sun,39.759062,-104.62011683333333,1672.4,266.83067748625325,33.162138151041276,151851184.26795435,-0.8358455916640699,-0.04628210699339254,0.5470101584687372
3088,2026-07-30T23:13:12.393853Z,sun,39.759062,-104.62011683333333,1672.4,267.0802912349908,32.874025269492876,151851193.04760405,-0.8387757891447662,-0.04277981840012408,0.5427937570405789
3089,2026-07-30T23:14:42.417296Z,sun,39.759062,-104.62011683333333,1672.4,267.3289915444228,32.5858486189629,151851201.92044964,-0.8416700420596634,-0.03926533132724392,0.5385626927805582
3090,2026-07-30T23:16:12.440740Z,sun,39.759062,-104.62011683333333,1672.4,267.57679955832793,32.297613836271196,151851210.88533387,-0.8445282263257927,-0.03573879645111269,0.5343171468025676
3091,2026-07-30T23:17:42.464183Z,sun,39.759062,-104.62011683333333,1672.4,267.82373609501434,32.00932650894126,151851219.94109502,-0.8473502192782965,-0.032200365121197644,0.5300573010298836
3092,2026-07-30T23:19:12.487627Z,sun,39.759062,-104.62011683333333,1672.4,268.0698216765337,31.720992151555443,151851229.086568,-0.850135899929603,-0.02865018904031019,0.5257833378102035
3093,2026-07-30T23:20:42.511071Z,sun,39.759062,-104.62011683333333,1672.4,268.31507651650304,31.432616230079525,151851238.32058325,-0.8528851487542446,-0.025088420532818408,0.5214954402385686
3094,2026-07-30T23:22:12.534514Z,sun,39.759062,-104.62011683333333,1672.4,268.55952053526045,31.144204154131568,151851247.64196765,-0.8555978477898158,-0.02151521242082836,0.5171937920082972
3095,2026-07-30T23:23:42.557958Z,sun,39.759062,-104.62011683333333,1672.4,268.803173374706,30.85576126919872,151851257.04954445,-0.8582738807305883,-0.017930717897993623,0.5128785772590999
3096,2026-07-30T23:25:12.581401Z,sun,39.759062,-104.62011683333333,1672.4,269.04605438591136,30.567292880844295,151851266.54213297,-0.8609131327226386,-0.014335090801044736,0.5085499809039602
3097,2026-07-30T23:26:42.604845Z,sun,39.759062,-104.62011683333333,1672.4,269.28818265721503,30.278804230826697,151851276.11854908,-0.8635154906065129,-0.01072848528474421,0.5042081882378432
3098,2026-07-30T23:28:12.628289Z,sun,39.759062,-104.62011683333333,1672.4,269.52957700162676,29.99030052122888,151851285.77760476,-0.8660808427158929,-0.007111056094472486,0.4998533852658698
3099,2026-07-30T23:29:42.651732Z,sun,39.759062,-104.62011683333333,1672.4,269.7702559711234,29.701786906516542,151851295.51810855,-0.8686090789721521,-0.003482958440372101,0.49548575855179955
3100,2026-07-30T23:31:12.675176Z,sun,39.759062,-104.62011683333333,1672.4,270.0102378706697,29.413268485550585,151851305.33886564,-0.8711000909714978,0.000155652130792835,0.49110549506380236
3101,2026-07-30T23:32:42.698619Z,sun,39.759062,-104.62011683333333,1672.4,270.2495407454217,29.12475032561984,151851315.23867738,-0.8735537717940269,0.003804619459834318,0.4867127825064746
3102,2026-07-30T23:34:12.722063Z,sun,39.759062,-104.62011683333333,1672.4,270.48818240783373,28.836237438354434,151851325.21634218,-0.8759700162297259,0.007463787105262952,0.48230780892345193
3103,2026-07-30T23:35:42.745507Z,sun,39.759062,-104.62011683333333,1672.4,270.7261804246766,28.547734803689956,151851335.27065474,-0.8783487205911178,0.011132998066491451,0.4778907630306302
3104,2026-07-30T23:37:12.768950Z,sun,39.759062,-104.62011683333333,1672.4,270.96355213057166,28.259247361742837,151851345.40040633,-0.8806897828013681,0.014812094911683539,0.4734618340622678
3105,2026-07-30T23:38:42.792394Z,sun,39.759062,-104.62011683333333,1672.4,271.2003146412717,27.970780004661286,151851355.6043855,-0.882993102474772,0.018500919907568972,0.4690212116147311
3106,2026-07-30T23:40:12.815837Z,sun,39.759062,-104.62011683333333,1672.4,271.4364848405134,27.682337600480608,151851365.88137716,-0.8852585807401254,0.022199314739939306,0.4645690859829741
3107,2026-07-30T23:41:42.839281Z,sun,39.759062,-104.62011683333333,1672.4,271.67207940622575,27.393924968896286,151851376.23016316,-0.8874861204495831,0.025907120848138603,0.4601056477578905
3108,2026-07-30T23:43:12.862725Z,sun,39.759062,-104.62011683333333,1672.4,271.9071147972157,27.105546905057718,151851386.6495223,-0.8896756260056734,0.029624179144634437,0.4556310881639
3109,2026-07-30T23:44:42.886168Z,sun,39.759062,-104.62011683333333,1672.4,272.1416072660155,26.817208171301147,151851397.13823017,-0.8918270034427654,0.03335033014458397,0.45114559890299805
3110,2026-07-30T23:46:12.909612Z,sun,39.759062,-104.62011683333333,1672.4,272.37557287151185,26.52891348886078,151851407.69505966,-0.8939401605008767,0.03708541409727065,0.446649371996537
3111,2026-07-30T23:47:42.933055Z,sun,39.759062,-104.62011683333333,1672.4,272.60902746547157,26.240667561572188,151851418.3187805,-0.8960150064634501,0.04082927070305818,0.4421426001259774
3112,2026-07-30T23:49:12.956499Z,sun,39.759062,-104.62011683333333,1672.4,272.8419867179656,25.952475051524658,151851429.00815958,-0.8980514523489738,0.04458173945206745,0.4376254762251929
3113,2026-07-30T23:50:42.979943Z,sun,39.759062,-104.62011683333333,1672.4,273.07446610374467,25.664340602709423,151851439.76196092,-0.9000494107524453,0.04834265934027954,0.4330981938222391
3114,2026-07-30T23:52:13.003386Z,sun,39.759062,-104.62011683333333,1672.4,273.3064809144797,25.37626883263186,151851450.57894576,-0.9020087959201518,0.05211186900071564,0.42856094688145596
3115,2026-07-30T23:53:43.026830Z,sun,39.759062,-104.62011683333333,1672.4,273.53804627082036,25.088264323899665,151851461.45787278,-0.9039295238167716,0.055889206836480854,0.424013929643324
3116,2026-07-30T23:55:13.050274Z,sun,39.759062,-104.62011683333333,1672.4,273.76917711117056,24.800331644608644,151851472.39749765,-0.9058115119982819,0.05967451077627168,0.419457336918785
3117,2026-07-30T23:56:43.073717Z,sun,39.759062,-104.62011683333333,1672.4,273.9998882036162,24.512475339871774,151851483.39657354,-0.9076546796828359,0.06346761840674815,0.41489136392991344
3118,2026-07-30T23:58:13.097161Z,sun,39.759062,-104.62011683333333,1672.4,274.2301941576596,24.224699923362373,151851494.4538514,-0.90945894781368,0.0672683671062371,0.4103162061489829
3119,2026-07-30T23:59:43.120604Z,sun,39.759062,-104.62011683333333,1672.4,274.4601094102696,23.937009900810306,151851505.568079,-0.9112242389202555,0.07107659375644397,0.40573205964550363
3120,2026-07-31T00:01:13.144048Z,sun,39.759062,-104.62011683333333,1672.4,274.6896482502577,23.649409745505263,151851516.73800242,-0.9129504772819247,0.07489213508734016,0.40113912067107765
3121,2026-07-31T00:02:43.167492Z,sun,39.759062,-104.62011683333333,1672.4,274.9188248041988,23.361903921747377,151851527.9623646,-0.914637588792814,0.07871482738812867,0.39653758600733485
3122,2026-07-31T00:04:13.190935Z,sun,39.759062,-104.62011683333333,1672.4,275.14765304785334,23.074496876298145,151851539.23990643,-0.9162855010258186,0.08254450664091009,0.39192765280504677
3123,2026-07-31T00:05:43.214379Z,sun,39.759062,-104.62011683333333,1672.4,275.37614681742895,22.787193029842907,151851550.56936666,-0.9178941432886497,0.08638100865564882,0.3873095184216734
3124,2026-07-31T00:07:13.237822Z,sun,39.759062,-104.62011683333333,1672.4,275.60431979537395,22.499996800353884,151851561.94948152,-0.9194634464998046,0.09022416877920189,0.3826833807716283
3125,2026-07-31T00:08:43.261266Z,sun,39.759062,-104.62011683333333,1672.4,275.83218553419226,22.21291257855069,151851573.37898535,-0.9209933433345144,0.09407382224338572,0.37804943790731
3126,2026-07-31T00:10:13.284710Z,sun,39.759062,-104.62011683333333,1672.4,276.0597574421167,21.92594475122468,151851584.85660997,-0.9224837681044739,0.09792980387329377,0.3734078883702239
3127,2026-07-31T00:11:43.308153Z,sun,39.759062,-104.62011683333333,1672.4,276.28704879408997,21.639097692622382,151851596.38108522,-0.9239346568149618,0.10179194822221596,0.36875893102858465
3128,2026-07-31T00:13:13.331597Z,sun,39.759062,-104.62011683333333,1672.4,276.51407274261044,21.352375755845724,151851607.9511393,-0.9253459472139505,0.10566008970772257,0.3641027649135239
3129,2026-07-31T00:14:43.355040Z,sun,39.759062,-104.62011683333333,1672.4,276.74084230327975,21.065783296094857,151851619.56549776,-0.9267175786830334,0.1095340623182195,0.3594395895723288
3130,2026-07-31T00:16:13.378484Z,sun,39.759062,-104.62011683333333,1672.4,276.9673703781396,20.77932464609796,151851631.22288486,-0.9280494923655002,0.11341369996397256,0.3547696046459159
3131,2026-07-31T00:17:43.401928Z,sun,39.759062,-104.62011683333333,1672.4,277.19366974110176,20.493004139327002,151851642.92202258,-0.9293416310610167,0.11729883618291029,0.35009301022297457
3132,2026-07-31T00:19:13.425371Z,sun,39.759062,-104.62011683333333,1672.4,277.4197530485498,20.206826101319628,151851654.66163132,-0.9305939392758513,0.12118930427680341,0.3454100066760622
3133,2026-07-31T00:20:43.448815Z,sun,39.759062,-104.62011683333333,1672.4,277.6456328498153,19.92079484103697,151851666.44042948,-0.9318063632649747,0.12508493744825566,0.34072079449670806
3134,2026-07-31T00:22:13.472258Z,sun,39.759062,-104.62011683333333,1672.4,277.8713215724977,19.63491467398517,151851678.25713402,-0.9329788509380831,0.12898556850517826,0.33602557465117155
3135,2026-07-31T00:23:43.495702Z,sun,39.759062,-104.62011683333333,1672.4,278.09683154537305,19.349189897655766,151851690.1104601,-0.9341113519695752,0.13289103021410975,0.3313245481551359
3136,2026-07-31T00:25:13.519146Z,sun,39.759062,-104.62011683333333,1672.4,278.3221749836205,19.06362481460112,151851701.9991214,-0.9352038177084496,0.13680115500431028,0.326617916429928
3137,2026-07-31T00:26:43.542589Z,sun,39.759062,-104.62011683333333,1672.4,278.5473639990683,18.77822372373785,151851713.9218297,-0.9362562012214557,0.14071577510464547,0.32190588113774476
3138,2026-07-31T00:28:13.566033Z,sun,39.759062,-104.62011683333333,1672.4,278.77241061035005,18.492990911671722,151851725.87729582,-0.9372684573281629,0.14463472268142835,0.31718864401575275
3139,2026-07-31T00:29:43.589476Z,sun,39.759062,-104.62011683333333,1672.4,278.9973267280109,18.20793067569308,151851737.86422887,-0.9382405425222076,0.1485578295411922,0.3124664072338717
3140,2026-07-31T00:31:13.612920Z,sun,39.759062,-104.62011683333333,1672.4,279.22212417705504,17.923047299240903,151851749.88133666,-0.9391724150630846,0.1524849274860569,0.30773937296703713
3141,2026-07-31T00:32:43.636364Z,sun,39.759062,-104.62011683333333,1672.4,279.44681468195773,17.638345074861988,151851761.92732555,-0.9400640349012588,0.15641584801607544,0.3030077437534839
3142,2026-07-31T00:34:13.659807Z,sun,39.759062,-104.62011683333333,1672.4,279.67140987661327,17.353828295489738,151851774.0009006,-0.9409153637142781,0.16035042246698608,0.29827172232896443
3143,2026-07-31T00:35:43.683251Z,sun,39.759062,-104.62011683333333,1672.4,279.89592131420915,17.06950124575114,151851786.10076624,-0.9417263649347685,0.16428848214869288,0.2935315114600578
3144,2026-07-31T00:37:13.706694Z,sun,39.759062,-104.62011683333333,1672.4,280.1203604521179,16.78536822484568,151851798.22562474,-0.942497003686944,0.16822985804655904,0.2887873143037403
3145,2026-07-31T00:38:43.730138Z,sun,39.759062,-104.62011683333333,1672.4,280.3447386741431,16.501433522044884,151851810.37417826,-0.9432272468601505,0.17217438117849893,0.2840393339775699
3146,2026-07-31T00:40:13.753582Z,sun,39.759062,-104.62011683333333,1672.4,280.5690672753214,16.21770143953647,151851822.54512736,-0.9439170630492593,0.17612188229591938,0.2792877739196672
3147,2026-07-31T00:41:43.777025Z,sun,39.759062,-104.62011683333333,1672.4,280.79335747160764,15.934176283691324,151851834.73717165,-0.9445664225837068,0.18007219202213928,0.2745328377221202
3148,2026-07-31T00:43:13.800469Z,sun,39.759062,-104.62011683333333,1672.4,281.01762040950604,15.6508623563605,151851846.94901013,-0.9451752975483895,0.18402514099143857,0.26977472896361965
3149,2026-07-31T00:44:43.823912Z,sun,39.759062,-104.62011683333333,1672.4,281.2418671507455,15.36776397764315,151851859.17934045,-0.9457436617354948,0.18798055954909046,0.2650136515705347
3150,2026-07-31T00:46:13.847356Z,sun,39.759062,-104.62011683333333,1672.4,281.4661086942776,15.084885461434292,151851871.42686,-0.9462714906997236,0.19193827810987113,0.26024980938540676
3151,2026-07-31T00:47:43.870800Z,sun,39.759062,-104.62011683333333,1672.4,281.6903559608695,14.802231138153363,151851883.69026488,-0.9467587617140335,0.19589812685789312,0.2554834065282494
3152,2026-07-31T00:49:13.894243Z,sun,39.759062,-104.62011683333333,1672.4,281.91461980256,14.519805346009548,151851895.96825066,-0.9472054537915723,0.1998599358855687,0.2507146472293109
3153,2026-07-31T00:50:43.917687Z,sun,39.759062,-104.62011683333333,1672.4,282.13891101207315,14.237612422305833,151851908.25951266,-0.9476115476994371,0.20382353533297004,0.24594373566132344
3154,2026-07-31T00:52:13.941131Z,sun,39.759062,-104.62011683333333,1672.4,282.3632403097781,13.955656722952934,151851920.56274498,-0.9479770259297334,0.20778875513114706,0.24117087624849237
3155,2026-07-31T00:53:43.964574Z,sun,39.759062,-104.62011683333333,1672.4,282.5876183530204,13.673942613738715,151851932.87664142,-0.9483018727172395,0.21175542514131385,0.23639627349896558
3156,2026-07-31T00:55:13.988018Z,sun,39.759062,-104.62011683333333,1672.4,282.8120557454209,13.392474461638916,151851945.19989562,-0.948586074048876,0.21572337529437366,0.23162013183690094
3157,2026-07-31T00:56:44.011461Z,sun,39.759062,-104.62011683333333,1672.4,283.03656302121607,13.111256657388875,151851957.53120026,-0.9488296176401818,0.21969243528982976,0.22684265596490089
3158,2026-07-31T00:58:14.034905Z,sun,39.759062,-104.62011683333333,1672.4,283.26115066694246,12.830293591152042,151851969.8692481,-0.9490324929610923,0.22366243495558205,0.2220640504309387
3159,2026-07-31T00:59:44.058349Z,sun,39.759062,-104.62011683333333,1672.4,283.48582910569456,12.549589675056284,151851982.21273124,-0.9491946912163299,0.2276332039467237,0.21728451999092221
3160,2026-07-31T01:01:14.081792Z,sun,39.759062,-104.62011683333333,1672.4,283.7106087062702,12.269149334477035,151851994.56034175,-0.9493162053559283,0.23160457188502878,0.21250426944081283
3161,2026-07-31T01:02:44.105236Z,sun,39.759062,-104.62011683333333,1672.4,283.9354997922985,11.9889769993666,151852006.91077146,-0.9493970300775514,0.2355763684986032,0.20772350344853932
3162,2026-07-31T01:04:14.128679Z,sun,39.759062,-104.62011683333333,1672.4,284.1605126263602,11.709077126704653,151852019.26271182,-0.9494371618184057,0.23954842332042517,0.20294242691686928
3163,2026-07-31T01:05:44.152123Z,sun,39.759062,-104.62011683333333,1672.4,284.385657431539,11.429454176249097,151852031.61485475,-0.9494365987625744,0.2435205660486403,0.19816124454974576
3164,2026-07-31T01:07:14.175567Z,sun,39.759062,-104.62011683333333,1672.4,284.6109443754464,11.15011263296836,151852043.96589157,-0.9493953408368457,0.24749262624482535,0.19338016121548965
3165,2026-07-31T01:08:44.199010Z,sun,39.759062,-104.62011683333333,1672.4,284.8363835792193,10.871056998328495,151852056.31451377,-0.9493133897140897,0.251464433473872,0.18859938177843846
3166,2026-07-31T01:10:14.222454Z,sun,39.759062,-104.62011683333333,1672.4,285.061985126497,10.592291781650971,151852068.65941313,-0.9491907488084206,0.25543581744359584,0.18381911093091483
3167,2026-07-31T01:11:44.245897Z,sun,39.759062,-104.62011683333333,1672.4,285.2877590473079,10.313821522447666,151852080.99928123,-0.9490274232825572,0.2594066077030895,0.1790395535563176
3168,2026-07-31T01:13:14.269341Z,sun,39.759062,-104.62011683333333,1672.4,285.5137153395213,10.035650766269727,151852093.3328103,-0.9488234200366985,0.2633766340031103,0.17426091429535853
3169,2026-07-31T01:14:44.292785Z,sun,39.759062,-104.62011683333333,1672.4,285.7398639526506,9.757784087007558,151852105.65869236,-0.9485787477198073,0.2673457259944582,0.16948339790911127
3170,2026-07-31T01:16:14.316228Z,sun,39.759062,-104.62011683333333,1672.4,285.9662147967026,9.480226078215045,151852117.97561985,-0.9482934167258215,0.27131371336776094,0.16470720911078562
3171,2026-07-31T01:17:44.339672Z,sun,39.759062,-104.62011683333333,1672.4,286.1927777510251,9.202981344501035,151852130.2822858,-0.9479674391816736,0.2752804259929062,0.15993255239789136
3172,2026-07-31T01:19:14.363115Z,sun,39.759062,-104.62011683333333,1672.4,286.41956264796437,8.926054523726545,151852142.57738337,-0.9476008289700886,0.27924569361779583,0.15515963241486805
3173,2026-07-31T01:20:44.386559Z,sun,39.759062,-104.62011683333333,1672.4,286.64657929423964,8.649450262977496,151852154.85960644,-0.9471936017000162,0.28320934622823385,0.15038865351989694
3174,2026-07-31T01:22:14.410003Z,sun,39.759062,-104.62011683333333,1672.4,286.8738374545124,8.373173240730074,151852167.1276492,-0.9467457747333489,0.28717121374673293,0.14561982014746214
3175,2026-07-31T01:23:44.433446Z,sun,39.759062,-104.62011683333333,1672.4,287.10134686011037,8.097228158210985,151852179.38020647,-0.9462573671739857,0.29113112617212566,0.1408533366403036
3176,2026-07-31T01:25:14.456890Z,sun,39.759062,-104.62011683333333,1672.4,287.32911721776276,7.821619730830588,151852191.61597386,-0.9457283998487068,0.2950889137186981,0.13608940708197384
3177,2026-07-31T01:26:44.480333Z,sun,39.759062,-104.62011683333333,1672.4,287.55715819301093,7.546352710241952,151852203.83364746,-0.9451588953453988,0.2990444065155444,0.13132823565871635
3178,2026-07-31T01:28:14.503777Z,sun,39.759062,-104.62011683333333,1672.4,287.7854794315428,7.271431860442587,151852216.03192443,-0.9445488779650559,0.3029974349657187,0.12657002622717958
3179,2026-07-31T01:29:44.527221Z,sun,39.759062,-104.62011683333333,1672.4,288.0140905425072,6.996861979807829,151852228.20950228,-0.9438983737639336,0.3069478294456308,0.12181498267625968
3180,2026-07-31T01:31:14.550664Z,sun,39.759062,-104.62011683333333,1672.4,288.24300110713506,6.7226478924860515,151852240.3650797,-0.9432074105354444,0.3108954204444806,0.11706330875928346
3181,2026-07-31T01:32:44.574108Z,sun,39.759062,-104.62011683333333,1672.4,288.4722206873723,6.448794439881518,151852252.49735638,-0.9424760177839289,0.3148400387028696,0.11231520792716787
3182,2026-07-31T01:34:14.597551Z,sun,39.759062,-104.62011683333333,1672.4,288.70175880903435,6.175306502566304,151852264.6050325,-0.9417042267782493,0.31878151491314577,0.10757088368912499
3183,2026-07-31T01:35:44.620995Z,sun,39.759062,-104.62011683333333,1672.4,288.9316249831127,5.902188976538587,151852276.68681008,-0.9408920704854562,0.32271968007720025,0.10283053918200022
3184,2026-07-31T01:37:14.644439Z,sun,39.759062,-104.62011683333333,1672.4,289.1618286888454,5.629446795087976,151852288.7413914,-0.9400395836282545,0.32665436520720115,0.09809437753051091
3185,2026-07-31T01:38:44.667882Z,sun,39.759062,-104.62011683333333,1672.4,289.39237938222556,5.357084920255768,151852300.7674801,-0.9391468026598196,0.3305854014643278,0.09336260168026052
3186,2026-07-31T01:40:14.691326Z,sun,39.759062,-104.62011683333333,1672.4,289.62328650454793,5.0851083343699255,151852312.76378158,-0.9382137657304789,0.3345126202967876,0.08863541423162241
3187,2026-07-31T01:41:44.714769Z,sun,39.759062,-104.62011683333333,1672.4,289.8545594652973,4.813522061793786,151852324.7290016,-0.9372405127565939,0.33843585314157343,0.08391301779874348
3188,2026-07-31T01:43:14.738213Z,sun,39.759062,-104.62011683333333,1672.4,290.0862076634543,4.5423311453501025,151852336.6618482,-0.9362270853359624,0.3423549317805713,0.07919561458091577
3189,2026-07-31T01:44:44.761657Z,sun,39.759062,-104.62011683333333,1672.4,290.3182404702902,4.271540668027793,151852348.5610298,-0.9351735268205751,0.3462696880426896,0.07448340672113174
3190,2026-07-31T01:46:14.785100Z,sun,39.759062,-104.62011683333333,1672.4,290.5506672377868,4.001155744496245,151852360.4252569,-0.9340798822843399,0.35017995394198814,0.06977659613982945
3191,2026-07-31T01:47:44.808544Z,sun,39.759062,-104.62011683333333,1672.4,290.7834973071036,3.731181512699125,151852372.2532414,-0.9329461984827133,0.35408556181492157,0.06507538436970481
3192,2026-07-31T01:49:14.831987Z,sun,39.759062,-104.62011683333333,1672.4,291.0167399911747,3.4616231554412233,151852384.0436962,-0.9317725239368247,0.3579863440236904,0.06037997291280678
3193,2026-07-31T01:50:44.855431Z,sun,39.759062,-104.62011683333333,1672.4,291.25040459604577,3.192485876976982,151852395.79533672,-0.9305589088306646,0.3618821333104512,0.055690562814173956
3194,2026-07-31T01:52:14.878875Z,sun,39.759062,-104.62011683333333,1672.4,291.48450040336456,2.923774924562245,151852407.5068792,-0.9293054050991001,0.3657727625009956,0.05100735501854575
3195,2026-07-31T01:53:44.902318Z,sun,39.759062,-104.62011683333333,1672.4,291.71903667872635,2.655495580018142,151852419.17704183,-0.9280120663885076,0.3696580646422408,0.04633055020485887
3196,2026-07-31T01:55:14.925762Z,sun,39.759062,-104.62011683333333,1672.4,291.9540226800695,2.387653151388376,151852430.80454475,-0.9266789480093951,0.37353787313856185,0.04166034862216597
3197,2026-07-31T01:56:44.949206Z,sun,39.759062,-104.62011683333333,1672.4,292.1894676425756,2.1202529913903594,151852442.3881096,-0.9253061070202264,0.37741202149999137,0.036996950392744844
3198,2026-07-31T01:58:14.972649Z,sun,39.759062,-104.62011683333333,1672.4,292.4253807869616,1.8533004890247697,151852453.92646,-0.9238936021838817,0.3812803434790664,0.03234055534737409
3199,2026-07-31T01:59:44.996093Z,sun,39.759062,-104.62011683333333,1672.4,292.6617713278418,1.5868010612643124,151852465.4183217,-0.9224414939160525,0.38514267320666346,0.027691362861850824
3200,2026-07-31T02:01:15.019536Z,sun,39.759062,-104.62011683333333,1672.4,292.89864845580985,1.3207601743676254,151852476.86242193,-0.9209498443936024,0.3889988448984378,0.023049572210361368
3201,2026-07-31T02:02:45.042980Z,sun,39.759062,-104.62011683333333,1672.4,293.13602135885753,1.0551833207633277,151852488.2574906,-0.9194187174228782,0.3928486932051144,0.01841538214384019
3202,2026-07-31T02:04:15.066424Z,sun,39.759062,-104.62011683333333,1672.4,293.373899204356,0.7900760403066935,151852499.6022591,-0.9178481785518339,0.3966920529196359,0.013788991242497613
3203,2026-07-31T02:05:45.089867Z,sun,39.759062,-104.62011683333333,1672.4,293.6122911472745,0.5254439119536263,151852510.89546105,-0.9162382950194998,0.4005287591130329,0.009170597752282461
3204,2026-07-31T02:07:15.113311Z,sun,39.759062,-104.62011683333333,1672.4,293.85120633846935,0.2612925455261308,151852522.13583267,-0.9145891356974997,0.40435864726898596,0.004560399422911139
3205,2026-07-31T02:08:45.136754Z,sun,39.759062,-104.62011683333333,1672.4,294.09065390642917,-0.002372397173263099,151852533.3221119,-0.9129007712133312,0.4081815529928276,-4.140614182661587e-05
3206,2026-07-31T02:10:15.160198Z,sun,39.759062,-104.62011683333333,1672.4,294.33064297875995,-0.26554522527395336,151852544.4530394,-0.9111732738008386,0.4119973123588146,-0.004634621902089909
3207,2026-07-31T02:11:45.183642Z,sun,39.759062,-104.62011683333333,1672.4,294.5711826638158,-0.5282201977761903,151852555.52735797,-0.9094067174272651,0.4158057616198055,-0.00921905103249168
3208,2026-07-31T02:13:15.207085Z,sun,39.759062,-104.62011683333333,1672.4,294.81228205884474,-0.7903915318093009,151852566.54381263,-0.9076011777357978,0.41960673734198395,-0.013794497084266296
3209,2026-07-31T02:14:45.230529Z,sun,39.759062,-104.62011683333333,1672.4,295.053950258214,-1.052053410794681,151852577.50115132,-0.9057567319802158,0.42340007653814343,-0.018360764145697837
3210,2026-07-31T02:16:15.253972Z,sun,39.759062,-104.62011683333333,1672.4,295.2961963347829,-1.313199963532042,151852588.39812392,-0.9038734591630315,0.4271856163793795,-0.02291765649505066
3211,2026-07-31T02:17:45.277416Z,sun,39.759062,-104.62011683333333,1672.4,295.53902936148035,-1.5738252869110485,151852599.23348352,-0.9019514398681975,0.4309631945391674,-0.027464979014754608
3212,2026-07-31T02:19:15.300860Z,sun,39.759062,-104.62011683333333,1672.4,295.78245839254873,-1.8339234250477823,151852610.00598535,-0.8999907564030303,0.43473264890571317,-0.032002536845118314
3213,2026-07-31T02:20:45.324303Z,sun,39.759062,-104.62011683333333,1672.4,296.02649247161634,-2.0934883774724615,151852620.71438733,-0.897991492733898,0.4384938177153853,-0.03653013554494552
3214,2026-07-31T02:22:15.347747Z,sun,39.759062,-104.62011683333333,1672.4,296.2711406398731,-2.3525141072339277,151852631.35745025,-0.8959537344139533,0.44224653968479355,-0.04104758125051562
3215,2026-07-31T02:23:45.371190Z,sun,39.759062,-104.62011683333333,1672.4,296.516411917029,-2.6109945201845135,151852641.9339378,-0.8938775687361179,0.44599065372524443,-0.045554680331839535
3216,2026-07-31T02:25:15.394634Z,sun,39.759062,-104.62011683333333,1672.4,296.7623153229969,-2.868923487481715,151852652.44261622,-0.8917630845481773,0.44972599928327994,-0.05005123980257946
3217,2026-07-31T02:26:45.418078Z,sun,39.759062,-104.62011683333333,1672.4,297.00885985873094,-3.1262948249463145,151852662.88225484,-0.8896103724093735,0.4534524160561358,-0.05453706697750661
3218,2026-07-31T02:28:15.441521Z,sun,39.759062,-104.62011683333333,1672.4,297.2560545142268,-3.3831023011817556,151852673.25162566,-0.887419524519268,0.4571697441237908,-0.05901196963145742
3219,2026-07-31T02:29:45.464965Z,sun,39.759062,-104.62011683333333,1672.4,297.5039082766228,-3.6393396455936773,151852683.549504,-0.8851906346388214,0.4608778240793445,-0.0634757561562612
3220,2026-07-31T02:31:15.488408Z,sun,39.759062,-104.62011683333333,1672.4,297.75243011074156,-3.8950005279169275,151852693.77466795,-0.8829237982578498,0.4645764967469492,-0.06792823522117672
3221,2026-07-31T02:32:45.511852Z,sun,39.759062,-104.62011683333333,1672.4,298.001628980875,-4.150078580484619,151852703.92589897,-0.8806191123928095,0.468265603518238,-0.07236921617787892
3222,2026-07-31T02:34:15.535296Z,sun,39.759062,-104.62011683333333,1672.4,298.2515138311904,-4.4045673778252565,151852714.00198156,-0.8782766757578719,0.4719449860712275,-0.07679850872204946
3223,2026-07-31T02:35:45.558739Z,sun,39.759062,-104.62011683333333,1672.4,298.5020935936514,-4.65846044470996,151852724.00170293,-0.8758965886870697,0.4756144865007983,-0.08121592305044725
3224,2026-07-31T02:37:15.582183Z,sun,39.759062,-104.62011683333333,1672.4,298.753377196049,-4.911751264095814,151852733.9238545,-0.8734789530487322,0.47927394744736085,-0.08562127001577968
3225,2026-07-31T02:38:45.605626Z,sun,39.759062,-104.62011683333333,1672.4,299.005373542088,-5.164433256902768,151852743.76723003,-0.8710238724273099,0.48292321181842884,-0.09001436079152036
3226,2026-07-31T02:40:15.629070Z,sun,39.759062,-104.62011683333333,1672.4,299.25809153328856,-5.416499804047319,151852753.5306274,-0.8685314519040069,0.4865621231206815,-0.09439500727163755
3227,2026-07-31T02:41:45.652514Z,sun,39.759062,-104.62011683333333,1672.4,299.5115400489242,-5.667944226291989,151852763.21284738,-0.8660017982422024,0.49019052518253214,-0.09876302173660484
3228,2026-07-31T02:43:15.675957Z,sun,39.759062,-104.62011683333333,1672.4,299.7657279538594,-5.918759792220562,151852772.8126943,-0.863435019802962,0.4938082622829067,-0.10311821700841596
3229,2026-07-31T02:44:45.699401Z,sun,39.759062,-104.62011683333333,1672.4,300.02066410650923,-6.16893972611137,151852782.32897624,-0.8608312264528624,0.49741517927814255,-0.10746040660333513
3230,2026-07-31T02:46:15.722844Z,sun,39.759062,-104.62011683333333,1672.4,300.27635733843783,-6.41847718797981,151852791.76050445,-0.8581905297600164,0.501011121327463,-0.11178940440140304
3231,2026-07-31T02:47:45.746288Z,sun,39.759062,-104.62011683333333,1672.4,300.53281647637164,-6.66736529535878,151852801.1060943,-0.8555130427578899,0.504595934220169,-0.11610502504031384
3232,2026-07-31T02:49:15.769732Z,sun,39.759062,-104.62011683333333,1672.4,300.7900503216537,-6.915597103434114,151852810.3645643,-0.8527988801447226,0.5081694641023922,-0.12040708358645139
3233,2026-07-31T02:50:45.793175Z,sun,39.759062,-104.62011683333333,1672.4,301.0480676579917,-7.163165612950637,151852819.53473678,-0.8500481581924776,0.5117315576040454,-0.12469539568770836
3234,2026-07-31T02:52:15.816619Z,sun,39.759062,-104.62011683333333,1672.4,301.3068772593169,-7.410063777995228,151852828.61543828,-0.8472609946483816,0.5152820619635088,-0.12896977772358065
3235,2026-07-31T02:53:45.840063Z,sun,39.759062,-104.62011683333333,1672.4,301.56648787177176,-7.656284489076263,151852837.60549858,-0.8444375089131644,0.5188208247968301,-0.1332300465272991
3236,2026-07-31T02:55:15.863506Z,sun,39.759062,-104.62011683333333,1672.4,301.8269082214,-7.901820580989179,151852846.50375152,-0.8415778219461192,0.5223476942235116,-0.13747601953725203
3237,2026-07-31T02:56:45.886950Z,sun,39.759062,-104.62011683333333,1672.4,302.0881470219505,-8.146664840555017,151852855.3090351,-0.8386820561628346,0.5258625189899303,-0.14170751494555645
3238,2026-07-31T02:58:15.910393Z,sun,39.759062,-104.62011683333333,1672.4,302.350212953652,-8.390809987154134,151852864.0201907,-0.8357503356532461,0.5293651482019978,-0.14592435137619533
3239,2026-07-31T02:59:45.933837Z,sun,39.759062,-104.62011683333333,1672.4,302.61311468541646,-8.634248694088607,151852872.63606444,-0.8327827859190678,0.5328554316438737,-0.1501263482687068
3240,2026-07-31T03:01:15.957281Z,sun,39.759062,-104.62011683333333,1672.4,302.8768608534361,-8.87697356920416,151852881.155506,-0.8297795340953146,0.5363332195117886,-0.15431332555771785
3241,2026-07-31T03:02:45.980724Z,sun,39.759062,-104.62011683333333,1672.4,303.14146006876945,-9.118977162690367,151852889.57736927,-0.8267407088489673,0.5397983625377799,-0.15848510382190062
3242,2026-07-31T03:04:16.004168Z,sun,39.759062,-104.62011683333333,1672.4,303.40692092504713,-9.360251974748042,151852897.90051234,-0.8236664402704396,0.5432507121109049,-0.16264150442988815
3243,2026-07-31T03:05:46.027611Z,sun,39.759062,-104.62011683333333,1672.4,303.6732519766766,-9.600790436448666,151852906.12379748,-0.820556860105217,0.5466901200145946,-0.16678234922405769
3244,2026-07-31T03:07:16.051055Z,sun,39.759062,-104.62011683333333,1672.4,303.94046176117746,-9.840584930835309,151852914.24609122,-0.8174121014750662,0.550116438739744,-0.17090746089746225
3245,2026-07-31T03:08:46.074499Z,sun,39.759062,-104.62011683333333,1672.4,304.20855877719333,-10.079627773874094,151852922.26626447,-0.8142322991131298,0.5535295212232518,-0.17501666267902738
3246,2026-07-31T03:10:16.097942Z,sun,39.759062,-104.62011683333333,1672.4,304.4775514919686,-10.317911222196063,151852930.18319234,-0.8110175892562725,0.5569292209696081,-0.17910977847992984
3247,2026-07-31T03:11:46.121386Z,sun,39.759062,-104.62011683333333,1672.4,304.74744834894597,-10.555427480697734,151852937.9957546,-0.8077681095303999,0.560315392169768,-0.18318663303670105
3248,2026-07-31T03:13:16.144829Z,sun,39.759062,-104.62011683333333,1672.4,305.01825774536906,-10.792168683752404,151852945.70283493,-0.8044839991954295,0.5636878894434917,-0.18724705160100705
3249,2026-07-31T03:14:46.168273Z,sun,39.759062,-104.62011683333333,1672.4,305.2899880547464,-11.028126916038216,151852953.30332237,-0.801165398850641,0.567046568146404,-0.19129086030931802
3250,2026-07-31T03:16:16.191717Z,sun,39.759062,-104.62011683333333,1672.4,305.5626476042554,-11.263294193855064,151852960.7961097,-0.7978124506829848,0.5703912841136467,-0.19531788587427157
3251,2026-07-31T03:17:46.215160Z,sun,39.759062,-104.62011683333333,1672.4,305.83624468209393,-11.497662472807235,151852968.18009463,-0.7944252983532925,0.5737218937791171,-0.19932795572820575
3252,2026-07-31T03:19:16.238604Z,sun,39.759062,-104.62011683333333,1672.4,306.11078754496094,-11.731223655343591,151852975.4541795,-0.7910040868755686,0.5770382542918727,-0.20332089816331236
3253,2026-07-31T03:20:46.262047Z,sun,39.759062,-104.62011683333333,1672.4,306.38628439502594,-11.963969572348901,151852982.61727133,-0.7875489628750154,0.5803402232637531,-0.2072965420277546
3254,2026-07-31T03:22:16.285491Z,sun,39.759062,-104.62011683333333,1672.4,306.66274340252636,-12.195892003696729,151852989.66828182,-0.7840600742778228,0.583627659070098,-0.21125471708772
3255,2026-07-31T03:23:46.308935Z,sun,39.759062,-104.62011683333333,1672.4,306.9401726825268,-12.426982659954984,151852996.60612762,-0.7805375705724741,0.5869004205987343,-0.21519525372519005
3256,2026-07-31T03:25:16.332378Z,sun,39.759062,-104.62011683333333,1672.4,307.2185803021405,-12.657233190020508,151853003.4297299,-0.7769816026899058,0.5901583673667723,-0.21911798307854866
3257,2026-07-31T03:26:46.355822Z,sun,39.759062,-104.62011683333333,1672.4,307.49797428788474,-12.886635188604235,151853010.13801503,-0.773392322876905,0.5934013596344213,-0.2230227371796094
3258,2026-07-31T03:28:16.379265Z,sun,39.759062,-104.62011683333333,1672.4,307.7783626019833,-13.115180178230764,151853016.72991398,-0.769769884966948,0.5966292581581245,-0.22690934865636844
3259,2026-07-31T03:29:46.402709Z,sun,39.759062,-104.62011683333333,1672.4,308.0597531651088,-13.342859629518616,151853023.204363,-0.7661144440546563,0.5998419244847074,-0.23077765108716153
3260,2026-07-31T03:31:16.426153Z,sun,39.759062,-104.62011683333333,1672.4,308.34215383245885,-13.569664943297768,151853029.5603031,-0.7624261567699364,0.6030392207058675,-0.23462747870504122
3261,2026-07-31T03:32:46.449596Z,sun,39.759062,-104.62011683333333,1672.4,308.625572400837,-13.795587458201618,151853035.7966805,-0.7587051811522595,0.6062210095723684,-0.238458666535263
3262,2026-07-31T03:34:16.473040Z,sun,39.759062,-104.62011683333333,1672.4,308.9100166158948,-14.020618458120579,151853041.9124464,-0.7549516765180595,0.609387154605347,-0.242271050529299
3263,2026-07-31T03:35:46.496483Z,sun,39.759062,-104.62011683333333,1672.4,309.1954941477229,-14.24474915462842,151853047.90655732,-0.7511658037443054,0.6125375198550518,-0.24606446727431744
3264,2026-07-31T03:37:16.519927Z,sun,39.759062,-104.62011683333333,1672.4,309.48201261373896,-14.467970706982923,151853053.7779748,-0.74734772492804,0.615671970188039,-0.24983875433899547
3265,2026-07-31T03:38:46.543371Z,sun,39.759062,-104.62011683333333,1672.4,309.7695795540708,-14.690274204702416,151853059.52566576,-0.7434976036728308,0.6187903710476362,-0.25359374998506334
3266,2026-07-31T03:40:16.566814Z,sun,39.759062,-104.62011683333333,1672.4,310.0582024384929,-14.911650675124243,151853065.14860204,-0.7396156049573096,0.6218925885654012,-0.2573292933015158
3267,2026-07-31T03:41:46.590258Z,sun,39.759062,-104.62011683333333,1672.4,310.34788867352574,-15.132091090815544,151853070.64576143,-0.7357018949970381,0.6249784896695206,-0.26104522433511806
3268,2026-07-31T03:43:16.613701Z,sun,39.759062,-104.62011683333333,1672.4,310.63864557731756,-15.35158635248255,151853076.01612642,-0.7317566415401672,0.6280479418497065,-0.2647413838072976
3269,2026-07-31T03:44:46.637145Z,sun,39.759062,-104.62011683333333,1672.4,310.93048040268025,-15.570127308683867,151853081.2586855,-0.7277800135125031,0.6311008134370694,-0.2684176134511487
3270,2026-07-31T03:46:16.660589Z,sun,39.759062,-104.62011683333333,1672.4,311.22340031174895,-15.787704738894588,151853086.3724321,-0.7237721813160658,0.6341369733707126,-0.2720737557303463
3271,2026-07-31T03:47:46.684032Z,sun,39.759062,-104.62011683333333,1672.4,311.5174123827762,-16.004309361044125,151853091.35636562,-0.7197333166919923,0.6371562913063792,-0.2757096539699778
3272,2026-07-31T03:49:16.707476Z,sun,39.759062,-104.62011683333333,1672.4,311.8125236170964,-16.21993183890113,151853096.20949057,-0.7156635925769185,0.6401586377219028,-0.27932515248350936
3273,2026-07-31T03:50:46.730920Z,sun,39.759062,-104.62011683333333,1672.4,312.1087409165669,-16.434562767872514,151853100.9308173,-0.7115631833648124,0.6431438837214826,-0.2829200963370797
3274,2026-07-31T03:52:16.754363Z,sun,39.759062,-104.62011683333333,1672.4,312.4060710902837,-16.648192682537545,151853105.5193617,-0.7074322647664932,0.6461119011426415,-0.2864943314782888
3275,2026-07-31T03:53:46.777807Z,sun,39.759062,-104.62011683333333,1672.4,312.70452086147196,-16.860812064026153,151853109.97414547,-0.7032710136627356,0.6490625626598993,-0.2900477048610323
3276,2026-07-31T03:55:16.801250Z,sun,39.759062,-104.62011683333333,1672.4,313.0040968411651,-17.072411323752718,151853114.29419568,-0.6990796084190197,0.6519957415597266,-0.2935800641744805
3277,2026-07-31T03:56:46.824694Z,sun,39.759062,-104.62011683333333,1672.4,313.3048055515366,-17.28298082268986,151853118.4785456,-0.6948582285078015,0.6549113120083987,-0.297091258165631
3278,2026-07-31T03:58:16.848138Z,sun,39.759062,-104.62011683333333,1672.4,313.6066533993458,-17.492510855272563,151853122.52623385,-0.6906070548261167,0.6578091488286734,-0.30058113637035366
3279,2026-07-31T03:59:46.871581Z,sun,39.759062,-104.62011683333333,1672.4,313.9096466825336,-17.700991656938513,151853126.43630525,-0.6863262695495397,0.66068912760386,-0.30404954923871014
3280,2026-07-31T04:01:16.895025Z,sun,39.759062,-104.62011683333333,1672.4,314.2137915972624,-17.908413521350983,151853130.2078103,-0.6820160555543308,0.6635511243704859,-0.30749635008041315
3281,2026-07-31T04:02:46.918468Z,sun,39.759062,-104.62011683333333,1672.4,314.51909420970713,-18.11476634568434,151853133.83980536,-0.6776765984429421,0.6663950170225809,-0.31092138750860715
3282,2026-07-31T04:04:16.941912Z,sun,39.759062,-104.62011683333333,1672.4,314.8255604812969,-18.32004030752166,151853137.33135304,-0.6733080836097912,0.6692206831502774,-0.31432451668552125
3283,2026-07-31T04:05:46.965356Z,sun,39.759062,-104.62011683333333,1672.4,315.1331962402691,-18.524225411157552,151853140.68152153,-0.6689106982611909,0.6720280014290416,-0.3177055917780076
3284,2026-07-31T04:07:16.988799Z,sun,39.759062,-104.62011683333333,1672.4,315.44200718843155,-18.727311604588238,151853143.88938534,-0.664484630842419,0.6748168513212293,-0.32106446789876336
3285,2026-07-31T04:08:47.012243Z,sun,39.759062,-104.62011683333333,1672.4,315.7519989078071,-18.929288786876132,151853146.95402512,-0.6600300708807607,0.6775871131732355,-0.32440100122332993
3286,2026-07-31T04:10:17.035686Z,sun,39.759062,-104.62011683333333,1672.4,316.06317683283726,-19.13014679308758,151853149.87452725,-0.6555472093222277,0.6803386680043569,-0.32771504873578344
3287,2026-07-31T04:11:47.059130Z,sun,39.759062,-104.62011683333333,1672.4,316.37554627410617,-19.329875412970132,151853152.6499847,-0.651036238127655,0.6830713977579868,-0.3310064685312681
3288,2026-07-31T04:13:17.082574Z,sun,39.759062,-104.62011683333333,1672.4,316.68911239031314,-19.528464376083917,151853155.2794964,-0.6464973506121563,0.6857851850922716,-0.3342751195638428
3289,2026-07-31T04:14:47.106017Z,sun,39.759062,-104.62011683333333,1672.4,317.0038801946528,-19.725903359367837,151853157.76216748,-0.6419307412889079,0.6884799134777428,-0.33752086176405866
3290,2026-07-31T04:16:17.129461Z,sun,39.759062,-104.62011683333333,1672.4,317.31985456138744,-19.92218199452512,151853160.09710956,-0.6373366057072158,0.6911554672911796,-0.34074355615200724
3291,2026-07-31T04:17:47.152904Z,sun,39.759062,-104.62011683333333,1672.4,317.6370401973027,-20.11728985360618,151853162.2834404,-0.6327151408000394,0.6938117316115344,-0.34394306459149654
3292,2026-07-31T04:19:17.176348Z,sun,39.759062,-104.62011683333333,1672.4,317.9554416657124,-20.311216467405114,151853164.320284,-0.6280665444672227,0.6964485924626629,-0.3471192500824142
3293,2026-07-31T04:20:47.199792Z,sun,39.759062,-104.62011683333333,1672.4,318.2750633576943,-20.503951311249583,151853166.20677102,-0.6233910159256609,0.6990659366111011,-0.35027197651712944
3294,2026-07-31T04:22:17.223235Z,sun,39.759062,-104.62011683333333,1672.4,318.5959094984241,-20.695483812606223,151853167.9420383,-0.6186887555480811,0.7016636516604222,-0.35340110879414116
3295,2026-07-31T04:23:47.246679Z,sun,39.759062,-104.62011683333333,1672.4,318.91798415370255,-20.885803358491163,151853169.52522928,-0.6139599646964656,0.7042416261416208,-0.35650651292693125
3296,2026-07-31T04:25:17.270122Z,sun,39.759062,-104.62011683333333,1672.4,319.2412912007149,-21.074899281752778,151853170.9554939,-0.6092048460796932,0.7067997493165009,-0.3595880558071261
3297,2026-07-31T04:26:47.293566Z,sun,39.759062,-104.62011683333333,1672.4,319.5658343523377,-21.26276087916571,151853172.2319884,-0.6044236033247605,0.7093379114114436,-0.36264560548607716
3298,2026-07-31T04:28:17.317010Z,sun,39.759062,-104.62011683333333,1672.4,319.8916171276954,-21.449377397933596,151853173.35387594,-0.5996164413369587,0.7118560034227109,-0.3656790309403135
3299,2026-07-31T04:29:47.340453Z,sun,39.759062,-104.62011683333333,1672.4,320.2186428584874,-21.63473804333697,151853174.320326,-0.5947835661339826,0.7143539172073384,-0.3686882021810209
3300,2026-07-31T04:31:17.363897Z,sun,39.759062,-104.62011683333333,1672.4,320.5469146955287,-21.81883198618372,151853175.13051486,-0.5899251846747956,0.7168315455699884,-0.37167299035866175
3301,2026-07-31T04:32:47.387340Z,sun,39.759062,-104.62011683333333,1672.4,320.8764355788461,-22.001648349823366,151853175.7836254,-0.5850415052271598,0.7192887820739307,-0.37463326753525306
3302,2026-07-31T04:34:17.410784Z,sun,39.759062,-104.62011683333333,1672.4,321.2072082623662,-22.183176227942724,151853176.2788472,-0.5801327369270961,0.7217255212657159,-0.37756890695501844
3303,2026-07-31T04:35:47.434228Z,sun,39.759062,-104.62011683333333,1672.4,321.5392352838315,-22.363404671812297,151853176.61537668,-0.5751990901488612,0.724141658488113,-0.38047978281901845
3304,2026-07-31T04:37:17.457671Z,sun,39.759062,-104.62011683333333,1672.4,321.8725189711905,-22.54232269798884,151853176.79241696,-0.5702407763344789,0.7265370899674866,-0.3833657703904029
3305,2026-07-31T04:38:47.481115Z,sun,39.759062,-104.62011683333333,1672.4,322.20706144921894,-22.719919295812147,151853176.8091779,-0.5652580078182474,0.7289117128970224,-0.3862267460946677
3306,2026-07-31T04:40:17.504558Z,sun,39.759062,-104.62011683333333,1672.4,322.54286460901216,-22.896183415187735,151853176.66487634,-0.5602509982037912,0.7312654252554849,-0.3890625873012855
3307,2026-07-31T04:41:47.528002Z,sun,39.759062,-104.62011683333333,1672.4,322.8799301331404,-23.071103984079134,151853176.358736,-0.555219961912117,0.7335981260226107,-0.3918731725831985
3308,2026-07-31T04:43:17.551446Z,sun,39.759062,-104.62011683333333,1672.4,323.21825946498154,-23.24466989652792,151853175.88998735,-0.5501651145611756,0.7359097149997961,-0.39465838150077004
3309,2026-07-31T04:44:47.574889Z,sun,39.759062,-104.62011683333333,1672.4,323.5578538152641,-23.416870020420276,151853175.25786796,-0.5450866727908655,0.7382000928939301,-0.39741809470276634
3310,2026-07-31T04:46:17.598333Z,sun,39.759062,-104.62011683333333,1672.4,323.89871416884836,-23.587693205033258,151853174.46162236,-0.539984854083419,0.7404691613968729,-0.40015219402212493
3311,2026-07-31T04:47:47.621777Z,sun,39.759062,-104.62011683333333,1672.4,324.2408412575096,-23.757128271496143,151853173.50050202,-0.53485987709244,0.742716823037076,-0.40286056229714623
3312,2026-07-31T04:49:17.645220Z,sun,39.759062,-104.62011683333333,1672.4,324.5842355665981,-23.925164020585953,151853172.3737655,-0.5297119614655857,0.7449429812610969,-0.40554308346969836
3313,2026-07-31T04:50:47.668664Z,sun,39.759062,-104.62011683333333,1672.4,324.9288973419789,-24.091789240310927,151853171.08067852,-0.524541327662341,0.7471475405108995,-0.4081996426783621
3314,2026-07-31T04:52:17.692107Z,sun,39.759062,-104.62011683333333,1672.4,325.2748265587315,-24.256992694988423,151853169.6205137,-0.5193481973455288,0.7493304060554352,-0.4108301260554614
3315,2026-07-31T04:53:47.715551Z,sun,39.759062,-104.62011683333333,1672.4,325.62202294723465,-24.420763142214504,151853167.99255097,-0.5141327929123956,0.7514914841905811,-0.4134344209679903
3316,2026-07-31T04:55:17.738995Z,sun,39.759062,-104.62011683333333,1672.4,325.97048596179314,-24.583089322204493,151853166.19607738,-0.508895337888138,0.7536306820728718,-0.4160124158172394
3317,2026-07-31T04:56:47.762438Z,sun,39.759062,-104.62011683333333,1672.4,326.3202147876054,-24.743959965646024,151853164.23038718,-0.5036360567445076,0.755747907797262,-0.41856400013248196
3318,2026-07-31T04:58:17.785882Z,sun,39.759062,-104.62011683333333,1672.4,326.67120834803467,-24.903363801329697,151853162.0947817,-0.49835517471370494,0.7578430704705752,-0.4210890646594891
3319,2026-07-31T04:59:47.809325Z,sun,39.759062,-104.62011683333333,1672.4,327.02346527295975,-25.06128954607459,151853159.7885699,-0.4930529181883392,0.7599160800513585,-0.4235875011675159
3320,2026-07-31T05:01:17.832769Z,sun,39.759062,-104.62011683333333,1672.4,327.3769839255917,-25.21772592134534,151853157.3110676,-0.48772951424248695,0.761966847539914,-0.4260592026783055
3321,2026-07-31T05:02:47.856213Z,sun,39.759062,-104.62011683333333,1672.4,327.73176237080196,-25.372661643445387,151853154.66159832,-0.48238519103355393,0.763995284820346,-0.42850406327571744
3322,2026-07-31T05:04:17.879656Z,sun,39.759062,-104.62011683333333,1672.4,328.0877983825205,-25.52608543141868,151853151.8394926,-0.47702017761700033,0.7660013047344801,-0.4309219781948
3323,2026-07-31T05:05:47.903100Z,sun,39.759062,-104.62011683333333,1672.4,328.4450894514685,-25.677986014718257,151853148.8440886,-0.47163470375649785,0.7679848211514075,-0.43331284390560265
3324,2026-07-31T05:07:17.926543Z,sun,39.759062,-104.62011683333333,1672.4,328.80363275328614,-25.828352123995828,151853145.67473167,-0.46622900033198855,0.7699457488157571,-0.43567655793028126
3325,2026-07-31T05:08:47.949987Z,sun,39.759062,-104.62011683333333,1672.4,329.1634251762143,-25.97717250733869,151853142.33077484,-0.4608032988512043,0.7718840035276195,-0.4380130190599609
3326,2026-07-31T05:10:17.973431Z,sun,39.759062,-104.62011683333333,1672.4,329.5244632892635,-26.12443592133128,151853138.81157827,-0.4553578318594254,0.7737995019930873,-0.4403221271745642
3327,2026-07-31T05:11:47.996874Z,sun,39.759062,-104.62011683333333,1672.4,329.8867433501878,-26.270131138991342,151853135.11651003,-0.44989283275041775,0.7756921618942905,-0.4426037833272175
3328,2026-07-31T05:13:18.020318Z,sun,39.759062,-104.62011683333333,1672.4,330.2502613137969,-26.4142469574492,151853131.24494532,-0.444408535573386,0.7775619019548383,-0.44485788982313557
3329,2026-07-31T05:14:48.043761Z,sun,39.759062,-104.62011683333333,1672.4,330.6150128000372,-26.5567721896232,151853127.19626716,-0.43890517544829244,0.7794086417968198,-0.4470843500472146
3330,2026-07-31T05:16:18.067205Z,sun,39.759062,-104.62011683333333,1672.4,330.98099312266595,-26.697695680032357,151853122.96986595,-0.43338298806857983,0.7812323021103488,-0.44928306866842194
3331,2026-07-31T05:17:48.090649Z,sun,39.759062,-104.62011683333333,1672.4,331.3481972574186,-26.837006296734906,151853118.56513968,-0.42784221011834195,0.7830328045127722,-0.4514539514700421
3332,2026-07-31T05:19:18.114092Z,sun,39.759062,-104.62011683333333,1672.4,331.7166198507024,-26.97469293927017,151853113.98149413,-0.42228307907977225,0.7848100716147102,-0.4535969054292812
3333,2026-07-31T05:20:48.137536Z,sun,39.759062,-104.62011683333333,1672.4,332.0862552286559,-27.110744546328092,151853109.21834257,-0.41670583303685144,0.7865640270814285,-0.4557118387912581
3334,2026-07-31T05:22:18.160979Z,sun,39.759062,-104.62011683333333,1672.4,332.4570973653273,-27.245150088303195,151853104.27510607,-0.4111107110977965,0.7882945954985994,-0.4577986609071325
3335,2026-07-31T05:23:48.184423Z,sun,39.759062,-104.62011683333333,1672.4,332.82913991249865,-27.377898582640107,151853099.15121323,-0.40549795288934887,0.7900017025313528,-0.45985728242587554
3336,2026-07-31T05:25:18.207867Z,sun,39.759062,-104.62011683333333,1672.4,333.2023761680202,-27.50897908664574,151853093.84610048,-0.39986779898092956,0.7916852747922942,-0.4618876151351067
3337,2026-07-31T05:26:48.231310Z,sun,39.759062,-104.62011683333333,1672.4,333.57679908537705,-27.63838070539993,151853088.35921216,-0.39422049068884574,0.793345239903467,-0.46388957203579817
3338,2026-07-31T05:28:18.254754Z,sun,39.759062,-104.62011683333333,1672.4,333.9524012836596,-27.76609259937951,151853082.68999988,-0.38855626987682235,0.7949815265536169,-0.46586306741132744
3339,2026-07-31T05:29:48.278197Z,sun,39.759062,-104.62011683333333,1672.4,334.3291750159972,-27.89210397787605,151853076.83792356,-0.38287537938535005,0.7965940643727971,-0.4678080166762345
3340,2026-07-31T05:31:18.301641Z,sun,39.759062,-104.62011683333333,1672.4,334.7071122007075,-28.016404113825153,151853070.80245066,-0.37717806251771735,0.7981827840808559,-0.4697243365552978
3341,2026-07-31T05:32:48.325085Z,sun,39.759062,-104.62011683333333,1672.4,335.0862043899437,-28.138982337468583,151853064.58305657,-0.3714645634711185,0.7997476173642861,-0.4716119449349845
3342,2026-07-31T05:34:18.348528Z,sun,39.759062,-104.62011683333333,1672.4,335.46644278031715,-28.25982804419498,151853058.17922458,-0.36573512713746614,0.8012884969341464,-0.4734707609332997
3343,2026-07-31T05:35:48.371972Z,sun,39.759062,-104.62011683333333,1672.4,335.84781822391164,-28.378930702061957,151853051.5904456,-0.359989998901327,0.8028053565790569,-0.47530070496370597
3344,2026-07-31T05:37:18.395415Z,sun,39.759062,-104.62011683333333,1672.4,336.2303211971826,-28.496279846067676,151853044.81621882,-0.35422942507521726,0.804298131048926,-0.4771016985948443
3345,2026-07-31T05:38:48.418859Z,sun,39.759062,-104.62011683333333,1672.4,336.61394183353195,-28.61186509238091,151853037.85605112,-0.34845365237857245,0.8057667561925261,-0.47887366471649606
3346,2026-07-31T05:40:18.442303Z,sun,39.759062,-104.62011683333333,1672.4,336.99866989248477,-28.725676132841517,151853030.7094573,-0.3426629283747409,0.8072111688434863,-0.48061652740202326
3347,2026-07-31T05:41:48.465746Z,sun,39.759062,-104.62011683333333,1672.4,337.3844947714939,-28.837702742663982,151853023.3759604,-0.33685750126901104,0.8086313068739932,-0.48233021197314185
3348,2026-07-31T05:43:18.489190Z,sun,39.759062,-104.62011683333333,1672.4,337.7714055181621,-28.947934787803412,151853015.8550911,-0.33103761970393114,0.8100271092435292,-0.48401464505872877
3349,2026-07-31T05:44:48.512633Z,sun,39.759062,-104.62011683333333,1672.4,338.159390799763,-29.056362220042416,151853008.1463883,-0.32520353320032974,0.8113985158917757,-0.48566975446556865
3350,2026-07-31T05:46:18.536077Z,sun,39.759062,-104.62011683333333,1672.4,338.54843893739064,-29.16297509054929,151853000.24939886,-0.31935549162950905,0.8127454678652095,-0.48729546933111956
3351,2026-07-31T05:47:48.559521Z,sun,39.759062,-104.62011683333333,1672.4,338.9385378758201,-29.267763545174873,151852992.1636776,-0.31349374565585103,0.8140679072123032,-0.4888917199970209
3352,2026-07-31T05:49:18.582964Z,sun,39.759062,-104.62011683333333,1672.4,339.3296751966338,-29.370717831951406,151852983.88878778,-0.30761854653224796,0.8153657770329572,-0.49045843806874106
3353,2026-07-31T05:50:48.606408Z,sun,39.759062,-104.62011683333333,1672.4,339.72183813179777,-29.471828308235082,151852975.4243002,-0.30173014589281527,0.8166390215229798,-0.4919955564692535
3354,2026-07-31T05:52:18.629852Z,sun,39.759062,-104.62011683333333,1672.4,340.11501353830886,-29.571085437649288,151852966.76979405,-0.29582879613396384,0.8178875858899144,-0.49350300933742797
3355,2026-07-31T05:53:48.653295Z,sun,39.759062,-104.62011683333333,1672.4,340.50918791218606,-29.66847979742703,151852957.92485684,-0.2899147502081354,0.8191114163999453,-0.49498073208462345
3356,2026-07-31T05:55:18.676739Z,sun,39.759062,-104.62011683333333,1672.4,340.9043474028949,-29.76400208537743,151852948.88908383,-0.2839882614153377,0.8203104604197268,-0.49642866144519654
3357,2026-07-31T05:56:48.700182Z,sun,39.759062,-104.62011683333333,1672.4,341.30047778417037,-29.8576431161765,151852939.66207868,-0.278049583852562,0.8214846663241554,-0.4978467353651204
3358,2026-07-31T05:58:18.723626Z,sun,39.759062,-104.62011683333333,1672.4,341.69756449090266,-29.94939383366372,151852930.24345303,-0.27209897187624593,0.8226339836051358,-0.49923489313331765
3359,2026-07-31T05:59:48.747070Z,sun,39.759062,-104.62011683333333,1672.4,342.095592590407,-30.039245307309823,151852920.63282698,-0.266136680552711,0.8237583627817759,-0.5005930752731926
3360,2026-07-31T06:01:18.770513Z,sun,39.759062,-104.62011683333333,1672.4,342.4945467978819,-30.127188739219594,151852910.82982865,-0.260162965449983,0.8248577554428707,-0.5019212235939227
3361,2026-07-31T06:02:48.793957Z,sun,39.759062,-104.62011683333333,1672.4,342.8944114923318,-30.213215470740394,151852900.83409426,-0.25417808242722956,0.8259321142843622,-0.5032192812357053
3362,2026-07-31T06:04:18.817400Z,sun,39.759062,-104.62011683333333,1672.4,343.29517068838743,-30.29731697943401,151852890.6452688,-0.24818228808848886,0.8269813930266006,-0.5044871925697872
3363,2026-07-31T06:05:48.840844Z,sun,39.759062,-104.62011683333333,1672.4,343.6968080749675,-30.379484890452407,151852880.26300478,-0.24217583923999003,0.8280055465117723,-0.5057249033161684
3364,2026-07-31T06:07:18.864288Z,sun,39.759062,-104.62011683333333,1672.4,344.0993069875689,-30.45971097365492,151852869.68696347,-0.23615899334492202,0.8290045306235787,-0.5069323604465326
3365,2026-07-31T06:08:48.887731Z,sun,39.759062,-104.62011683333333,1672.4,344.50265042527457,-30.53798715018687,151852858.91681442,-0.23013200831317382,0.8299783023253415,-0.5081095122302763
3366,2026-07-31T06:10:18.911175Z,sun,39.759062,-104.62011683333333,1672.4,344.9068210682157,-30.6143054986376,151852847.9522351,-0.2240951422889854,0.8309268196930326,-0.5092563082744306
3367,2026-07-31T06:11:48.934618Z,sun,39.759062,-104.62011683333333,1672.4,345.3118012504603,-30.688658252621888,151852836.79291174,-0.21804865410866275,0.8318500418420774,-0.5103726994351625
3368,2026-07-31T06:13:18.958062Z,sun,39.759062,-104.62011683333333,1672.4,345.717573000467,-30.761037811132077,151852825.43853858,-0.21199280275318752,0.8327479290133746,-0.5114586379217617
3369,2026-07-31T06:14:48.981506Z,sun,39.759062,-104.62011683333333,1672.4,346.12411801445734,-30.831436736233098,151852813.88881835,-0.20592784780687604,0.8336204425025335,-0.5125140772110637
3370,2026-07-31T06:16:19.004949Z,sun,39.759062,-104.62011683333333,1672.4,346.5314176749812,-30.899847759121588,151852802.14346218,-0.19985404924529418,0.8344675446935567,-0.5135389720881626
3371,2026-07-31T06:17:49.028393Z,sun,39.759062,-104.62011683333333,1672.4,346.9394530699241,-30.96626378573976,151852790.20218933,-0.193771667221238,0.8352891990874182,-0.5145332786809822
3372,2026-07-31T06:19:19.051836Z,sun,39.759062,-104.62011683333333,1672.4,347.34820496649087,-31.030677894890783,151852778.06472772,-0.18768096252609082,0.8360853702384721,-0.5154969543833186
3373,2026-07-31T06:20:49.075280Z,sun,39.759062,-104.62011683333333,1672.4,347.757653853411,-31.09308334746211,151852765.73081326,-0.18158219603822634,0.8368560238289765,-0.5164299579450157
3374,2026-07-31T06:22:19.098724Z,sun,39.759062,-104.62011683333333,1672.4,348.167779915409,-31.153473584623548,151852753.2001908,-0.17547562918507761,0.8376011266079687,-0.5173322493979694
3375,2026-07-31T06:23:49.122167Z,sun,39.759062,-104.62011683333333,1672.4,348.5785630532866,-31.21184223327109,151852740.47261325,-0.16936152372941174,0.8383206464204931,-0.5182037900914838
3376,2026-07-31T06:25:19.145611Z,sun,39.759062,-104.62011683333333,1672.4,348.98998290440784,-31.268183111000027,151852727.5478419,-0.1632401415540425,0.8390145522316742,-0.5190445427214311
3377,2026-07-31T06:26:49.169054Z,sun,39.759062,-104.62011683333333,1672.4,349.40201881778114,-31.322490224681786,151852714.42564666,-0.15711174512608694,0.8396828140728297,-0.519854471264958
3378,2026-07-31T06:28:19.192498Z,sun,39.759062,-104.62011683333333,1672.4,349.8146498979014,-31.374757778452363,151852701.10580567,-0.1509765969419073,0.8403254031044027,-0.5206335410567244
3379,2026-07-31T06:29:49.215942Z,sun,39.759062,-104.62011683333333,1672.4,350.22785498028475,-31.424980172339414,151852687.58810574,-0.14483495999206553,0.8409422915645395,-0.5213817187265755
3380,2026-07-31T06:31:19.239385Z,sun,39.759062,-104.62011683333333,1672.4,350.641612652966,-31.473152006997605,151852673.87234202,-0.13868709754620798,0.8415334527938305,-0.5220989722295021
3381,2026-07-31T06:32:49.262829Z,sun,39.759062,-104.62011683333333,1672.4,351.0559012783554,-31.519268087950447,151852659.95831808,-0.1325332729366463,0.8420988612548657,-0.5227852708693684
3382,2026-07-31T06:34:19.286272Z,sun,39.759062,-104.62011683333333,1672.4,351.4706989693429,-31.563323424554103,151852645.84584624,-0.12637375002514895,0.8426384924880914,-0.5234405852453342
3383,2026-07-31T06:35:49.309716Z,sun,39.759062,-104.62011683333333,1672.4,351.8859836346178,-31.605313236654684,151852631.5347467,-0.12020879264493634,0.8431523231630922,-0.5240648873140875
3384,2026-07-31T06:37:19.333160Z,sun,39.759062,-104.62011683333333,1672.4,352.3017329551791,-31.64523295357286,151852617.0248488,-0.11403866506803345,0.8436403310369291,-0.5246581503392485
3385,2026-07-31T06:38:49.356603Z,sun,39.759062,-104.62011683333333,1672.4,352.71792440708737,-31.683078218044557,151852602.31599027,-0.10786363178904224,0.8441024949743611,-0.5252203489158972
3386,2026-07-31T06:40:19.380047Z,sun,39.759062,-104.62011683333333,1672.4,353.13453528453556,-31.718844889649485,151852587.4080168,-0.10168395730763946,0.8445387949628724,-0.5257514589888623
3387,2026-07-31T06:41:49.403490Z,sun,39.759062,-104.62011683333333,1672.4,353.551542676832,-31.75252904409232,151852572.30078343,-0.0954999065977459,0.8449492120783011,-0.5262514578108833
3388,2026-07-31T06:43:19.426934Z,sun,39.759062,-104.62011683333333,1672.4,353.96892351500276,-31.784126978444913,151852556.99415278,-0.0893117445467949,0.8453337285244383,-0.5267203239908056
3389,2026-07-31T06:44:49.450378Z,sun,39.759062,-104.62011683333333,1672.4,354.3866545491149,-31.81363521042304,151852541.48799685,-0.08311973642529218,0.8456923276011521,-0.5271580374547424
3390,2026-07-31T06:46:19.473821Z,sun,39.759062,-104.62011683333333,1672.4,354.80471237209014,-31.841050481459106,151852525.78219572,-0.07692414766943756,0.8460249937200849,-0.5275645794651692
3391,2026-07-31T06:47:49.497265Z,sun,39.759062,-104.62011683333333,1672.4,355.22307344374246,-31.866369759243717,151852509.87663794,-0.0707252436631352,0.8463317124151125,-0.5279399326337169
3392,2026-07-31T06:49:19.520709Z,sun,39.759062,-104.62011683333333,1672.4,355.64171407315655,-31.889590237516263,151852493.77122098,-0.06452329013963544,0.8466124703207912,-0.528284080894819
3393,2026-07-31T06:50:49.544152Z,sun,39.759062,-104.62011683333333,1672.4,356.06061044300867,-31.91070933858596,151852477.46585065,-0.05831855296368537,0.8468672551853248,-0.5285970095215217
3394,2026-07-31T06:52:19.567596Z,sun,39.759062,-104.62011683333333,1672.4,356.47973863405787,-31.92972471531353,151852460.9604409,-0.05211129791337945,0.8470960558782774,-0.5288787051349764
3395,2026-07-31T06:53:49.591039Z,sun,39.759062,-104.62011683333333,1672.4,356.8990746032282,-31.946634250791504,151852444.2549152,-0.045901791151172606,0.847298862371969,-0.5291291556815605
3396,2026-07-31T06:55:19.614483Z,sun,39.759062,-104.62011683333333,1672.4,357.3185942316175,-31.96143606117537,151852427.34920442,-0.039690298660916626,0.8474756657622399,-0.5293483504584249
3397,2026-07-31T06:56:49.637927Z,sun,39.759062,-104.62011683333333,1672.4,357.73827330275816,-31.974128495328923,151852410.2432488,-0.03347708671932317,0.8476264582523396,-0.5295362800936134
3398,2026-07-31T06:58:19.661370Z,sun,39.759062,-104.62011683333333,1672.4,358.1580875275528,-31.984710136387857,151852392.93699712,-0.027262421677552568,0.8477512331613279,-0.5296929365563817
3399,2026-07-31T06:59:49.684814Z,sun,39.759062,-104.62011683333333,1672.4,358.5780125692983,-31.993179802775412,151852375.43040597,-0.0210465697427827,0.8478499849272183,-0.5298183131611987
3400,2026-07-31T07:01:19.708257Z,sun,39.759062,-104.62011683333333,1672.4,358.998024022151,-31.99953654808073,151852357.72344163,-0.014829797449953778,0.847922709098242,-0.5299124045567262
3401,2026-07-31T07:02:49.731701Z,sun,39.759062,-104.62011683333333,1672.4,359.4180974596058,-32.003779662326416,151852339.8160779,-0.008612371097927538,0.8479694023418178,-0.5299752067371942
3402,2026-07-31T07:04:19.755145Z,sun,39.759062,-104.62011683333333,1672.4,359.8382084130214,-32.00590867180236,151852321.7082977,-0.002394557221743214,0.8479900624383178,-0.530006717034388
3403,2026-07-31T07:05:49.778588Z,sun,39.759062,-104.62011683333333,1672.4,0.2583323968702476,-32.00592333964204,151852303.4000927,0.0038233776262778687,0.8479846882848927,-0.5300069341224699
3404,2026-07-31T07:07:19.802032Z,sun,39.759062,-104.62011683333333,1672.4,0.67844493398569,-32.00382366584683,151852284.8914624,0.010041167095084891,0.8479532798940419,-0.5299758580164811
3405,2026-07-31T07:08:49.825475Z,sun,39.759062,-104.62011683333333,1672.4,1.0985215341462453,-31.999609887344306,151852266.18241584,0.01625854456274579,0.8478958383947557,-0.5299134900731963
3406,2026-07-31T07:10:19.848919Z,sun,39.759062,-104.62011683333333,1672.4,1.5185377426605315,-31.993282477673528,151852247.2729696,0.02247524370041555,0.8478123660296806,-0.529819832988311
3407,2026-07-31T07:11:49.872363Z,sun,39.759062,-104.62011683333333,1672.4,1.9384691189420271,-31.984842146996698,151852228.16314957,0.028690998000395575,0.8477028661587694,-0.5296948908003066
3408,2026-07-31T07:13:19.895806Z,sun,39.759062,-104.62011683333333,1672.4,2.3582912617101073,-31.97428984167894,151852208.85299018,0.03490554099472185,0.8475673432585265,-0.5295386688897696
3409,2026-07-31T07:14:49.919250Z,sun,39.759062,-104.62011683333333,1672.4,2.777979834132105,-31.96162674331745,151852189.3425338,0.04111860647357398,0.847405802916005,-0.5293511739723946
3410,2026-07-31T07:16:19.942693Z,sun,39.759062,-104.62011683333333,1672.4,3.1975105422969383,-31.946854268979703,151852169.63183218,0.04732992801364107,0.847218251839826,-0.5291324141117162
3411,2026-07-31T07:17:49.966137Z,sun,39.759062,-104.62011683333333,1672.4,3.6168591835368478,-31.92997406931084,151852149.7209449,0.05353923954148589,0.8470046978455467,-0.5288823987021061
3412,2026-07-31T07:19:19.989581Z,sun,39.759062,-104.62011683333333,1672.4,4.0360016247700505,-31.910988028730795,151852129.6099406,0.05974627486206626,0.8467651498691826,-0.5286011384845165
3413,2026-07-31T07:20:50.013024Z,sun,39.759062,-104.62011683333333,1672.4,4.454913827356531,-31.889898264029878,151852109.2988965,0.06595076787718186,0.8464996179618813,-0.5282886455402946
3414,2026-07-31T07:22:20.036468Z,sun,39.759062,-104.62011683333333,1672.4,4.873571871811039,-31.8667071224205,151852088.78789762,0.07215245280346656,0.8462081132793489,-0.5279449332786974
3415,2026-07-31T07:23:50.059911Z,sun,39.759062,-104.62011683333333,1672.4,5.291951935897712,-31.841417181973057,151852068.0770388,0.07835106370152345,0.8458906481027385,-0.5275700164614824
3416,2026-07-31T07:25:20.083355Z,sun,39.759062,-104.62011683333333,1672.4,5.710030342359992,-31.814031248172977,151852047.16642204,0.08454633503837698,0.845547235812226,-0.5271639111717362
3417,2026-07-31T07:26:50.106799Z,sun,39.759062,-104.62011683333333,1672.4,6.127783536769494,-31.78455235432889,151852026.05615893,0.09073800121669802,0.8451778909104086,-0.526726634841482
3418,2026-07-31T07:28:20.130242Z,sun,39.759062,-104.62011683333333,1672.4,6.5451881117429656,-31.752983759216853,151852004.74636942,0.09692579679306829,0.8447826290123963,-0.526258206239991
3419,2026-07-31T07:29:50.153686Z,sun,39.759062,-104.62011683333333,1672.4,6.962220830923076,-31.719328944192753,151851983.23718122,0.10310945669529058,0.8443614668306831,-0.5257586454558206
3420,2026-07-31T07:31:20.177129Z,sun,39.759062,-104.62011683333333,1672.4,7.378858606462457,-31.683591613861076,151851961.52873173,0.10928871575276192,0.8439144222058848,-0.5252279739332433
3421,2026-07-31T07:32:50.200573Z,sun,39.759062,-104.62011683333333,1672.4,7.795078545828131,-31.645775691131146,151851939.62116572,0.11546330925724149,0.8434415140685597,-0.5246662144269462
3422,2026-07-31T07:34:20.224017Z,sun,39.759062,-104.62011683333333,1672.4,8.21085792897051,-31.605885317876016,151851917.51463726,0.121632972493735,0.8429427624724328,-0.5240733910414476
3423,2026-07-31T07:35:50.247460Z,sun,39.759062,-104.62011683333333,1672.4,8.626174231597627,-31.563924851679484,151851895.209309,0.12779744095791998,0.8424181885799387,-0.5234495292139463
3424,2026-07-31T07:37:20.270904Z,sun,39.759062,-104.62011683333333,1672.4,9.041005148161629,-31.51989886206534,151851872.70535117,0.1339564505726143,0.841867814642552,-0.5227946556908941
3425,2026-07-31T07:38:50.294347Z,sun,39.759062,-104.62011683333333,1672.4,9.455328568548172,-31.473812131448202,151851850.00294375,0.14010973722004752,0.8412916640413303,-0.5221087985762151
3426,2026-07-31T07:40:20.317791Z,sun,39.759062,-104.62011683333333,1672.4,9.869122623672002,-31.425669648756962,151851827.10227403,0.14625703730032968,0.8406897612370219,-0.5213919872719268
3427,2026-07-31T07:41:50.341235Z,sun,39.759062,-104.62011683333333,1672.4,10.282365661772529,-31.3754766104007,151851804.00353846,0.15239808726426313,0.8400621318130942,-0.5206442525293385
3428,2026-07-31T07:43:20.364678Z,sun,39.759062,-104.62011683333333,1672.4,10.69503627053038,-31.3232384161855,151851780.70694205,0.15853262382995395,0.8394088024567291,-0.5198656264264354
3429,2026-07-31T07:44:50.388122Z,sun,39.759062,-104.62011683333333,1672.4,11.107113298832699,-31.268960664733548,151851757.21269754,0.1646603841981302,0.8387298009346367,-0.5190561423390239
3430,2026-07-31T07:46:20.411566Z,sun,39.759062,-104.62011683333333,1672.4,11.518575837078938,-31.212649154141012,151851733.521027,0.1707811056546786,0.8380251561353961,-0.5182158349911846
3431,2026-07-31T07:47:50.435009Z,sun,39.759062,-104.62011683333333,1672.4,11.929403238509797,-31.154309877435104,151851709.63216075,0.176894525786617,0.8372948980477403,-0.5173447404293893
3432,2026-07-31T07:49:20.458453Z,sun,39.759062,-104.62011683333333,1672.4,12.339575140157386,-31.093949017546795,151851685.5463365,0.1830003826966439,0.8365390577336645,-0.5164428959904034
3433,2026-07-31T07:50:50.481896Z,sun,39.759062,-104.62011683333333,1672.4,12.749071437960353,-31.03157294884508,151851661.2638022,0.18909841453932605,0.8357576673845797,-0.5155103403682602
3434,2026-07-31T07:52:20.505340Z,sun,39.759062,-104.62011683333333,1672.4,13.1578723299835,-30.967188228644787,151851636.78481236,0.195188360074916,0.8349507602527675,-0.5145471135324641
3435,2026-07-31T07:53:50.528784Z,sun,39.759062,-104.62011683333333,1672.4,13.565958291047021,-30.900801598806538,151851612.10963115,0.2012699582059974,0.8341183707100295,-0.5135532567979704
3436,2026-07-31T07:55:20.552227Z,sun,39.759062,-104.62011683333333,1672.4,13.973310092645399,-30.832419980496333,151851587.23853102,0.20734294819242272,0.833260534221439,-0.5125288127938531
3437,2026-07-31T07:56:50.575671Z,sun,39.759062,-104.62011683333333,1672.4,14.379908822447321,-30.76205046848427,151851562.17179185,0.21340706986454988,0.8323772873139492,-0.5114738254257967
3438,2026-07-31T07:58:20.599114Z,sun,39.759062,-104.62011683333333,1672.4,14.785735858301445,-30.689700333141268,151851536.90970325,0.21946206316216924,0.8314686676422754,-0.5103883399547675
3439,2026-07-31T07:59:50.622558Z,sun,39.759062,-104.62011683333333,1672.4,15.190772909781447,-30.61537701075097,151851511.45256177,0.225507668684764,0.830534713908763,-0.5092724029012882
3440,2026-07-31T08:01:20.646002Z,sun,39.759062,-104.62011683333333,1672.4,15.595001991711975,-30.539088105600445,151851485.80067328,0.2315436272313686,0.8295754659317073,-0.5081260621270393
3441,2026-07-31T08:02:50.669445Z,sun,39.759062,-104.62011683333333,1672.4,15.99840544257713,-30.460841384136728,151851459.95435214,0.23756968001408715,0.8285909646146147,-0.5069493667981316
3442,2026-07-31T08:04:20.692889Z,sun,39.759062,-104.62011683333333,1672.4,16.40096594247016,-30.38064476869009,151851433.9139199,0.24358556886944976,0.8275812519103897,-0.5057423673422848
3443,2026-07-31T08:05:50.716332Z,sun,39.759062,-104.62011683333333,1672.4,16.802666486012733,-30.298506340002273,151851407.67970765,0.2495910358011254,0.826546370896806,-0.5045051155390209
3444,2026-07-31T08:07:20.739776Z,sun,39.759062,-104.62011683333333,1672.4,17.203490422123476,-30.214434326451315,151851381.25205368,0.2555858235257234,0.8254863656849106,-0.5032376644101629
3445,2026-07-31T08:08:50.763220Z,sun,39.759062,-104.62011683333333,1672.4,17.603421426449334,-30.128437106707832,151851354.63130528,0.26156967501638345,0.8244012814969398,-0.5019400683129678
3446,2026-07-31T08:10:20.786663Z,sun,39.759062,-104.62011683333333,1672.4,18.002443518228542,-30.040523203384165,151851327.81781808,0.2675423337146248,0.8232911646311238,-0.5006123828980462
3447,2026-07-31T08:11:50.810107Z,sun,39.759062,-104.62011683333333,1672.4,18.40054107667924,-29.9507012762765,151851300.81195524,0.2735035437397537,0.8221560624214724,-0.4992546650612458
3448,2026-07-31T08:13:20.833550Z,sun,39.759062,-104.62011683333333,1672.4,18.797698812855295,-29.858980125500445,151851273.61408895,0.2794530494356537,0.8209960233227791,-0.4978669730453075
3449,2026-07-31T08:14:50.856994Z,sun,39.759062,-104.62011683333333,1672.4,19.19390180762337,-29.76536867973315,151851246.22459877,0.28539059591168814,0.8198110968076389,-0.4964493663166744
3450,2026-07-31T08:16:20.880438Z,sun,39.759062,-104.62011683333333,1672.4,19.58913548305467,-29.669875999507553,151851218.64387307,0.2913159285905018,0.8186013334538752,-0.4950019056700602
3451,2026-07-31T08:17:50.903881Z,sun,39.759062,-104.62011683333333,1672.4,19.983385617745043,-29.572511270451514,151851190.87230867,0.2972287934177377,0.8173667849049756,-0.4935246531811143
3452,2026-07-31T08:19:20.927325Z,sun,39.759062,-104.62011683333333,1672.4,20.376638361697477,-29.473283796136656,151851162.91030937,0.3031289370696548,0.8161075038254396,-0.4920176721529739
3453,2026-07-31T08:20:50.950768Z,sun,39.759062,-104.62011683333333,1672.4,20.768880207184203,-29.372203001892316,151851134.75828853,0.30901610650430805,0.8148235439952617,-0.49048102722931075
3454,2026-07-31T08:22:20.974212Z,sun,39.759062,-104.62011683333333,1672.4,21.16009802494288,-29.26927842217286,151851106.41666645,0.314890049496742,0.8135149601957183,-0.4889147842576437
3455,2026-07-31T08:23:50.997656Z,sun,39.759062,-104.62011683333333,1672.4,21.55027903464476,-29.16451970455081,151851077.88587213,0.32075051419176476,0.8121818083061559,-0.4873190104051566
3456,2026-07-31T08:25:21.021099Z,sun,39.759062,-104.62011683333333,1672.4,21.939410818751835,-29.05793660263163,151851049.16634306,0.3265972493115531,0.8108241452600516,-0.48569377410610676
3457,2026-07-31T08:26:51.044543Z,sun,39.759062,-104.62011683333333,1672.4,22.327481335916634,-28.94953896860945,151851020.25852358,0.33243000436051146,0.8094420289961244,-0.4840391450032814
3458,2026-07-31T08:28:21.067986Z,sun,39.759062,-104.62011683333333,1672.4,22.714478891009076,-28.83933675781034,151850991.16286746,0.3382485291819239,0.8080355185620663,-0.4823551940721667
3459,2026-07-31T08:29:51.091430Z,sun,39.759062,-104.62011683333333,1672.4,23.10039216959788,-28.72734001528387,151850961.87983513,0.34405257448682613,0.8066046739892385,-0.4806419934709213
3460,2026-07-31T08:31:21.114874Z,sun,39.759062,-104.62011683333333,1672.4,23.485210207611026,-28.613558880556056,151850932.40989628,0.34984189141200017,0.8051495563987565,-0.4788996166673761
3461,2026-07-31T08:32:51.138317Z,sun,39.759062,-104.62011683333333,1672.4,23.868922403829075,-28.49800358030167,151850902.75352824,0.35561623172522594,0.8036702279532308,-0.47712813838124485
3462,2026-07-31T08:34:21.161761Z,sun,39.759062,-104.62011683333333,1672.4,24.251518531935304,-28.380684420681508,151850872.91121548,0.3613753480275354,0.8021667518036139,-0.47532763452046106
3463,2026-07-31T08:35:51.185204Z,sun,39.759062,-104.62011683333333,1672.4,24.632988709824875,-28.261611792672728,151850842.8834517,0.36711899331537795,0.800639192202164,-0.473498182316437
3464,2026-07-31T08:37:21.208648Z,sun,39.759062,-104.62011683333333,1672.4,25.01332343249271,-28.1407961579705,151850812.6707373,0.37284692150288373,0.799087614366116,-0.47163986016079246
3465,2026-07-31T08:38:51.232092Z,sun,39.759062,-104.62011683333333,1672.4,25.392513541033615,-28.0182480545495,151850782.27358148,0.3785588869854295,0.7975120845929865,-0.46975274774342934
3466,2026-07-31T08:40:21.255535Z,sun,39.759062,-104.62011683333333,1672.4,25.770550233896635,-27.89397808916775,151850751.69250134,0.38425464484227007,0.7959126702080539,-0.46783692598963017
3467,2026-07-31T08:41:51.278979Z,sun,39.759062,-104.62011683333333,1672.4,26.147425077733224,-27.767996929551007,151850720.92802098,0.38993395103618117,0.7942894395069452,-0.46589247699126457
3468,2026-07-31T08:43:21.302423Z,sun,39.759062,-104.62011683333333,1672.4,26.52312998030663,-27.640315309127566,151850689.98067307,0.3955965620442021,0.7926424618593403,-0.4639194841309988
3469,2026-07-31T08:44:51.325866Z,sun,39.759062,-104.62011683333333,1672.4,26.89765720108364,-27.510944019457185,151850658.85099837,0.40124223505876444,0.7909718076538763,-0.4619180320162946
3470,2026-07-31T08:46:21.349310Z,sun,39.759062,-104.62011683333333,1672.4,27.270999361410784,-27.379893902360998,151850627.53954425,0.40687072818533004,0.7892775482382971,-0.45988820640768985
3471,2026-07-31T08:47:51.372753Z,sun,39.759062,-104.62011683333333,1672.4,27.6431494130239,-27.247175856589582,151850596.04686725,0.4124818000143643,0.7875597560469254,-0.4578300943715009
3472,2026-07-31T08:49:21.396197Z,sun,39.759062,-104.62011683333333,1672.4,28.014100668647178,-27.11280082278708,151850564.37353036,0.41807521013171445,0.7858185044470457,-0.4557437840957692
3473,2026-07-31T08:50:51.419641Z,sun,39.759062,-104.62011683333333,1672.4,28.383846770306988,-26.97677979041151,151850532.52010518,0.42365071869224974,0.7840538678686461,-0.4536293650456902
3474,2026-07-31T08:52:21.443084Z,sun,39.759062,-104.62011683333333,1672.4,28.752381698919386,-26.839123790090053,151850500.4871712,0.42920808661796467,0.7822659217451734,-0.45148692789262473
3475,2026-07-31T08:53:51.466528Z,sun,39.759062,-104.62011683333333,1672.4,29.11969978349665,-26.699843885691244,151850468.27531442,0.4347470757924848,0.7804547424495683,-0.44931656443743706
3476,2026-07-31T08:55:21.489971Z,sun,39.759062,-104.62011683333333,1672.4,29.485795669385734,-26.5589511818592,151850435.8851299,0.4402674486397711,0.7786204074306325,-0.44711836777388425
3477,2026-07-31T08:56:51.513415Z,sun,39.759062,-104.62011683333333,1672.4,29.85066434762708,-26.416456808477594,151850403.31721887,0.445768968626378,0.7767629950488097,-0.44489243209182355
3478,2026-07-31T08:58:21.536859Z,sun,39.759062,-104.62011683333333,1672.4,30.214301123067187,-26.272371928463883,151850370.57219142,0.45125139984196205,0.7748825847147783,-0.44263885284327903
3479,2026-07-31T08:59:51.560302Z,sun,39.759062,-104.62011683333333,1672.4,30.57670162310474,-26.126707730093464,151850337.65066487,0.4567145071942349,0.7729792568260986,-0.4403577266665132
3480,2026-07-31T09:01:21.583746Z,sun,39.759062,-104.62011683333333,1672.4,30.937861806084886,-25.97947541905699,151850304.5532634,0.462158056600109,0.7710530926992062,-0.4380491513045081
3481,2026-07-31T09:02:51.607189Z,sun,39.759062,-104.62011683333333,1672.4,31.297777929437427,-25.830686226871403,151850271.2806198,0.467581814571551,0.7691041747145388,-0.43571322577888755
3482,2026-07-31T09:04:21.630633Z,sun,39.759062,-104.62011683333333,1672.4,31.656446577955478,-25.680351394892565,151850237.8333731,0.4729855487093392,0.7671325861418385,-0.43335005018052103
3483,2026-07-31T09:05:51.654077Z,sun,39.759062,-104.62011683333333,1672.4,32.01386463186159,-25.528482182995162,151850204.21217093,0.4783690272906521,0.765138411287528,-0.4309597258461551
3484,2026-07-31T09:07:21.677520Z,sun,39.759062,-104.62011683333333,1672.4,32.37002927487388,-25.375089861897102,151850170.41766813,0.48373201946076433,0.7631217354272837,-0.428542355277587
3485,2026-07-31T09:08:51.700964Z,sun,39.759062,-104.62011683333333,1672.4,32.72493800195134,-25.220185705229742,151850136.45052612,0.4890742954207573,0.7610826447340124,-0.42609804205531254
3486,2026-07-31T09:10:21.724407Z,sun,39.759062,-104.62011683333333,1672.4,33.07858858748374,-25.06378099882986,151850102.31141493,0.4943956260207875,0.7590212264316492,-0.4236268910228773
3487,2026-07-31T09:11:51.747851Z,sun,39.759062,-104.62011683333333,1672.4,33.43097911263295,-24.905887024345425,151850068.00101072,0.49969578324476693,0.7569375686101779,-0.4211290080651192
3488,2026-07-31T09:13:21.771295Z,sun,39.759062,-104.62011683333333,1672.4,33.782107933528565,-24.74651506878893,151850033.5199977,0.5049745398057346,0.7548317603815478,-0.41860450029506396
3489,2026-07-31T09:14:51.794738Z,sun,39.759062,-104.62011683333333,1672.4,34.13197368879074,-24.5856764168902,151849998.86906788,0.5102316693339368,0.7527038918082964,-0.4160534759683525
3490,2026-07-31T09:16:21.818182Z,sun,39.759062,-104.62011683333333,1672.4,34.48057530676464,-24.423382343204977,151849964.0489189,0.51546694656079,0.7505540538276222,-0.4134760443921975
3491,2026-07-31T09:17:51.841625Z,sun,39.759062,-104.62011683333333,1672.4,34.82791197392538,-24.259644122271098,151849929.0602576,0.5206801469202058,0.7483823384136229,-0.4108723161198748
3492,2026-07-31T09:19:21.865069Z,sun,39.759062,-104.62011683333333,1672.4,35.17398316141414,-24.09447301184384,151849893.90379617,0.5258710470236032,0.7461888383822507,-0.4082424027168744
3493,2026-07-31T09:20:51.888513Z,sun,39.759062,-104.62011683333333,1672.4,35.518788593496986,-23.927880263312794,151849858.58025518,0.5310394242633472,0.743973647555665,-0.4055864169579304
3494,2026-07-31T09:22:21.911956Z,sun,39.759062,-104.62011683333333,1672.4,35.862328254696365,-23.759877114090084,151849823.0903625,0.5361850569972801,0.7417368606868715,-0.4029044727366626
3495,2026-07-31T09:23:51.935400Z,sun,39.759062,-104.62011683333333,1672.4,36.20460239663301,-23.590474779778038,151849787.4348518,0.5413077247285197,0.7394785733800648,-0.40019668497004957
3496,2026-07-31T09:25:21.958843Z,sun,39.759062,-104.62011683333333,1672.4,36.545611506783786,-23.41968446516763,151849751.6144655,0.546407207715359,0.7371988822610949,-0.39746316980280944
3497,2026-07-31T09:26:51.982287Z,sun,39.759062,-104.62011683333333,1672.4,36.88535633433755,-23.247517347129516,151849715.6299514,0.5514832874360925,0.7348978847725675,-0.39470404436170453
3498,2026-07-31T09:28:22.005731Z,sun,39.759062,-104.62011683333333,1672.4,37.223837859049915,-23.073984585869038,151849679.48206544,0.5565357462010686,0.7325756793464067,-0.3919194269624439
3499,2026-07-31T09:29:52.029174Z,sun,39.759062,-104.62011683333333,1672.4,37.56105729807616,-22.89909731737041,151849643.1715708,0.5615643673330728,0.7302323653247657,-0.3891094370148374
3500,2026-07-31T09:31:22.052618Z,sun,39.759062,-104.62011683333333,1672.4,37.89701611257221,-22.722866645612985,151849606.69923607,0.5665689353432799,0.7278680428764986,-0.38627419492261955
3501,2026-07-31T09:32:52.076061Z,sun,39.759062,-104.62011683333333,1672.4,38.231715976902606,-22.545303654393916,151849570.06583863,0.5715492355499104,0.7254828131757761,-0.3834138222976252
3502,2026-07-31T09:34:22.099505Z,sun,39.759062,-104.62011683333333,1672.4,38.5651588039155,-22.366419389900315,151849533.27216107,0.5765050545322045,0.7230767781876302,-0.3805284417026099
3503,2026-07-31T09:35:52.122949Z,sun,39.759062,-104.62011683333333,1672.4,38.897346714313606,-22.186224872765827,151849496.318994,0.5814361797517251,0.7206500408484392,-0.37761817686766963
3504,2026-07-31T09:37:22.146392Z,sun,39.759062,-104.62011683333333,1672.4,39.22828204330572,-22.004731090565876,151849459.2071348,0.5863423997286077,0.7182027049830974,-0.3746831525909054
3505,2026-07-31T09:38:52.169836Z,sun,39.759062,-104.62011683333333,1672.4,39.55796734702614,-21.821948990104154,151849421.93738663,0.5912235042128601,0.7157348752179953,-0.37172349463404497
3506,2026-07-31T09:40:22.193279Z,sun,39.759062,-104.62011683333333,1672.4,39.88640537231861,-21.637889490010647,151849384.51056078,0.5960792838126773,0.7132466571673584,-0.3687393299459044
3507,2026-07-31T09:41:52.216723Z,sun,39.759062,-104.62011683333333,1672.4,40.21359908152506,-21.452563463009966,151849346.92747357,0.6009095304370528,0.7107381572094845,-0.3657307863940182
3508,2026-07-31T09:43:22.240167Z,sun,39.759062,-104.62011683333333,1672.4,40.5395516224438,-21.265981748753525,151849309.18894956,0.6057140369265295,0.7082094826750474,-0.3626979929904611
3509,2026-07-31T09:44:52.263610Z,sun,39.759062,-104.62011683333333,1672.4,40.86426633488695,-21.078155146361876,151849271.29581973,0.6104925972251377,0.7056607417606152,-0.3596410797881191
3510,2026-07-31T09:46:22.287054Z,sun,39.759062,-104.62011683333333,1672.4,41.187746757021586,-20.889094406767573,151849233.24892047,0.615245006547144,0.7030920434380955,-0.356560177772067
3511,2026-07-31T09:47:52.310498Z,sun,39.759062,-104.62011683333333,1672.4,41.50999659935262,-20.698810243944422,151849195.04909605,0.619971061067431,0.7005034976198969,-0.3534554190576442
3512,2026-07-31T09:49:22.333941Z,sun,39.759062,-104.62011683333333,1672.4,41.83101975125678,-20.50731332747619,151849156.69719693,0.624670558090733,0.6978952150703122,-0.3503269367841629
3513,2026-07-31T09:50:52.357385Z,sun,39.759062,-104.62011683333333,1672.4,42.150820287316336,-20.314614274925894,151849118.19407943,0.6293432962156564,0.6952673073128435,-0.3471748650037332
3514,2026-07-31T09:52:22.380828Z,sun,39.759062,-104.62011683333333,1672.4,42.46940243812131,-20.120723665625277,151849079.54060745,0.6339890749785624,0.692619886828828,-0.3439993389194932
3515,2026-07-31T09:53:52.404272Z,sun,39.759062,-104.62011683333333,1672.4,42.78677061447566,-19.92565202245676,151849040.73764995,0.6386076952775072,0.6899530668190339,-0.34080049459964146
3516,2026-07-31T09:55:22.427716Z,sun,39.759062,-104.62011683333333,1672.4,43.10292937840998,-19.729409825857633,151849001.78608334,0.6431989590187132,0.6872669614041717,-0.33757846921792956
3517,2026-07-31T09:56:52.451159Z,sun,39.759062,-104.62011683333333,1672.4,43.417883449732216,-19.532007506419856,151848962.68679065,0.6477626692812839,0.6845616855327253,-0.3343334009431007
3518,2026-07-31T09:58:22.474603Z,sun,39.759062,-104.62011683333333,1672.4,43.73163771237871,-19.333455437305485,151848923.4406597,0.6522986304763042,0.681837354884951,-0.3310654288237164
3519,2026-07-31T09:59:52.498046Z,sun,39.759062,-104.62011683333333,1672.4,44.044197185934244,-19.13376394871861,151848884.04858634,0.6568066480012354,0.6790940860787482,-0.3277746930350952
3520,2026-07-31T10:01:22.521490Z,sun,39.759062,-104.62011683333333,1672.4,44.35556704952894,-18.932943309404887,151848844.51147106,0.6612865286512303,0.6763319964226386,-0.32446133458298765
3521,2026-07-31T10:02:52.544934Z,sun,39.759062,-104.62011683333333,1672.4,44.6657526135827,-18.73100374132535,151848804.8302218,0.6657380802762043,0.6735512041234706,-0.32112549555271547
3522,2026-07-31T10:04:22.568377Z,sun,39.759062,-104.62011683333333,1672.4,44.97475932640775,-18.527955412283735,151848765.0057524,0.6701611119406824,0.6707518281908946,-0.3177673189945764
3523,2026-07-31T10:05:52.591821Z,sun,39.759062,-104.62011683333333,1672.4,45.282592780629436,-18.32380842837219,151848725.03898197,0.6745554340779195,0.667933988338075,-0.3143869488047204
3524,2026-07-31T10:07:22.615264Z,sun,39.759062,-104.62011683333333,1672.4,45.58925868544013,-18.118572849092736,151848684.9308371,0.678920858155002,0.6650978051946865,-0.31098452998065124
3525,2026-07-31T10:08:52.638708Z,sun,39.759062,-104.62011683333333,1672.4,45.89476289024833,-17.912258668567922,151848644.68224883,0.683257197071318,0.6622434000514141,-0.3075602083147111
3526,2026-07-31T10:10:22.662152Z,sun,39.759062,-104.62011683333333,1672.4,46.19911135745095,-17.704875721385108,151848604.2941554,0.6875642652490622,0.6593708954734602,-0.3041141288316681
3527,2026-07-31T10:11:52.685595Z,sun,39.759062,-104.62011683333333,1672.4,46.50231016798379,-17.496434113519893,151848563.7675012,0.6918418770932523,0.6564804135984902,-0.30064644295524334
3528,2026-07-31T10:13:22.709039Z,sun,39.759062,-104.62011683333333,1672.4,46.804365529565644,-17.286943556741925,151848523.10323498,0.6960898496894534,0.6535720784514996,-0.2971572974501908
3529,2026-07-31T10:14:52.732482Z,sun,39.759062,-104.62011683333333,1672.4,47.10528374853633,-17.07641382348093,151848482.3023133,0.7003080007763577,0.6506460145448946,-0.2936468419810877
3530,2026-07-31T10:16:22.755926Z,sun,39.759062,-104.62011683333333,1672.4,47.405071253607694,-16.864854617845506,151848441.36569673,0.7044961495582397,0.6477023470216328,-0.2901152269707379
3531,2026-07-31T10:17:52.779370Z,sun,39.759062,-104.62011683333333,1672.4,47.70373456908122,-16.652275591544335,151848400.29435304,0.7086541163836764,0.6447412018770404,-0.2865626038662761
3532,2026-07-31T10:19:22.802813Z,sun,39.759062,-104.62011683333333,1672.4,48.001280321660964,-16.438686336522743,151848359.08925563,0.7127817228953666,0.6417627058567561,-0.28298912501671775
3533,2026-07-31T10:20:52.826257Z,sun,39.759062,-104.62011683333333,1672.4,48.297715247107504,-16.224096377426356,151848317.75138232,0.7168787921739035,0.6387669863511138,-0.27939494354623023
3534,2026-07-31T10:22:22.849700Z,sun,39.759062,-104.62011683333333,1672.4,48.59304616397564,-16.008515187912383,151848276.28171858,0.720945148425145,0.635754171621847,-0.27578021362611355
3535,2026-07-31T10:23:52.873144Z,sun,39.759062,-104.62011683333333,1672.4,48.88727999688031,-15.791952171275847,151848234.68125337,0.7249806173519339,0.6327243905303124,-0.2721450901487175
3536,2026-07-31T10:25:22.896588Z,sun,39.759062,-104.62011683333333,1672.4,49.18042375047654,-15.574416676919533,151848192.95098284,0.7289850258444855,0.6296777727657988,-0.26848972900134904
3537,2026-07-31T10:26:52.920031Z,sun,39.759062,-104.62011683333333,1672.4,49.47248451639523,-15.355917992982556,151848151.09190866,0.7329582021248361,0.6266144487404431,-0.2648142869401848
3538,2026-07-31T10:28:22.943475Z,sun,39.759062,-104.62011683333333,1672.4,49.7634694800342,-15.136465338796356,151848109.10503656,0.736899975885158,0.6235345494806467,-0.2611189214599749
3539,2026-07-31T10:29:52.966918Z,sun,39.759062,-104.62011683333333,1672.4,50.053385895038865,-14.916067881727606,151848066.9913795,0.7408101779868792,0.6204382068602072,-0.25740379107375044
3540,2026-07-31T10:31:22.990362Z,sun,39.759062,-104.62011683333333,1672.4,50.34224110640182,-14.694734717518706,151848024.7519543,0.7446886408183201,0.6173255533209017,-0.2536690549775549
3541,2026-07-31T10:32:53.013806Z,sun,39.759062,-104.62011683333333,1672.4,50.63004252518248,-14.472474887276737,151847982.3877842,0.7485351979969116,0.614196722107156,-0.24991487333199952
3542,2026-07-31T10:34:23.037249Z,sun,39.759062,-104.62011683333333,1672.4,50.91679763557794,-14.249297370078423,151847939.89989796,0.7523496845081954,0.6110518471579952,-0.24614140713260874
3543,2026-07-31T10:35:53.060693Z,sun,39.759062,-104.62011683333333,1672.4,51.20251400185611,-14.025211075407745,151847897.2893282,0.756131936838518,0.6078910629956186,-0.24234881807611192
3544,2026-07-31T10:37:23.084136Z,sun,39.759062,-104.62011683333333,1672.4,51.48719924356286,-13.800224860493882,151847854.55711457,0.7598817926862094,0.6047145049647209,-0.23853726884758555
3545,2026-07-31T10:38:53.107580Z,sun,39.759062,-104.62011683333333,1672.4,51.770861058472875,-13.574347510364547,151847811.7043002,0.763599091304805,0.6015223089456879,-0.23470692277630947
3546,2026-07-31T10:40:23.131024Z,sun,39.759062,-104.62011683333333,1672.4,52.053507198023325,-13.347587755323389,151847768.73193467,0.767283673217316,0.5983146115954621,-0.23085794412476796
3547,2026-07-31T10:41:53.154467Z,sun,39.759062,-104.62011683333333,1672.4,52.33514547453111,-13.119954263512648,151847725.64107266,0.7709353803497625,0.5950915502365267,-0.2269904979554309
3548,2026-07-31T10:43:23.177911Z,sun,39.759062,-104.62011683333333,1672.4,52.61578376825565,-12.891455633331663,151847682.43277255,0.774554056157937,0.5918532627429072,-0.22310474999394908
3549,2026-07-31T10:44:53.201355Z,sun,39.759062,-104.62011683333333,1672.4,52.89543000642822,-12.662100408669536,151847639.10809895,0.7781395453908089,0.5885998877490165,-0.21920086687974258
3550,2026-07-31T10:46:23.224798Z,sun,39.759062,-104.62011683333333,1672.4,53.174092170540014,-12.431897071450036,151847595.66812187,0.7816916942205024,0.5853315645370912,-0.21527901603092103
3551,2026-07-31T10:47:53.248242Z,sun,39.759062,-104.62011683333333,1672.4,53.451778303491295,-12.200854034026152,151847552.1139144,0.7852103503655702,0.5820484329215961,-0.21133936550555962
3552,2026-07-31T10:49:23.271685Z,sun,39.759062,-104.62011683333333,1672.4,53.72849648593207,-11.968979657223615,151847508.4465567,0.7886953628223362,0.5787506334977028,-0.20738208429985236
3553,2026-07-31T10:50:53.295129Z,sun,39.759062,-104.62011683333333,1672.4,54.00425485896653,-11.73628222995989,151847464.66713154,0.7921465821839595,0.5754383073436052,-0.20340734199088756
3554,2026-07-31T10:52:23.318573Z,sun,39.759062,-104.62011683333333,1672.4,54.27906160070845,-11.502769987408534,151847420.77672824,0.795563860375006,0.5721115962704222,-0.1994153090365117
3555,2026-07-31T10:53:53.342016Z,sun,39.759062,-104.62011683333333,1672.4,54.5529249336988,-11.268451103495286,151847376.77644068,0.7989470507755987,0.568770642706976,-0.19540615663705788
3556,2026-07-31T10:55:23.365460Z,sun,39.759062,-104.62011683333333,1672.4,54.82585313219063,-11.03333368324811,151847332.667366,0.802296008338722,0.5654155895816724,-0.191380056593583
3557,2026-07-31T10:56:53.388903Z,sun,39.759062,-104.62011683333333,1672.4,55.09785449915188,-10.797425781248092,151847288.45060802,0.8056105893344055,0.5620465805764748,-0.1873371816126311
3558,2026-07-31T10:58:23.412347Z,sun,39.759062,-104.62011683333333,1672.4,55.36893738883485,-10.560735380971408,151847244.12727305,0.8088906516534033,0.5586637598226966,-0.18327770494116574
3559,2026-07-31T10:59:53.435791Z,sun,39.759062,-104.62011683333333,1672.4,55.639110183984066,-10.323270413350784,151847199.69847348,0.812136054554679,0.5552672721563282,-0.17920180067295519
3560,2026-07-31T11:01:23.459234Z,sun,39.759062,-104.62011683333333,1672.4,55.908381303375585,-10.085038749215434,151847155.1653263,0.815346658783591,0.5518572630002906,-0.17510964360726244
3561,2026-07-31T11:02:53.482678Z,sun,39.759062,-104.62011683333333,1672.4,56.17675920923321,-9.846048191586615,151847110.52895138,0.8185223266831374,0.5484338782438744,-0.1710014091041552
3562,2026-07-31T11:04:23.506121Z,sun,39.759062,-104.62011683333333,1672.4,56.444252384857606,-9.606306494510005,151847065.790475,0.8216629219511968,0.5449972645020024,-0.16687727339561836
3563,2026-07-31T11:05:53.529565Z,sun,39.759062,-104.62011683333333,1672.4,56.71086935706743,-9.365821342122327,151847020.95102584,0.8247683099285358,0.5415475688047826,-0.1627374132129918
3564,2026-07-31T11:07:23.553009Z,sun,39.759062,-104.62011683333333,1672.4,56.97661867402708,-9.124600367581687,151846976.01173833,0.8278383573594672,0.5380849388580002,-0.15858200609956036
3565,2026-07-31T11:08:53.576452Z,sun,39.759062,-104.62011683333333,1672.4,57.24150891290145,-8.882651145443017,151846930.97375116,0.8308729325039718,0.5346095229229375,-0.1544112302663225
3566,2026-07-31T11:10:23.599896Z,sun,39.759062,-104.62011683333333,1672.4,57.505548687386884,-8.639981183899542,151846885.83820572,0.8338719052426702,0.5311214696936061,-0.15022526444464354
3567,2026-07-31T11:11:53.623339Z,sun,39.759062,-104.62011683333333,1672.4,57.76874662594511,-8.396597943959733,151846840.60624975,0.836835146847513,0.527620928560878,-0.1460242882032239
3568,2026-07-31T11:13:23.646783Z,sun,39.759062,-104.62011683333333,1672.4,58.03111139411175,-8.15250881824962,151846795.2790328,0.8397625302537214,0.5241080492962228,-0.14180848156854284
3569,2026-07-31T11:14:53.670227Z,sun,39.759062,-104.62011683333333,1672.4,58.29265167291357,-7.907721150283247,151846749.85771024,0.8426539298339056,0.5205829823170532,-0.1375780253432854
3570,2026-07-31T11:16:23.693670Z,sun,39.759062,-104.62011683333333,1672.4,58.55337616662679,-7.6622422267708465,151846704.34344134,0.8455092215039699,0.5170458785642777,-0.1333331009593827
3571,2026-07-31T11:17:53.717114Z,sun,39.759062,-104.62011683333333,1672.4,58.81329361041938,-7.416079269796351,151846658.73738784,0.8483282828217669,0.5134968893773809,-0.129073890328083
3572,2026-07-31T11:19:23.740557Z,sun,39.759062,-104.62011683333333,1672.4,59.072412749150075,-7.169239456319042,151846613.0407174,0.8511109927714043,0.509936166763228,-0.12480057616253182
3573,2026-07-31T11:20:53.764001Z,sun,39.759062,-104.62011683333333,1672.4,59.33074235955094,-6.921729896714169,151846567.2545996,0.8538572320188746,0.506363863074271,-0.12051334159157141
3574,2026-07-31T11:22:23.787445Z,sun,39.759062,-104.62011683333333,1672.4,59.58829122919946,-6.673557654360406,151846521.38020933,0.8565668826998547,0.5027801312784891,-0.11621237048369074
3575,2026-07-31T11:23:53.810888Z,sun,39.759062,-104.62011683333333,1672.4,59.845068164371504,-6.424729737876664,151846475.4187251,0.8592398285192869,0.49918512483479954,-0.11189784729748933
3576,2026-07-31T11:25:23.834332Z,sun,39.759062,-104.62011683333333,1672.4,60.10108199779223,-6.175253093225562,151846429.37132773,0.8618759548436727,0.4955789975660324,-0.1075699569292176
3577,2026-07-31T11:26:53.857775Z,sun,39.759062,-104.62011683333333,1672.4,60.35634156794944,-5.925134623533962,151846383.23920387,0.8644751484990447,0.49196190393236877,-0.10322888504092848
3578,2026-07-31T11:28:23.881219Z,sun,39.759062,-104.62011683333333,1672.4,60.61085574117762,-5.674381167355171,151846337.0235415,0.8670372980102578,0.4883339987040249,-0.09887481766763878
3579,2026-07-31T11:29:53.904663Z,sun,39.759062,-104.62011683333333,1672.4,60.86463339113437,-5.422999518567459,151846290.72553393,0.8695622934025193,0.4846954372357426,-0.09450794154674616
3580,2026-07-31T11:31:23.928106Z,sun,39.759062,-104.62011683333333,1672.4,61.117683406745364,-5.170996418531657,151846244.34637782,0.8720500262945989,0.4810463753401116,-0.09012844396598571
3581,2026-07-31T11:32:53.951550Z,sun,39.759062,-104.62011683333333,1672.4,61.370014700047534,-4.91837854812574,151846197.88727173,0.8745003899845751,0.477386969158688,-0.0857365126087364
3582,2026-07-31T11:34:23.974993Z,sun,39.759062,-104.62011683333333,1672.4,61.621636186012736,-4.665152547834939,151846151.34941977,0.8769132792619869,0.4737173754393724,-0.081332335886911
3583,2026-07-31T11:35:53.998437Z,sun,39.759062,-104.62011683333333,1672.4,61.872556804492866,-4.411324995786682,151846104.73402736,0.8792885906300698,0.47003775120455266,-0.07691610254265606
3584,2026-07-31T11:37:24.021881Z,sun,39.759062,-104.62011683333333,1672.4,62.12278550020528,-4.156902427903593,151846058.0423047,0.8816262221216052,0.46634825402933094,-0.07248800198226295
3585,2026-07-31T11:38:54.045324Z,sun,39.759062,-104.62011683333333,1672.4,62.37233123074852,-3.9018913299936133,151846011.2754654,0.8839260733855188,0.462649041913089,-0.06804822412200925
3586,2026-07-31T11:40:24.068768Z,sun,39.759062,-104.62011683333333,1672.4,62.62120297453253,-3.6462981297125254,151845964.43472448,0.8861880457660074,0.45894027314885805,-0.0635969592313676
3587,2026-07-31T11:41:54.092212Z,sun,39.759062,-104.62011683333333,1672.4,62.8694097138245,-3.3901292140648134,151845917.5213019,0.8884120421534641,0.4552221065631303,-0.05913439822081084
3588,2026-07-31T11:43:24.115655Z,sun,39.759062,-104.62011683333333,1672.4,63.116960442814445,-3.1333909214428926,151845870.53642043,0.8905979670671669,0.4514947013862864,-0.05466073248628767
3589,2026-07-31T11:44:54.139099Z,sun,39.759062,-104.62011683333333,1672.4,63.36386417559368,-2.8760895335471415,151845823.48130473,0.8927457267303799,0.44775821712099806,-0.05017615375127092
3590,2026-07-31T11:46:24.162542Z,sun,39.759062,-104.62011683333333,1672.4,63.610129926708815,-2.618231295887406,151845776.35718414,0.8948552289054015,0.44401281382559527,-0.04568085440683754
3591,2026-07-31T11:47:54.185986Z,sun,39.759062,-104.62011683333333,1672.4,63.855766732942705,-2.3598223954269915,151845729.16528916,0.8969263830884673,0.4402586517750263,-0.04117502710474252
3592,2026-07-31T11:49:24.209430Z,sun,39.759062,-104.62011683333333,1672.4,64.1007836340027,-2.1008689811506227,151845681.90685445,0.8989591003484587,0.43649589174512654,-0.03665886509858637
3593,2026-07-31T11:50:54.232873Z,sun,39.759062,-104.62011683333333,1672.4,64.34518968066332,-1.8413771560207652,151845634.58311787,0.9009532934029808,0.43272469488128423,-0.03213256208617701
3594,2026-07-31T11:52:24.256317Z,sun,39.759062,-104.62011683333333,1672.4,64.5889939428208,-1.5813529688271917,151845587.1953181,0.9029088766866833,0.42894522256535594,-0.027596312049782346
3595,2026-07-31T11:53:54.279760Z,sun,39.759062,-104.62011683333333,1672.4,64.83220549046816,-1.3208024349204524,151845539.74469894,0.9048257662008865,0.4251576367023344,-0.023050309600186294
3596,2026-07-31T11:55:24.303204Z,sun,39.759062,-104.62011683333333,1672.4,65.07483341536744,-1.059731513639808,151845492.23250467,0.9067038796909802,0.4213620993775357,-0.01849474956522274
3597,2026-07-31T11:56:54.326648Z,sun,39.759062,-104.62011683333333,1672.4,65.31688681216424,-0.7981461290931766,151845444.65998366,0.9085431364998643,0.4175587731438755,-0.013929827334559166
3598,2026-07-31T11:58:24.350091Z,sun,39.759062,-104.62011683333333,1672.4,65.55837478659046,-0.536052162045296,151845397.02838707,0.9103434576372146,0.41374782088911566,-0.00935573870035282
3599,2026-07-31T11:59:54.373535Z,sun,39.759062,-104.62011683333333,1672.4,65.79930646358541,-0.273455441705473,151845349.33896673,0.9121047658409106,0.40992940570153896,-0.004772679696012135
3600,2026-07-31T12:01:24.396978Z,sun,39.759062,-104.62011683333333,1672.4,66.03969096867726,-0.010361766662425545,151845301.59297928,0.9138269854414972,0.4061036911593991,-0.00018084694359692442
3601,2026-07-31T12:02:54.420422Z,sun,39.759062,-104.62011683333333,1672.4,66.27953744955727,0.25322311789366064,151845253.79168156,0.9155100425219016,0.4022708409847039,0.0044195627617396255
3602,2026-07-31T12:04:24.443866Z,sun,39.759062,-104.62011683333333,1672.4,66.51885505758003,0.5172934991808499,151845205.93633434,0.9171538647856498,0.39843101933338637,0.009028352103488051
3603,2026-07-31T12:05:54.467309Z,sun,39.759062,-104.62011683333333,1672.4,66.75765295603242,0.7818437050114735,151845158.02820063,0.9187583816193136,0.39458439066115925,0.013645323404798536
3604,2026-07-31T12:07:24.490753Z,sun,39.759062,-104.62011683333333,1672.4,66.99594032832721,1.0468681120723,151845110.06854424,0.920323524147034,0.3907311195879802,0.01827027879117607
3605,2026-07-31T12:08:54.514196Z,sun,39.759062,-104.62011683333333,1672.4,67.23372635974988,1.3123611247863012,151845062.0586332,0.9218492251098489,0.3868713711902026,0.02290301983982725
3606,2026-07-31T12:10:24.537640Z,sun,39.759062,-104.62011683333333,1672.4,67.47102025895936,1.5783171983003381,151845013.99973547,0.9233354190076495,0.3830053106511298,0.027543347999111147
3607,2026-07-31T12:11:54.561084Z,sun,39.759062,-104.62011683333333,1672.4,67.70783123983948,1.8447308172872507,151844965.89312297,0.9247820419822531,0.3791331035539166,0.03219106423697986
3608,2026-07-31T12:13:24.584527Z,sun,39.759062,-104.62011683333333,1672.4,67.94416852984004,2.1115965042106914,151844917.74006936,0.9261890318730005,0.375254915746083,0.03684596920362012
3609,2026-07-31T12:14:54.607971Z,sun,39.759062,-104.62011683333333,1672.4,68.18004137824393,2.378908827670357,151844869.5418487,0.9275563282643196,0.37137091320290644,0.04150786339542565
3610,2026-07-31T12:16:24.631414Z,sun,39.759062,-104.62011683333333,1672.4,68.41545903825191,2.646662381070795,151844821.29973936,0.928883872380028,0.3674812623220123,0.04617654680142525
3611,2026-07-31T12:17:54.654858Z,sun,39.759062,-104.62011683333333,1672.4,68.65043078841971,2.914851805801871,151844773.01501912,0.9301716072073514,0.3635861295711402,0.05085181932606775
3612,2026-07-31T12:19:24.678302Z,sun,39.759062,-104.62011683333333,1672.4,68.88496591485145,3.18347176986331,151844724.68896937,0.9314194773950679,0.359685681783232,0.05553348043505162
3613,2026-07-31T12:20:54.701745Z,sun,39.759062,-104.62011683333333,1672.4,69.1190737196017,3.452516976188929,151844676.32287323,0.9326274293021117,0.3557800860199608,0.06022132931913663
3614,2026-07-31T12:22:24.725189Z,sun,39.759062,-104.62011683333333,1672.4,69.35276352901913,3.7219821710548904,151844627.91801378,0.9337954110381295,0.3518695094341974,0.06491516505923875
3615,2026-07-31T12:23:54.748632Z,sun,39.759062,-104.62011683333333,1672.4,69.5860446761552,3.9918621225758018,151844579.47567812,0.9349233723729246,0.34795411956658134,0.06961478627046952
3616,2026-07-31T12:25:24.772076Z,sun,39.759062,-104.62011683333333,1672.4,69.81892652215038,4.262151644064012,151844530.99715257,0.9360112648423792,0.34403408399093904,0.07431999152775187
3617,2026-07-31T12:26:54.795520Z,sun,39.759062,-104.62011683333333,1672.4,70.05141843874226,4.532845572480586,151844482.4837267,0.9370590416617491,0.3401095706113258,0.07903057900929275
3618,2026-07-31T12:28:24.818963Z,sun,39.759062,-104.62011683333333,1672.4,70.28352981673943,4.80393877682296,151844433.93669155,0.9380666577672596,0.336180747524617,0.08374634666152765
3619,2026-07-31T12:29:54.842407Z,sun,39.759062,-104.62011683333333,1672.4,70.51527007444614,5.075426166591775,151844385.357338,0.93903406984961,0.3322477828821942,0.0884670923651519
3620,2026-07-31T12:31:24.865850Z,sun,39.759062,-104.62011683333333,1672.4,70.74664864036984,5.347302670119893,151844336.74696037,0.9399612362786289,0.32831084518825576,0.0931926135770678
3621,2026-07-31T12:32:54.889294Z,sun,39.759062,-104.62011683333333,1672.4,70.97767497457869,5.619563258102925,151844288.1068522,0.9408481171910106,0.3243701029432041,0.09792270775844304
3622,2026-07-31T12:34:24.912738Z,sun,39.759062,-104.62011683333333,1672.4,71.20835855150321,5.892202921885609,151844239.43830997,0.9416946744188421,0.3204257249423486,0.10265717201618836
3623,2026-07-31T12:35:54.936181Z,sun,39.759062,-104.62011683333333,1672.4,71.43870886848715,6.165216681906592,151844190.74263114,0.9425008715241469,0.31647788013772254,0.10739580326882785
3624,2026-07-31T12:37:24.959625Z,sun,39.759062,-104.62011683333333,1672.4,71.66873545430666,6.438599596227019,151844142.02111292,0.9432666738253207,0.3125267374990317,0.11213839841342169
3625,2026-07-31T12:38:54.983069Z,sun,39.759062,-104.62011683333333,1672.4,71.89844785469866,6.7123467417340805,151844093.27505523,0.9439920483448816,0.3085724662695969,0.11688475401836365
3626,2026-07-31T12:40:25.006512Z,sun,39.759062,-104.62011683333333,1672.4,72.12785564096336,6.986453222619528,151844044.5057588,0.9446769638397701,0.3046152358277572,0.12163466648975392
3627,2026-07-31T12:41:55.029956Z,sun,39.759062,-104.62011683333333,1672.4,72.35696841854788,7.2609141789470435,151843995.714524,0.945321390823537,0.30065521554738256,0.12638793223884268
3628,2026-07-31T12:43:25.053399Z,sun,39.759062,-104.62011683333333,1672.4,72.58579581017781,7.535724764714329,151843946.90265405,0.9459253015154524,0.296692575098573,0.131144347321103
3629,2026-07-31T12:44:55.076843Z,sun,39.759062,-104.62011683333333,1672.4,72.81434747722145,7.810880171642362,151843898.07145095,0.9464886698989768,0.2927274840884539,0.13590370786740744
3630,2026-07-31T12:46:25.100287Z,sun,39.759062,-104.62011683333333,1672.4,73.04263310292363,8.086375607215647,151843849.22221932,0.9470114716748147,0.2887601123618846,0.14066580972309278
3631,2026-07-31T12:47:55.123730Z,sun,39.759062,-104.62011683333333,1672.4,73.27066240109927,8.362206303208309,151843800.35626417,0.9474936842841027,0.28479062986234344,0.1454304486149545
3632,2026-07-31T12:49:25.147174Z,sun,39.759062,-104.62011683333333,1672.4,73.49844512481486,8.638367524289633,151843751.47488987,0.9479352869234404,0.28081920649215336,0.15019742031903224
3633,2026-07-31T12:50:55.170617Z,sun,39.759062,-104.62011683333333,1672.4,73.72599104978178,8.914854545951163,151843702.5794036,0.9483362605094178,0.2768460124139556,0.15496652029875962
3634,2026-07-31T12:52:25.194061Z,sun,39.759062,-104.62011683333333,1672.4,73.9533099957474,9.191662678430246,151843653.6711109,0.9486965877186809,0.27287121769053946,0.15973754413729255
3635,2026-07-31T12:53:55.217505Z,sun,39.759062,-104.62011683333333,1672.4,74.18041180998128,9.468787244609059,151843604.75131926,0.9490162529563871,0.268894992586355,0.16451028717561322
3636,2026-07-31T12:55:25.240948Z,sun,39.759062,-104.62011683333333,1672.4,74.40730637607423,9.746223588584721,151843555.82133704,0.9492952423722671,0.2649175074279919,0.16928454468001003
3637,2026-07-31T12:56:55.264392Z,sun,39.759062,-104.62011683333333,1672.4,74.63400362273705,10.023967084314547,151843506.88247105,0.9495335438685012,0.26093893246416283,0.1740601120101567
3638,2026-07-31T12:58:25.287835Z,sun,39.759062,-104.62011683333333,1672.4,74.86051350743357,10.302013113404534,151843457.93603083,0.9497311470796783,0.25695943816777195,0.1788367842565432
3639,2026-07-31T12:59:55.311279Z,sun,39.759062,-104.62011683333333,1672.4,75.08684603783335,10.58035708916349,151843408.98332402,0.9498880433944287,0.2529791948750432,0.18361435667365172
3640,2026-07-31T13:01:25.334723Z,sun,39.759062,-104.62011683333333,1672.4,75.31301125553234,10.858994434360781,151843360.0256601,0.9500042259393061,0.2489983730876034,0.1883926243173725
3641,2026-07-31T13:02:55.358166Z,sun,39.759062,-104.62011683333333,1672.4,75.53901924497237,11.13792058983365,151843311.06434885,0.9500796895877103,0.24501714333271005,0.19317138221278643
3642,2026-07-31T13:04:25.381610Z,sun,39.759062,-104.62011683333333,1672.4,75.76488014237938,11.417131023173884,151843262.10069826,0.9501144309606011,0.24103567602301956,0.19795042552250083
3643,2026-07-31T13:05:55.405053Z,sun,39.759062,-104.62011683333333,1672.4,75.99060411961857,11.696621206376012,151843213.136019,0.9501084484219108,0.23705414175904224,0.2027295491836183
3644,2026-07-31T13:07:25.428497Z,sun,39.759062,-104.62011683333333,1672.4,76.21620140573684,11.97638664000581,151843164.1716193,0.9500617420817129,0.23307271096799295,0.20750854834124594
3645,2026-07-31T13:08:55.451941Z,sun,39.759062,-104.62011683333333,1672.4,76.44168227091376,12.25642283083035,151843115.20880908,0.9499743137955609,0.22909155420600888,0.2122872179857478
3646,2026-07-31T13:10:25.475384Z,sun,39.759062,-104.62011683333333,1672.4,76.66705703552434,12.536725300461816,151843066.2488982,0.9498461671662541,0.2251108420181836,0.2170653531207612
3647,2026-07-31T13:11:55.498828Z,sun,39.759062,-104.62011683333333,1672.4,76.8923360792134,12.817289594051237,151843017.29319474,0.9496773075373884,0.22113074479865763,0.221842748931146
3648,2026-07-31T13:13:25.522271Z,sun,39.759062,-104.62011683333333,1672.4,77.11752982498608,13.098111257829764,151842968.34300864,0.9494677420042282,0.21715143309273238,0.2266192004203632
3649,2026-07-31T13:14:55.545715Z,sun,39.759062,-104.62011683333333,1672.4,77.34264876086546,13.379185863367097,151842919.39964762,0.9492174793984114,0.21317307723597786,0.23139450284367236
3650,2026-07-31T13:16:25.569159Z,sun,39.759062,-104.62011683333333,1672.4,77.56770342406391,13.660508985077222,151842870.46442062,0.9489265303027393,0.2091958476562873,0.2361684513455848
3651,2026-07-31T13:17:55.592602Z,sun,39.759062,-104.62011683333333,1672.4,77.79270441020557,13.942076208885386,151842821.5386361,0.9485949070457856,0.20521991473394086,0.24094084112784056
3652,2026-07-31T13:19:25.616046Z,sun,39.759062,-104.62011683333333,1672.4,78.01766238257301,14.223883140939408,151842772.6236007,0.9482226236882957,0.20124544866190516,0.24571146761710813
3653,2026-07-31T13:20:55.639489Z,sun,39.759062,-104.62011683333333,1672.4,78.24258805640874,14.50592538502669,151842723.7206225,0.9478096960495036,0.1972726197475891,0.2504801261027924
3654,2026-07-31T13:22:25.662933Z,sun,39.759062,-104.62011683333333,1672.4,78.46749222074006,14.788198566927273,151842674.83100712,0.9473561416733757,0.1933015980523278,0.2552466121697824
3655,2026-07-31T13:23:55.686377Z,sun,39.759062,-104.62011683333333,1672.4,78.69238572274867,15.07069831177833,151842625.95606112,0.9468619798588688,0.18933255369323648,0.26001072133614195
3656,2026-07-31T13:25:25.709820Z,sun,39.759062,-104.62011683333333,1672.4,78.91727947719048,15.353420252773885,151842577.09709024,0.9463272316473568,0.18536565670320282,0.26477224922117587
3657,2026-07-31T13:26:55.733264Z,sun,39.759062,-104.62011683333333,1672.4,79.14218447583438,15.636360039878841,151842528.2553982,0.9457519198019011,0.1814010768916295,0.26953099171259576
3658,2026-07-31T13:28:25.756707Z,sun,39.759062,-104.62011683333333,1672.4,79.36711177196966,15.919513317124279,151842479.43229,0.9451360688489907,0.17743898414551776,0.27428674460513475
3659,2026-07-31T13:29:55.780151Z,sun,39.759062,-104.62011683333333,1672.4,79.5920725024301,16.202875747029474,151842430.62906748,0.9444797050263706,0.17347954806986207,0.27903930403220356
3660,2026-07-31T13:31:25.803595Z,sun,39.759062,-104.62011683333333,1672.4,79.81707787218046,16.48644298785579,151842381.84703356,0.943782856328699,0.16952293828858922,0.28378846610467734
3661,2026-07-31T13:32:55.827038Z,sun,39.759062,-104.62011683333333,1672.4,80.04213916393911,16.77021070230264,151842333.08748996,0.9430455524878406,0.16556932430501048,0.2885340270784119
3662,2026-07-31T13:34:25.850482Z,sun,39.759062,-104.62011683333333,1672.4,80.26726774784215,17.05417456622142,151842284.35173607,0.9422678249450275,0.16161887536305852,0.2932757835208137
3663,2026-07-31T13:35:55.873926Z,sun,39.759062,-104.62011683333333,1672.4,80.49247506866315,17.3383302489571,151842235.64107144,0.9414497068986435,0.15767176070343886,0.2980135320033905
3664,2026-07-31T13:37:25.897369Z,sun,39.759062,-104.62011683333333,1672.4,80.71777265556749,17.622673422031475,151842186.95679492,0.9405912332802673,0.1537281494245039,0.3027470692687598
3665,2026-07-31T13:38:55.920813Z,sun,39.759062,-104.62011683333333,1672.4,80.94317213193102,17.907199767857403,151842138.30020255,0.9396924407225657,0.1497882103437823,0.3074761923968653
3666,2026-07-31T13:40:25.944256Z,sun,39.759062,-104.62011683333333,1672.4,81.16868520018053,18.191904956852607,151842089.67259118,0.9387533676255854,0.1458521122971999,0.31220069844583537
3667,2026-07-31T13:41:55.967700Z,sun,39.759062,-104.62011683333333,1672.4,81.39432366422564,18.47678467193071,151842041.0752543,0.9377740540752697,0.14192002378182722,0.3169203848808068
3668,2026-07-31T13:43:25.991144Z,sun,39.759062,-104.62011683333333,1672.4,81.6200994143893,18.761834585579205,151841992.50948566,0.9367545419136295,0.13799211325472888,0.32163504921522523
3669,2026-07-31T13:44:56.014587Z,sun,39.759062,-104.62011683333333,1672.4,81.84602443742283,19.0470503685306,151841943.97657767,0.9356948747076834,0.13406854899440823,0.32634448917716774
3670,2026-07-31T13:46:26.038031Z,sun,39.759062,-104.62011683333333,1672.4,82.07211082660174,19.332427698458293,151841895.47781986,0.9345950977102876,0.13014949896308536,0.33104850287466336
3671,2026-07-31T13:47:56.061474Z,sun,39.759062,-104.62011683333333,1672.4,82.29837076677315,19.617962236973145,151841847.0145021,0.9334552579416998,0.12623513110439524,0.33574688843837525
3672,2026-07-31T13:49:26.084918Z,sun,39.759062,-104.62011683333333,1672.4,82.5248165571191,19.90364965414817,151841798.5879109,0.9322754040898414,0.12232561298792664,0.3404394444482761
3673,2026-07-31T13:50:56.108362Z,sun,39.759062,-104.62011683333333,1672.4,82.75146059629309,20.189485605470523,151841750.19933257,0.9310555865957479,0.11842111210657333,0.3451259695767477
3674,2026-07-31T13:52:26.131805Z,sun,39.759062,-104.62011683333333,1672.4,82.97831539273085,20.47546574048586,151841701.85005188,0.9297958576154532,0.11452179573873374,0.3498062627539987
3675,2026-07-31T13:53:56.155249Z,sun,39.759062,-104.62011683333333,1672.4,83.20539357507602,20.76158571148082,151841653.54135028,0.9284962709737218,0.11062783081123818,0.3544801233325969
3676,2026-07-31T13:55:26.178692Z,sun,39.759062,-104.62011683333333,1672.4,83.43270787742732,21.04784115034658,151841605.27450958,0.9271568822608642,0.10673938419542507,0.35914735073211296
3677,2026-07-31T13:56:56.202136Z,sun,39.759062,-104.62011683333333,1672.4,83.66027116248613,21.334227693112226,151841557.05080763,0.9257777487148716,0.10285662235392189,0.36380774486308937
3678,2026-07-31T13:58:26.225580Z,sun,39.759062,-104.62011683333333,1672.4,83.88809640691905,21.620740956786417,151841508.87152198,0.9243589293219896,0.09897971163595475,0.36846110577260166
3679,2026-07-31T13:59:56.249023Z,sun,39.759062,-104.62011683333333,1672.4,84.1161967120101,21.907376547966102,151841460.73792845,0.9229004847715613,0.09510881814038173,0.3731072338086692
3680,2026-07-31T14:01:26.272467Z,sun,39.759062,-104.62011683333333,1672.4,84.34458531443092,22.19413007145645,151841412.65129903,0.9214024774028651,0.09124410757990713,0.37774592978324617
3681,2026-07-31T14:02:56.295910Z,sun,39.759062,-104.62011683333333,1672.4,84.57327557172637,22.480997107035975,151841364.61290604,0.9198649713169197,0.08738574557470523,0.3823769946198064
3682,2026-07-31T14:04:26.319354Z,sun,39.759062,-104.62011683333333,1672.4,84.80228098589924,22.767973233966647,151841316.62401742,0.9182880322406675,0.08353389730198797,0.3870002297739678
3683,2026-07-31T14:05:56.342798Z,sun,39.759062,-104.62011683333333,1672.4,85.031615189005,23.05505400771678,151841268.6859005,0.9166717276425865,0.07968872778902954,0.3916154368817981
3684,2026-07-31T14:07:26.366241Z,sun,39.759062,-104.62011683333333,1672.4,85.26129195419031,23.34223496851667,151841220.79982078,0.915016126680553,0.0758504017772133,0.3962224179230064
3685,2026-07-31T14:08:56.389685Z,sun,39.759062,-104.62011683333333,1672.4,85.49132520687034,23.629511649918335,151841172.96703956,0.9133213001417624,0.07201908358743299,0.4008209753825103
3686,2026-07-31T14:10:26.413128Z,sun,39.759062,-104.62011683333333,1672.4,85.72172901044858,23.916879555437845,151841125.18881807,0.9115873205694975,0.06819493741123427,0.4054109119010018
3687,2026-07-31T14:11:56.436572Z,sun,39.759062,-104.62011683333333,1672.4,85.95251759041868,24.20433418303359,151841077.46641296,0.9098142621094379,0.06437812696335445,0.40999203069199913
3688,2026-07-31T14:13:26.460016Z,sun,39.759062,-104.62011683333333,1672.4,86.18370532019993,24.49187100169935,151841029.80108035,0.9080022006402242,0.06056881577224198,0.4145641351931667
3689,2026-07-31T14:14:56.483459Z,sun,39.759062,-104.62011683333333,1672.4,86.4153067326134,24.77948545994844,151840982.1940738,0.9061512137144049,0.05676716704527856,0.41912702922809003
3690,2026-07-31T14:16:26.506903Z,sun,39.759062,-104.62011683333333,1672.4,86.64733653152776,25.067172994305118,151840934.6466424,0.9042613804914476,0.05297334353538848,0.42368051716639404
3691,2026-07-31T14:17:56.530346Z,sun,39.759062,-104.62011683333333,1672.4,86.87980957782311,25.35492900581072,151840887.16003528,0.902332781879383,0.04918750782949258,0.428224403577537
3692,2026-07-31T14:19:26.553790Z,sun,39.759062,-104.62011683333333,1672.4,87.11274091408305,25.642748884442344,151840839.73549652,0.9003655003634258,0.04540982200443673,0.4327584936437913
3693,2026-07-31T14:20:56.577234Z,sun,39.759062,-104.62011683333333,1672.4,87.34614575069624,25.930627985578916,151840792.3742693,0.8983596201512958,0.041640447914570416,0.43728259281509646
3694,2026-07-31T14:22:26.600677Z,sun,39.759062,-104.62011683333333,1672.4,87.5800394778301,26.218561638397194,151840745.077594,0.8963152271072953,0.03787954705826146,0.44179650696928185
3695,2026-07-31T14:23:56.624121Z,sun,39.759062,-104.62011683333333,1672.4,87.81443767759065,26.50654515425623,151840697.84670648,0.8942324086786013,0.03412728044610097,0.4463000425702648
3696,2026-07-31T14:25:26.647564Z,sun,39.759062,-104.62011683333333,1672.4,88.04935611026619,26.794573803079768,151840650.68284208,0.8921112540515092,0.030383808886101874,0.4507930063257599
3697,2026-07-31T14:26:56.671008Z,sun,39.759062,-104.62011683333333,1672.4,88.28481073968736,27.082642837681657,151840603.58723107,0.8899518539625891,0.026649292643470265,0.45527520559564105
3698,2026-07-31T14:28:26.694452Z,sun,39.759062,-104.62011683333333,1672.4,88.52081771961511,27.370747470094127,151840556.56110227,0.887754300858625,0.022923891724967376,0.45974644805065773
3699,2026-07-31T14:29:56.717895Z,sun,39.759062,-104.62011683333333,1672.4,88.75739340627504,27.658882879851976,151840509.60568178,0.8855186888239042,0.019207765746885565,0.4642065418309034
3700,2026-07-31T14:31:26.741339Z,sun,39.759062,-104.62011683333333,1672.4,88.99455437110622,27.94704422225829,151840462.72219074,0.8832451134998046,0.015501073804854439,0.46865529570209025
3701,2026-07-31T14:32:56.764782Z,sun,39.759062,-104.62011683333333,1672.4,89.23231738729847,28.235226604619776,151840415.91184938,0.880933672255558,0.011803974755651644,0.4730925187173278
3702,2026-07-31T14:34:26.788226Z,sun,39.759062,-104.62011683333333,1672.4,89.47069945592357,28.523425110463783,151840369.17587283,0.8785844639820365,0.008116626880989963,0.47751802062065934
3703,2026-07-31T14:35:56.811670Z,sun,39.759062,-104.62011683333333,1672.4,89.70971779262226,28.811634775701563,151840322.51547456,0.8761975892662647,0.004439188168570285,0.4819316115097557
3704,2026-07-31T14:37:26.835113Z,sun,39.759062,-104.62011683333333,1672.4,89.94938984077781,29.099850596784634,151840275.93186453,0.8737731503119356,0.0007718161815482938,0.4863331019925927
3705,2026-07-31T14:38:56.858557Z,sun,39.759062,-104.62011683333333,1672.4,90.18973328493432,29.388067538834125,151840229.426248,0.8713112508523062,-0.0028853320700204244,0.4907223033417528
3706,2026-07-31T14:40:26.882001Z,sun,39.759062,-104.62011683333333,1672.4,90.43076604032466,29.6762805149032,151840182.99982867,0.8688119963074601,-0.006532099891317044,0.4950990272089573
3707,2026-07-31T14:41:56.905444Z,sun,39.759062,-104.62011683333333,1672.4,90.672506266467,29.964484394046178,151840136.65380648,0.866275493700769,-0.010168331032360312,0.4994630857806264
3708,2026-07-31T14:43:26.928888Z,sun,39.759062,-104.62011683333333,1672.4,90.91497238100632,30.25267400933217,151840090.38937643,0.8637018515679918,-0.01379386981525888,0.5038142919306102
3709,2026-07-31T14:44:56.952331Z,sun,39.759062,-104.62011683333333,1672.4,91.15818304678695,30.540844133824148,151840044.2077321,0.8610911801508393,-0.017408560858517157,0.508152458889328
3710,2026-07-31T14:46:26.975775Z,sun,39.759062,-104.62011683333333,1672.4,91.40215719941334,30.828989504533173,151839998.1100615,0.8584435911635705,-0.021012249405850808,0.5124774006384075
3711,2026-07-31T14:47:56.999219Z,sun,39.759062,-104.62011683333333,1672.4,91.6469140345031,31.117104798315278,151839952.09755048,0.8557591979902178,-0.024604781051408606,0.5167889315809224
3712,2026-07-31T14:49:27.022662Z,sun,39.759062,-104.62011683333333,1672.4,91.8924730220412,31.40518463975335,151839906.17138144,0.8530381155945079,-0.028186001867498586,0.5210868666946965
3713,2026-07-31T14:50:57.046106Z,sun,39.759062,-104.62011683333333,1672.4,92.13885392101648,31.693223608977977,151839860.332731,0.8502804604224959,-0.03175575852987622,0.5253710216826778
3714,2026-07-31T14:52:27.069549Z,sun,39.759062,-104.62011683333333,1672.4,92.3860767668723,31.981216217463484,151839814.58277482,0.8474863506101179,-0.03531389804625638,0.5296412126471305
3715,2026-07-31T14:53:57.092993Z,sun,39.759062,-104.62011683333333,1672.4,92.63416190010699,32.26915693176816,151839768.9226819,0.8446559057331058,-0.03886026808006326,0.5338972564781845
3716,2026-07-31T14:55:27.116437Z,sun,39.759062,-104.62011683333333,1672.4,92.8831299539243,32.55704014923836,151839723.35361952,0.8417892470181496,-0.042394716679927474,0.5381389705292168
3717,2026-07-31T14:56:57.139880Z,sun,39.759062,-104.62011683333333,1672.4,93.13300186943692,32.84486020567062,151839677.87675074,0.8388864972463614,-0.04591709240543521,0.5423661727677722
3718,2026-07-31T14:58:27.163324Z,sun,39.759062,-104.62011683333333,1672.4,93.38379891119772,33.1326113829135,151839632.49323317,0.8359477806494485,-0.04942724445043433,0.5465786819235622
3719,2026-07-31T14:59:57.186767Z,sun,39.759062,-104.62011683333333,1672.4,93.63554265504688,33.42028788443696,151839587.20422247,0.8329732231312529,-0.052925022375779104,0.5507763171677367
3720,2026-07-31T15:01:27.210211Z,sun,39.759062,-104.62011683333333,1672.4,93.88825501789319,33.707883858836894,151839542.01086813,0.8299629520010082,-0.056410276427951815,0.5549588984952797
3721,2026-07-31T15:02:57.233655Z,sun,39.759062,-104.62011683333333,1672.4,94.14195824579014,33.99539337530997,151839496.91431728,0.8269170961983473,-0.05988285727297917,0.5591262464056908
3722,2026-07-31T15:04:27.257098Z,sun,39.759062,-104.62011683333333,1672.4,94.39667493008665,34.28281043106111,151839451.91571257,0.8238357861903597,-0.06334261612011703,0.5632781820514366
3723,2026-07-31T15:05:57.280542Z,sun,39.759062,-104.62011683333333,1672.4,94.65242802393549,34.57012895862698,151839407.01619095,0.8207191538615973,-0.06678940484283752,0.5674145273831498
3724,2026-07-31T15:07:27.303985Z,sun,39.759062,-104.62011683333333,1672.4,94.9092408306115,34.85734280123523,151839362.21688738,0.8175673327489292,-0.07022307571660026,0.5715351048349543
3725,2026-07-31T15:08:57.327429Z,sun,39.759062,-104.62011683333333,1672.4,95.1671370345575,35.14444573596996,151839317.51893026,0.8143804577589565,-0.07364348173138756,0.5756397376995366
3726,2026-07-31T15:10:27.350873Z,sun,39.759062,-104.62011683333333,1672.4,95.42614068995402,35.43143144902386,151839272.9234452,0.8111586654062597,-0.07705047633073749,0.5797282498149818
3727,2026-07-31T15:11:57.374316Z,sun,39.759062,-104.62011683333333,1672.4,95.6862762379053,35.71829354279203,151839228.43155348,0.8079020937043019,-0.0804439135330856,0.5838004657104059
3728,2026-07-31T15:13:27.397760Z,sun,39.759062,-104.62011683333333,1672.4,95.94756852403353,36.00502554288006,151839184.0443703,0.8046108820492774,-0.0838236480504108,0.5878562107483468
3729,2026-07-31T15:14:57.421203Z,sun,39.759062,-104.62011683333333,1672.4,96.21004278728608,36.29162087319911,151839139.76300842,0.8012851714682571,-0.08718953503106097,0.5918953108161553
3730,2026-07-31T15:16:27.444647Z,sun,39.759062,-104.62011683333333,1672.4,96.47372469240383,36.57807287876327,151839095.588574,0.7979251043207655,-0.09054143036621094,0.5959175926937683
3731,2026-07-31T15:17:57.468091Z,sun,39.759062,-104.62011683333333,1672.4,96.73864031899933,36.86437480066173,151839051.52217022,0.794530824550251,-0.09387919043401345,0.5999228837466967
3732,2026-07-31T15:19:27.491534Z,sun,39.759062,-104.62011683333333,1672.4,97.0048161798874,37.150519782797566,151839007.5648954,0.7911024775688353,-0.09720267221860021,0.6039110120688427
3733,2026-07-31T15:20:57.514978Z,sun,39.759062,-104.62011683333333,1672.4,97.27227923986392,37.43650087852289,151838963.71784177,0.7876402101351629,-0.10051173342623311,0.6078818066218876
3734,2026-07-31T15:22:27.538421Z,sun,39.759062,-104.62011683333333,1672.4,97.5410569050313,37.722311025432376,151838919.98209897,0.7841441706155734,-0.10380623223344367,0.6118350969330796
3735,2026-07-31T15:23:57.561865Z,sun,39.759062,-104.62011683333333,1672.4,97.81117705682647,38.00794306772915,151838876.35874963,0.7806145086701186,-0.10708602758713207,0.6157707134553554
3736,2026-07-31T15:25:27.585309Z,sun,39.759062,-104.62011683333333,1672.4,98.08266804162929,38.293389730871525,151838832.84887323,0.7770513755170528,-0.11035097895404825,0.6196884872667391
3737,2026-07-31T15:26:57.608752Z,sun,39.759062,-104.62011683333333,1672.4,98.35555869033618,38.57864362789996,151838789.45354408,0.7734549238115112,-0.11360094643736308,0.6235882502102368
3738,2026-07-31T15:28:27.632196Z,sun,39.759062,-104.62011683333333,1672.4,98.62987833841824,38.86369726563656,151838746.17383042,0.7698253075174961,-0.11683579089018951,0.6274698350300645
3739,2026-07-31T15:29:57.655639Z,sun,39.759062,-104.62011683333333,1672.4,98.90565681578458,39.14854301913456,151838703.01079723,0.7661626821817745,-0.12005537366933405,0.6313330750761802
3740,2026-07-31T15:31:27.679083Z,sun,39.759062,-104.62011683333333,1672.4,99.18292448249063,39.43317315352966,151838659.96550265,0.7624672046047707,-0.12325955692861831,0.6351778046562611
3741,2026-07-31T15:32:57.702527Z,sun,39.759062,-104.62011683333333,1672.4,99.46171221889881,39.717579798326064,151838617.0390012,0.7587390331176446,-0.12644820337409965,0.6390038587419986
3742,2026-07-31T15:34:27.725970Z,sun,39.759062,-104.62011683333333,1672.4,99.74205144657078,40.00175495323477,151838574.23234224,0.7549783274551284,-0.12962117637799345,0.6428110731058092
3743,2026-07-31T15:35:57.749414Z,sun,39.759062,-104.62011683333333,1672.4,100.02397414968877,40.28569049386873,151838531.54656857,0.7511852486217631,-0.13277834008946438,0.6465992844537849
3744,2026-07-31T15:37:27.772858Z,sun,39.759062,-104.62011683333333,1672.4,100.30751286860865,40.569378148944715,151838488.9827192,0.747359959135576,-0.13591955922904086,0.650368330179025
3745,2026-07-31T15:38:57.796301Z,sun,39.759062,-104.62011683333333,1672.4,100.59270072157676,40.85280950579413,151838446.54182792,0.7435026228974518,-0.13904469920091767,0.6541180484963978
3746,2026-07-31T15:40:27.819745Z,sun,39.759062,-104.62011683333333,1672.4,100.8795714269975,41.13597601571695,151838404.22492182,0.73961340505399,-0.1421536262020484,0.6578482785734496
3747,2026-07-31T15:41:57.843188Z,sun,39.759062,-104.62011683333333,1672.4,101.16815929413042,41.41886896776855,151838362.03302446,0.7356924722911645,-0.14524620698540433,0.6615588602463633
3748,2026-07-31T15:43:27.866632Z,sun,39.759062,-104.62011683333333,1672.4,101.45849926171795,41.70147950961321,151838319.96715227,0.73173999248168,-0.14832230914187902,0.6652496343582097
3749,2026-07-31T15:44:57.890076Z,sun,39.759062,-104.62011683333333,1672.4,101.75062688896645,41.98379862110568,151838278.0283175,0.7277561349816872,-0.15138180086511652,0.6689204424767944
3750,2026-07-31T15:46:27.913519Z,sun,39.759062,-104.62011683333333,1672.4,102.04457837866087,42.26581711918628,151838236.21752724,0.723741070494508,-0.1544245510609985,0.6725711270260364
3751,2026-07-31T15:47:57.936963Z,sun,39.759062,-104.62011683333333,1672.4,102.34039060087368,42.54752566260587,151838194.53578126,0.7196949709278467,-0.15745042945391663,0.6762015314134855
3752,2026-07-31T15:49:27.960406Z,sun,39.759062,-104.62011683333333,1672.4,102.6381010840769,42.82891472519521,151838152.984076,0.7156180096997096,-0.16045930635607053,0.6798114997535385
3753,2026-07-31T15:50:57.983850Z,sun,39.759062,-104.62011683333333,1672.4,102.93774805570911,43.10997461599354,151838111.56340018,0.7115103613711238,-0.16345105294214463,0.6834008771970058
3754,2026-07-31T15:52:28.007294Z,sun,39.759062,-104.62011683333333,1672.4,103.23937043352903,43.39069545227868,151838070.27473858,0.707372201955087,-0.16642554102020155,0.6869695096562474
3755,2026-07-31T15:53:58.030737Z,sun,39.759062,-104.62011683333333,1672.4,103.54300785013038,43.67106716377152,151838029.11907,0.7032037087745219,-0.16938264313843623,0.6905172439332667
3756,2026-07-31T15:55:28.054181Z,sun,39.759062,-104.62011683333333,1672.4,103.84870067804093,43.951079496614504,151837988.0973663,0.6990050603142939,-0.17232223268828878,0.6940439278434282
3757,2026-07-31T15:56:58.077624Z,sun,39.759062,-104.62011683333333,1672.4,104.1564900211353,44.23072198608567,151837947.2105953,0.694776436538583,-0.17524418368038966,0.6975494099466661
3758,2026-07-31T15:58:28.101068Z,sun,39.759062,-104.62011683333333,1672.4,104.46641775708673,44.509983975846865,151837906.45971742,0.6905180185099591,-0.17814837101126343,0.7010335398674681
3759,2026-07-31T15:59:58.124512Z,sun,39.759062,-104.62011683333333,1672.4,104.77852652894244,44.78885459038336,151837865.8456883,0.6862299887097226,-0.18103467024091868,0.7044961680280565
3760,2026-07-31T16:01:28.147955Z,sun,39.759062,-104.62011683333333,1672.4,105.09285977091294,45.067322738393116,151837825.3694579,0.6819125308905459,-0.18390295769652637,0.7079371457727868
3761,2026-07-31T16:02:58.171399Z,sun,39.759062,-104.62011683333333,1672.4,105.40946173475044,45.34537711592505,151837785.03196886,0.6775658299232841,-0.1867531105723838,0.711356325488085
3762,2026-07-31T16:04:28.194842Z,sun,39.759062,-104.62011683333333,1672.4,105.72837748118951,45.62300617844726,151837744.83415964,0.6731900721256309,-0.18958500671263068,0.7147535603417864
3763,2026-07-31T16:05:58.218286Z,sun,39.759062,-104.62011683333333,1672.4,106.04965292418001,45.900198159105,151837704.77696094,0.6687854448677658,-0.19239852486982909,0.7181287045933606
3764,2026-07-31T16:07:28.241730Z,sun,39.759062,-104.62011683333333,1672.4,106.37333482235557,46.176941040479015,151837664.86129865,0.6643521369038888,-0.19519354448938248,0.7214816133353004
3765,2026-07-31T16:08:58.265173Z,sun,39.759062,-104.62011683333333,1672.4,106.69947080586634,46.45322255705168,151837625.08809263,0.6598903382196577,-0.1979699458100622,0.7248121426137305
3766,2026-07-31T16:10:28.288617Z,sun,39.759062,-104.62011683333333,1672.4,107.02810940377783,46.72903019739562,151837585.45825535,0.6554002398738903,-0.20072760996076286,0.7281201495444874
3767,2026-07-31T16:11:58.312060Z,sun,39.759062,-104.62011683333333,1672.4,107.3593000351015,47.004351175503096,151837545.97269478,0.6508820343383261,-0.20346641875010346,0.7314054920607376
3768,2026-07-31T16:13:28.335504Z,sun,39.759062,-104.62011683333333,1672.4,107.69309305454775,47.279172447935196,151837506.6323111,0.6463359150900582,-0.20618625491674433,0.7346680292132661
3769,2026-07-31T16:14:58.358948Z,sun,39.759062,-104.62011683333333,1672.4,108.0295397433708,47.553480684808434,151837467.43799934,0.6417620769540265,-0.2088870019207884,0.7379076209202603
3770,2026-07-31T16:16:28.382391Z,sun,39.759062,-104.62011683333333,1672.4,108.36869233682097,47.827262271224505,151837428.3906483,0.637160715945373,-0.21156854404107547,0.7411241280840337
3771,2026-07-31T16:17:58.405835Z,sun,39.759062,-104.62011683333333,1672.4,108.71060405207838,48.10050330838006,151837389.4911393,0.632532029106399,-0.21423076646850578,0.7443174127029798
3772,2026-07-31T16:19:28.429278Z,sun,39.759062,-104.62011683333333,1672.4,109.05532907825024,48.37318958410604,151837350.74034882,0.6278762148565669,-0.2168735551030555,0.7474873376281047
3773,2026-07-31T16:20:58.452722Z,sun,39.759062,-104.62011683333333,1672.4,109.40292262308597,48.64530658873502,151837312.13914555,0.6231934725727956,-0.21949679679517917,0.7506337668525952
3774,2026-07-31T16:22:28.476166Z,sun,39.759062,-104.62011683333333,1672.4,109.75344090245383,48.91683948526414,151837273.68839264,0.6184840029420814,-0.2221003791446872,0.7537565652705955
3775,2026-07-31T16:23:58.499609Z,sun,39.759062,-104.62011683333333,1672.4,110.10694116769419,49.18777310962277,151837235.38894704,0.6137480077991315,-0.22468419059459674,0.7568555987897877
3776,2026-07-31T16:25:28.523053Z,sun,39.759062,-104.62011683333333,1672.4,110.46348173333044,49.458091970598794,151837197.24165785,0.6089856899585973,-0.22724812052101498,0.7599307344392103
3777,2026-07-31T16:26:58.546496Z,sun,39.759062,-104.62011683333333,1672.4,110.82312196501682,49.727780219494996,151837159.24736935,0.604197253575266,-0.22979205903758584,0.7629818401347258
3778,2026-07-31T16:28:28.569940Z,sun,39.759062,-104.62011683333333,1672.4,111.18592232639969,49.996821664611915,151837121.40691742,0.5993829037122443,-0.23231589722797777,0.7660087849578737
3779,2026-07-31T16:29:58.593384Z,sun,39.759062,-104.62011683333333,1672.4,111.55194436604366,50.26519974050001,151837083.72113273,0.5945428467036654,-0.23481952695225392,0.7690114389236492
3780,2026-07-31T16:31:28.616827Z,sun,39.759062,-104.62011683333333,1672.4,111.92125074359882,50.532897506972105,151837046.19083935,0.589677289987631,-0.23730284093726214,0.7719896730889266
3781,2026-07-31T16:32:58.640271Z,sun,39.759062,-104.62011683333333,1672.4,112.2939052561046,50.7998976477491,151837008.81685317,0.5847864419338565,-0.2397657328630008,0.7749433596560514
3782,2026-07-31T16:34:28.663715Z,sun,39.759062,-104.62011683333333,1672.4,112.66997282661681,51.06618244212695,151836971.59998497,0.579870512159103,-0.24220809720163478,0.7778723717797819
3783,2026-07-31T16:35:58.687158Z,sun,39.759062,-104.62011683333333,1672.4,113.04951952893236,51.331733763208405,151836934.5410384,0.5749297113572012,-0.24462982930585667,0.7807765836732764
3784,2026-07-31T16:37:28.710602Z,sun,39.759062,-104.62011683333333,1672.4,113.43261261223485,51.59653307573688,151836897.64080927,0.5699642511241872,-0.2470308254930215,0.7836558707089999
3785,2026-07-31T16:38:58.734045Z,sun,39.759062,-104.62011683333333,1672.4,113.81932048247805,51.86056140424781,151836860.9000883,0.5649743443340733,-0.24941098286187838,0.7865101091989573
3786,2026-07-31T16:40:28.757489Z,sun,39.759062,-104.62011683333333,1672.4,114.2097127464871,52.123799345127395,151836824.31965747,0.5599602046885392,-0.2517701995103184,0.7893391766558301
3787,2026-07-31T16:41:58.780933Z,sun,39.759062,-104.62011683333333,1672.4,114.60386019101615,52.386227034351016,151836787.90029332,0.5549220470950001,-0.2541083743541413,0.7921429515756546
3788,2026-07-31T16:43:28.804376Z,sun,39.759062,-104.62011683333333,1672.4,115.00183480331455,52.64782414435981,151836751.6427654,0.5498600874923629,-0.25642540721173696,0.7949213135393879
3789,2026-07-31T16:44:58.827820Z,sun,39.759062,-104.62011683333333,1672.4,115.40370979117677,52.908569880532255,151836715.54783502,0.5447745426719293,-0.25872119888452794,0.7976741433093735
3790,2026-07-31T16:46:28.851263Z,sun,39.759062,-104.62011683333333,1672.4,115.80955955710611,53.16844294842844,151836679.6162582,0.5396656306622521,-0.26099565098170013,0.8004013226191923
3791,2026-07-31T16:47:58.874707Z,sun,39.759062,-104.62011683333333,1672.4,116.21945973770164,53.42742156427269,151836643.8487823,0.5345335702680042,-0.26324866612838027,0.8031027344232923
3792,2026-07-31T16:49:28.898151Z,sun,39.759062,-104.62011683333333,1672.4,116.63348717422556,53.68548342181428,151836608.2461488,0.529378581457092,-0.26548014779241713,0.8057782626893043
3793,2026-07-31T16:50:58.921594Z,sun,39.759062,-104.62011683333333,1672.4,117.05171992609763,53.94260568789027,151836572.80909213,0.5242008851821719,-0.2676900003653747,0.8084277924951697
3794,2026-07-31T16:52:28.945038Z,sun,39.759062,-104.62011683333333,1672.4,117.47423728322343,54.198764997584775,151836537.53833842,0.5190007031975418,-0.2698781292391789,0.8110512101210491
3795,2026-07-31T16:53:58.968481Z,sun,39.759062,-104.62011683333333,1672.4,117.9011197293853,54.45393742069358,151836502.43460816,0.5137782584527797,-0.27204444063898753,0.8136484028489511
3796,2026-07-31T16:55:28.991925Z,sun,39.759062,-104.62011683333333,1672.4,118.33244897347184,54.70809847071278,151836467.49861327,0.5085337746210477,-0.274188841821671,0.8162192592007127
3797,2026-07-31T16:56:59.015369Z,sun,39.759062,-104.62011683333333,1672.4,118.76830790751653,54.9612230709912,151836432.73105937,0.5032674764952003,-0.2763112409106492,0.8187636687399912
3798,2026-07-31T16:58:29.038812Z,sun,39.759062,-104.62011683333333,1672.4,119.20878060909601,55.21328554915264,151836398.132645,0.4979795898049412,-0.278411546973233,0.8212815221650088
3799,2026-07-31T16:59:59.062256Z,sun,39.759062,-104.62011683333333,1672.4,119.65395234163563,55.464259631130226,151836363.7040603,0.4926703410299049,-0.28048967009339265,0.8237727113957932
3800,2026-07-31T17:01:29.085699Z,sun,39.759062,-104.62011683333333,1672.4,120.10390950221648,55.71411840713129,151836329.44598958,0.48733995780187006,-0.28254552121285814,0.8262371293837054
3801,2026-07-31T17:02:59.109143Z,sun,39.759062,-104.62011683333333,1672.4,120.55873963990899,55.96283433936043,151836295.35910833,0.4819886684230172,-0.28457901231968424,0.8286746703374973
3802,2026-07-31T17:04:29.132587Z,sun,39.759062,-104.62011683333333,1672.4,121.01853139595742,56.210379227860294,151836261.44408575,0.4766167022701097,-0.28659005629152373,0.8310852295354471
3803,2026-07-31T17:05:59.156030Z,sun,39.759062,-104.62011683333333,1672.4,121.48337448959016,56.45672420411314,151836227.70158365,0.47122428960811613,-0.2885785669689796,0.8334687034133054
3804,2026-07-31T17:07:29.179474Z,sun,39.759062,-104.62011683333333,1672.4,121.95335970057498,56.70183972435722,151836194.13225552,0.46581166139947855,-0.29054445922449484,0.8358249896468778
3805,2026-07-31T17:08:59.202917Z,sun,39.759062,-104.62011683333333,1672.4,122.42857879516097,56.945695535587774,151836160.73674873,0.46037904971422683,-0.29248764881195827,0.8381539869717725
3806,2026-07-31T17:10:29.226361Z,sun,39.759062,-104.62011683333333,1672.4,122.90912452523037,57.18826068247426,151836127.5157015,0.45492668723891394,-0.29440805254506514,0.8404555953971926
3807,2026-07-31T17:11:59.249805Z,sun,39.759062,-104.62011683333333,1672.4,123.39509054365487,57.429503473527525,151836094.46974605,0.4494548076885661,-0.2963055881491398,0.8427297160283518
3808,2026-07-31T17:13:29.273248Z,sun,39.759062,-104.62011683333333,1672.4,123.88657136648277,57.6693914745304,151836061.59950677,0.4439636456166634,-0.29818017433054705,0.8449762511496796
3809,2026-07-31T17:14:59.296692Z,sun,39.759062,-104.62011683333333,1672.4,124.38366233033152,57.907891501828765,151836028.90559965,0.4384534362209847,-0.3000317308415552,0.8471951043025635
3810,2026-07-31T17:16:29.320135Z,sun,39.759062,-104.62011683333333,1672.4,124.88645948846772,58.14496958922943,151835996.3886342,0.43292441576118873,-0.30186017833860285,0.8493861801155116
3811,2026-07-31T17:17:59.343579Z,sun,39.759062,-104.62011683333333,1672.4,125.39505958282241,58.380590994930046,151835964.04921138,0.427376821058894,-0.3036654385502904,0.8515493845054753
3812,2026-07-31T17:19:29.367023Z,sun,39.759062,-104.62011683333333,1672.4,125.90955992583227,58.61472016903965,151835931.88792512,0.4218108899169866,-0.30544743413789927,0.8536846245107226
3813,2026-07-31T17:20:59.390466Z,sun,39.759062,-104.62011683333333,1672.4,126.43005833023688,58.847320747872885,151835899.90536195,0.4162268609261679,-0.3072060887607868,0.8557918083692131
3814,2026-07-31T17:22:29.413910Z,sun,39.759062,-104.62011683333333,1672.4,126.95665303222346,59.07835554834533,151835868.10209966,0.4106249732675335,-0.3089413271371656,0.8578708455914352
3815,2026-07-31T17:23:59.437353Z,sun,39.759062,-104.62011683333333,1672.4,127.48944254797232,59.30778653709018,151835836.47870958,0.40500546713719615,-0.3106530749111829,0.8599216468011539
3816,2026-07-31T17:25:29.460797Z,sun,39.759062,-104.62011683333333,1672.4,128.028525608953,59.53557483868691,151835805.03575408,0.39936858323815017,-0.3123412588103214,0.8619441239240143
3817,2026-07-31T17:26:59.484241Z,sun,39.759062,-104.62011683333333,1672.4,128.57400100001408,59.76168070608704,151835773.77378878,0.39371456320634657,-0.3140058065148178,0.8639381900311008
3818,2026-07-31T17:28:29.507684Z,sun,39.759062,-104.62011683333333,1672.4,129.12596744655966,59.98606351734376,151835742.69336137,0.3880436494139701,-0.31564664671897635,0.865903759412415
3819,2026-07-31T17:29:59.531128Z,sun,39.759062,-104.62011683333333,1672.4,129.68452349296567,60.20868177278986,151835711.79501095,0.38235608476926963,-0.3172637091877138,0.8678407476446176
3820,2026-07-31T17:31:29.554572Z,sun,39.759062,-104.62011683333333,1672.4,130.24976731503065,60.429493070754226,151835681.07926968,0.37665211308400703,-0.318856924650244,0.8697490714636843
3821,2026-07-31T17:32:59.578015Z,sun,39.759062,-104.62011683333333,1672.4,130.82179657634094,60.64845410678064,151835650.54666188,0.37093197887489077,-0.3204262248589093,0.8716286488354001
3822,2026-07-31T17:34:29.601459Z,sun,39.759062,-104.62011683333333,1672.4,131.40070827462293,60.865520673578004,151835620.197703,0.36519592716171967,-0.32197154264320044,0.8734793990200626
3823,2026-07-31T17:35:59.624902Z,sun,39.759062,-104.62011683333333,1672.4,131.9865985122804,61.080647638007825,151835590.0329019,0.35944420390196513,-0.3234928117913157,0.8753012424306451
3824,2026-07-31T17:37:29.648346Z,sun,39.759062,-104.62011683333333,1672.4,132.5795623508579,61.29378895565229,151835560.0527584,0.353677055470658,-0.32498996719028805,0.8770941008006271
3825,2026-07-31T17:38:59.671790Z,sun,39.759062,-104.62011683333333,1672.4,133.17969355617012,61.50489765078373,151835530.25776502,0.3478947290964972,-0.3264629447098588,0.8788578970449332
3826,2026-07-31T17:40:29.695233Z,sun,39.759062,-104.62011683333333,1672.4,133.78708439504265,61.71392582197397,151835500.64840657,0.34209747266039103,-0.3279116812571183,0.8805925553253917
3827,2026-07-31T17:41:59.718677Z,sun,39.759062,-104.62011683333333,1672.4,134.40182542026528,61.92082464903282,151835471.2251589,0.33628553449094245,-0.3293361148262739,0.8822980011103257
3828,2026-07-31T17:43:29.742120Z,sun,39.759062,-104.62011683333333,1672.4,135.02400517402924,62.12554437877778,151835441.98849103,0.33045916380487567,-0.3307361843893641,0.8839741610437191
3829,2026-07-31T17:44:59.765564Z,sun,39.759062,-104.62011683333333,1672.4,135.6537099796802,62.328034347411965,151835412.93886283,0.3246186101799567,-0.3321118300254419,0.8856209630998948
3830,2026-07-31T17:46:29.789008Z,sun,39.759062,-104.62011683333333,1672.4,136.2910236167623,62.528242970739015,151835384.07672697,0.31876412399690307,-0.3334629928136149,0.8872383364554725
3831,2026-07-31T17:47:59.812451Z,sun,39.759062,-104.62011683333333,1672.4,136.93602705054946,62.72611775965009,151835355.40252808,0.31289595623526056,-0.33478961488343645,0.888826211549717
3832,2026-07-31T17:49:29.835895Z,sun,39.759062,-104.62011683333333,1672.4,137.588798149047,62.9216053376906,151835326.9167019,0.3070143582662758,-0.3360916394604072,0.8903845201390029
3833,2026-07-31T17:50:59.859338Z,sun,39.759062,-104.62011683333333,1672.4,138.24941131369198,63.11465143952363,151835298.61967704,0.3011195822988474,-0.33736901076592607,0.8919131951770801
3834,2026-07-31T17:52:29.882782Z,sun,39.759062,-104.62011683333333,1672.4,138.91793720452904,63.30520094496247,151835270.5118732,0.2952118808461106,-0.33862167413537503,0.8934121709564168
3835,2026-07-31T17:53:59.906226Z,sun,39.759062,-104.62011683333333,1672.4,139.59444234255983,63.49319788361887,151835242.5937023,0.2892915071724975,-0.3398495759204846,0.8948813829913613
3836,2026-07-31T17:55:29.929669Z,sun,39.759062,-104.62011683333333,1672.4,140.2789887714992,63.67858546442467,151835214.86556867,0.28335871508711946,-0.3410526635354303,0.8963207680733306
3837,2026-07-31T17:56:59.953113Z,sun,39.759062,-104.62011683333333,1672.4,140.97163370824245,63.86130610806247,151835187.3278672,0.2774137587346127,-0.3422308854979343,0.897730264319987
3838,2026-07-31T17:58:29.976556Z,sun,39.759062,-104.62011683333333,1672.4,141.67242910440163,64.0413014626109,151835159.98098585,0.2714568930457647,-0.3433841913386469,0.8991098110668373
3839,2026-07-31T18:00:00Z,sun,39.759062,-104.62011683333333,1672.4,142.38142131126617,64.21851245353488,151835132.82530338,0.2654883731984413,-0.3445125317079835,0.9004593489950564
